{"credit":"MadeWithLoveby@iminurpocket#1522ForOraxenUsingBlockbench","texture_size":[64,64],"textures":{"0":"default/battle_axe"},"elements":[{"from":[6,16,6],"to":[10,25.5,10],"rotation":{"angle":0,"axis":"y","origin":[16,11,17]},"faces":{"north":{"uv":[9,1.75,10,4.25],"texture":"#0"},"east":{"uv":[9,1.75,10,4.25],"texture":"#0"},"south":{"uv":[9,1.75,10,4.25],"texture":"#0"},"west":{"uv":[9,1.75,10,4.25],"texture":"#0"},"up":{"uv":[12.25,3.5,11.25,2.5],"texture":"#0"},"down":{"uv":[12.25,8,11.25,9],"texture":"#0"}}},{"from":[6.5,-8,6.5],"to":[9.5,11.75,9.5],"rotation":{"angle":0,"axis":"y","origin":[16,1,17]},"faces":{"north":{"uv":[0,6,0.75,11],"texture":"#0"},"east":{"uv":[0,6,0.75,11],"texture":"#0"},"south":{"uv":[0,6,0.75,11],"texture":"#0"},"west":{"uv":[0,6,0.75,11],"texture":"#0"},"up":{"uv":[9.5,12.75,8.75,12],"texture":"#0"},"down":{"uv":[10.25,12,9.5,12.75],"texture":"#0"}}},{"from":[6,-14,6],"to":[10,-8,10],"rotation":{"angle":0,"axis":"y","origin":[16,-5,17]},"faces":{"north":{"uv":[10.75,10.75,11.75,12.25],"texture":"#0"},"east":{"uv":[5.75,11,6.75,12.5],"texture":"#0"},"south":{"uv":[6.75,11,7.75,12.5],"texture":"#0"},"west":{"uv":[7.75,11,8.75,12.5],"texture":"#0"},"up":{"uv":[12.5,6,11.5,5],"texture":"#0"},"down":{"uv":[12.5,6,11.5,7],"texture":"#0"}}},{"from":[2.25,-14,8],"to":[8,-7.25,8],"rotation":{"angle":45,"axis":"z","origin":[5.125,-10.625,8]},"faces":{"north":{"uv":[8,6.5,6.5,8.25],"texture":"#0"},"east":{"uv":[0,0,0,1.75],"texture":"#0"},"south":{"uv":[6.5,6.5,8,8.25],"texture":"#0"},"west":{"uv":[0,0,0,1.75],"texture":"#0"},"up":{"uv":[1.5,0,0,0],"texture":"#0"},"down":{"uv":[1.5,0,0,0],"texture":"#0"}}},{"from":[8,-14,8],"to":[13.75,-7.25,8],"rotation":{"angle":-45,"axis":"z","origin":[10.875,-10.625,8]},"faces":{"north":{"uv":[6.5,6.5,8,8.25],"texture":"#0"},"east":{"uv":[0,0,0,1.75],"texture":"#0"},"south":{"uv":[8,6.5,6.5,8.25],"texture":"#0"},"west":{"uv":[0,0,0,1.75],"texture":"#0"},"up":{"uv":[1.5,0,0,0],"texture":"#0"},"down":{"uv":[1.5,0,0,0],"texture":"#0"}}},{"from":[7.875,-14,2.125],"to":[7.875,-7.25,7.875],"rotation":{"angle":-45,"axis":"x","origin":[7.875,-10.625,5]},"faces":{"north":{"uv":[0,0,0,1.75],"texture":"#0"},"east":{"uv":[8,6.5,6.5,8.25],"texture":"#0"},"south":{"uv":[0,0,0,1.75],"texture":"#0"},"west":{"uv":[6.5,6.5,8,8.25],"texture":"#0"},"up":{"uv":[0,1.5,0,0],"texture":"#0"},"down":{"uv":[0,0,0,1.5],"texture":"#0"}}},{"from":[7.875,-14,8.125],"to":[7.875,-7.25,13.875],"rotation":{"angle":45,"axis":"x","origin":[7.875,-10.625,11]},"faces":{"north":{"uv":[0,0,0,1.75],"texture":"#0"},"east":{"uv":[6.5,6.5,8,8.25],"texture":"#0"},"south":{"uv":[0,0,0,1.75],"texture":"#0"},"west":{"uv":[8,6.5,6.5,8.25],"texture":"#0"},"up":{"uv":[0,1.5,0,0],"texture":"#0"},"down":{"uv":[0,0,0,1.5],"texture":"#0"}}},{"from":[5.5,11.75,5.5],"to":[10.5,16,10.5],"rotation":{"angle":0,"axis":"y","origin":[16,4,17]},"faces":{"north":{"uv":[6.5,5.5,7.75,6.5],"texture":"#0"},"east":{"uv":[11,4,12.25,5],"texture":"#0"},"south":{"uv":[1.75,11.25,3,12.25],"texture":"#0"},"west":{"uv":[11.25,1.5,12.5,2.5],"texture":"#0"},"up":{"uv":[9.5,11,8.25,9.75],"texture":"#0"},"down":{"uv":[11.25,1.5,10,2.75],"texture":"#0"}}},{"from":[10.5,12.25,7],"to":[11,15.5,8.75],"rotation":{"angle":0,"axis":"y","origin":[16.5,4,17]},"faces":{"north":{"uv":[3,11.25,3.25,12],"texture":"#0"},"east":{"uv":[10.75,12.25,11.25,13],"texture":"#0"},"south":{"uv":[0.5,12.5,0.75,13.25],"texture":"#0"},"west":{"uv":[5.75,5,6.25,5.75],"texture":"#0"},"up":{"uv":[5,9.5,4.75,9],"texture":"#0"},"down":{"uv":[12.5,8.5,12.25,9],"texture":"#0"}}},{"from":[5,12.25,7],"to":[5.5,15.5,8.75],"rotation":{"angle":0,"axis":"y","origin":[-0.5,4,17]},"faces":{"north":{"uv":[0.75,12.5,1,13.25],"texture":"#0"},"east":{"uv":[3.25,8.75,3.75,9.5],"texture":"#0"},"south":{"uv":[1,12.5,1.25,13.25],"texture":"#0"},"west":{"uv":[10.75,12.25,11.25,13],"texture":"#0"},"up":{"uv":[2.5,13,2.25,12.5],"texture":"#0"},"down":{"uv":[6,12.5,5.75,13],"texture":"#0"}}},{"from":[7.125,12.25,10.375],"to":[8.875,15.5,10.875],"rotation":{"angle":0,"axis":"y","origin":[8,13.875,10.625]},"faces":{"north":{"uv":[4.5,12.25,5,13],"texture":"#0"},"east":{"uv":[1.25,12.5,1.5,13.25],"texture":"#0"},"south":{"uv":[10.75,12.25,11.25,13],"texture":"#0"},"west":{"uv":[1.5,12.5,1.75,13.25],"texture":"#0"},"up":{"uv":[3,5,2.5,4.75],"texture":"#0"},"down":{"uv":[10.5,4,10,4.25],"texture":"#0"}}},{"from":[7.375,20,9.875],"to":[9.125,21.75,10.375],"rotation":{"angle":45,"axis":"z","origin":[8.25,20.625,10.125]},"faces":{"north":{"uv":[11,5,11.5,5.5],"texture":"#0"},"east":{"uv":[6,12.5,6.25,13],"texture":"#0"},"south":{"uv":[12.25,4,12.75,4.5],"texture":"#0"},"west":{"uv":[6.25,12.5,6.5,13],"texture":"#0"},"up":{"uv":[7,12.75,6.5,12.5],"texture":"#0"},"down":{"uv":[7.5,12.5,7,12.75],"texture":"#0"}}},{"from":[7.375,20,5.625],"to":[9.125,21.75,6.125],"rotation":{"angle":45,"axis":"z","origin":[8.25,20.625,5.875]},"faces":{"north":{"uv":[12.75,4,12.25,4.5],"texture":"#0"},"east":{"uv":[6.25,12.5,6,13],"texture":"#0"},"south":{"uv":[11.5,5,11,5.5],"texture":"#0"},"west":{"uv":[6.5,12.5,6.25,13],"texture":"#0"},"up":{"uv":[7,12.5,6.5,12.75],"texture":"#0"},"down":{"uv":[7.5,12.75,7,12.5],"texture":"#0"}}},{"from":[7.125,12.25,5.125],"to":[8.875,15.5,5.625],"rotation":{"angle":0,"axis":"y","origin":[8,13.875,5.375]},"faces":{"north":{"uv":[10.75,12.25,11.25,13],"texture":"#0"},"east":{"uv":[1.75,12.5,2,13.25],"texture":"#0"},"south":{"uv":[11.25,12.25,11.75,13],"texture":"#0"},"west":{"uv":[2,12.5,2.25,13.25],"texture":"#0"},"up":{"uv":[11,4.25,10.5,4],"texture":"#0"},"down":{"uv":[6.25,10.75,5.75,11],"texture":"#0"}}},{"from":[7.25,24,6.25],"to":[10,26.75,9.75],"rotation":{"angle":45,"axis":"z","origin":[8,24.75,8]},"faces":{"north":{"uv":[5,10,5.75,10.75],"texture":"#0"},"east":{"uv":[8,7.25,9,8],"texture":"#0"},"south":{"uv":[5,10,5.75,10.75],"texture":"#0"},"west":{"uv":[11.5,7,12.5,7.75],"texture":"#0"},"up":{"uv":[0.75,12,0,11],"texture":"#0"},"down":{"uv":[9.5,11,8.75,12],"texture":"#0"}}},{"from":[7.25,-15.75,6.25],"to":[10,-13,9.75],"rotation":{"angle":45,"axis":"z","origin":[8,-15,8]},"faces":{"north":{"uv":[2.5,12.25,3.25,13],"texture":"#0"},"east":{"uv":[11.5,9,12.5,9.75],"texture":"#0"},"south":{"uv":[3.25,12.25,4,13],"texture":"#0"},"west":{"uv":[11.5,9.75,12.5,10.5],"texture":"#0"},"up":{"uv":[12.5,12.75,11.75,11.75],"texture":"#0"},"down":{"uv":[12.5,10.5,11.75,11.5],"texture":"#0"}}},{"from":[2.5,18.75,6.5],"to":[13.5,22.75,9.5],"rotation":{"angle":0,"axis":"y","origin":[16,12.75,16.5]},"faces":{"north":{"uv":[6.25,4.5,9,5.5],"texture":"#0"},"east":{"uv":[7.25,4.5,8,5.5],"texture":"#0"},"south":{"uv":[6.25,4.5,9,5.5],"texture":"#0"},"west":{"uv":[7.25,4.5,8,5.5],"texture":"#0"},"up":{"uv":[9,5.5,6.25,4.5],"texture":"#0"},"down":{"uv":[9,4.5,6.25,5.5],"texture":"#0"}}},{"from":[11,7.75,8.5],"to":[30,32,8.5],"rotation":{"angle":0,"axis":"y","origin":[26.5,12.75,16.5]},"faces":{"north":{"uv":[4.375,0,0,5],"texture":"#0"},"east":{"uv":[1.375,2,1.625,4],"texture":"#0"},"south":{"uv":[0,0,4.25,5],"texture":"#0"},"west":{"uv":[5.5,12,5.75,14],"texture":"#0"},"up":{"uv":[14.25,3.75,11.25,3.5],"texture":"#0"},"down":{"uv":[14.25,3.75,11.25,4],"texture":"#0"}}},{"from":[-9.5,10.75,8],"to":[4.5,29,8],"rotation":{"angle":0,"axis":"y","origin":[-11,12.75,16.5]},"faces":{"north":{"uv":[12.5,6,16,10.5],"texture":"#0"},"east":{"uv":[5.75,12,5.5,14],"texture":"#0"},"south":{"uv":[16,6,12.5,10.5],"texture":"#0"},"west":{"uv":[1.625,2,1.375,4],"texture":"#0"},"up":{"uv":[11.25,3.75,14.25,3.5],"texture":"#0"},"down":{"uv":[11.25,3.75,14.25,4],"texture":"#0"}}}],"display":{"thirdperson_righthand":{"rotation":[0,91.5,0],"translation":[0,2.25,2],"scale":[0.44141,0.52148,0.44531]},"thirdperson_lefthand":{"rotation":[0,270.25,0],"translation":[0,1.5,2],"scale":[0.44141,0.52148,0.44531]},"firstperson_righthand":{"rotation":[0,91.5,0],"translation":[0,0.5,2],"scale":[0.40141,0.48148,0.40531]},"firstperson_lefthand":{"rotation":[0,-91.5,0],"translation":[0,0.5,2],"scale":[0.40141,0.48148,0.40531]},"ground":{"translation":[0,13.25,0],"scale":[0.52148,0.67773,0.48047]},"gui":{"translation":[-0.5,-0.75,0],"scale":[0.28906,0.29102,1]},"head":{"rotation":[10.75,11,-51.75],"translation":[4.5,-14.5,5.5]},"fixed":{"rotation":[0,1.5,0],"translation":[0,0,-0.5],"scale":[0.39063,0.32031,0.34766]}}}