{"credit":"Made with Blockbench","texture_size":[32,32],"textures":{"0":"minecraft:ttp/weapons/m4a1","particle":"minecraft:ttp/weapons/m4a1"},"elements":[{"from":[7.01563,6.89063,6.875],"to":[8.98438,9.14063,9.82813],"rotation":{"angle":0,"axis":"y","origin":[6.875,0,-1]},"faces":{"north":{"uv":[6,0,7.5,1.5],"texture":"#0"},"east":{"uv":[9.5,4,7.5,5.5],"texture":"#0"},"south":{"uv":[9,6,10.5,7.5],"texture":"#0"},"west":{"uv":[7.5,4,9.5,5.5],"texture":"#0"},"down":{"uv":[9,5.5,7.5,7.5],"texture":"#0"}}},{"from":[7.01563,7.59375,9.82813],"to":[8.98438,9.14063,13.90625],"rotation":{"angle":0,"axis":"y","origin":[6.875,0,-1]},"faces":{"east":{"uv":[10,2,7.5,3],"texture":"#0"},"south":{"uv":[1,11,2.5,12],"texture":"#0"},"west":{"uv":[7.5,2,10,3],"texture":"#0"},"down":{"uv":[4.5,7.5,3,10],"texture":"#0"}}},{"from":[7.01563,9.14063,6.875],"to":[8.98438,10.40625,14.89063],"rotation":{"angle":0,"axis":"y","origin":[6.875,0,-1]},"faces":{"north":{"uv":[4.5,11,6,12],"texture":"#0"},"east":{"uv":[10,3,4.5,4],"texture":"#0"},"south":{"uv":[11,4.5,12.5,5.5],"texture":"#0"},"west":{"uv":[4.5,3,10,4],"texture":"#0"},"up":{"uv":[1.5,5.5,0,0],"texture":"#0"}}},{"from":[7.29688,9,5.89063],"to":[8.70313,10.40625,6.875],"rotation":{"angle":-45,"axis":"z","origin":[8,9.70313,6.38281]},"faces":{"east":{"uv":[8.5,13,7.5,12.5],"rotation":90,"texture":"#0"},"west":{"uv":[2,12.5,2.5,13.5],"texture":"#0"},"up":{"uv":[2,13.5,2.5,12.5],"rotation":90,"texture":"#0"},"down":{"uv":[8.5,12.5,7.5,13],"texture":"#0"}}},{"from":[7.01563,8.71875,-1],"to":[8.98438,10.6875,5.89063],"rotation":{"angle":-45,"axis":"z","origin":[8,9.70313,4.0625]},"faces":{"north":{"uv":[9.5,4,11,5.5],"texture":"#0","cullface":"north"},"east":{"uv":[4.5,7.5,3,3],"rotation":90,"texture":"#0"},"south":{"uv":[9.5,7.5,11,9],"texture":"#0"},"west":{"uv":[3,1.5,7.5,3],"texture":"#0"},"up":{"uv":[3,3,7.5,1.5],"rotation":90,"texture":"#0"},"down":{"uv":[4.5,3,3,7.5],"texture":"#0"}}},{"from":[6.95313,8.65625,-1],"to":[9.04688,10.75,5.89063],"rotation":{"angle":-45,"axis":"z","origin":[8,9.70313,4.0625]},"faces":{"east":{"uv":[16,4.5,14.5,0],"rotation":90,"texture":"#0"},"west":{"uv":[0,14.5,4.5,16],"texture":"#0"},"up":{"uv":[0,16,4.5,14.5],"rotation":90,"texture":"#0"},"down":{"uv":[16,0,14.5,4.5],"texture":"#0"}}},{"from":[7.50781,9.10547,-2.97063],"to":[8.49219,10.08984,-1],"rotation":{"angle":-45,"axis":"z","origin":[8,9.59766,-1.98437]},"faces":{"north":{"uv":[12.5,10.5,13,11],"texture":"#0","cullface":"north"},"east":{"uv":[12,1.5,12.5,0],"rotation":90,"texture":"#0","cullface":"north"},"west":{"uv":[11.5,11.5,13,12],"texture":"#0","cullface":"north"},"up":{"uv":[11.5,11.5,13,12],"rotation":90,"texture":"#0","cullface":"north"},"down":{"uv":[12.5,0,12,1.5],"texture":"#0","cullface":"north"}}},{"from":[7.71875,9.87891,-2.96875],"to":[8.28125,11.91797,-2.5625],"rotation":{"angle":0,"axis":"y","origin":[6.875,0,-1]},"faces":{"north":{"uv":[6.5,12,7,13.5],"texture":"#0","cullface":"north"},"east":{"uv":[12,7,12.5,8.5],"texture":"#0","cullface":"north"},"south":{"uv":[7,12,7.5,13.5],"texture":"#0","cullface":"north"},"west":{"uv":[12,7,12.5,8.5],"texture":"#0","cullface":"north"}}},{"from":[7.71875,9.87891,-1.42187],"to":[8.28125,10.72266,-1.14062],"rotation":{"angle":0,"axis":"y","origin":[6.875,0,-1]},"faces":{"north":{"uv":[1,13,1.5,13.5],"texture":"#0","cullface":"north"},"east":{"uv":[13,3,13.5,3.5],"texture":"#0","cullface":"north"},"south":{"uv":[3,13,3.5,13.5],"texture":"#0","cullface":"north"},"west":{"uv":[13,3,13.5,3.5],"texture":"#0","cullface":"north"}}},{"from":[7.71875,9.87891,-2.5625],"to":[8.28125,10.44141,-1.42187],"rotation":{"angle":0,"axis":"y","origin":[6.875,0,-1]},"faces":{"east":{"uv":[13.5,9,12.5,9.5],"texture":"#0","cullface":"north"},"west":{"uv":[12.5,9,13.5,9.5],"texture":"#0","cullface":"north"},"up":{"uv":[6.5,13.5,6,12.5],"texture":"#0","cullface":"north"}}},{"from":[7.71875,10.52025,-1.69178],"to":[8.28125,12.73674,-1.35097],"rotation":{"angle":-45,"axis":"x","origin":[8,10.87181,-1.48865]},"faces":{"north":{"uv":[12,8.5,12.5,10],"texture":"#0","cullface":"north"},"east":{"uv":[11,12,11.5,13.5],"texture":"#0","cullface":"north"},"south":{"uv":[10.5,12,11,13.5],"texture":"#0","cullface":"north"},"west":{"uv":[11,12,11.5,13.5],"texture":"#0","cullface":"north"}}},{"from":[7.71875,10.489,-1.91053],"to":[8.28125,12.23674,-1.69178],"rotation":{"angle":-45,"axis":"x","origin":[8,10.87181,-1.48865]},"faces":{"north":{"uv":[11,12.35938,11.45313,13.5],"texture":"#0","cullface":"north"},"east":{"uv":[11,12.35938,11.45313,13.5],"texture":"#0","cullface":"north"},"west":{"uv":[11,12.35938,11.45313,13.5],"texture":"#0","cullface":"north"}}},{"from":[7.71875,11.60156,-2.6875],"to":[8.28125,11.92193,-2.41021],"rotation":{"angle":0,"axis":"y","origin":[8,11.67584,-2.58599]},"faces":{"east":{"uv":[3.5,13,4,13.5],"texture":"#0","cullface":"north"},"west":{"uv":[3.5,13,4,13.5],"texture":"#0","cullface":"north"},"down":{"uv":[5.5,13,5,13.5],"texture":"#0","cullface":"north"}}},{"from":[7.71875,11.91797,-2.96875],"to":[8.28125,12.28787,-2.71],"rotation":{"angle":0,"axis":"y","origin":[6.875,0,-1]},"faces":{"north":{"uv":[12.5,12.5,13,13],"texture":"#0","cullface":"north"},"east":{"uv":[0,13,0.5,13.5],"texture":"#0","cullface":"north"},"west":{"uv":[0,13,0.5,13.5],"texture":"#0","cullface":"north"},"up":{"uv":[1,13.5,0.5,13],"texture":"#0","cullface":"north"}}},{"from":[7.57813,9.17578,-9.4375],"to":[8.42188,10.01953,-7.1875],"rotation":{"angle":-45,"axis":"z","origin":[8,9.59766,-9.15625]},"faces":{"north":{"uv":[12.5,11,13,11.5],"texture":"#0","cullface":"north"},"east":{"uv":[4.5,13.5,5,12],"rotation":90,"texture":"#0","cullface":"north"},"south":{"uv":[11.5,12.5,12,13],"texture":"#0","cullface":"north"},"west":{"uv":[1,12,2.5,12.5],"texture":"#0","cullface":"north"},"up":{"uv":[1,12,2.5,12.5],"rotation":90,"texture":"#0","cullface":"north"},"down":{"uv":[5,12,4.5,13.5],"texture":"#0","cullface":"north"}}},{"from":[7.71875,9.31641,-7.1875],"to":[8.28125,9.87891,-2.96875],"rotation":{"angle":-45,"axis":"z","origin":[8,9.59766,-9.15625]},"faces":{"east":{"uv":[2.5,14,3,11],"rotation":90,"texture":"#0","cullface":"north"},"west":{"uv":[11,10,14,10.5],"texture":"#0","cullface":"north"},"up":{"uv":[11,10,14,10.5],"rotation":90,"texture":"#0","cullface":"north"},"down":{"uv":[3,11,2.5,14],"texture":"#0","cullface":"north"}}},{"from":[7.4375,10.40625,6.875],"to":[8.5625,11.10938,14.04688],"rotation":{"angle":0,"axis":"y","origin":[6.875,0,-1]},"faces":{"north":{"uv":[12.5,6.5,13.5,7],"texture":"#0"},"east":{"uv":[14,5.5,9,6],"texture":"#0"},"south":{"uv":[12.5,7,13.5,7.5],"texture":"#0"},"west":{"uv":[9,5.5,14,6],"texture":"#0"},"up":{"uv":[1,10.5,0,5.5],"texture":"#0"}}},{"from":[6.875,10.40625,14.04688],"to":[9.125,10.96875,14.60938],"rotation":{"angle":0,"axis":"y","origin":[6.875,0,-1]},"faces":{"north":{"uv":[12.5,1,14,1.5],"texture":"#0"},"east":{"uv":[5.5,13,6,13.5],"texture":"#0"},"south":{"uv":[12.5,2,14,2.5],"texture":"#0"},"west":{"uv":[5.5,13,6,13.5],"texture":"#0"},"up":{"uv":[14,3,12.5,2.5],"texture":"#0"},"down":{"uv":[14,3.5,12.5,4],"texture":"#0"}}},{"from":[7.4375,11.10938,11.65625],"to":[8.5625,11.95313,14.04688],"rotation":{"angle":0,"axis":"y","origin":[6.875,0,-1]},"faces":{"north":{"uv":[12.5,7.5,13.5,8],"texture":"#0"},"east":{"uv":[6.5,12,5,12.5],"texture":"#0"},"south":{"uv":[12.5,8,13.5,8.5],"texture":"#0"},"west":{"uv":[5,12,6.5,12.5],"texture":"#0"}}},{"from":[7.4375,11.95313,11.65625],"to":[7.4375,12.79688,14.04688],"rotation":{"angle":0,"axis":"y","origin":[6.875,0,-1]},"faces":{"east":{"uv":[14,0.5,12.5,1],"texture":"#0"},"west":{"uv":[12.5,0.5,14,1],"texture":"#0"}}},{"from":[7.4375,11.95313,9.26563],"to":[7.4375,12.58594,11.65625],"rotation":{"angle":0,"axis":"y","origin":[6.875,0,-1]},"faces":{"east":{"uv":[14,0,12.5,0.5],"texture":"#0"},"west":{"uv":[12.5,0,14,0.5],"texture":"#0"}}},{"from":[7.4375,11.95313,6.875],"to":[7.4375,12.44531,9.26563],"rotation":{"angle":0,"axis":"y","origin":[6.875,0,-1]},"faces":{"east":{"uv":[1.5,12.5,0,13],"texture":"#0"},"west":{"uv":[0,12.5,1.5,13],"texture":"#0"}}},{"from":[8.5625,11.95313,6.875],"to":[8.5625,12.44531,9.26563],"rotation":{"angle":0,"axis":"y","origin":[9.125,0,-1]},"faces":{"east":{"uv":[1.5,12.5,0,13],"texture":"#0"},"west":{"uv":[0,12.5,1.5,13],"texture":"#0"}}},{"from":[8.5625,11.95313,9.26563],"to":[8.5625,12.58594,11.65625],"rotation":{"angle":0,"axis":"y","origin":[9.125,0,-1]},"faces":{"east":{"uv":[14,0,12.5,0.5],"texture":"#0"},"west":{"uv":[12.5,0,14,0.5],"texture":"#0"}}},{"from":[8.5625,11.95313,11.65625],"to":[8.5625,12.79688,14.04688],"rotation":{"angle":0,"axis":"y","origin":[9.125,0,-1]},"faces":{"east":{"uv":[14,0.5,12.5,1],"texture":"#0"},"west":{"uv":[12.5,0.5,14,1],"texture":"#0"}}},{"from":[7.4375,11.95313,6.875],"to":[8.5625,11.95313,14.04688],"rotation":{"angle":0,"axis":"y","origin":[6.875,0,-1]},"faces":{"up":{"uv":[2,11,1,6],"texture":"#0"},"down":{"uv":[3,6,2,11],"texture":"#0"}}},{"from":[7.4375,11.10938,6.875],"to":[8.5625,11.95313,7.29688],"rotation":{"angle":0,"axis":"y","origin":[6.875,0,-1]},"faces":{"north":{"uv":[8.5,12.5,9.5,13],"texture":"#0"},"east":{"uv":[12,12.5,12.5,13],"texture":"#0"},"south":{"uv":[12.5,8.5,13.5,9],"texture":"#0"},"west":{"uv":[12,12.5,12.5,13],"texture":"#0"}}},{"from":[7.4375,9,14.89063],"to":[8.5625,10.125,17.14063],"rotation":{"angle":-45,"axis":"z","origin":[8,9.5625,16.01563]},"faces":{"east":{"uv":[12,8.5,11,7],"rotation":90,"texture":"#0"},"west":{"uv":[6,11,7.5,12],"texture":"#0"},"up":{"uv":[6,12,7.5,11],"rotation":90,"texture":"#0"},"down":{"uv":[12,7,11,8.5],"texture":"#0"}}},{"from":[7.08008,8.27086,17.14063],"to":[9.06882,10.25959,24.17188],"rotation":{"angle":-45,"axis":"z","origin":[8.01413,9.34553,20.65625]},"faces":{"north":{"uv":[9.5,0,11,1.5],"texture":"#0","cullface":"south"},"east":{"uv":[3,6,1.5,1.5],"rotation":90,"texture":"#0","cullface":"south"},"west":{"uv":[1.5,0,6,1.5],"texture":"#0","cullface":"south"},"up":{"uv":[1.5,1.5,6,0],"rotation":90,"texture":"#0","cullface":"south"},"down":{"uv":[3,1.5,1.5,6],"texture":"#0","cullface":"south"}}},{"from":[7.0718,5.09162,24.17188],"to":[9.06054,7.08036,24.73063],"rotation":{"angle":-45,"axis":"z","origin":[7.98587,6.14631,20.65625]},"faces":{"north":{"uv":[9.5,9,11,10.5],"texture":"#0"},"east":{"uv":[13,12.5,11.5,12],"rotation":90,"texture":"#0","cullface":"south"},"south":{"uv":[10,2,11.5,3.5],"texture":"#0","cullface":"south"},"down":{"uv":[13,12,11.5,12.5],"texture":"#0","cullface":"south"}}},{"from":[7.0718,8.29084,24.17188],"to":[9.06054,10.27958,24.73063],"rotation":{"angle":-45,"axis":"z","origin":[7.98587,9.34553,20.65625]},"faces":{"south":{"uv":[3,10,4.5,11.5],"texture":"#0","cullface":"south"},"west":{"uv":[1.5,12.5,2,14],"texture":"#0","cullface":"south"},"up":{"uv":[1.5,14,2,12.5],"rotation":90,"texture":"#0","cullface":"south"},"down":{"uv":[14,4,12.5,4.5],"texture":"#0","cullface":"south"}}},{"from":[7.29688,7.59375,17.13875],"to":[8.70313,8.57813,24.17188],"rotation":{"angle":0,"axis":"y","origin":[6.875,0,-1]},"faces":{"north":{"uv":[9.5,12.5,10.5,13],"texture":"#0","cullface":"south"},"east":{"uv":[14,1.5,9.5,2],"texture":"#0","cullface":"south"},"west":{"uv":[9.5,1.5,14,2],"texture":"#0","cullface":"south"},"down":{"uv":[7.5,4,6.5,8.5],"texture":"#0","cullface":"south"}}},{"from":[7.29875,5.88359,20.21981],"to":[8.70125,7.43046,23.20809],"rotation":{"angle":45,"axis":"x","origin":[8,6.72734,22.29403]},"faces":{"east":{"uv":[12.5,6,10.5,7],"texture":"#0","cullface":"south"},"west":{"uv":[10.5,6,12.5,7],"texture":"#0","cullface":"south"},"down":{"uv":[10.5,10.5,9.5,12.5],"texture":"#0","cullface":"south"}}},{"from":[7.29688,5.48438,22.34375],"to":[8.70313,7.59375,24.17188],"rotation":{"angle":0,"axis":"y","origin":[8,6.32813,23.25781]},"faces":{"east":{"uv":[12,8.5,11,10],"texture":"#0","cullface":"south"},"west":{"uv":[11,8.5,12,10],"texture":"#0","cullface":"south"},"down":{"uv":[12.5,10.5,11.5,11.5],"texture":"#0","cullface":"south"}}},{"from":[6.59375,6.04688,24.17188],"to":[9.40625,9.24609,24.73438],"rotation":{"angle":0,"axis":"y","origin":[6.875,0,-1]},"faces":{"north":{"uv":[4.5,6.5,6.5,8.5],"texture":"#0","cullface":"south"},"east":{"uv":[4,11.5,4.5,13.5],"texture":"#0","cullface":"south"},"south":{"uv":[7.5,0,9.5,2],"texture":"#0","cullface":"south"},"west":{"uv":[4,11.5,4.5,13.5],"texture":"#0","cullface":"south"}}},{"from":[7.01563,8.15625,13.90625],"to":[8.98438,9.14063,14.89063],"rotation":{"angle":0,"axis":"y","origin":[6.875,0,-1]},"faces":{"east":{"uv":[13,9.5,13.5,10],"texture":"#0"},"south":{"uv":[7.5,13,9,13.5],"texture":"#0"},"west":{"uv":[13,9.5,13.5,10],"texture":"#0"},"down":{"uv":[10.5,13,9,13.5],"texture":"#0"}}},{"from":[7.29688,6.1875,12.21875],"to":[8.70313,7.59375,13.90625],"rotation":{"angle":0,"axis":"y","origin":[6.875,0,-1]},"faces":{"north":{"uv":[11.5,2,12.5,3],"texture":"#0"},"east":{"uv":[8.5,11.5,7.5,12.5],"texture":"#0"},"south":{"uv":[3,11.5,4,12.5],"texture":"#0"},"west":{"uv":[7.5,11.5,8.5,12.5],"texture":"#0"}}},{"from":[8,6.1875,9.82813],"to":[8,7.59375,12.21875],"rotation":{"angle":0,"axis":"y","origin":[6.875,0,-1]},"faces":{"east":{"uv":[12.5,3.5,11,4.5],"texture":"#0"},"west":{"uv":[11,3.5,12.5,4.5],"texture":"#0"}}},{"from":[7.29875,3.33381,12.46881],"to":[8.70125,6.99006,14.15631],"rotation":{"angle":-45,"axis":"x","origin":[8,6.28694,13.31256]},"faces":{"north":{"uv":[6.5,8.5,7.5,11],"texture":"#0"},"east":{"uv":[9.5,9,8.5,11.5],"texture":"#0"},"south":{"uv":[7.5,9,8.5,11.5],"texture":"#0"},"west":{"uv":[8.5,9,9.5,11.5],"texture":"#0"},"down":{"uv":[9.5,11.5,8.5,12.5],"texture":"#0"}}},{"from":[7.29688,3.33381,11.90631],"to":[8.70313,4.08381,12.46881],"rotation":{"angle":-45,"axis":"x","origin":[8,6.28694,13.31256]},"faces":{"north":{"uv":[10,3.5,11,4],"texture":"#0"},"east":{"uv":[1,5.5,1.5,6],"texture":"#0"},"west":{"uv":[1,5.5,1.5,6],"texture":"#0"},"up":{"uv":[4,13,3,12.5],"texture":"#0"},"down":{"uv":[13.5,4.5,12.5,5],"texture":"#0"}}},{"from":[7.29688,5.5135,11.90631],"to":[8.70313,6.2635,12.46881],"rotation":{"angle":-45,"axis":"x","origin":[8,6.28694,13.31256]},"faces":{"north":{"uv":[5,12.5,6,13],"texture":"#0"},"east":{"uv":[10.5,7,11,7.5],"texture":"#0"},"west":{"uv":[10.5,7,11,7.5],"texture":"#0"},"up":{"uv":[13.5,5.5,12.5,5],"texture":"#0"},"down":{"uv":[13.5,6,12.5,6.5],"texture":"#0"}}},{"from":[7.22848,1.99777,6.92464],"to":[8.7716,5.37277,9.38558],"rotation":{"angle":22.5,"axis":"x","origin":[8,4.31809,8.04964]},"faces":{"north":{"uv":[4.5,8.5,5.5,11],"texture":"#0"},"east":{"uv":[6.5,4,4.5,6.5],"texture":"#0"},"south":{"uv":[5.5,8.5,6.5,11],"texture":"#0"},"west":{"uv":[4.5,4,6.5,6.5],"texture":"#0"},"down":{"uv":[1,10.5,0,12.5],"texture":"#0"}}},{"from":[7.22656,4.78125,7.01563],"to":[8.77344,6.89063,9.6875],"rotation":{"angle":0,"axis":"y","origin":[8,5.83594,8.35156]},"faces":{"north":{"uv":[10.5,10.5,11.5,12],"texture":"#0"},"east":{"uv":[9.5,7.5,7.5,9],"texture":"#0"},"south":{"uv":[11,0,12,1.5],"texture":"#0"},"west":{"uv":[7.5,7.5,9.5,9],"texture":"#0"}}}],"gui_light":"front","display":{"thirdperson_righthand":{"translation":[-1,0.5,-3.25],"scale":[0.83,0.83,0.83]},"thirdperson_lefthand":{"translation":[-1,0.5,-3.25],"scale":[0.83,0.83,0.83]},"firstperson_righthand":{"rotation":[-26.45,59.07,51.72],"translation":[-11.5,-2,-2.5]},"firstperson_lefthand":{"rotation":[-26.45,59.07,51.72],"translation":[-11.5,-2,-2.5]},"ground":{"translation":[0,2,0],"scale":[0.6,0.6,0.6]},"gui":{"rotation":[90,-47.5,90],"translation":[0.25,0,0],"scale":[0.59,0.59,0.59]},"fixed":{"rotation":[0,90,0]}}}