{"credit":"Made with Blockbench","textures":{"0":"ttp/qualityarmory/rgbsheet1","particle":"ttp/qualityarmory/rgbsheet1"},"elements":[{"from":[0,-2,10],"to":[16,3,20],"faces":{"north":{"uv":[7,0,8,1],"texture":"#0"},"east":{"uv":[7,0,8,1],"texture":"#0"},"south":{"uv":[7,0,8,1],"texture":"#0"},"west":{"uv":[7,0,8,1],"texture":"#0"},"up":{"uv":[7,0,8,1],"texture":"#0"},"down":{"uv":[7,0,8,1],"texture":"#0"}}},{"from":[0,-5,10],"to":[16,-2,20.25],"faces":{"north":{"uv":[8,7,9,8],"texture":"#0"},"east":{"uv":[8,7,9,8],"texture":"#0"},"south":{"uv":[8,7,9,8],"texture":"#0"},"west":{"uv":[8,7,9,8],"texture":"#0"},"up":{"uv":[8,7,9,8],"texture":"#0"},"down":{"uv":[8,7,9,8],"texture":"#0"}}},{"from":[0,-16,10],"to":[16,-5,21],"faces":{"north":{"uv":[7,0,8,1],"texture":"#0"},"east":{"uv":[7,0,8,1],"texture":"#0"},"south":{"uv":[7,0,8,1],"texture":"#0"},"west":{"uv":[7,0,8,1],"texture":"#0"},"up":{"uv":[7,0,8,1],"texture":"#0"},"down":{"uv":[7,0,8,1],"texture":"#0"}}},{"from":[-1,-15,13],"to":[17,1,17],"faces":{"north":{"uv":[8,7,9,8],"texture":"#0"},"east":{"uv":[8,7,9,8],"texture":"#0"},"south":{"uv":[8,7,9,8],"texture":"#0"},"west":{"uv":[8,7,9,8],"texture":"#0"},"up":{"uv":[8,7,9,8],"texture":"#0"},"down":{"uv":[8,7,9,8],"texture":"#0"}}},{"from":[3,-15,10.75],"to":[13,-7,21.75],"faces":{"north":{"uv":[7,0,8,1],"texture":"#0"},"east":{"uv":[7,0,8,1],"texture":"#0"},"south":{"uv":[7,0,8,1],"texture":"#0"},"west":{"uv":[7,0,8,1],"texture":"#0"},"up":{"uv":[7,0,8,1],"texture":"#0"},"down":{"uv":[7,0,8,1],"texture":"#0"}}},{"from":[14,-5,19.25],"to":[15,3,20.25],"faces":{"north":{"uv":[8,7,9,8],"texture":"#0"},"east":{"uv":[8,7,9,8],"texture":"#0"},"south":{"uv":[8,7,9,8],"texture":"#0"},"west":{"uv":[8,7,9,8],"texture":"#0"},"up":{"uv":[8,7,9,8],"texture":"#0"},"down":{"uv":[8,7,9,8],"texture":"#0"}}},{"from":[1,3,19.25],"to":[15,3.25,20.25],"faces":{"north":{"uv":[8,7,9,8],"texture":"#0"},"east":{"uv":[8,7,9,8],"texture":"#0"},"south":{"uv":[8,7,9,8],"texture":"#0"},"west":{"uv":[8,7,9,8],"texture":"#0"},"up":{"uv":[8,7,9,8],"texture":"#0"},"down":{"uv":[8,7,9,8],"texture":"#0"}}},{"from":[1,-5,19.25],"to":[2,3,20.25],"faces":{"north":{"uv":[8,7,9,8],"texture":"#0"},"east":{"uv":[8,7,9,8],"texture":"#0"},"south":{"uv":[8,7,9,8],"texture":"#0"},"west":{"uv":[8,7,9,8],"texture":"#0"},"up":{"uv":[8,7,9,8],"texture":"#0"},"down":{"uv":[8,7,9,8],"texture":"#0"}}}],"display":{"thirdperson_righthand":{"translation":[0,6.25,0],"scale":[0.3,0.3,0.3]},"thirdperson_lefthand":{"translation":[0,7.25,0],"scale":[0.3,0.3,0.3]},"firstperson_righthand":{"translation":[0,7.5,0],"scale":[0.3,0.3,0.3]},"firstperson_lefthand":{"translation":[0,8.25,0],"scale":[0.3,0.3,0.3]},"ground":{"translation":[0,8.75,0],"scale":[0.5,0.5,0.5]},"gui":{"rotation":[7,-33,-20],"translation":[4,8,-1.75],"scale":[0.5,0.5,0.5]},"head":{"translation":[0,-0.5,0]},"fixed":{"rotation":[0,-180,0],"translation":[0.5,8.25,1.5],"scale":[0.5,0.5,0.5]}},"groups":[0,1,2,3,4,{"name":"group","origin":[8,0.75,18],"children":[5,6,7]}]}