{"textures":{"0":"ttp/qualityarmory/rgbsheet1","particle":"ttp/qualityarmory/rgbsheet1"},"elements":[{"from":[12,0,6],"to":[13,1,10],"rotation":{"angle":45,"axis":"y","origin":[8,8,8]},"faces":{"north":{"uv":[6,5,7,6],"texture":"#0"},"east":{"uv":[6,5,7,6],"texture":"#0"},"south":{"uv":[6,5,7,6],"texture":"#0"},"west":{"uv":[6,5,7,6],"texture":"#0"},"up":{"uv":[6,5,7,6],"rotation":90,"texture":"#0"},"down":{"uv":[6,5,7,6],"rotation":270,"texture":"#0"}}},{"from":[12,0,6],"to":[13,1,10],"rotation":{"angle":0,"axis":"y","origin":[8,8,8]},"faces":{"north":{"uv":[6,5,7,6],"texture":"#0"},"east":{"uv":[6,5,7,6],"texture":"#0"},"south":{"uv":[6,5,7,6],"texture":"#0"},"west":{"uv":[6,5,7,6],"texture":"#0"},"up":{"uv":[6,5,7,6],"rotation":90,"texture":"#0"},"down":{"uv":[6,5,7,6],"rotation":270,"texture":"#0"}}},{"from":[6,0,12],"to":[10,1,13],"rotation":{"angle":45,"axis":"y","origin":[8,8,8]},"faces":{"north":{"uv":[6,5,7,6],"texture":"#0"},"east":{"uv":[6,5,7,6],"texture":"#0"},"south":{"uv":[6,5,7,6],"texture":"#0"},"west":{"uv":[6,5,7,6],"texture":"#0"},"up":{"uv":[6,5,7,6],"rotation":180,"texture":"#0"},"down":{"uv":[6,5,7,6],"rotation":180,"texture":"#0"}}},{"from":[6,0,12],"to":[10,1,13],"rotation":{"angle":0,"axis":"y","origin":[8,8,8]},"faces":{"north":{"uv":[6,5,7,6],"texture":"#0"},"east":{"uv":[6,5,7,6],"texture":"#0"},"south":{"uv":[6,5,7,6],"texture":"#0"},"west":{"uv":[6,5,7,6],"texture":"#0"},"up":{"uv":[6,5,7,6],"rotation":180,"texture":"#0"},"down":{"uv":[6,5,7,6],"rotation":180,"texture":"#0"}}},{"from":[3,0,6],"to":[4,1,10],"rotation":{"angle":45,"axis":"y","origin":[8,8,8]},"faces":{"north":{"uv":[6,5,7,6],"texture":"#0"},"east":{"uv":[6,5,7,6],"texture":"#0"},"south":{"uv":[6,5,7,6],"texture":"#0"},"west":{"uv":[6,5,7,6],"texture":"#0"},"up":{"uv":[6,5,7,6],"rotation":270,"texture":"#0"},"down":{"uv":[6,5,7,6],"rotation":90,"texture":"#0"}}},{"from":[3,0,6],"to":[4,1,10],"rotation":{"angle":0,"axis":"y","origin":[8,8,8]},"faces":{"north":{"uv":[6,5,7,6],"texture":"#0"},"east":{"uv":[6,5,7,6],"texture":"#0"},"south":{"uv":[6,5,7,6],"texture":"#0"},"west":{"uv":[6,5,7,6],"texture":"#0"},"up":{"uv":[6,5,7,6],"rotation":270,"texture":"#0"},"down":{"uv":[6,5,7,6],"rotation":90,"texture":"#0"}}},{"name":"Center","from":[6,1,6],"to":[10,4,10],"rotation":{"angle":0,"axis":"y","origin":[8,8,8]},"faces":{"north":{"uv":[6,5,7,6],"texture":"#0"},"east":{"uv":[6,5,7,6],"texture":"#0"},"south":{"uv":[6,5,7,6],"texture":"#0"},"west":{"uv":[6,5,7,6],"texture":"#0"},"up":{"uv":[6,5,7,6],"rotation":270,"texture":"#0"},"down":{"uv":[6,5,7,6],"rotation":90,"texture":"#0"}}},{"name":"Center","from":[4,0,7],"to":[12,1,9],"rotation":{"angle":0,"axis":"y","origin":[8,8,8]},"faces":{"north":{"uv":[6,5,7,6],"texture":"#0"},"east":{"uv":[6,5,7,6],"texture":"#0"},"south":{"uv":[6,5,7,6],"texture":"#0"},"west":{"uv":[6,5,7,6],"texture":"#0"},"up":{"uv":[6,5,7,6],"rotation":270,"texture":"#0"},"down":{"uv":[6,5,7,6],"rotation":90,"texture":"#0"}}},{"from":[6,0,3],"to":[10,1,4],"rotation":{"angle":45,"axis":"y","origin":[8,8,8]},"faces":{"north":{"uv":[6,5,7,6],"texture":"#0"},"east":{"uv":[6,5,7,6],"texture":"#0"},"south":{"uv":[6,5,7,6],"texture":"#0"},"west":{"uv":[6,5,7,6],"texture":"#0"},"up":{"uv":[6,5,7,6],"texture":"#0"},"down":{"uv":[6,5,7,6],"texture":"#0"}}},{"from":[6,0,3],"to":[10,1,4],"faces":{"north":{"uv":[6,5,7,6],"texture":"#0"},"east":{"uv":[6,5,7,6],"texture":"#0"},"south":{"uv":[6,5,7,6],"texture":"#0"},"west":{"uv":[6,5,7,6],"texture":"#0"},"up":{"uv":[6,5,7,6],"texture":"#0"},"down":{"uv":[6,5,7,6],"texture":"#0"}}},{"name":"Warhead","from":[4,5,7],"to":[12,10,9],"rotation":{"angle":-22.5,"axis":"y","origin":[8,7.5,8]},"faces":{"north":{"uv":[6,5,7,6],"texture":"#0"},"east":{"uv":[6,5,7,6],"texture":"#0"},"south":{"uv":[6,5,7,6],"texture":"#0"},"west":{"uv":[6,5,7,6],"texture":"#0"},"up":{"uv":[6,5,7,6],"rotation":180,"texture":"#0"},"down":{"uv":[6,5,7,6],"rotation":180,"texture":"#0"}}},{"name":"Warhead","from":[7,5,4],"to":[9,10,12],"rotation":{"angle":45,"axis":"y","origin":[8,7.5,8]},"faces":{"north":{"uv":[6,5,7,6],"texture":"#0"},"east":{"uv":[6,5,7,6],"texture":"#0"},"south":{"uv":[6,5,7,6],"texture":"#0"},"west":{"uv":[6,5,7,6],"texture":"#0"},"up":{"uv":[6,5,7,6],"rotation":270,"texture":"#0"},"down":{"uv":[6,5,7,6],"rotation":90,"texture":"#0"}}},{"name":"Warhead","from":[7,5,4],"to":[9,10,12],"rotation":{"angle":22.5,"axis":"y","origin":[8,7.5,8]},"faces":{"north":{"uv":[6,5,7,6],"texture":"#0"},"east":{"uv":[6,5,7,6],"texture":"#0"},"south":{"uv":[6,5,7,6],"texture":"#0"},"west":{"uv":[6,5,7,6],"texture":"#0"},"up":{"uv":[6,5,7,6],"rotation":270,"texture":"#0"},"down":{"uv":[6,5,7,6],"rotation":90,"texture":"#0"}}},{"name":"Warhead","from":[7,5,4],"to":[9,10,12],"rotation":{"angle":0,"axis":"y","origin":[8,7.5,8]},"faces":{"north":{"uv":[6,5,7,6],"texture":"#0"},"east":{"uv":[6,5,7,6],"texture":"#0"},"south":{"uv":[6,5,7,6],"texture":"#0"},"west":{"uv":[6,5,7,6],"texture":"#0"},"up":{"uv":[6,5,7,6],"rotation":270,"texture":"#0"},"down":{"uv":[6,5,7,6],"rotation":90,"texture":"#0"}}},{"name":"Warhead","from":[7,5,4],"to":[9,10,12],"rotation":{"angle":-22.5,"axis":"y","origin":[8,7.5,8]},"faces":{"north":{"uv":[6,5,7,6],"texture":"#0"},"east":{"uv":[6,5,7,6],"texture":"#0"},"south":{"uv":[6,5,7,6],"texture":"#0"},"west":{"uv":[6,5,7,6],"texture":"#0"},"up":{"uv":[6,5,7,6],"rotation":270,"texture":"#0"},"down":{"uv":[6,5,7,6],"rotation":90,"texture":"#0"}}},{"name":"Warhead","from":[4,5,7],"to":[12,10,9],"rotation":{"angle":45,"axis":"y","origin":[8,7.5,8]},"faces":{"north":{"uv":[6,5,7,6],"texture":"#0"},"east":{"uv":[6,5,7,6],"texture":"#0"},"south":{"uv":[6,5,7,6],"texture":"#0"},"west":{"uv":[6,5,7,6],"texture":"#0"},"up":{"uv":[6,5,7,6],"texture":"#0"},"down":{"uv":[6,5,7,6],"texture":"#0"}}},{"name":"Warhead","from":[4,5,7],"to":[12,10,9],"rotation":{"angle":22.5,"axis":"y","origin":[8,7.5,8]},"faces":{"north":{"uv":[6,5,7,6],"texture":"#0"},"east":{"uv":[6,5,7,6],"texture":"#0"},"south":{"uv":[6,5,7,6],"texture":"#0"},"west":{"uv":[6,5,7,6],"texture":"#0"},"up":{"uv":[6,5,7,6],"texture":"#0"},"down":{"uv":[6,5,7,6],"texture":"#0"}}},{"name":"Warhead","from":[4,5,7],"to":[12,10,9],"faces":{"north":{"uv":[6,5,7,6],"texture":"#0"},"east":{"uv":[6,5,7,6],"texture":"#0"},"south":{"uv":[6,5,7,6],"texture":"#0"},"west":{"uv":[6,5,7,6],"texture":"#0"},"up":{"uv":[6,5,7,6],"texture":"#0"},"down":{"uv":[6,5,7,6],"texture":"#0"}}},{"name":"Yellow","from":[7,10,4.25],"to":[9,10.5,11.75],"rotation":{"angle":22.5,"axis":"y","origin":[8,10.25,8]},"faces":{"north":{"uv":[3,4,4,5],"texture":"#0"},"east":{"uv":[3,4,4,5],"texture":"#0"},"south":{"uv":[3,4,4,5],"texture":"#0"},"west":{"uv":[3,4,4,5],"texture":"#0"},"up":{"uv":[3,4,4,5],"rotation":270,"texture":"#0"},"down":{"uv":[3,4,4,5],"rotation":90,"texture":"#0"}}},{"name":"Yellow","from":[7,10,4.25],"to":[9,10.5,11.75],"rotation":{"angle":45,"axis":"y","origin":[8,10.25,8]},"faces":{"north":{"uv":[3,4,4,5],"texture":"#0"},"east":{"uv":[3,4,4,5],"texture":"#0"},"south":{"uv":[3,4,4,5],"texture":"#0"},"west":{"uv":[3,4,4,5],"texture":"#0"},"up":{"uv":[3,4,4,5],"rotation":270,"texture":"#0"},"down":{"uv":[3,4,4,5],"rotation":90,"texture":"#0"}}},{"name":"Yellow","from":[4.25,10,7],"to":[11.75,10.5,9],"rotation":{"angle":45,"axis":"y","origin":[8,10.25,8]},"faces":{"north":{"uv":[3,4,4,5],"texture":"#0"},"east":{"uv":[3,4,4,5],"texture":"#0"},"south":{"uv":[3,4,4,5],"texture":"#0"},"west":{"uv":[3,4,4,5],"texture":"#0"},"up":{"uv":[3,4,4,5],"texture":"#0"},"down":{"uv":[3,4,4,5],"texture":"#0"}}},{"name":"Yellow","from":[7,10,4.25],"to":[9,10.5,11.75],"rotation":{"angle":0,"axis":"y","origin":[8,10.25,8]},"faces":{"north":{"uv":[3,4,4,5],"texture":"#0"},"east":{"uv":[3,4,4,5],"texture":"#0"},"south":{"uv":[3,4,4,5],"texture":"#0"},"west":{"uv":[3,4,4,5],"texture":"#0"},"up":{"uv":[3,4,4,5],"rotation":270,"texture":"#0"},"down":{"uv":[3,4,4,5],"rotation":90,"texture":"#0"}}},{"name":"Yellow","from":[7,10,4.25],"to":[9,10.5,11.75],"rotation":{"angle":-22.5,"axis":"y","origin":[8,10.25,8]},"faces":{"north":{"uv":[3,4,4,5],"texture":"#0"},"east":{"uv":[3,4,4,5],"texture":"#0"},"south":{"uv":[3,4,4,5],"texture":"#0"},"west":{"uv":[3,4,4,5],"texture":"#0"},"up":{"uv":[3,4,4,5],"rotation":270,"texture":"#0"},"down":{"uv":[3,4,4,5],"rotation":90,"texture":"#0"}}},{"name":"Yellow","from":[4.25,10,7],"to":[11.75,10.5,9],"faces":{"north":{"uv":[3,4,4,5],"texture":"#0"},"east":{"uv":[3,4,4,5],"texture":"#0"},"south":{"uv":[3,4,4,5],"texture":"#0"},"west":{"uv":[3,4,4,5],"texture":"#0"},"up":{"uv":[3,4,4,5],"texture":"#0"},"down":{"uv":[3,4,4,5],"texture":"#0"}}},{"name":"Yellow","from":[4.25,10,7],"to":[11.75,10.5,9],"rotation":{"angle":-22.5,"axis":"y","origin":[8,10.25,8]},"faces":{"north":{"uv":[3,4,4,5],"texture":"#0"},"east":{"uv":[3,4,4,5],"texture":"#0"},"south":{"uv":[3,4,4,5],"texture":"#0"},"west":{"uv":[3,4,4,5],"texture":"#0"},"up":{"uv":[3,4,4,5],"rotation":180,"texture":"#0"},"down":{"uv":[3,4,4,5],"rotation":180,"texture":"#0"}}},{"name":"Yellow","from":[4.25,10,7],"to":[11.75,10.5,9],"rotation":{"angle":22.5,"axis":"y","origin":[8,10.25,8]},"faces":{"north":{"uv":[3,4,4,5],"texture":"#0"},"east":{"uv":[3,4,4,5],"texture":"#0"},"south":{"uv":[3,4,4,5],"texture":"#0"},"west":{"uv":[3,4,4,5],"texture":"#0"},"up":{"uv":[3,4,4,5],"texture":"#0"},"down":{"uv":[3,4,4,5],"texture":"#0"}}},{"name":"GreenSpace","from":[7,10.5,4.25],"to":[9,11,11.75],"rotation":{"angle":22.5,"axis":"y","origin":[8,10.75,8]},"faces":{"north":{"uv":[6,5,7,6],"texture":"#0"},"east":{"uv":[6,5,7,6],"texture":"#0"},"south":{"uv":[6,5,7,6],"texture":"#0"},"west":{"uv":[6,5,7,6],"texture":"#0"},"up":{"uv":[6,5,7,6],"rotation":270,"texture":"#0"},"down":{"uv":[6,5,7,6],"rotation":90,"texture":"#0"}}},{"name":"GreenSpace","from":[7,10.5,4.25],"to":[9,11,11.75],"rotation":{"angle":45,"axis":"y","origin":[8,10.75,8]},"faces":{"north":{"uv":[6,5,7,6],"texture":"#0"},"east":{"uv":[6,5,7,6],"texture":"#0"},"south":{"uv":[6,5,7,6],"texture":"#0"},"west":{"uv":[6,5,7,6],"texture":"#0"},"up":{"uv":[6,5,7,6],"rotation":270,"texture":"#0"},"down":{"uv":[6,5,7,6],"rotation":90,"texture":"#0"}}},{"name":"GreenSpace","from":[4.25,10.5,7],"to":[11.75,11,9],"rotation":{"angle":45,"axis":"y","origin":[8,10.75,8]},"faces":{"north":{"uv":[6,5,7,6],"texture":"#0"},"east":{"uv":[6,5,7,6],"texture":"#0"},"south":{"uv":[6,5,7,6],"texture":"#0"},"west":{"uv":[6,5,7,6],"texture":"#0"},"up":{"uv":[6,5,7,6],"texture":"#0"},"down":{"uv":[6,5,7,6],"texture":"#0"}}},{"name":"GreenSpace","from":[7,10.5,4.25],"to":[9,11,11.75],"rotation":{"angle":0,"axis":"y","origin":[8,10.75,8]},"faces":{"north":{"uv":[6,5,7,6],"texture":"#0"},"east":{"uv":[6,5,7,6],"texture":"#0"},"south":{"uv":[6,5,7,6],"texture":"#0"},"west":{"uv":[6,5,7,6],"texture":"#0"},"up":{"uv":[6,5,7,6],"rotation":270,"texture":"#0"},"down":{"uv":[6,5,7,6],"rotation":90,"texture":"#0"}}},{"name":"GreenSpace","from":[7,10.5,4.25],"to":[9,11,11.75],"rotation":{"angle":-22.5,"axis":"y","origin":[8,10.75,8]},"faces":{"north":{"uv":[6,5,7,6],"texture":"#0"},"east":{"uv":[6,5,7,6],"texture":"#0"},"south":{"uv":[6,5,7,6],"texture":"#0"},"west":{"uv":[6,5,7,6],"texture":"#0"},"up":{"uv":[6,5,7,6],"rotation":270,"texture":"#0"},"down":{"uv":[6,5,7,6],"rotation":90,"texture":"#0"}}},{"name":"GreenSpace","from":[4.25,10.5,7],"to":[11.75,11,9],"faces":{"north":{"uv":[6,5,7,6],"texture":"#0"},"east":{"uv":[6,5,7,6],"texture":"#0"},"south":{"uv":[6,5,7,6],"texture":"#0"},"west":{"uv":[6,5,7,6],"texture":"#0"},"up":{"uv":[6,5,7,6],"texture":"#0"},"down":{"uv":[6,5,7,6],"texture":"#0"}}},{"name":"GreenSpace","from":[4.25,10.5,7],"to":[11.75,11,9],"rotation":{"angle":-22.5,"axis":"y","origin":[8,10.75,8]},"faces":{"north":{"uv":[6,5,7,6],"texture":"#0"},"east":{"uv":[6,5,7,6],"texture":"#0"},"south":{"uv":[6,5,7,6],"texture":"#0"},"west":{"uv":[6,5,7,6],"texture":"#0"},"up":{"uv":[6,5,7,6],"rotation":180,"texture":"#0"},"down":{"uv":[6,5,7,6],"rotation":180,"texture":"#0"}}},{"name":"GreenSpace","from":[4.25,10.5,7],"to":[11.75,11,9],"rotation":{"angle":22.5,"axis":"y","origin":[8,10.75,8]},"faces":{"north":{"uv":[6,5,7,6],"texture":"#0"},"east":{"uv":[6,5,7,6],"texture":"#0"},"south":{"uv":[6,5,7,6],"texture":"#0"},"west":{"uv":[6,5,7,6],"texture":"#0"},"up":{"uv":[6,5,7,6],"texture":"#0"},"down":{"uv":[6,5,7,6],"texture":"#0"}}},{"name":"RedTip3","from":[4.75,12.5,7],"to":[6.75,13.75,9],"rotation":{"angle":45,"axis":"z","origin":[8,11.75,8]},"faces":{"north":{"uv":[1,2,2,3],"texture":"#0"},"east":{"uv":[1,2,2,3],"texture":"#0"},"south":{"uv":[1,2,2,3],"texture":"#0"},"west":{"uv":[1,2,2,3],"texture":"#0"},"up":{"uv":[1,2,2,3],"rotation":180,"texture":"#0"},"down":{"uv":[1,2,2,3],"rotation":180,"texture":"#0"}}},{"name":"RedTip2","from":[9.25,12.5,7],"to":[11.25,13.75,9],"rotation":{"angle":-45,"axis":"z","origin":[8,11.75,8]},"faces":{"north":{"uv":[1,2,2,3],"texture":"#0"},"east":{"uv":[1,2,2,3],"texture":"#0"},"south":{"uv":[1,2,2,3],"texture":"#0"},"west":{"uv":[1,2,2,3],"texture":"#0"},"up":{"uv":[1,2,2,3],"texture":"#0"},"down":{"uv":[1,2,2,3],"texture":"#0"}}},{"name":"RedTip1","from":[7,12.5,9.25],"to":[9,13.75,11.25],"rotation":{"angle":45,"axis":"x","origin":[8,11.75,8]},"faces":{"north":{"uv":[1,2,2,3],"texture":"#0"},"east":{"uv":[1,2,2,3],"texture":"#0"},"south":{"uv":[1,2,2,3],"texture":"#0"},"west":{"uv":[1,2,2,3],"texture":"#0"},"up":{"uv":[1,2,2,3],"rotation":90,"texture":"#0"},"down":{"uv":[1,2,2,3],"rotation":270,"texture":"#0"}}},{"name":"RedTip1","from":[7,12.5,4.75],"to":[9,13.75,6.75],"rotation":{"angle":-45,"axis":"x","origin":[8,11.75,8]},"faces":{"north":{"uv":[1,2,2,3],"texture":"#0"},"east":{"uv":[1,2,2,3],"texture":"#0"},"south":{"uv":[1,2,2,3],"texture":"#0"},"west":{"uv":[1,2,2,3],"texture":"#0"},"up":{"uv":[1,2,2,3],"rotation":270,"texture":"#0"},"down":{"uv":[1,2,2,3],"rotation":90,"texture":"#0"}}},{"name":"RedTippy","from":[5.5,11,7.5],"to":[10.5,12.25,8.5],"rotation":{"angle":22.5,"axis":"y","origin":[8,11.625,8]},"faces":{"north":{"uv":[1,2,2,3],"texture":"#0"},"east":{"uv":[1,2,2,3],"texture":"#0"},"south":{"uv":[1,2,2,3],"texture":"#0"},"west":{"uv":[1,2,2,3],"texture":"#0"},"up":{"uv":[1,2,2,3],"texture":"#0"},"down":{"uv":[1,2,2,3],"texture":"#0"}}},{"name":"RedTippy","from":[7.5,11,5.5],"to":[8.5,12.25,10.5],"rotation":{"angle":-22.5,"axis":"y","origin":[8,11.625,8]},"faces":{"north":{"uv":[1,2,2,3],"texture":"#0"},"east":{"uv":[1,2,2,3],"texture":"#0"},"south":{"uv":[1,2,2,3],"texture":"#0"},"west":{"uv":[1,2,2,3],"texture":"#0"},"up":{"uv":[1,2,2,3],"rotation":270,"texture":"#0"},"down":{"uv":[1,2,2,3],"rotation":90,"texture":"#0"}}},{"name":"RedTippy","from":[5.5,11,7.5],"to":[10.5,12.25,8.5],"rotation":{"angle":45,"axis":"y","origin":[8,11.625,8]},"faces":{"north":{"uv":[1,2,2,3],"texture":"#0"},"east":{"uv":[1,2,2,3],"texture":"#0"},"south":{"uv":[1,2,2,3],"texture":"#0"},"west":{"uv":[1,2,2,3],"texture":"#0"},"up":{"uv":[1,2,2,3],"texture":"#0"},"down":{"uv":[1,2,2,3],"texture":"#0"}}},{"name":"RedTippy","from":[5.5,11,7.5],"to":[10.5,12.25,8.5],"rotation":{"angle":-22.5,"axis":"y","origin":[8,11.625,8]},"faces":{"north":{"uv":[1,2,2,3],"texture":"#0"},"east":{"uv":[1,2,2,3],"texture":"#0"},"south":{"uv":[1,2,2,3],"texture":"#0"},"west":{"uv":[1,2,2,3],"texture":"#0"},"up":{"uv":[1,2,2,3],"rotation":180,"texture":"#0"},"down":{"uv":[1,2,2,3],"rotation":180,"texture":"#0"}}},{"name":"RedTippy","from":[7.5,11,5.5],"to":[8.5,12.25,10.5],"rotation":{"angle":45,"axis":"y","origin":[8,11.625,8]},"faces":{"north":{"uv":[1,2,2,3],"texture":"#0"},"east":{"uv":[1,2,2,3],"texture":"#0"},"south":{"uv":[1,2,2,3],"texture":"#0"},"west":{"uv":[1,2,2,3],"texture":"#0"},"up":{"uv":[1,2,2,3],"rotation":270,"texture":"#0"},"down":{"uv":[1,2,2,3],"rotation":90,"texture":"#0"}}},{"name":"RedTippy","from":[7.5,11,5.5],"to":[8.5,12.25,10.5],"rotation":{"angle":22.5,"axis":"y","origin":[8,11.625,8]},"faces":{"north":{"uv":[1,2,2,3],"texture":"#0"},"east":{"uv":[1,2,2,3],"texture":"#0"},"south":{"uv":[1,2,2,3],"texture":"#0"},"west":{"uv":[1,2,2,3],"texture":"#0"},"up":{"uv":[1,2,2,3],"rotation":270,"texture":"#0"},"down":{"uv":[1,2,2,3],"rotation":90,"texture":"#0"}}},{"name":"RedTippy","from":[6,12.25,7.5],"to":[10,12.75,8.5],"rotation":{"angle":22.5,"axis":"y","origin":[8,12.875,8]},"faces":{"north":{"uv":[1,2,2,3],"texture":"#0"},"east":{"uv":[1,2,2,3],"texture":"#0"},"south":{"uv":[1,2,2,3],"texture":"#0"},"west":{"uv":[1,2,2,3],"texture":"#0"},"up":{"uv":[1,2,2,3],"rotation":180,"texture":"#0"},"down":{"uv":[1,2,2,3],"rotation":180,"texture":"#0"}}},{"name":"RedTippy","from":[6,12.25,7.5],"to":[10,12.75,8.5],"rotation":{"angle":0,"axis":"y","origin":[8,12.875,8]},"faces":{"north":{"uv":[1,2,2,3],"texture":"#0"},"east":{"uv":[1,2,2,3],"texture":"#0"},"south":{"uv":[1,2,2,3],"texture":"#0"},"west":{"uv":[1,2,2,3],"texture":"#0"},"up":{"uv":[1,2,2,3],"rotation":180,"texture":"#0"},"down":{"uv":[1,2,2,3],"rotation":180,"texture":"#0"}}},{"name":"RedTippy","from":[6,12.25,7.5],"to":[10,12.75,8.5],"rotation":{"angle":-22.5,"axis":"y","origin":[8,12.875,8]},"faces":{"north":{"uv":[1,2,2,3],"texture":"#0"},"east":{"uv":[1,2,2,3],"texture":"#0"},"south":{"uv":[1,2,2,3],"texture":"#0"},"west":{"uv":[1,2,2,3],"texture":"#0"},"up":{"uv":[1,2,2,3],"rotation":180,"texture":"#0"},"down":{"uv":[1,2,2,3],"rotation":180,"texture":"#0"}}},{"name":"RedTippy","from":[7.5,12.25,6],"to":[8.5,12.75,10],"rotation":{"angle":45,"axis":"y","origin":[8,12.875,8]},"faces":{"north":{"uv":[1,2,2,3],"texture":"#0"},"east":{"uv":[1,2,2,3],"texture":"#0"},"south":{"uv":[1,2,2,3],"texture":"#0"},"west":{"uv":[1,2,2,3],"texture":"#0"},"up":{"uv":[1,2,2,3],"rotation":270,"texture":"#0"},"down":{"uv":[1,2,2,3],"rotation":90,"texture":"#0"}}},{"name":"RedTippy","from":[7.5,12.25,6],"to":[8.5,12.75,10],"rotation":{"angle":22.5,"axis":"y","origin":[8,12.875,8]},"faces":{"north":{"uv":[1,2,2,3],"texture":"#0"},"east":{"uv":[1,2,2,3],"texture":"#0"},"south":{"uv":[1,2,2,3],"texture":"#0"},"west":{"uv":[1,2,2,3],"texture":"#0"},"up":{"uv":[1,2,2,3],"rotation":270,"texture":"#0"},"down":{"uv":[1,2,2,3],"rotation":90,"texture":"#0"}}},{"name":"RedTippy","from":[7.5,12.25,6],"to":[8.5,12.75,10],"rotation":{"angle":0,"axis":"y","origin":[8,12.875,8]},"faces":{"north":{"uv":[1,2,2,3],"texture":"#0"},"east":{"uv":[1,2,2,3],"texture":"#0"},"south":{"uv":[1,2,2,3],"texture":"#0"},"west":{"uv":[1,2,2,3],"texture":"#0"},"up":{"uv":[1,2,2,3],"rotation":270,"texture":"#0"},"down":{"uv":[1,2,2,3],"rotation":90,"texture":"#0"}}},{"name":"RedTippy","from":[7.5,12.25,6],"to":[8.5,12.75,10],"rotation":{"angle":-22.5,"axis":"y","origin":[8,12.875,8]},"faces":{"north":{"uv":[1,2,2,3],"texture":"#0"},"east":{"uv":[1,2,2,3],"texture":"#0"},"south":{"uv":[1,2,2,3],"texture":"#0"},"west":{"uv":[1,2,2,3],"texture":"#0"},"up":{"uv":[1,2,2,3],"rotation":270,"texture":"#0"},"down":{"uv":[1,2,2,3],"rotation":90,"texture":"#0"}}},{"name":"RedTippy","from":[6,12.25,7.5],"to":[10,12.75,8.5],"rotation":{"angle":45,"axis":"y","origin":[8,12.875,8]},"faces":{"north":{"uv":[1,2,2,3],"texture":"#0"},"east":{"uv":[1,2,2,3],"texture":"#0"},"south":{"uv":[1,2,2,3],"texture":"#0"},"west":{"uv":[1,2,2,3],"texture":"#0"},"up":{"uv":[1,2,2,3],"texture":"#0"},"down":{"uv":[1,2,2,3],"texture":"#0"}}},{"name":"Base7","from":[5.07322,3.5,6.2981],"to":[11.07322,5.75,9.5481],"rotation":{"angle":45,"axis":"y","origin":[8.07322,4.625,8.0481]},"faces":{"north":{"uv":[6,5,7,6],"texture":"#0"},"east":{"uv":[6,5,7,6],"texture":"#0"},"south":{"uv":[6,5,7,6],"texture":"#0"},"west":{"uv":[6,5,7,6],"texture":"#0"},"up":{"uv":[6,5,7,6],"rotation":90,"texture":"#0"},"down":{"uv":[6,5,7,6],"rotation":270,"texture":"#0"}}},{"name":"Base6","from":[5.07322,3.5,6.2981],"to":[11.07322,5.75,9.5481],"rotation":{"angle":-45,"axis":"y","origin":[8.07322,4.625,8.0481]},"faces":{"north":{"uv":[6,5,7,6],"texture":"#0"},"east":{"uv":[6,5,7,6],"texture":"#0"},"south":{"uv":[6,5,7,6],"texture":"#0"},"west":{"uv":[6,5,7,6],"texture":"#0"},"up":{"uv":[6,5,7,6],"rotation":90,"texture":"#0"},"down":{"uv":[6,5,7,6],"rotation":270,"texture":"#0"}}},{"name":"Base4","from":[7.25,1.75,4.75],"to":[9.25,5.75,6.75],"rotation":{"angle":-22.5,"axis":"x","origin":[8.25,3.75,5.75]},"faces":{"north":{"uv":[6,5,7,6],"texture":"#0"},"east":{"uv":[6,5,7,6],"texture":"#0"},"south":{"uv":[6,5,7,6],"texture":"#0"},"west":{"uv":[6,5,7,6],"texture":"#0"},"up":{"uv":[6,5,7,6],"rotation":180,"texture":"#0"},"down":{"uv":[6,5,7,6],"rotation":180,"texture":"#0"}}},{"name":"Base3","from":[7.25,1.75,9.25],"to":[9.25,5.75,11.25],"rotation":{"angle":22.5,"axis":"x","origin":[8.25,3.75,10.25]},"faces":{"north":{"uv":[6,5,7,6],"texture":"#0"},"east":{"uv":[6,5,7,6],"texture":"#0"},"south":{"uv":[6,5,7,6],"texture":"#0"},"west":{"uv":[6,5,7,6],"texture":"#0"},"up":{"uv":[6,5,7,6],"rotation":180,"texture":"#0"},"down":{"uv":[6,5,7,6],"rotation":180,"texture":"#0"}}},{"name":"Base2","from":[9.25,1.75,7],"to":[11.25,5.75,9],"rotation":{"angle":-22.5,"axis":"z","origin":[10.25,3.75,8]},"faces":{"north":{"uv":[6,5,7,6],"texture":"#0"},"east":{"uv":[6,5,7,6],"texture":"#0"},"south":{"uv":[6,5,7,6],"texture":"#0"},"west":{"uv":[6,5,7,6],"texture":"#0"},"up":{"uv":[6,5,7,6],"rotation":180,"texture":"#0"},"down":{"uv":[6,5,7,6],"rotation":180,"texture":"#0"}}},{"name":"Base1","from":[4.75,1.75,7],"to":[6.75,5.75,9],"rotation":{"angle":22.5,"axis":"z","origin":[5.75,3.75,8]},"faces":{"north":{"uv":[6,5,7,6],"texture":"#0"},"east":{"uv":[6,5,7,6],"texture":"#0"},"south":{"uv":[6,5,7,6],"texture":"#0"},"west":{"uv":[6,5,7,6],"texture":"#0"},"up":{"uv":[6,5,7,6],"texture":"#0"},"down":{"uv":[6,5,7,6],"texture":"#0"}}}],"display":{"thirdperson_righthand":{"translation":[0,0,-1.25],"scale":[0.8,0.8,0.8]},"thirdperson_lefthand":{"translation":[0.25,0,-1.75],"scale":[0.8,0.8,0.8]},"ground":{"rotation":[0,0,-23],"translation":[3.59,-0.94,6.05]},"fixed":{"rotation":[-1,3,-41],"translation":[12.28,3.4,10.39],"scale":[3.37,3.37,3.4]}}}