{"credit":"Made with Blockbench","textures":{"0":"ttp/qualityarmory/rgbsheet1","1":"ttp/qualityarmory/texturedmaterials1","particle":"ttp/qualityarmory/rgbsheet1"},"elements":[{"name":"Cube","from":[7.25,0,5],"to":[7.55,10,12],"rotation":{"angle":0,"axis":"y","origin":[8.25,8,8]},"faces":{"north":{"uv":[4,4,8,8],"texture":"#1"},"east":{"uv":[4,4,8,8],"texture":"#1"},"south":{"uv":[4,4,8,8],"texture":"#1"},"west":{"uv":[4,4,8,8],"texture":"#1"},"up":{"uv":[4,4,8,8],"texture":"#1"},"down":{"uv":[4,4,8,8],"texture":"#1"}}},{"name":"Cube","from":[9.75,0,5],"to":[10.05,10,12],"rotation":{"angle":0,"axis":"y","origin":[7.75,8,8]},"faces":{"north":{"uv":[4,4,8,8],"texture":"#1"},"east":{"uv":[4,4,8,8],"texture":"#1"},"south":{"uv":[4,4,8,8],"texture":"#1"},"west":{"uv":[4,4,8,8],"texture":"#1"},"up":{"uv":[4,4,8,8],"texture":"#1"},"down":{"uv":[4,4,8,8],"texture":"#1"}}},{"name":"Cube","from":[7.25,0,12],"to":[10,10,12.3],"faces":{"north":{"uv":[4,4,8,8],"texture":"#1"},"east":{"uv":[4,4,8,8],"texture":"#1"},"south":{"uv":[4,4,8,8],"texture":"#1"},"west":{"uv":[4,4,8,8],"texture":"#1"},"up":{"uv":[4,4,8,8],"texture":"#1"},"down":{"uv":[4,4,8,8],"texture":"#1"}}},{"name":"front","from":[7.25,0,5],"to":[10,10,5.3],"faces":{"north":{"uv":[4,4,8,8],"texture":"#1"},"east":{"uv":[4,4,8,8],"texture":"#1"},"south":{"uv":[4,4,8,8],"texture":"#1"},"west":{"uv":[4,4,8,8],"texture":"#1"},"up":{"uv":[4,4,8,8],"texture":"#1"},"down":{"uv":[4,4,8,8],"texture":"#1"}}},{"name":"bottom","from":[7.3,0,5.1],"to":[9.85,1,11.9],"faces":{"north":{"uv":[4,9,6.8,10],"texture":"#0"},"east":{"uv":[3,9,3.3,13],"texture":"#0"},"south":{"uv":[2,9,5,13],"texture":"#0"},"west":{"uv":[4,9,4.3,12],"texture":"#0"},"up":{"uv":[3,9,5.8,9.8],"texture":"#0"},"down":{"uv":[4,10,6.8,10.8],"texture":"#0"}}},{"name":"Cube","from":[7.9,9.5,7.25],"to":[8.4,10.5,11.25],"rotation":{"angle":0,"axis":"y","origin":[8,8,8.25]},"faces":{"north":{"uv":[1,3,2,4],"texture":"#0"},"east":{"uv":[1,3,2,4],"texture":"#0"},"south":{"uv":[1,3,2,4],"texture":"#0"},"west":{"uv":[1,3,2,4],"texture":"#0"},"up":{"uv":[1,3,2,4],"texture":"#0"},"down":{"uv":[1,3,2,4],"texture":"#0"}}},{"name":"Cube","from":[7.9,9.5,7.25],"to":[8.4,10.5,11.25],"rotation":{"angle":45,"axis":"z","origin":[8.15,10,8]},"faces":{"north":{"uv":[1,3,2,4],"texture":"#0"},"east":{"uv":[1,3,2,4],"texture":"#0"},"south":{"uv":[1,3,2,4],"texture":"#0"},"west":{"uv":[1,3,2,4],"texture":"#0"},"up":{"uv":[1,3,2,4],"texture":"#0"},"down":{"uv":[1,3,2,4],"texture":"#0"}}},{"name":"Cube","from":[7.65,9.75,7.25],"to":[8.65,10.25,11.25],"rotation":{"angle":0,"axis":"z","origin":[8.15,10,8]},"faces":{"north":{"uv":[1,3,2,4],"rotation":90,"texture":"#0"},"east":{"uv":[1,3,2,4],"rotation":270,"texture":"#0"},"south":{"uv":[1,3,2,4],"rotation":270,"texture":"#0"},"west":{"uv":[1,3,2,4],"rotation":270,"texture":"#0"},"up":{"uv":[1,3,2,4],"rotation":270,"texture":"#0"},"down":{"uv":[1,3,2,4],"rotation":270,"texture":"#0"}}},{"name":"Cube","from":[7.65,9.75,7.25],"to":[8.65,10.25,11.25],"rotation":{"angle":45,"axis":"z","origin":[8.15,10,8]},"faces":{"north":{"uv":[1,3,2,4],"rotation":90,"texture":"#0"},"east":{"uv":[1,3,2,4],"rotation":270,"texture":"#0"},"south":{"uv":[1,3,2,4],"rotation":270,"texture":"#0"},"west":{"uv":[1,3,2,4],"rotation":270,"texture":"#0"},"up":{"uv":[1,3,2,4],"rotation":270,"texture":"#0"},"down":{"uv":[1,3,2,4],"rotation":270,"texture":"#0"}}},{"name":"Cube","from":[7.9,9.5,6.25],"to":[8.4,10.5,7.25],"rotation":{"angle":0,"axis":"y","origin":[8,8,4.25]},"faces":{"north":{"uv":[10,5,11,6],"texture":"#0"},"east":{"uv":[10,5,11,6],"texture":"#0"},"south":{"uv":[10,5,11,6],"texture":"#0"},"west":{"uv":[10,5,11,6],"texture":"#0"},"up":{"uv":[10,5,11,6],"texture":"#0"},"down":{"uv":[10,5,11,6],"texture":"#0"}}},{"name":"Cube","from":[7.9,9.5,6.25],"to":[8.4,10.5,7.25],"rotation":{"angle":45,"axis":"z","origin":[8.15,10,8]},"faces":{"north":{"uv":[10,5,11,6],"texture":"#0"},"east":{"uv":[10,5,11,6],"texture":"#0"},"south":{"uv":[10,5,11,6],"texture":"#0"},"west":{"uv":[10,5,11,6],"texture":"#0"},"up":{"uv":[10,5,11,6],"texture":"#0"},"down":{"uv":[10,5,11,6],"texture":"#0"}}},{"name":"Cube","from":[7.65,9.75,6.25],"to":[8.65,10.25,7.25],"rotation":{"angle":0,"axis":"z","origin":[8.15,10,8]},"faces":{"north":{"uv":[10,5,11,6],"rotation":90,"texture":"#0"},"east":{"uv":[10,5,11,6],"rotation":270,"texture":"#0"},"south":{"uv":[10,5,11,6],"rotation":270,"texture":"#0"},"west":{"uv":[10,5,11,6],"rotation":270,"texture":"#0"},"up":{"uv":[10,5,11,6],"rotation":270,"texture":"#0"},"down":{"uv":[10,5,11,6],"rotation":270,"texture":"#0"}}},{"name":"Cube","from":[7.65,9.75,6.25],"to":[8.65,10.25,7.25],"rotation":{"angle":45,"axis":"z","origin":[8.15,10,8]},"faces":{"north":{"uv":[10,5,11,6],"rotation":90,"texture":"#0"},"east":{"uv":[10,5,11,6],"rotation":270,"texture":"#0"},"south":{"uv":[10,5,11,6],"rotation":270,"texture":"#0"},"west":{"uv":[10,5,11,6],"rotation":270,"texture":"#0"},"up":{"uv":[10,5,11,6],"rotation":270,"texture":"#0"},"down":{"uv":[10,5,11,6],"rotation":270,"texture":"#0"}}},{"name":"Cube","from":[8.9,9,7.25],"to":[9.4,10,11.25],"rotation":{"angle":0,"axis":"y","origin":[9,7.5,8.25]},"faces":{"north":{"uv":[1,3,2,4],"texture":"#0"},"east":{"uv":[1,3,2,4],"texture":"#0"},"south":{"uv":[1,3,2,4],"texture":"#0"},"west":{"uv":[1,3,2,4],"texture":"#0"},"up":{"uv":[1,3,2,4],"texture":"#0"},"down":{"uv":[1,3,2,4],"texture":"#0"}}},{"name":"Cube","from":[8.9,9,7.25],"to":[9.4,10,11.25],"rotation":{"angle":45,"axis":"z","origin":[9.15,9.5,8]},"faces":{"north":{"uv":[1,3,2,4],"texture":"#0"},"east":{"uv":[1,3,2,4],"texture":"#0"},"south":{"uv":[1,3,2,4],"texture":"#0"},"west":{"uv":[1,3,2,4],"texture":"#0"},"up":{"uv":[1,3,2,4],"texture":"#0"},"down":{"uv":[1,3,2,4],"texture":"#0"}}},{"name":"Cube","from":[8.65,9.25,7.25],"to":[9.65,9.75,11.25],"rotation":{"angle":0,"axis":"z","origin":[9.15,9.5,8]},"faces":{"north":{"uv":[1,3,2,4],"rotation":90,"texture":"#0"},"east":{"uv":[1,3,2,4],"rotation":270,"texture":"#0"},"south":{"uv":[1,3,2,4],"rotation":270,"texture":"#0"},"west":{"uv":[1,3,2,4],"rotation":270,"texture":"#0"},"up":{"uv":[1,3,2,4],"rotation":270,"texture":"#0"},"down":{"uv":[1,3,2,4],"rotation":270,"texture":"#0"}}},{"name":"Cube","from":[8.65,9.25,7.25],"to":[9.65,9.75,11.25],"rotation":{"angle":45,"axis":"z","origin":[9.15,9.5,8]},"faces":{"north":{"uv":[1,3,2,4],"rotation":90,"texture":"#0"},"east":{"uv":[1,3,2,4],"rotation":270,"texture":"#0"},"south":{"uv":[1,3,2,4],"rotation":270,"texture":"#0"},"west":{"uv":[1,3,2,4],"rotation":270,"texture":"#0"},"up":{"uv":[1,3,2,4],"rotation":270,"texture":"#0"},"down":{"uv":[1,3,2,4],"rotation":270,"texture":"#0"}}},{"name":"Cube","from":[8.9,9,6.25],"to":[9.4,10,7.25],"rotation":{"angle":0,"axis":"y","origin":[9,7.5,4.25]},"faces":{"north":{"uv":[10,5,11,6],"texture":"#0"},"east":{"uv":[10,5,11,6],"texture":"#0"},"south":{"uv":[10,5,11,6],"texture":"#0"},"west":{"uv":[10,5,11,6],"texture":"#0"},"up":{"uv":[10,5,11,6],"texture":"#0"},"down":{"uv":[10,5,11,6],"texture":"#0"}}},{"name":"Cube","from":[8.9,9,6.25],"to":[9.4,10,7.25],"rotation":{"angle":45,"axis":"z","origin":[9.15,9.5,8]},"faces":{"north":{"uv":[10,5,11,6],"texture":"#0"},"east":{"uv":[10,5,11,6],"texture":"#0"},"south":{"uv":[10,5,11,6],"texture":"#0"},"west":{"uv":[10,5,11,6],"texture":"#0"},"up":{"uv":[10,5,11,6],"texture":"#0"},"down":{"uv":[10,5,11,6],"texture":"#0"}}},{"name":"Cube","from":[8.65,9.25,6.25],"to":[9.65,9.75,7.25],"rotation":{"angle":0,"axis":"z","origin":[9.15,9.5,8]},"faces":{"north":{"uv":[10,5,11,6],"rotation":90,"texture":"#0"},"east":{"uv":[10,5,11,6],"rotation":270,"texture":"#0"},"south":{"uv":[10,5,11,6],"rotation":270,"texture":"#0"},"west":{"uv":[10,5,11,6],"rotation":270,"texture":"#0"},"up":{"uv":[10,5,11,6],"rotation":270,"texture":"#0"},"down":{"uv":[10,5,11,6],"rotation":270,"texture":"#0"}}},{"name":"Cube","from":[8.65,9.25,6.25],"to":[9.65,9.75,7.25],"rotation":{"angle":45,"axis":"z","origin":[9.15,9.5,8]},"faces":{"north":{"uv":[10,5,11,6],"rotation":90,"texture":"#0"},"east":{"uv":[10,5,11,6],"rotation":270,"texture":"#0"},"south":{"uv":[10,5,11,6],"rotation":270,"texture":"#0"},"west":{"uv":[10,5,11,6],"rotation":270,"texture":"#0"},"up":{"uv":[10,5,11,6],"rotation":270,"texture":"#0"},"down":{"uv":[10,5,11,6],"rotation":270,"texture":"#0"}}},{"name":"Cube","from":[7.9,8.5,7.25],"to":[8.4,9.5,11.25],"rotation":{"angle":0,"axis":"y","origin":[8,7,8.25]},"faces":{"north":{"uv":[1,3,2,4],"texture":"#0"},"east":{"uv":[1,3,2,4],"texture":"#0"},"south":{"uv":[1,3,2,4],"texture":"#0"},"west":{"uv":[1,3,2,4],"texture":"#0"},"up":{"uv":[1,3,2,4],"texture":"#0"},"down":{"uv":[1,3,2,4],"texture":"#0"}}},{"name":"Cube","from":[7.9,8.5,7.25],"to":[8.4,9.5,11.25],"rotation":{"angle":45,"axis":"z","origin":[8.15,9,8]},"faces":{"north":{"uv":[1,3,2,4],"texture":"#0"},"east":{"uv":[1,3,2,4],"texture":"#0"},"south":{"uv":[1,3,2,4],"texture":"#0"},"west":{"uv":[1,3,2,4],"texture":"#0"},"up":{"uv":[1,3,2,4],"texture":"#0"},"down":{"uv":[1,3,2,4],"texture":"#0"}}},{"name":"Cube","from":[7.65,8.75,7.25],"to":[8.65,9.25,11.25],"rotation":{"angle":0,"axis":"z","origin":[8.15,9,8]},"faces":{"north":{"uv":[1,3,2,4],"rotation":90,"texture":"#0"},"east":{"uv":[1,3,2,4],"rotation":270,"texture":"#0"},"south":{"uv":[1,3,2,4],"rotation":270,"texture":"#0"},"west":{"uv":[1,3,2,4],"rotation":270,"texture":"#0"},"up":{"uv":[1,3,2,4],"rotation":270,"texture":"#0"},"down":{"uv":[1,3,2,4],"rotation":270,"texture":"#0"}}},{"name":"Cube","from":[7.65,8.75,7.25],"to":[8.65,9.25,11.25],"rotation":{"angle":45,"axis":"z","origin":[8.15,9,8]},"faces":{"north":{"uv":[1,3,2,4],"rotation":90,"texture":"#0"},"east":{"uv":[1,3,2,4],"rotation":270,"texture":"#0"},"south":{"uv":[1,3,2,4],"rotation":270,"texture":"#0"},"west":{"uv":[1,3,2,4],"rotation":270,"texture":"#0"},"up":{"uv":[1,3,2,4],"rotation":270,"texture":"#0"},"down":{"uv":[1,3,2,4],"rotation":270,"texture":"#0"}}},{"name":"Cube","from":[7.9,8.5,6.25],"to":[8.4,9.5,7.25],"rotation":{"angle":0,"axis":"y","origin":[8,7,4.25]},"faces":{"north":{"uv":[10,5,11,6],"texture":"#0"},"east":{"uv":[10,5,11,6],"texture":"#0"},"south":{"uv":[10,5,11,6],"texture":"#0"},"west":{"uv":[10,5,11,6],"texture":"#0"},"up":{"uv":[10,5,11,6],"texture":"#0"},"down":{"uv":[10,5,11,6],"texture":"#0"}}},{"name":"Cube","from":[7.9,8.5,6.25],"to":[8.4,9.5,7.25],"rotation":{"angle":45,"axis":"z","origin":[8.15,9,8]},"faces":{"north":{"uv":[10,5,11,6],"texture":"#0"},"east":{"uv":[10,5,11,6],"texture":"#0"},"south":{"uv":[10,5,11,6],"texture":"#0"},"west":{"uv":[10,5,11,6],"texture":"#0"},"up":{"uv":[10,5,11,6],"texture":"#0"},"down":{"uv":[10,5,11,6],"texture":"#0"}}},{"name":"Cube","from":[7.65,8.75,6.25],"to":[8.65,9.25,7.25],"rotation":{"angle":0,"axis":"z","origin":[8.15,9,8]},"faces":{"north":{"uv":[10,5,11,6],"rotation":90,"texture":"#0"},"east":{"uv":[10,5,11,6],"rotation":270,"texture":"#0"},"south":{"uv":[10,5,11,6],"rotation":270,"texture":"#0"},"west":{"uv":[10,5,11,6],"rotation":270,"texture":"#0"},"up":{"uv":[10,5,11,6],"rotation":270,"texture":"#0"},"down":{"uv":[10,5,11,6],"rotation":270,"texture":"#0"}}},{"name":"Cube","from":[7.65,8.75,6.25],"to":[8.65,9.25,7.25],"rotation":{"angle":45,"axis":"z","origin":[8.15,9,8]},"faces":{"north":{"uv":[10,5,11,6],"rotation":90,"texture":"#0"},"east":{"uv":[10,5,11,6],"rotation":270,"texture":"#0"},"south":{"uv":[10,5,11,6],"rotation":270,"texture":"#0"},"west":{"uv":[10,5,11,6],"rotation":270,"texture":"#0"},"up":{"uv":[10,5,11,6],"rotation":270,"texture":"#0"},"down":{"uv":[10,5,11,6],"rotation":270,"texture":"#0"}}}],"display":{"thirdperson_righthand":{"rotation":[-7,-2,-10],"translation":[0,0,-2]},"thirdperson_lefthand":{"rotation":[-7,1,11],"translation":[-15,0,-2]},"firstperson_righthand":{"rotation":[0,-2,0],"translation":[0,3,0]},"firstperson_lefthand":{"translation":[-9,3,0]},"ground":{"rotation":[0,0,-23],"translation":[3.59,-0.94,6.05]},"gui":{"rotation":[0,-50,0],"translation":[0,1,0]},"fixed":{"rotation":[-1,3,-41],"translation":[12.28,3.4,10.39],"scale":[3.37,3.37,3.4]}},"groups":[{"name":"group","origin":[8,8,8],"children":[0,1,2,3,4]},{"name":"group","origin":[8,8,8],"children":[5,6,7,8,9,10,11,12]},{"name":"group","origin":[8,8,8],"children":[13,14,15,16,17,18,19,20]},{"name":"group","origin":[8,8,8],"children":[21,22,23,24,25,26,27,28]}]}