{"credit":"Made with Blockbench, a free, modern block model editor by JannisX11","textures":{"0":"ttp/qualityarmory/rgbsheet1","particle":"ttp/qualityarmory/rgbsheet1"},"elements":[{"name":"Cube","from":[6.8,7,5.5],"to":[7.8,8,11.75],"rotation":{"angle":45,"axis":"z","origin":[8,8,8]},"faces":{"north":{"uv":[1,3,2,4],"texture":"#0"},"east":{"uv":[1,3,2,4],"texture":"#0"},"south":{"uv":[1,3,2,4],"texture":"#0"},"west":{"uv":[1,3,2,4],"texture":"#0"},"up":{"uv":[1,3,2,4],"texture":"#0"},"down":{"uv":[1,3,2,4],"texture":"#0"}}},{"name":"Cube","from":[7.4,6.7,5.5],"to":[8.4,7.7,11.75],"faces":{"north":{"uv":[1,3,2,4],"texture":"#0"},"east":{"uv":[1,3,2,4],"texture":"#0"},"south":{"uv":[1,3,2,4],"texture":"#0"},"west":{"uv":[1,3,2,4],"texture":"#0"},"up":{"uv":[1,3,2,4],"texture":"#0"},"down":{"uv":[1,3,2,4],"texture":"#0"}}},{"name":"Bullet","from":[8.8,8,5.5],"to":[9.8,9,11.75],"faces":{"north":{"uv":[1,3,2,4],"texture":"#0"},"east":{"uv":[1,3,2,4],"texture":"#0"},"south":{"uv":[1,3,2,4],"texture":"#0"},"west":{"uv":[1,3,2,4],"texture":"#0"},"up":{"uv":[1,3,2,4],"texture":"#0"},"down":{"uv":[1,3,2,4],"texture":"#0"}}},{"name":"Cube","from":[8.8,7,5.5],"to":[9.8,8,11.75],"rotation":{"angle":45,"axis":"z","origin":[8,8,8]},"faces":{"north":{"uv":[1,3,2,4],"texture":"#0"},"east":{"uv":[1,3,2,4],"texture":"#0"},"south":{"uv":[1,3,2,4],"texture":"#0"},"west":{"uv":[1,3,2,4],"texture":"#0"},"up":{"uv":[1,3,2,4],"texture":"#0"},"down":{"uv":[1,3,2,4],"texture":"#0"}}},{"name":"Cube","from":[8.8,9,5.5],"to":[9.8,10,11.75],"rotation":{"angle":45,"axis":"z","origin":[8,8,8]},"faces":{"north":{"uv":[1,3,2,4],"texture":"#0"},"east":{"uv":[1,3,2,4],"texture":"#0"},"south":{"uv":[1,3,2,4],"texture":"#0"},"west":{"uv":[1,3,2,4],"texture":"#0"},"up":{"uv":[1,3,2,4],"texture":"#0"},"down":{"uv":[1,3,2,4],"texture":"#0"}}},{"name":"Cube","from":[7.4,9.5,5.5],"to":[8.4,10.5,11.75],"faces":{"north":{"uv":[1,3,2,4],"texture":"#0"},"east":{"uv":[1,3,2,4],"texture":"#0"},"south":{"uv":[1,3,2,4],"texture":"#0"},"west":{"uv":[1,3,2,4],"texture":"#0"},"up":{"uv":[1,3,2,4],"texture":"#0"},"down":{"uv":[1,3,2,4],"texture":"#0"}}},{"name":"front","from":[7,0,5],"to":[10,10,5.3],"faces":{"north":{"uv":[7,10,9,14],"texture":"#0"},"east":{"uv":[7,10,9,14],"texture":"#0"},"south":{"uv":[7,10,9,14],"texture":"#0"},"west":{"uv":[7,10,9,14],"texture":"#0"},"up":{"uv":[7,10,9,14],"texture":"#0"},"down":{"uv":[7,10,9,14],"texture":"#0"}}},{"name":"Cube","from":[7,0,12],"to":[10,10,12.3],"faces":{"north":{"uv":[7,10,9,14],"texture":"#0"},"east":{"uv":[7,10,9,14],"texture":"#0"},"south":{"uv":[7,10,9,14],"texture":"#0"},"west":{"uv":[7,10,9,14],"texture":"#0"},"up":{"uv":[7,10,9,14],"texture":"#0"},"down":{"uv":[7,10,9,14],"texture":"#0"}}},{"name":"bottom","from":[7.3,0,5.1],"to":[10.1,1,11.9],"faces":{"north":{"uv":[4,9,6.8,10],"texture":"#0"},"east":{"uv":[3,9,3.3,13],"texture":"#0"},"south":{"uv":[2,9,5,13],"texture":"#0"},"west":{"uv":[4,9,4.3,12],"texture":"#0"},"up":{"uv":[3,9,5.8,9.8],"texture":"#0"},"down":{"uv":[4,10,6.8,10.8],"texture":"#0"}}},{"name":"Cube","from":[7,0,5],"to":[7.3,10,12],"faces":{"north":{"uv":[7,10,9,14],"texture":"#0"},"east":{"uv":[7,10,9,14],"texture":"#0"},"south":{"uv":[7,10,9,14],"texture":"#0"},"west":{"uv":[7,10,9,14],"texture":"#0"},"up":{"uv":[7,10,9,14],"texture":"#0"},"down":{"uv":[7,10,9,14],"texture":"#0"}}},{"name":"Cube","from":[10,0,5],"to":[10.3,10,12],"faces":{"north":{"uv":[7,10,9,14],"texture":"#0"},"east":{"uv":[7,10,9,14],"texture":"#0"},"south":{"uv":[7,10,9,14],"texture":"#0"},"west":{"uv":[7,10,9,14],"texture":"#0"},"up":{"uv":[7,10,9,14],"texture":"#0"},"down":{"uv":[7,10,9,14],"texture":"#0"}}}],"display":{"thirdperson_righthand":{"rotation":[-7,-2,-10],"translation":[0,0,-2],"scale":[0.6,0.6,0.6]},"thirdperson_lefthand":{"rotation":[-7,1,11],"translation":[-15,0,-2],"scale":[0.6,0.6,0.6]},"firstperson_righthand":{"rotation":[0,-2,0],"translation":[0,3,0]},"firstperson_lefthand":{"rotation":[0,0,0],"translation":[-9,3,0]},"gui":{"rotation":[0,-50,0],"translation":[0,1,0]},"ground":{"rotation":[0,0,-15],"translation":[0,8,0]},"fixed":{"rotation":[-1,3,-41],"translation":[12.28,3.4,10.39],"scale":[3.37,3.37,3.4]}},"groups":[0,1,2,3,4,5,{"name":"group","isOpen":true,"shade":true,"display":{"visibility":true,"autouv":true},"children":[6,7,8,9,10]}]}