{"textures":{"0":"ttp/qualityarmory/rgbsheet1","particle":"ttp/qualityarmory/rgbsheet1"},"elements":[{"name":"Cube","from":[6,7,7],"to":[7,10.25,9],"rotation":{"angle":-22.5,"axis":"z","origin":[8,8,8]},"faces":{"north":{"uv":[8,6,9,7],"texture":"#0"},"east":{"uv":[8,6,9,7],"texture":"#0"},"south":{"uv":[8,6,9,7],"texture":"#0"},"west":{"uv":[8,6,9,7],"texture":"#0"},"up":{"uv":[8,6,9,7],"texture":"#0"},"down":{"uv":[8,6,9,7],"texture":"#0"}}},{"name":"Cube","from":[9,7,7],"to":[10,10.25,9],"rotation":{"angle":22.5,"axis":"z","origin":[8,8,8]},"faces":{"north":{"uv":[8,6,9,7],"texture":"#0"},"east":{"uv":[8,6,9,7],"texture":"#0"},"south":{"uv":[8,6,9,7],"texture":"#0"},"west":{"uv":[8,6,9,7],"texture":"#0"},"up":{"uv":[8,6,9,7],"texture":"#0"},"down":{"uv":[8,6,9,7],"texture":"#0"}}},{"name":"Cube","from":[7,7,6],"to":[9,10.25,7],"rotation":{"angle":22.5,"axis":"x","origin":[8,8,8]},"faces":{"north":{"uv":[8,6,9,7],"texture":"#0"},"east":{"uv":[8,6,9,7],"texture":"#0"},"south":{"uv":[8,6,9,7],"texture":"#0"},"west":{"uv":[8,6,9,7],"texture":"#0"},"up":{"uv":[8,6,9,7],"texture":"#0"},"down":{"uv":[8,6,9,7],"texture":"#0"}}},{"name":"Bullet top 4","from":[7,7,9],"to":[9,10.25,10],"rotation":{"angle":-22.5,"axis":"x","origin":[8,8,8]},"faces":{"north":{"uv":[8,6,9,7],"texture":"#0"},"east":{"uv":[8,6,9,7],"texture":"#0"},"south":{"uv":[8,6,9,7],"texture":"#0"},"west":{"uv":[8,6,9,7],"texture":"#0"},"up":{"uv":[8,6,9,7],"texture":"#0"},"down":{"uv":[8,6,9,7],"texture":"#0"}}},{"name":"Cube","from":[7,6.25,6],"to":[9,8,10],"rotation":{"angle":-45,"axis":"y","origin":[8,8,8]},"faces":{"north":{"uv":[8,7,9,8],"texture":"#0"},"east":{"uv":[8,7,9,8],"texture":"#0"},"south":{"uv":[8,7,9,8],"texture":"#0"},"west":{"uv":[8,7,9,8],"texture":"#0"},"up":{"uv":[8,7,9,8],"texture":"#0"},"down":{"uv":[8,7,9,8],"texture":"#0"}}},{"name":"Cube","from":[7,6.25,6],"to":[9,8,10],"rotation":{"angle":45,"axis":"y","origin":[8,8,8]},"faces":{"north":{"uv":[8,7,9,8],"texture":"#0"},"east":{"uv":[8,7,9,8],"texture":"#0"},"south":{"uv":[8,7,9,8],"texture":"#0"},"west":{"uv":[8,7,9,8],"texture":"#0"},"up":{"uv":[8,7,9,8],"texture":"#0"},"down":{"uv":[8,7,9,8],"texture":"#0"}}},{"name":"Casing 2","from":[7,6.25,6],"to":[9,8,10],"faces":{"north":{"uv":[8,7,9,8],"texture":"#0"},"east":{"uv":[8,7,9,8],"texture":"#0"},"south":{"uv":[8,7,9,8],"texture":"#0"},"west":{"uv":[8,7,9,8],"texture":"#0"},"up":{"uv":[8,7,9,8],"texture":"#0"},"down":{"uv":[8,7,9,8],"texture":"#0"}}},{"name":"Cuboid","from":[6,6.25,7],"to":[10,8,9],"faces":{"north":{"uv":[8,7,9,8],"texture":"#0"},"east":{"uv":[8,7,9,8],"texture":"#0"},"south":{"uv":[8,7,9,8],"texture":"#0"},"west":{"uv":[8,7,9,8],"texture":"#0"},"up":{"uv":[8,7,9,8],"texture":"#0"},"down":{"uv":[8,7,9,8],"texture":"#0"}}},{"name":"Cube","from":[7,8,6.25],"to":[9,8.75,9.75],"rotation":{"angle":45,"axis":"y","origin":[8,9.5,8]},"faces":{"north":{"uv":[8,7,9,8],"texture":"#0"},"east":{"uv":[8,7,9,8],"texture":"#0"},"south":{"uv":[8,7,9,8],"texture":"#0"},"west":{"uv":[8,7,9,8],"texture":"#0"},"up":{"uv":[8,7,9,8],"texture":"#0"},"down":{"uv":[8,7,9,8],"texture":"#0"}}},{"name":"Cube","from":[7,8,6.25],"to":[9,8.75,9.75],"rotation":{"angle":-45,"axis":"y","origin":[8,9.5,8]},"faces":{"north":{"uv":[8,7,9,8],"texture":"#0"},"east":{"uv":[8,7,9,8],"texture":"#0"},"south":{"uv":[8,7,9,8],"texture":"#0"},"west":{"uv":[8,7,9,8],"texture":"#0"},"up":{"uv":[8,7,9,8],"texture":"#0"},"down":{"uv":[8,7,9,8],"texture":"#0"}}},{"name":"Cube","from":[7,0.5,6],"to":[9,6.25,10],"rotation":{"angle":-45,"axis":"y","origin":[8,4.25,8]},"faces":{"north":{"uv":[8,14,9,15],"texture":"#0"},"east":{"uv":[8,14,9,15],"texture":"#0"},"south":{"uv":[8,14,9,15],"texture":"#0"},"west":{"uv":[8,14,9,15],"texture":"#0"},"up":{"uv":[8,14,9,15],"texture":"#0"},"down":{"uv":[8,14,9,15],"texture":"#0"}}},{"name":"Cube","from":[7,0.5,6],"to":[9,6.25,10],"rotation":{"angle":45,"axis":"y","origin":[8,4.25,8]},"faces":{"north":{"uv":[8,14,9,15],"texture":"#0"},"east":{"uv":[8,14,9,15],"texture":"#0"},"south":{"uv":[8,14,9,15],"texture":"#0"},"west":{"uv":[8,14,9,15],"texture":"#0"},"up":{"uv":[8,14,9,15],"texture":"#0"},"down":{"uv":[8,14,9,15],"texture":"#0"}}},{"name":"Casing 2","from":[7,0.5,6],"to":[9,6.25,10],"faces":{"north":{"uv":[8,14,9,15],"texture":"#0"},"east":{"uv":[8,14,9,15],"texture":"#0"},"south":{"uv":[8,14,9,15],"texture":"#0"},"west":{"uv":[8,14,9,15],"texture":"#0"},"up":{"uv":[8,14,9,15],"texture":"#0"},"down":{"uv":[8,14,9,15],"texture":"#0"}}},{"name":"Cuboid","from":[6,0.5,7],"to":[10,6.25,9],"faces":{"north":{"uv":[8,14,9,15],"texture":"#0"},"east":{"uv":[8,14,9,15],"texture":"#0"},"south":{"uv":[8,14,9,15],"texture":"#0"},"west":{"uv":[8,14,9,15],"texture":"#0"},"up":{"uv":[8,14,9,15],"texture":"#0"},"down":{"uv":[8,14,9,15],"texture":"#0"}}}],"display":{"thirdperson_righthand":{"rotation":[-7,-2,-10],"translation":[0,1.75,-2],"scale":[0.8,0.8,0.8]},"thirdperson_lefthand":{"rotation":[-7,1,11],"translation":[-0.5,0,-1.5],"scale":[0.8,0.8,0.8]},"firstperson_righthand":{"rotation":[0,-2,0],"translation":[0,3,0],"scale":[0.7,0.7,0.7]},"firstperson_lefthand":{"translation":[3.25,3,0],"scale":[0.7,0.7,0.7]},"ground":{"rotation":[0,0,-23],"translation":[1.59,5.31,0.05]},"gui":{"rotation":[40,27,-42],"translation":[1.75,2.25,0],"scale":[1.2,1.2,1.2]},"fixed":{"rotation":[-1,3,-41],"translation":[5.78,6.15,-6.86],"scale":[3.37,3.37,3.4]}},"groups":[0,1,2,3,{"name":"group","origin":[8,8,8],"color":0,"children":[4,5,6,7]},{"name":"group","origin":[8,8,8],"color":0,"children":[8,9]},{"name":"group","origin":[8,8,8],"color":0,"children":[10,11,12,13]}]}