{"parent":"item/generated","textures":{"layer0":"item/quartz"},"overrides":[{"predicate":{"custom_model_data":1},"model":"ttp/item/qualityarmory/hat/tophat"},{"predicate":{"custom_model_data":2},"model":"ttp/item/qualityarmory/hat/witchhat"},{"predicate":{"custom_model_data":3},"model":"ttp/item/qualityarmory/hat/pandaears"},{"predicate":{"custom_model_data":4},"model":"ttp/item/qualityarmory/hat/farmhat"},{"predicate":{"custom_model_data":5},"model":"ttp/item/qualityarmory/hat/crown"},{"predicate":{"custom_model_data":6},"model":"ttp/item/qualityarmory/hat/squid"},{"predicate":{"custom_model_data":7},"model":"ttp/item/qualityarmory/hat/headcrab"},{"predicate":{"custom_model_data":8},"model":"ttp/item/qualityarmory/hat/blackcap"},{"predicate":{"custom_model_data":9},"model":"ttp/item/qualityarmory/hat/bluecap"},{"predicate":{"custom_model_data":10},"model":"ttp/item/qualityarmory/hat/redcap"},{"predicate":{"custom_model_data":11},"model":"ttp/item/qualityarmory/hat/sgthat"},{"predicate":{"custom_model_data":12},"model":"ttp/item/qualityarmory/hat/yellowcap"},{"predicate":{"custom_model_data":13},"model":"ttp/item/qualityarmory/hat/nursecap"},{"predicate":{"custom_model_data":14},"model":"ttp/item/qualityarmory/hat/pinktophat"},{"predicate":{"custom_model_data":15},"model":"ttp/item/qualityarmory/hat/whitetophat"},{"predicate":{"custom_model_data":16},"model":"ttp/item/qualityarmory/hat/whitecap"},{"predicate":{"custom_model_data":17},"model":"ttp/item/qualityarmory/hat/headphones"},{"predicate":{"custom_model_data":18},"model":"ttp/item/qualityarmory/hat/purpleheadphones"},{"predicate":{"custom_model_data":19},"model":"ttp/item/qualityarmory/hat/firemanhat"},{"predicate":{"custom_model_data":20},"model":"ttp/item/qualityarmory/hat/policehat"},{"predicate":{"custom_model_data":21},"model":"ttp/item/qualityarmory/hat/steampunk"},{"predicate":{"custom_model_data":22},"model":"ttp/item/qualityarmory/hat/pimphat"},{"predicate":{"custom_model_data":23},"model":"ttp/item/qualityarmory/hat/astronauthelmet"},{"predicate":{"custom_model_data":24},"model":"ttp/item/qualityarmory/hat/wolfhead"},{"predicate":{"custom_model_data":25},"model":"ttp/item/qualityarmory/hat/chicken"},{"predicate":{"custom_model_data":26},"model":"ttp/item/qualityarmory/hat/pig"}]}