{ "data": 630, "parent": "item/generated", "textures": { "layer0": "item/leather_horse_armor" }, "overrides": [ { "predicate": { "custom_model_data": 1 }, "model": "ttp/i/j/bichon/left_hand" }, { "predicate": { "custom_model_data": 2 }, "model": "ttp/i/j/bichon/left_wrist" }, { "predicate": { "custom_model_data": 3 }, "model": "ttp/i/j/bichon/left_arm" }, { "predicate": { "custom_model_data": 4 }, "model": "ttp/i/j/bichon/right_hand" }, { "predicate": { "custom_model_data": 5 }, "model": "ttp/i/j/bichon/right_wrist" }, { "predicate": { "custom_model_data": 6 }, "model": "ttp/i/j/bichon/right_arm" }, { "predicate": { "custom_model_data": 7 }, "model": "ttp/i/j/bichon/tail" }, { "predicate": { "custom_model_data": 8 }, "model": "ttp/i/j/bichon/right_eye" }, { "predicate": { "custom_model_data": 9 }, "model": "ttp/i/j/bichon/left_eye" }, { "predicate": { "custom_model_data": 10 }, "model": "ttp/i/j/bichon/head" }, { "predicate": { "custom_model_data": 11 }, "model": "ttp/i/j/bichon/neck" }, { "predicate": { "custom_model_data": 12 }, "model": "ttp/i/j/bichon/upper_body" }, { "predicate": { "custom_model_data": 13 }, "model": "ttp/i/j/bichon/left_foot" }, { "predicate": { "custom_model_data": 14 }, "model": "ttp/i/j/bichon/left_ankle" }, { "predicate": { "custom_model_data": 15 }, "model": "ttp/i/j/bichon/left_leg" }, { "predicate": { "custom_model_data": 16 }, "model": "ttp/i/j/bichon/right_foot" }, { "predicate": { "custom_model_data": 17 }, "model": "ttp/i/j/bichon/right_ankle" }, { "predicate": { "custom_model_data": 18 }, "model": "ttp/i/j/bichon/right_leg" }, { "predicate": { "custom_model_data": 19 }, "model": "ttp/i/j/cat_bowl/bowl" }, { "predicate": { "custom_model_data": 20 }, "model": "ttp/i/j/charles_king_spaniel/left_hand" }, { "predicate": { "custom_model_data": 21 }, "model": "ttp/i/j/charles_king_spaniel/left_wrist" }, { "predicate": { "custom_model_data": 22 }, "model": "ttp/i/j/charles_king_spaniel/left_arm" }, { "predicate": { "custom_model_data": 23 }, "model": "ttp/i/j/charles_king_spaniel/right_hand" }, { "predicate": { "custom_model_data": 24 }, "model": "ttp/i/j/charles_king_spaniel/right_wrist" }, { "predicate": { "custom_model_data": 25 }, "model": "ttp/i/j/charles_king_spaniel/right_arm" }, { "predicate": { "custom_model_data": 26 }, "model": "ttp/i/j/charles_king_spaniel/left_eye" }, { "predicate": { "custom_model_data": 27 }, "model": "ttp/i/j/charles_king_spaniel/right_eye" }, { "predicate": { "custom_model_data": 28 }, "model": "ttp/i/j/charles_king_spaniel/left_ear" }, { "predicate": { "custom_model_data": 29 }, "model": "ttp/i/j/charles_king_spaniel/right_ear" }, { "predicate": { "custom_model_data": 30 }, "model": "ttp/i/j/charles_king_spaniel/head" }, { "predicate": { "custom_model_data": 31 }, "model": "ttp/i/j/charles_king_spaniel/neck" }, { "predicate": { "custom_model_data": 32 }, "model": "ttp/i/j/charles_king_spaniel/tail" }, { "predicate": { "custom_model_data": 33 }, "model": "ttp/i/j/charles_king_spaniel/upper_body" }, { "predicate": { "custom_model_data": 34 }, "model": "ttp/i/j/charles_king_spaniel/left_foot" }, { "predicate": { "custom_model_data": 35 }, "model": "ttp/i/j/charles_king_spaniel/left_ankle" }, { "predicate": { "custom_model_data": 36 }, "model": "ttp/i/j/charles_king_spaniel/left_leg" }, { "predicate": { "custom_model_data": 37 }, "model": "ttp/i/j/charles_king_spaniel/right_foot" }, { "predicate": { "custom_model_data": 38 }, "model": "ttp/i/j/charles_king_spaniel/right_ankle" }, { "predicate": { "custom_model_data": 39 }, "model": "ttp/i/j/charles_king_spaniel/right_leg" }, { "predicate": { "custom_model_data": 40 }, "model": "ttp/i/j/cyberalien_blue/antenna" }, { "predicate": { "custom_model_data": 41 }, "model": "ttp/i/j/cyberalien_blue/antenna2" }, { "predicate": { "custom_model_data": 42 }, "model": "ttp/i/j/cyberalien_blue/antenna3" }, { "predicate": { "custom_model_data": 43 }, "model": "ttp/i/j/cyberalien_blue/head" }, { "predicate": { "custom_model_data": 44 }, "model": "ttp/i/j/cyberalien_blue/r_arm" }, { "predicate": { "custom_model_data": 45 }, "model": "ttp/i/j/cyberalien_blue/r_leg" }, { "predicate": { "custom_model_data": 46 }, "model": "ttp/i/j/cyberalien_blue/l_arm" }, { "predicate": { "custom_model_data": 47 }, "model": "ttp/i/j/cyberalien_blue/l_leg" }, { "predicate": { "custom_model_data": 48 }, "model": "ttp/i/j/cyberalien_blue/alien" }, { "predicate": { "custom_model_data": 49 }, "model": "ttp/i/j/cyberalien_gold/antenna" }, { "predicate": { "custom_model_data": 50 }, "model": "ttp/i/j/cyberalien_gold/antenna2" }, { "predicate": { "custom_model_data": 51 }, "model": "ttp/i/j/cyberalien_gold/antenna3" }, { "predicate": { "custom_model_data": 52 }, "model": "ttp/i/j/cyberalien_gold/head" }, { "predicate": { "custom_model_data": 53 }, "model": "ttp/i/j/cyberalien_gold/r_arm" }, { "predicate": { "custom_model_data": 54 }, "model": "ttp/i/j/cyberalien_gold/r_leg" }, { "predicate": { "custom_model_data": 55 }, "model": "ttp/i/j/cyberalien_gold/l_arm" }, { "predicate": { "custom_model_data": 56 }, "model": "ttp/i/j/cyberalien_gold/l_leg" }, { "predicate": { "custom_model_data": 57 }, "model": "ttp/i/j/cyberalien_gold/alien" }, { "predicate": { "custom_model_data": 58 }, "model": "ttp/i/j/cyberalien_green/antenna" }, { "predicate": { "custom_model_data": 59 }, "model": "ttp/i/j/cyberalien_green/antenna2" }, { "predicate": { "custom_model_data": 60 }, "model": "ttp/i/j/cyberalien_green/antenna3" }, { "predicate": { "custom_model_data": 61 }, "model": "ttp/i/j/cyberalien_green/head" }, { "predicate": { "custom_model_data": 62 }, "model": "ttp/i/j/cyberalien_green/r_arm" }, { "predicate": { "custom_model_data": 63 }, "model": "ttp/i/j/cyberalien_green/r_leg" }, { "predicate": { "custom_model_data": 64 }, "model": "ttp/i/j/cyberalien_green/l_arm" }, { "predicate": { "custom_model_data": 65 }, "model": "ttp/i/j/cyberalien_green/l_leg" }, { "predicate": { "custom_model_data": 66 }, "model": "ttp/i/j/cyberalien_green/alien" }, { "predicate": { "custom_model_data": 67 }, "model": "ttp/i/j/cyberalien_pink/antenna" }, { "predicate": { "custom_model_data": 68 }, "model": "ttp/i/j/cyberalien_pink/antenna2" }, { "predicate": { "custom_model_data": 69 }, "model": "ttp/i/j/cyberalien_pink/antenna3" }, { "predicate": { "custom_model_data": 70 }, "model": "ttp/i/j/cyberalien_pink/head" }, { "predicate": { "custom_model_data": 71 }, "model": "ttp/i/j/cyberalien_pink/r_arm" }, { "predicate": { "custom_model_data": 72 }, "model": "ttp/i/j/cyberalien_pink/r_leg" }, { "predicate": { "custom_model_data": 73 }, "model": "ttp/i/j/cyberalien_pink/l_arm" }, { "predicate": { "custom_model_data": 74 }, "model": "ttp/i/j/cyberalien_pink/l_leg" }, { "predicate": { "custom_model_data": 75 }, "model": "ttp/i/j/cyberalien_pink/alien" }, { "predicate": { "custom_model_data": 76 }, "model": "ttp/i/j/cyberalien_purple/antenna" }, { "predicate": { "custom_model_data": 77 }, "model": "ttp/i/j/cyberalien_purple/antenna2" }, { "predicate": { "custom_model_data": 78 }, "model": "ttp/i/j/cyberalien_purple/antenna3" }, { "predicate": { "custom_model_data": 79 }, "model": "ttp/i/j/cyberalien_purple/head" }, { "predicate": { "custom_model_data": 80 }, "model": "ttp/i/j/cyberalien_purple/r_arm" }, { "predicate": { "custom_model_data": 81 }, "model": "ttp/i/j/cyberalien_purple/r_leg" }, { "predicate": { "custom_model_data": 82 }, "model": "ttp/i/j/cyberalien_purple/l_arm" }, { "predicate": { "custom_model_data": 83 }, "model": "ttp/i/j/cyberalien_purple/l_leg" }, { "predicate": { "custom_model_data": 84 }, "model": "ttp/i/j/cyberalien_purple/alien" }, { "predicate": { "custom_model_data": 85 }, "model": "ttp/i/j/cyberalien_red/antenna" }, { "predicate": { "custom_model_data": 86 }, "model": "ttp/i/j/cyberalien_red/antenna2" }, { "predicate": { "custom_model_data": 87 }, "model": "ttp/i/j/cyberalien_red/antenna3" }, { "predicate": { "custom_model_data": 88 }, "model": "ttp/i/j/cyberalien_red/head" }, { "predicate": { "custom_model_data": 89 }, "model": "ttp/i/j/cyberalien_red/r_arm" }, { "predicate": { "custom_model_data": 90 }, "model": "ttp/i/j/cyberalien_red/r_leg" }, { "predicate": { "custom_model_data": 91 }, "model": "ttp/i/j/cyberalien_red/l_arm" }, { "predicate": { "custom_model_data": 92 }, "model": "ttp/i/j/cyberalien_red/l_leg" }, { "predicate": { "custom_model_data": 93 }, "model": "ttp/i/j/cyberalien_red/alien" }, { "predicate": { "custom_model_data": 94 }, "model": "ttp/i/j/cyberbird_blue/r_arm" }, { "predicate": { "custom_model_data": 95 }, "model": "ttp/i/j/cyberbird_blue/l_arm" }, { "predicate": { "custom_model_data": 96 }, "model": "ttp/i/j/cyberbird_blue/tail" }, { "predicate": { "custom_model_data": 97 }, "model": "ttp/i/j/cyberbird_blue/l_foot" }, { "predicate": { "custom_model_data": 98 }, "model": "ttp/i/j/cyberbird_blue/l_leg" }, { "predicate": { "custom_model_data": 99 }, "model": "ttp/i/j/cyberbird_blue/r_foot" }, { "predicate": { "custom_model_data": 100 }, "model": "ttp/i/j/cyberbird_blue/r_leg" }, { "predicate": { "custom_model_data": 101 }, "model": "ttp/i/j/cyberbird_blue/head" }, { "predicate": { "custom_model_data": 102 }, "model": "ttp/i/j/cyberbird_blue/bird" }, { "predicate": { "custom_model_data": 103 }, "model": "ttp/i/j/cyberbird_gold/r_arm" }, { "predicate": { "custom_model_data": 104 }, "model": "ttp/i/j/cyberbird_gold/l_arm" }, { "predicate": { "custom_model_data": 105 }, "model": "ttp/i/j/cyberbird_gold/tail" }, { "predicate": { "custom_model_data": 106 }, "model": "ttp/i/j/cyberbird_gold/l_foot" }, { "predicate": { "custom_model_data": 107 }, "model": "ttp/i/j/cyberbird_gold/l_leg" }, { "predicate": { "custom_model_data": 108 }, "model": "ttp/i/j/cyberbird_gold/r_foot" }, { "predicate": { "custom_model_data": 109 }, "model": "ttp/i/j/cyberbird_gold/r_leg" }, { "predicate": { "custom_model_data": 110 }, "model": "ttp/i/j/cyberbird_gold/head" }, { "predicate": { "custom_model_data": 111 }, "model": "ttp/i/j/cyberbird_gold/bird" }, { "predicate": { "custom_model_data": 112 }, "model": "ttp/i/j/cyberbird_green/r_arm" }, { "predicate": { "custom_model_data": 113 }, "model": "ttp/i/j/cyberbird_green/l_arm" }, { "predicate": { "custom_model_data": 114 }, "model": "ttp/i/j/cyberbird_green/tail" }, { "predicate": { "custom_model_data": 115 }, "model": "ttp/i/j/cyberbird_green/l_foot" }, { "predicate": { "custom_model_data": 116 }, "model": "ttp/i/j/cyberbird_green/l_leg" }, { "predicate": { "custom_model_data": 117 }, "model": "ttp/i/j/cyberbird_green/r_foot" }, { "predicate": { "custom_model_data": 118 }, "model": "ttp/i/j/cyberbird_green/r_leg" }, { "predicate": { "custom_model_data": 119 }, "model": "ttp/i/j/cyberbird_green/head" }, { "predicate": { "custom_model_data": 120 }, "model": "ttp/i/j/cyberbird_green/bird" }, { "predicate": { "custom_model_data": 121 }, "model": "ttp/i/j/cyberbird_pink/r_arm" }, { "predicate": { "custom_model_data": 122 }, "model": "ttp/i/j/cyberbird_pink/l_arm" }, { "predicate": { "custom_model_data": 123 }, "model": "ttp/i/j/cyberbird_pink/tail" }, { "predicate": { "custom_model_data": 124 }, "model": "ttp/i/j/cyberbird_pink/l_foot" }, { "predicate": { "custom_model_data": 125 }, "model": "ttp/i/j/cyberbird_pink/l_leg" }, { "predicate": { "custom_model_data": 126 }, "model": "ttp/i/j/cyberbird_pink/r_foot" }, { "predicate": { "custom_model_data": 127 }, "model": "ttp/i/j/cyberbird_pink/r_leg" }, { "predicate": { "custom_model_data": 128 }, "model": "ttp/i/j/cyberbird_pink/head" }, { "predicate": { "custom_model_data": 129 }, "model": "ttp/i/j/cyberbird_pink/bird" }, { "predicate": { "custom_model_data": 130 }, "model": "ttp/i/j/cyberbird_purple/r_arm" }, { "predicate": { "custom_model_data": 131 }, "model": "ttp/i/j/cyberbird_purple/l_arm" }, { "predicate": { "custom_model_data": 132 }, "model": "ttp/i/j/cyberbird_purple/tail" }, { "predicate": { "custom_model_data": 133 }, "model": "ttp/i/j/cyberbird_purple/l_foot" }, { "predicate": { "custom_model_data": 134 }, "model": "ttp/i/j/cyberbird_purple/l_leg" }, { "predicate": { "custom_model_data": 135 }, "model": "ttp/i/j/cyberbird_purple/r_foot" }, { "predicate": { "custom_model_data": 136 }, "model": "ttp/i/j/cyberbird_purple/r_leg" }, { "predicate": { "custom_model_data": 137 }, "model": "ttp/i/j/cyberbird_purple/head" }, { "predicate": { "custom_model_data": 138 }, "model": "ttp/i/j/cyberbird_purple/bird" }, { "predicate": { "custom_model_data": 139 }, "model": "ttp/i/j/cyberbird_red/r_arm" }, { "predicate": { "custom_model_data": 140 }, "model": "ttp/i/j/cyberbird_red/l_arm" }, { "predicate": { "custom_model_data": 141 }, "model": "ttp/i/j/cyberbird_red/tail" }, { "predicate": { "custom_model_data": 142 }, "model": "ttp/i/j/cyberbird_red/l_foot" }, { "predicate": { "custom_model_data": 143 }, "model": "ttp/i/j/cyberbird_red/l_leg" }, { "predicate": { "custom_model_data": 144 }, "model": "ttp/i/j/cyberbird_red/r_foot" }, { "predicate": { "custom_model_data": 145 }, "model": "ttp/i/j/cyberbird_red/r_leg" }, { "predicate": { "custom_model_data": 146 }, "model": "ttp/i/j/cyberbird_red/head" }, { "predicate": { "custom_model_data": 147 }, "model": "ttp/i/j/cyberbird_red/bird" }, { "predicate": { "custom_model_data": 148 }, "model": "ttp/i/j/cybercat_blue/tail3" }, { "predicate": { "custom_model_data": 149 }, "model": "ttp/i/j/cybercat_blue/tail2" }, { "predicate": { "custom_model_data": 150 }, "model": "ttp/i/j/cybercat_blue/tail" }, { "predicate": { "custom_model_data": 151 }, "model": "ttp/i/j/cybercat_blue/mouth_top" }, { "predicate": { "custom_model_data": 152 }, "model": "ttp/i/j/cybercat_blue/mouth_bottom" }, { "predicate": { "custom_model_data": 153 }, "model": "ttp/i/j/cybercat_blue/ear" }, { "predicate": { "custom_model_data": 154 }, "model": "ttp/i/j/cybercat_blue/ear2" }, { "predicate": { "custom_model_data": 155 }, "model": "ttp/i/j/cybercat_blue/head" }, { "predicate": { "custom_model_data": 156 }, "model": "ttp/i/j/cybercat_blue/foot" }, { "predicate": { "custom_model_data": 157 }, "model": "ttp/i/j/cybercat_blue/elbow" }, { "predicate": { "custom_model_data": 158 }, "model": "ttp/i/j/cybercat_blue/l_arm" }, { "predicate": { "custom_model_data": 159 }, "model": "ttp/i/j/cybercat_blue/foot3" }, { "predicate": { "custom_model_data": 160 }, "model": "ttp/i/j/cybercat_blue/elbow2" }, { "predicate": { "custom_model_data": 161 }, "model": "ttp/i/j/cybercat_blue/l_leg" }, { "predicate": { "custom_model_data": 162 }, "model": "ttp/i/j/cybercat_blue/foot2" }, { "predicate": { "custom_model_data": 163 }, "model": "ttp/i/j/cybercat_blue/elbow3" }, { "predicate": { "custom_model_data": 164 }, "model": "ttp/i/j/cybercat_blue/r_arm" }, { "predicate": { "custom_model_data": 165 }, "model": "ttp/i/j/cybercat_blue/foot4" }, { "predicate": { "custom_model_data": 166 }, "model": "ttp/i/j/cybercat_blue/elbow4" }, { "predicate": { "custom_model_data": 167 }, "model": "ttp/i/j/cybercat_blue/r_leg" }, { "predicate": { "custom_model_data": 168 }, "model": "ttp/i/j/cybercat_blue/cat" }, { "predicate": { "custom_model_data": 169 }, "model": "ttp/i/j/cybercat_gold/tail3" }, { "predicate": { "custom_model_data": 170 }, "model": "ttp/i/j/cybercat_gold/tail2" }, { "predicate": { "custom_model_data": 171 }, "model": "ttp/i/j/cybercat_gold/tail" }, { "predicate": { "custom_model_data": 172 }, "model": "ttp/i/j/cybercat_gold/mouth_top" }, { "predicate": { "custom_model_data": 173 }, "model": "ttp/i/j/cybercat_gold/mouth_bottom" }, { "predicate": { "custom_model_data": 174 }, "model": "ttp/i/j/cybercat_gold/ear" }, { "predicate": { "custom_model_data": 175 }, "model": "ttp/i/j/cybercat_gold/ear2" }, { "predicate": { "custom_model_data": 176 }, "model": "ttp/i/j/cybercat_gold/head" }, { "predicate": { "custom_model_data": 177 }, "model": "ttp/i/j/cybercat_gold/foot" }, { "predicate": { "custom_model_data": 178 }, "model": "ttp/i/j/cybercat_gold/elbow" }, { "predicate": { "custom_model_data": 179 }, "model": "ttp/i/j/cybercat_gold/l_arm" }, { "predicate": { "custom_model_data": 180 }, "model": "ttp/i/j/cybercat_gold/foot3" }, { "predicate": { "custom_model_data": 181 }, "model": "ttp/i/j/cybercat_gold/elbow2" }, { "predicate": { "custom_model_data": 182 }, "model": "ttp/i/j/cybercat_gold/l_leg" }, { "predicate": { "custom_model_data": 183 }, "model": "ttp/i/j/cybercat_gold/foot2" }, { "predicate": { "custom_model_data": 184 }, "model": "ttp/i/j/cybercat_gold/elbow3" }, { "predicate": { "custom_model_data": 185 }, "model": "ttp/i/j/cybercat_gold/r_arm" }, { "predicate": { "custom_model_data": 186 }, "model": "ttp/i/j/cybercat_gold/foot4" }, { "predicate": { "custom_model_data": 187 }, "model": "ttp/i/j/cybercat_gold/elbow4" }, { "predicate": { "custom_model_data": 188 }, "model": "ttp/i/j/cybercat_gold/r_leg" }, { "predicate": { "custom_model_data": 189 }, "model": "ttp/i/j/cybercat_gold/cat" }, { "predicate": { "custom_model_data": 190 }, "model": "ttp/i/j/cybercat_green/tail3" }, { "predicate": { "custom_model_data": 191 }, "model": "ttp/i/j/cybercat_green/tail2" }, { "predicate": { "custom_model_data": 192 }, "model": "ttp/i/j/cybercat_green/tail" }, { "predicate": { "custom_model_data": 193 }, "model": "ttp/i/j/cybercat_green/mouth_top" }, { "predicate": { "custom_model_data": 194 }, "model": "ttp/i/j/cybercat_green/mouth_bottom" }, { "predicate": { "custom_model_data": 195 }, "model": "ttp/i/j/cybercat_green/ear" }, { "predicate": { "custom_model_data": 196 }, "model": "ttp/i/j/cybercat_green/ear2" }, { "predicate": { "custom_model_data": 197 }, "model": "ttp/i/j/cybercat_green/head" }, { "predicate": { "custom_model_data": 198 }, "model": "ttp/i/j/cybercat_green/foot" }, { "predicate": { "custom_model_data": 199 }, "model": "ttp/i/j/cybercat_green/elbow" }, { "predicate": { "custom_model_data": 200 }, "model": "ttp/i/j/cybercat_green/l_arm" }, { "predicate": { "custom_model_data": 201 }, "model": "ttp/i/j/cybercat_green/foot3" }, { "predicate": { "custom_model_data": 202 }, "model": "ttp/i/j/cybercat_green/elbow2" }, { "predicate": { "custom_model_data": 203 }, "model": "ttp/i/j/cybercat_green/l_leg" }, { "predicate": { "custom_model_data": 204 }, "model": "ttp/i/j/cybercat_green/foot2" }, { "predicate": { "custom_model_data": 205 }, "model": "ttp/i/j/cybercat_green/elbow3" }, { "predicate": { "custom_model_data": 206 }, "model": "ttp/i/j/cybercat_green/r_arm" }, { "predicate": { "custom_model_data": 207 }, "model": "ttp/i/j/cybercat_green/foot4" }, { "predicate": { "custom_model_data": 208 }, "model": "ttp/i/j/cybercat_green/elbow4" }, { "predicate": { "custom_model_data": 209 }, "model": "ttp/i/j/cybercat_green/r_leg" }, { "predicate": { "custom_model_data": 210 }, "model": "ttp/i/j/cybercat_green/cat" }, { "predicate": { "custom_model_data": 211 }, "model": "ttp/i/j/cybercat_pink/tail3" }, { "predicate": { "custom_model_data": 212 }, "model": "ttp/i/j/cybercat_pink/tail2" }, { "predicate": { "custom_model_data": 213 }, "model": "ttp/i/j/cybercat_pink/tail" }, { "predicate": { "custom_model_data": 214 }, "model": "ttp/i/j/cybercat_pink/mouth_top" }, { "predicate": { "custom_model_data": 215 }, "model": "ttp/i/j/cybercat_pink/mouth_bottom" }, { "predicate": { "custom_model_data": 216 }, "model": "ttp/i/j/cybercat_pink/ear" }, { "predicate": { "custom_model_data": 217 }, "model": "ttp/i/j/cybercat_pink/ear2" }, { "predicate": { "custom_model_data": 218 }, "model": "ttp/i/j/cybercat_pink/head" }, { "predicate": { "custom_model_data": 219 }, "model": "ttp/i/j/cybercat_pink/foot" }, { "predicate": { "custom_model_data": 220 }, "model": "ttp/i/j/cybercat_pink/elbow" }, { "predicate": { "custom_model_data": 221 }, "model": "ttp/i/j/cybercat_pink/l_arm" }, { "predicate": { "custom_model_data": 222 }, "model": "ttp/i/j/cybercat_pink/foot3" }, { "predicate": { "custom_model_data": 223 }, "model": "ttp/i/j/cybercat_pink/elbow2" }, { "predicate": { "custom_model_data": 224 }, "model": "ttp/i/j/cybercat_pink/l_leg" }, { "predicate": { "custom_model_data": 225 }, "model": "ttp/i/j/cybercat_pink/foot2" }, { "predicate": { "custom_model_data": 226 }, "model": "ttp/i/j/cybercat_pink/elbow3" }, { "predicate": { "custom_model_data": 227 }, "model": "ttp/i/j/cybercat_pink/r_arm" }, { "predicate": { "custom_model_data": 228 }, "model": "ttp/i/j/cybercat_pink/foot4" }, { "predicate": { "custom_model_data": 229 }, "model": "ttp/i/j/cybercat_pink/elbow4" }, { "predicate": { "custom_model_data": 230 }, "model": "ttp/i/j/cybercat_pink/r_leg" }, { "predicate": { "custom_model_data": 231 }, "model": "ttp/i/j/cybercat_pink/cat" }, { "predicate": { "custom_model_data": 232 }, "model": "ttp/i/j/cybercat_purple/tail3" }, { "predicate": { "custom_model_data": 233 }, "model": "ttp/i/j/cybercat_purple/tail2" }, { "predicate": { "custom_model_data": 234 }, "model": "ttp/i/j/cybercat_purple/tail" }, { "predicate": { "custom_model_data": 235 }, "model": "ttp/i/j/cybercat_purple/mouth_top" }, { "predicate": { "custom_model_data": 236 }, "model": "ttp/i/j/cybercat_purple/mouth_bottom" }, { "predicate": { "custom_model_data": 237 }, "model": "ttp/i/j/cybercat_purple/ear" }, { "predicate": { "custom_model_data": 238 }, "model": "ttp/i/j/cybercat_purple/ear2" }, { "predicate": { "custom_model_data": 239 }, "model": "ttp/i/j/cybercat_purple/head" }, { "predicate": { "custom_model_data": 240 }, "model": "ttp/i/j/cybercat_purple/foot" }, { "predicate": { "custom_model_data": 241 }, "model": "ttp/i/j/cybercat_purple/elbow" }, { "predicate": { "custom_model_data": 242 }, "model": "ttp/i/j/cybercat_purple/l_arm" }, { "predicate": { "custom_model_data": 243 }, "model": "ttp/i/j/cybercat_purple/foot3" }, { "predicate": { "custom_model_data": 244 }, "model": "ttp/i/j/cybercat_purple/elbow2" }, { "predicate": { "custom_model_data": 245 }, "model": "ttp/i/j/cybercat_purple/l_leg" }, { "predicate": { "custom_model_data": 246 }, "model": "ttp/i/j/cybercat_purple/foot2" }, { "predicate": { "custom_model_data": 247 }, "model": "ttp/i/j/cybercat_purple/elbow3" }, { "predicate": { "custom_model_data": 248 }, "model": "ttp/i/j/cybercat_purple/r_arm" }, { "predicate": { "custom_model_data": 249 }, "model": "ttp/i/j/cybercat_purple/foot4" }, { "predicate": { "custom_model_data": 250 }, "model": "ttp/i/j/cybercat_purple/elbow4" }, { "predicate": { "custom_model_data": 251 }, "model": "ttp/i/j/cybercat_purple/r_leg" }, { "predicate": { "custom_model_data": 252 }, "model": "ttp/i/j/cybercat_purple/cat" }, { "predicate": { "custom_model_data": 253 }, "model": "ttp/i/j/cybercat_red/tail3" }, { "predicate": { "custom_model_data": 254 }, "model": "ttp/i/j/cybercat_red/tail2" }, { "predicate": { "custom_model_data": 255 }, "model": "ttp/i/j/cybercat_red/tail" }, { "predicate": { "custom_model_data": 256 }, "model": "ttp/i/j/cybercat_red/mouth_top" }, { "predicate": { "custom_model_data": 257 }, "model": "ttp/i/j/cybercat_red/mouth_bottom" }, { "predicate": { "custom_model_data": 258 }, "model": "ttp/i/j/cybercat_red/ear" }, { "predicate": { "custom_model_data": 259 }, "model": "ttp/i/j/cybercat_red/ear2" }, { "predicate": { "custom_model_data": 260 }, "model": "ttp/i/j/cybercat_red/head" }, { "predicate": { "custom_model_data": 261 }, "model": "ttp/i/j/cybercat_red/foot" }, { "predicate": { "custom_model_data": 262 }, "model": "ttp/i/j/cybercat_red/elbow" }, { "predicate": { "custom_model_data": 263 }, "model": "ttp/i/j/cybercat_red/l_arm" }, { "predicate": { "custom_model_data": 264 }, "model": "ttp/i/j/cybercat_red/foot3" }, { "predicate": { "custom_model_data": 265 }, "model": "ttp/i/j/cybercat_red/elbow2" }, { "predicate": { "custom_model_data": 266 }, "model": "ttp/i/j/cybercat_red/l_leg" }, { "predicate": { "custom_model_data": 267 }, "model": "ttp/i/j/cybercat_red/foot2" }, { "predicate": { "custom_model_data": 268 }, "model": "ttp/i/j/cybercat_red/elbow3" }, { "predicate": { "custom_model_data": 269 }, "model": "ttp/i/j/cybercat_red/r_arm" }, { "predicate": { "custom_model_data": 270 }, "model": "ttp/i/j/cybercat_red/foot4" }, { "predicate": { "custom_model_data": 271 }, "model": "ttp/i/j/cybercat_red/elbow4" }, { "predicate": { "custom_model_data": 272 }, "model": "ttp/i/j/cybercat_red/r_leg" }, { "predicate": { "custom_model_data": 273 }, "model": "ttp/i/j/cybercat_red/cat" }, { "predicate": { "custom_model_data": 274 }, "model": "ttp/i/j/cyberdog_blue/foot" }, { "predicate": { "custom_model_data": 275 }, "model": "ttp/i/j/cyberdog_blue/elbow" }, { "predicate": { "custom_model_data": 276 }, "model": "ttp/i/j/cyberdog_blue/l_arm" }, { "predicate": { "custom_model_data": 277 }, "model": "ttp/i/j/cyberdog_blue/foot2" }, { "predicate": { "custom_model_data": 278 }, "model": "ttp/i/j/cyberdog_blue/elbow2" }, { "predicate": { "custom_model_data": 279 }, "model": "ttp/i/j/cyberdog_blue/l_leg" }, { "predicate": { "custom_model_data": 280 }, "model": "ttp/i/j/cyberdog_blue/foot4" }, { "predicate": { "custom_model_data": 281 }, "model": "ttp/i/j/cyberdog_blue/elbow4" }, { "predicate": { "custom_model_data": 282 }, "model": "ttp/i/j/cyberdog_blue/r_leg" }, { "predicate": { "custom_model_data": 283 }, "model": "ttp/i/j/cyberdog_blue/foot3" }, { "predicate": { "custom_model_data": 284 }, "model": "ttp/i/j/cyberdog_blue/elbow3" }, { "predicate": { "custom_model_data": 285 }, "model": "ttp/i/j/cyberdog_blue/r_arm" }, { "predicate": { "custom_model_data": 286 }, "model": "ttp/i/j/cyberdog_blue/tail2" }, { "predicate": { "custom_model_data": 287 }, "model": "ttp/i/j/cyberdog_blue/tail" }, { "predicate": { "custom_model_data": 288 }, "model": "ttp/i/j/cyberdog_blue/mouth_top" }, { "predicate": { "custom_model_data": 289 }, "model": "ttp/i/j/cyberdog_blue/mouth_bottom" }, { "predicate": { "custom_model_data": 290 }, "model": "ttp/i/j/cyberdog_blue/ear" }, { "predicate": { "custom_model_data": 291 }, "model": "ttp/i/j/cyberdog_blue/ear2" }, { "predicate": { "custom_model_data": 292 }, "model": "ttp/i/j/cyberdog_blue/head" }, { "predicate": { "custom_model_data": 293 }, "model": "ttp/i/j/cyberdog_blue/body" }, { "predicate": { "custom_model_data": 294 }, "model": "ttp/i/j/cyberdog_gold/foot" }, { "predicate": { "custom_model_data": 295 }, "model": "ttp/i/j/cyberdog_gold/elbow" }, { "predicate": { "custom_model_data": 296 }, "model": "ttp/i/j/cyberdog_gold/l_arm" }, { "predicate": { "custom_model_data": 297 }, "model": "ttp/i/j/cyberdog_gold/foot2" }, { "predicate": { "custom_model_data": 298 }, "model": "ttp/i/j/cyberdog_gold/elbow2" }, { "predicate": { "custom_model_data": 299 }, "model": "ttp/i/j/cyberdog_gold/l_leg" }, { "predicate": { "custom_model_data": 300 }, "model": "ttp/i/j/cyberdog_gold/foot4" }, { "predicate": { "custom_model_data": 301 }, "model": "ttp/i/j/cyberdog_gold/elbow4" }, { "predicate": { "custom_model_data": 302 }, "model": "ttp/i/j/cyberdog_gold/r_leg" }, { "predicate": { "custom_model_data": 303 }, "model": "ttp/i/j/cyberdog_gold/foot3" }, { "predicate": { "custom_model_data": 304 }, "model": "ttp/i/j/cyberdog_gold/elbow3" }, { "predicate": { "custom_model_data": 305 }, "model": "ttp/i/j/cyberdog_gold/r_arm" }, { "predicate": { "custom_model_data": 306 }, "model": "ttp/i/j/cyberdog_gold/tail2" }, { "predicate": { "custom_model_data": 307 }, "model": "ttp/i/j/cyberdog_gold/tail" }, { "predicate": { "custom_model_data": 308 }, "model": "ttp/i/j/cyberdog_gold/mouth_top" }, { "predicate": { "custom_model_data": 309 }, "model": "ttp/i/j/cyberdog_gold/mouth_bottom" }, { "predicate": { "custom_model_data": 310 }, "model": "ttp/i/j/cyberdog_gold/ear" }, { "predicate": { "custom_model_data": 311 }, "model": "ttp/i/j/cyberdog_gold/ear2" }, { "predicate": { "custom_model_data": 312 }, "model": "ttp/i/j/cyberdog_gold/head" }, { "predicate": { "custom_model_data": 313 }, "model": "ttp/i/j/cyberdog_gold/body" }, { "predicate": { "custom_model_data": 314 }, "model": "ttp/i/j/cyberdog_green/foot" }, { "predicate": { "custom_model_data": 315 }, "model": "ttp/i/j/cyberdog_green/elbow" }, { "predicate": { "custom_model_data": 316 }, "model": "ttp/i/j/cyberdog_green/l_arm" }, { "predicate": { "custom_model_data": 317 }, "model": "ttp/i/j/cyberdog_green/foot2" }, { "predicate": { "custom_model_data": 318 }, "model": "ttp/i/j/cyberdog_green/elbow2" }, { "predicate": { "custom_model_data": 319 }, "model": "ttp/i/j/cyberdog_green/l_leg" }, { "predicate": { "custom_model_data": 320 }, "model": "ttp/i/j/cyberdog_green/foot4" }, { "predicate": { "custom_model_data": 321 }, "model": "ttp/i/j/cyberdog_green/elbow4" }, { "predicate": { "custom_model_data": 322 }, "model": "ttp/i/j/cyberdog_green/r_leg" }, { "predicate": { "custom_model_data": 323 }, "model": "ttp/i/j/cyberdog_green/foot3" }, { "predicate": { "custom_model_data": 324 }, "model": "ttp/i/j/cyberdog_green/elbow3" }, { "predicate": { "custom_model_data": 325 }, "model": "ttp/i/j/cyberdog_green/r_arm" }, { "predicate": { "custom_model_data": 326 }, "model": "ttp/i/j/cyberdog_green/tail2" }, { "predicate": { "custom_model_data": 327 }, "model": "ttp/i/j/cyberdog_green/tail" }, { "predicate": { "custom_model_data": 328 }, "model": "ttp/i/j/cyberdog_green/mouth_top" }, { "predicate": { "custom_model_data": 329 }, "model": "ttp/i/j/cyberdog_green/mouth_bottom" }, { "predicate": { "custom_model_data": 330 }, "model": "ttp/i/j/cyberdog_green/ear" }, { "predicate": { "custom_model_data": 331 }, "model": "ttp/i/j/cyberdog_green/ear2" }, { "predicate": { "custom_model_data": 332 }, "model": "ttp/i/j/cyberdog_green/head" }, { "predicate": { "custom_model_data": 333 }, "model": "ttp/i/j/cyberdog_green/body" }, { "predicate": { "custom_model_data": 334 }, "model": "ttp/i/j/cyberdog_pink/foot" }, { "predicate": { "custom_model_data": 335 }, "model": "ttp/i/j/cyberdog_pink/elbow" }, { "predicate": { "custom_model_data": 336 }, "model": "ttp/i/j/cyberdog_pink/l_arm" }, { "predicate": { "custom_model_data": 337 }, "model": "ttp/i/j/cyberdog_pink/foot2" }, { "predicate": { "custom_model_data": 338 }, "model": "ttp/i/j/cyberdog_pink/elbow2" }, { "predicate": { "custom_model_data": 339 }, "model": "ttp/i/j/cyberdog_pink/l_leg" }, { "predicate": { "custom_model_data": 340 }, "model": "ttp/i/j/cyberdog_pink/foot4" }, { "predicate": { "custom_model_data": 341 }, "model": "ttp/i/j/cyberdog_pink/elbow4" }, { "predicate": { "custom_model_data": 342 }, "model": "ttp/i/j/cyberdog_pink/r_leg" }, { "predicate": { "custom_model_data": 343 }, "model": "ttp/i/j/cyberdog_pink/foot3" }, { "predicate": { "custom_model_data": 344 }, "model": "ttp/i/j/cyberdog_pink/elbow3" }, { "predicate": { "custom_model_data": 345 }, "model": "ttp/i/j/cyberdog_pink/r_arm" }, { "predicate": { "custom_model_data": 346 }, "model": "ttp/i/j/cyberdog_pink/tail2" }, { "predicate": { "custom_model_data": 347 }, "model": "ttp/i/j/cyberdog_pink/tail" }, { "predicate": { "custom_model_data": 348 }, "model": "ttp/i/j/cyberdog_pink/mouth_top" }, { "predicate": { "custom_model_data": 349 }, "model": "ttp/i/j/cyberdog_pink/mouth_bottom" }, { "predicate": { "custom_model_data": 350 }, "model": "ttp/i/j/cyberdog_pink/ear" }, { "predicate": { "custom_model_data": 351 }, "model": "ttp/i/j/cyberdog_pink/ear2" }, { "predicate": { "custom_model_data": 352 }, "model": "ttp/i/j/cyberdog_pink/head" }, { "predicate": { "custom_model_data": 353 }, "model": "ttp/i/j/cyberdog_pink/body" }, { "predicate": { "custom_model_data": 354 }, "model": "ttp/i/j/cyberdog_purple/foot" }, { "predicate": { "custom_model_data": 355 }, "model": "ttp/i/j/cyberdog_purple/elbow" }, { "predicate": { "custom_model_data": 356 }, "model": "ttp/i/j/cyberdog_purple/l_arm" }, { "predicate": { "custom_model_data": 357 }, "model": "ttp/i/j/cyberdog_purple/foot2" }, { "predicate": { "custom_model_data": 358 }, "model": "ttp/i/j/cyberdog_purple/elbow2" }, { "predicate": { "custom_model_data": 359 }, "model": "ttp/i/j/cyberdog_purple/l_leg" }, { "predicate": { "custom_model_data": 360 }, "model": "ttp/i/j/cyberdog_purple/foot4" }, { "predicate": { "custom_model_data": 361 }, "model": "ttp/i/j/cyberdog_purple/elbow4" }, { "predicate": { "custom_model_data": 362 }, "model": "ttp/i/j/cyberdog_purple/r_leg" }, { "predicate": { "custom_model_data": 363 }, "model": "ttp/i/j/cyberdog_purple/foot3" }, { "predicate": { "custom_model_data": 364 }, "model": "ttp/i/j/cyberdog_purple/elbow3" }, { "predicate": { "custom_model_data": 365 }, "model": "ttp/i/j/cyberdog_purple/r_arm" }, { "predicate": { "custom_model_data": 366 }, "model": "ttp/i/j/cyberdog_purple/tail2" }, { "predicate": { "custom_model_data": 367 }, "model": "ttp/i/j/cyberdog_purple/tail" }, { "predicate": { "custom_model_data": 368 }, "model": "ttp/i/j/cyberdog_purple/mouth_top" }, { "predicate": { "custom_model_data": 369 }, "model": "ttp/i/j/cyberdog_purple/mouth_bottom" }, { "predicate": { "custom_model_data": 370 }, "model": "ttp/i/j/cyberdog_purple/ear" }, { "predicate": { "custom_model_data": 371 }, "model": "ttp/i/j/cyberdog_purple/ear2" }, { "predicate": { "custom_model_data": 372 }, "model": "ttp/i/j/cyberdog_purple/head" }, { "predicate": { "custom_model_data": 373 }, "model": "ttp/i/j/cyberdog_purple/body" }, { "predicate": { "custom_model_data": 374 }, "model": "ttp/i/j/cyberdog_red/foot" }, { "predicate": { "custom_model_data": 375 }, "model": "ttp/i/j/cyberdog_red/elbow" }, { "predicate": { "custom_model_data": 376 }, "model": "ttp/i/j/cyberdog_red/l_arm" }, { "predicate": { "custom_model_data": 377 }, "model": "ttp/i/j/cyberdog_red/foot2" }, { "predicate": { "custom_model_data": 378 }, "model": "ttp/i/j/cyberdog_red/elbow2" }, { "predicate": { "custom_model_data": 379 }, "model": "ttp/i/j/cyberdog_red/l_leg" }, { "predicate": { "custom_model_data": 380 }, "model": "ttp/i/j/cyberdog_red/foot4" }, { "predicate": { "custom_model_data": 381 }, "model": "ttp/i/j/cyberdog_red/elbow4" }, { "predicate": { "custom_model_data": 382 }, "model": "ttp/i/j/cyberdog_red/r_leg" }, { "predicate": { "custom_model_data": 383 }, "model": "ttp/i/j/cyberdog_red/foot3" }, { "predicate": { "custom_model_data": 384 }, "model": "ttp/i/j/cyberdog_red/elbow3" }, { "predicate": { "custom_model_data": 385 }, "model": "ttp/i/j/cyberdog_red/r_arm" }, { "predicate": { "custom_model_data": 386 }, "model": "ttp/i/j/cyberdog_red/tail2" }, { "predicate": { "custom_model_data": 387 }, "model": "ttp/i/j/cyberdog_red/tail" }, { "predicate": { "custom_model_data": 388 }, "model": "ttp/i/j/cyberdog_red/mouth_top" }, { "predicate": { "custom_model_data": 389 }, "model": "ttp/i/j/cyberdog_red/mouth_bottom" }, { "predicate": { "custom_model_data": 390 }, "model": "ttp/i/j/cyberdog_red/ear" }, { "predicate": { "custom_model_data": 391 }, "model": "ttp/i/j/cyberdog_red/ear2" }, { "predicate": { "custom_model_data": 392 }, "model": "ttp/i/j/cyberdog_red/head" }, { "predicate": { "custom_model_data": 393 }, "model": "ttp/i/j/cyberdog_red/body" }, { "predicate": { "custom_model_data": 394 }, "model": "ttp/i/j/cyberknight_blue/feather" }, { "predicate": { "custom_model_data": 395 }, "model": "ttp/i/j/cyberknight_blue/head" }, { "predicate": { "custom_model_data": 396 }, "model": "ttp/i/j/cyberknight_blue/l_arm" }, { "predicate": { "custom_model_data": 397 }, "model": "ttp/i/j/cyberknight_blue/r_arm" }, { "predicate": { "custom_model_data": 398 }, "model": "ttp/i/j/cyberknight_blue/l_leg" }, { "predicate": { "custom_model_data": 399 }, "model": "ttp/i/j/cyberknight_blue/r_leg" }, { "predicate": { "custom_model_data": 400 }, "model": "ttp/i/j/cyberknight_blue/body" }, { "predicate": { "custom_model_data": 401 }, "model": "ttp/i/j/cyberknight_gold/feather" }, { "predicate": { "custom_model_data": 402 }, "model": "ttp/i/j/cyberknight_gold/head" }, { "predicate": { "custom_model_data": 403 }, "model": "ttp/i/j/cyberknight_gold/l_arm" }, { "predicate": { "custom_model_data": 404 }, "model": "ttp/i/j/cyberknight_gold/r_arm" }, { "predicate": { "custom_model_data": 405 }, "model": "ttp/i/j/cyberknight_gold/l_leg" }, { "predicate": { "custom_model_data": 406 }, "model": "ttp/i/j/cyberknight_gold/r_leg" }, { "predicate": { "custom_model_data": 407 }, "model": "ttp/i/j/cyberknight_gold/body" }, { "predicate": { "custom_model_data": 408 }, "model": "ttp/i/j/cyberknight_green/feather" }, { "predicate": { "custom_model_data": 409 }, "model": "ttp/i/j/cyberknight_green/head" }, { "predicate": { "custom_model_data": 410 }, "model": "ttp/i/j/cyberknight_green/l_arm" }, { "predicate": { "custom_model_data": 411 }, "model": "ttp/i/j/cyberknight_green/r_arm" }, { "predicate": { "custom_model_data": 412 }, "model": "ttp/i/j/cyberknight_green/l_leg" }, { "predicate": { "custom_model_data": 413 }, "model": "ttp/i/j/cyberknight_green/r_leg" }, { "predicate": { "custom_model_data": 414 }, "model": "ttp/i/j/cyberknight_green/body" }, { "predicate": { "custom_model_data": 415 }, "model": "ttp/i/j/cyberknight_pink/feather" }, { "predicate": { "custom_model_data": 416 }, "model": "ttp/i/j/cyberknight_pink/head" }, { "predicate": { "custom_model_data": 417 }, "model": "ttp/i/j/cyberknight_pink/l_arm" }, { "predicate": { "custom_model_data": 418 }, "model": "ttp/i/j/cyberknight_pink/r_arm" }, { "predicate": { "custom_model_data": 419 }, "model": "ttp/i/j/cyberknight_pink/l_leg" }, { "predicate": { "custom_model_data": 420 }, "model": "ttp/i/j/cyberknight_pink/r_leg" }, { "predicate": { "custom_model_data": 421 }, "model": "ttp/i/j/cyberknight_pink/body" }, { "predicate": { "custom_model_data": 422 }, "model": "ttp/i/j/cyberknight_purple/feather" }, { "predicate": { "custom_model_data": 423 }, "model": "ttp/i/j/cyberknight_purple/head" }, { "predicate": { "custom_model_data": 424 }, "model": "ttp/i/j/cyberknight_purple/l_arm" }, { "predicate": { "custom_model_data": 425 }, "model": "ttp/i/j/cyberknight_purple/r_arm" }, { "predicate": { "custom_model_data": 426 }, "model": "ttp/i/j/cyberknight_purple/l_leg" }, { "predicate": { "custom_model_data": 427 }, "model": "ttp/i/j/cyberknight_purple/r_leg" }, { "predicate": { "custom_model_data": 428 }, "model": "ttp/i/j/cyberknight_purple/body" }, { "predicate": { "custom_model_data": 429 }, "model": "ttp/i/j/cyberknight_red/feather" }, { "predicate": { "custom_model_data": 430 }, "model": "ttp/i/j/cyberknight_red/head" }, { "predicate": { "custom_model_data": 431 }, "model": "ttp/i/j/cyberknight_red/l_arm" }, { "predicate": { "custom_model_data": 432 }, "model": "ttp/i/j/cyberknight_red/r_arm" }, { "predicate": { "custom_model_data": 433 }, "model": "ttp/i/j/cyberknight_red/l_leg" }, { "predicate": { "custom_model_data": 434 }, "model": "ttp/i/j/cyberknight_red/r_leg" }, { "predicate": { "custom_model_data": 435 }, "model": "ttp/i/j/cyberknight_red/body" }, { "predicate": { "custom_model_data": 436 }, "model": "ttp/i/j/dog_bowl/bowl" }, { "predicate": { "custom_model_data": 437 }, "model": "ttp/i/j/goldfish/tail" }, { "predicate": { "custom_model_data": 438 }, "model": "ttp/i/j/goldfish/left_fin" }, { "predicate": { "custom_model_data": 439 }, "model": "ttp/i/j/goldfish/right_fin" }, { "predicate": { "custom_model_data": 440 }, "model": "ttp/i/j/goldfish/goldfish" }, { "predicate": { "custom_model_data": 441 }, "model": "ttp/i/j/hamster_bowl/bowl" }, { "predicate": { "custom_model_data": 442 }, "model": "ttp/i/j/hamster_brown/left_eye" }, { "predicate": { "custom_model_data": 443 }, "model": "ttp/i/j/hamster_brown/right_eye" }, { "predicate": { "custom_model_data": 444 }, "model": "ttp/i/j/hamster_brown/head" }, { "predicate": { "custom_model_data": 445 }, "model": "ttp/i/j/hamster_brown/left_arm" }, { "predicate": { "custom_model_data": 446 }, "model": "ttp/i/j/hamster_brown/right_arm" }, { "predicate": { "custom_model_data": 447 }, "model": "ttp/i/j/hamster_brown/upper_body" }, { "predicate": { "custom_model_data": 448 }, "model": "ttp/i/j/hamster_brown/left_leg" }, { "predicate": { "custom_model_data": 449 }, "model": "ttp/i/j/hamster_brown/right_leg" }, { "predicate": { "custom_model_data": 450 }, "model": "ttp/i/j/hamster_gray/left_eye" }, { "predicate": { "custom_model_data": 451 }, "model": "ttp/i/j/hamster_gray/right_eye" }, { "predicate": { "custom_model_data": 452 }, "model": "ttp/i/j/hamster_gray/head" }, { "predicate": { "custom_model_data": 453 }, "model": "ttp/i/j/hamster_gray/left_arm" }, { "predicate": { "custom_model_data": 454 }, "model": "ttp/i/j/hamster_gray/right_arm" }, { "predicate": { "custom_model_data": 455 }, "model": "ttp/i/j/hamster_gray/upper_body" }, { "predicate": { "custom_model_data": 456 }, "model": "ttp/i/j/hamster_gray/left_leg" }, { "predicate": { "custom_model_data": 457 }, "model": "ttp/i/j/hamster_gray/right_leg" }, { "predicate": { "custom_model_data": 458 }, "model": "ttp/i/j/nocsy_cat1/tail_end" }, { "predicate": { "custom_model_data": 459 }, "model": "ttp/i/j/nocsy_cat1/tail_half" }, { "predicate": { "custom_model_data": 460 }, "model": "ttp/i/j/nocsy_cat1/tail" }, { "predicate": { "custom_model_data": 461 }, "model": "ttp/i/j/nocsy_cat1/ears" }, { "predicate": { "custom_model_data": 462 }, "model": "ttp/i/j/nocsy_cat1/head" }, { "predicate": { "custom_model_data": 463 }, "model": "ttp/i/j/nocsy_cat1/ears2" }, { "predicate": { "custom_model_data": 464 }, "model": "ttp/i/j/nocsy_cat1/head_eyes_closed" }, { "predicate": { "custom_model_data": 465 }, "model": "ttp/i/j/nocsy_cat1/front_foot_left" }, { "predicate": { "custom_model_data": 466 }, "model": "ttp/i/j/nocsy_cat1/front_leg_left" }, { "predicate": { "custom_model_data": 467 }, "model": "ttp/i/j/nocsy_cat1/front_foot_right" }, { "predicate": { "custom_model_data": 468 }, "model": "ttp/i/j/nocsy_cat1/front_leg_right" }, { "predicate": { "custom_model_data": 469 }, "model": "ttp/i/j/nocsy_cat1/back_foot_left" }, { "predicate": { "custom_model_data": 470 }, "model": "ttp/i/j/nocsy_cat1/back_leg_left" }, { "predicate": { "custom_model_data": 471 }, "model": "ttp/i/j/nocsy_cat1/back_foot_right" }, { "predicate": { "custom_model_data": 472 }, "model": "ttp/i/j/nocsy_cat1/back_leg_right" }, { "predicate": { "custom_model_data": 473 }, "model": "ttp/i/j/nocsy_cat1/body" }, { "predicate": { "custom_model_data": 474 }, "model": "ttp/i/j/nocsy_cat2/tail_end" }, { "predicate": { "custom_model_data": 475 }, "model": "ttp/i/j/nocsy_cat2/tail_half" }, { "predicate": { "custom_model_data": 476 }, "model": "ttp/i/j/nocsy_cat2/tail" }, { "predicate": { "custom_model_data": 477 }, "model": "ttp/i/j/nocsy_cat2/ears" }, { "predicate": { "custom_model_data": 478 }, "model": "ttp/i/j/nocsy_cat2/head" }, { "predicate": { "custom_model_data": 479 }, "model": "ttp/i/j/nocsy_cat2/ears2" }, { "predicate": { "custom_model_data": 480 }, "model": "ttp/i/j/nocsy_cat2/head_eyes_closed" }, { "predicate": { "custom_model_data": 481 }, "model": "ttp/i/j/nocsy_cat2/front_foot_left" }, { "predicate": { "custom_model_data": 482 }, "model": "ttp/i/j/nocsy_cat2/front_leg_left" }, { "predicate": { "custom_model_data": 483 }, "model": "ttp/i/j/nocsy_cat2/front_foot_right" }, { "predicate": { "custom_model_data": 484 }, "model": "ttp/i/j/nocsy_cat2/front_leg_right" }, { "predicate": { "custom_model_data": 485 }, "model": "ttp/i/j/nocsy_cat2/back_foot_right" }, { "predicate": { "custom_model_data": 486 }, "model": "ttp/i/j/nocsy_cat2/back_leg_right" }, { "predicate": { "custom_model_data": 487 }, "model": "ttp/i/j/nocsy_cat2/back_foot_left" }, { "predicate": { "custom_model_data": 488 }, "model": "ttp/i/j/nocsy_cat2/back_leg_left" }, { "predicate": { "custom_model_data": 489 }, "model": "ttp/i/j/nocsy_cat2/body" }, { "predicate": { "custom_model_data": 490 }, "model": "ttp/i/j/nocsy_cat3/tail_end" }, { "predicate": { "custom_model_data": 491 }, "model": "ttp/i/j/nocsy_cat3/tail_half" }, { "predicate": { "custom_model_data": 492 }, "model": "ttp/i/j/nocsy_cat3/tail" }, { "predicate": { "custom_model_data": 493 }, "model": "ttp/i/j/nocsy_cat3/ears" }, { "predicate": { "custom_model_data": 494 }, "model": "ttp/i/j/nocsy_cat3/head" }, { "predicate": { "custom_model_data": 495 }, "model": "ttp/i/j/nocsy_cat3/ears2" }, { "predicate": { "custom_model_data": 496 }, "model": "ttp/i/j/nocsy_cat3/head_eyes_closed" }, { "predicate": { "custom_model_data": 497 }, "model": "ttp/i/j/nocsy_cat3/front_foot_left" }, { "predicate": { "custom_model_data": 498 }, "model": "ttp/i/j/nocsy_cat3/front_leg_left" }, { "predicate": { "custom_model_data": 499 }, "model": "ttp/i/j/nocsy_cat3/front_foot_right" }, { "predicate": { "custom_model_data": 500 }, "model": "ttp/i/j/nocsy_cat3/front_leg_right" }, { "predicate": { "custom_model_data": 501 }, "model": "ttp/i/j/nocsy_cat3/back_foot_left" }, { "predicate": { "custom_model_data": 502 }, "model": "ttp/i/j/nocsy_cat3/back_leg_left" }, { "predicate": { "custom_model_data": 503 }, "model": "ttp/i/j/nocsy_cat3/back_foot_right" }, { "predicate": { "custom_model_data": 504 }, "model": "ttp/i/j/nocsy_cat3/back_leg_right" }, { "predicate": { "custom_model_data": 505 }, "model": "ttp/i/j/nocsy_cat3/body" }, { "predicate": { "custom_model_data": 506 }, "model": "ttp/i/j/nocsy_cat4/tail_end" }, { "predicate": { "custom_model_data": 507 }, "model": "ttp/i/j/nocsy_cat4/tail_half" }, { "predicate": { "custom_model_data": 508 }, "model": "ttp/i/j/nocsy_cat4/tail" }, { "predicate": { "custom_model_data": 509 }, "model": "ttp/i/j/nocsy_cat4/ear_left" }, { "predicate": { "custom_model_data": 510 }, "model": "ttp/i/j/nocsy_cat4/ear_right" }, { "predicate": { "custom_model_data": 511 }, "model": "ttp/i/j/nocsy_cat4/head" }, { "predicate": { "custom_model_data": 512 }, "model": "ttp/i/j/nocsy_cat4/ear_left2" }, { "predicate": { "custom_model_data": 513 }, "model": "ttp/i/j/nocsy_cat4/ear_right2" }, { "predicate": { "custom_model_data": 514 }, "model": "ttp/i/j/nocsy_cat4/head_eyes_closed" }, { "predicate": { "custom_model_data": 515 }, "model": "ttp/i/j/nocsy_cat4/front_foot_left" }, { "predicate": { "custom_model_data": 516 }, "model": "ttp/i/j/nocsy_cat4/front_leg_left" }, { "predicate": { "custom_model_data": 517 }, "model": "ttp/i/j/nocsy_cat4/front_foot_right" }, { "predicate": { "custom_model_data": 518 }, "model": "ttp/i/j/nocsy_cat4/front_leg_right" }, { "predicate": { "custom_model_data": 519 }, "model": "ttp/i/j/nocsy_cat4/back_foot_right" }, { "predicate": { "custom_model_data": 520 }, "model": "ttp/i/j/nocsy_cat4/back_leg_right" }, { "predicate": { "custom_model_data": 521 }, "model": "ttp/i/j/nocsy_cat4/back_foot_left" }, { "predicate": { "custom_model_data": 522 }, "model": "ttp/i/j/nocsy_cat4/back_leg_left" }, { "predicate": { "custom_model_data": 523 }, "model": "ttp/i/j/nocsy_cat4/body" }, { "predicate": { "custom_model_data": 524 }, "model": "ttp/i/j/nocsy_cat5/tail_end" }, { "predicate": { "custom_model_data": 525 }, "model": "ttp/i/j/nocsy_cat5/tail_half" }, { "predicate": { "custom_model_data": 526 }, "model": "ttp/i/j/nocsy_cat5/tail" }, { "predicate": { "custom_model_data": 527 }, "model": "ttp/i/j/nocsy_cat5/ears" }, { "predicate": { "custom_model_data": 528 }, "model": "ttp/i/j/nocsy_cat5/head" }, { "predicate": { "custom_model_data": 529 }, "model": "ttp/i/j/nocsy_cat5/ears2" }, { "predicate": { "custom_model_data": 530 }, "model": "ttp/i/j/nocsy_cat5/head_eyes_closed" }, { "predicate": { "custom_model_data": 531 }, "model": "ttp/i/j/nocsy_cat5/front_foot_left" }, { "predicate": { "custom_model_data": 532 }, "model": "ttp/i/j/nocsy_cat5/front_leg_left" }, { "predicate": { "custom_model_data": 533 }, "model": "ttp/i/j/nocsy_cat5/front_foot_right" }, { "predicate": { "custom_model_data": 534 }, "model": "ttp/i/j/nocsy_cat5/front_leg_right" }, { "predicate": { "custom_model_data": 535 }, "model": "ttp/i/j/nocsy_cat5/back_foot_left" }, { "predicate": { "custom_model_data": 536 }, "model": "ttp/i/j/nocsy_cat5/back_leg_left" }, { "predicate": { "custom_model_data": 537 }, "model": "ttp/i/j/nocsy_cat5/back_foot_right" }, { "predicate": { "custom_model_data": 538 }, "model": "ttp/i/j/nocsy_cat5/back_leg_right" }, { "predicate": { "custom_model_data": 539 }, "model": "ttp/i/j/nocsy_cat5/body" }, { "predicate": { "custom_model_data": 540 }, "model": "ttp/i/j/nocsy_cat6/tail_end" }, { "predicate": { "custom_model_data": 541 }, "model": "ttp/i/j/nocsy_cat6/tail_half" }, { "predicate": { "custom_model_data": 542 }, "model": "ttp/i/j/nocsy_cat6/tail" }, { "predicate": { "custom_model_data": 543 }, "model": "ttp/i/j/nocsy_cat6/ears" }, { "predicate": { "custom_model_data": 544 }, "model": "ttp/i/j/nocsy_cat6/head" }, { "predicate": { "custom_model_data": 545 }, "model": "ttp/i/j/nocsy_cat6/ears2" }, { "predicate": { "custom_model_data": 546 }, "model": "ttp/i/j/nocsy_cat6/head_eyes_closed" }, { "predicate": { "custom_model_data": 547 }, "model": "ttp/i/j/nocsy_cat6/front_foot_left" }, { "predicate": { "custom_model_data": 548 }, "model": "ttp/i/j/nocsy_cat6/front_leg_left" }, { "predicate": { "custom_model_data": 549 }, "model": "ttp/i/j/nocsy_cat6/front_foot_right" }, { "predicate": { "custom_model_data": 550 }, "model": "ttp/i/j/nocsy_cat6/front_leg_right" }, { "predicate": { "custom_model_data": 551 }, "model": "ttp/i/j/nocsy_cat6/back_foot_left" }, { "predicate": { "custom_model_data": 552 }, "model": "ttp/i/j/nocsy_cat6/back_leg_left" }, { "predicate": { "custom_model_data": 553 }, "model": "ttp/i/j/nocsy_cat6/back_foot_right" }, { "predicate": { "custom_model_data": 554 }, "model": "ttp/i/j/nocsy_cat6/back_leg_right" }, { "predicate": { "custom_model_data": 555 }, "model": "ttp/i/j/nocsy_cat6/body" }, { "predicate": { "custom_model_data": 556 }, "model": "ttp/i/j/nocsy_cat_fallen/tail_end" }, { "predicate": { "custom_model_data": 557 }, "model": "ttp/i/j/nocsy_cat_fallen/tail_half" }, { "predicate": { "custom_model_data": 558 }, "model": "ttp/i/j/nocsy_cat_fallen/tail" }, { "predicate": { "custom_model_data": 559 }, "model": "ttp/i/j/nocsy_cat_fallen/ears" }, { "predicate": { "custom_model_data": 560 }, "model": "ttp/i/j/nocsy_cat_fallen/head" }, { "predicate": { "custom_model_data": 561 }, "model": "ttp/i/j/nocsy_cat_fallen/ears2" }, { "predicate": { "custom_model_data": 562 }, "model": "ttp/i/j/nocsy_cat_fallen/head_eyes_closed" }, { "predicate": { "custom_model_data": 563 }, "model": "ttp/i/j/nocsy_cat_fallen/front_foot_left" }, { "predicate": { "custom_model_data": 564 }, "model": "ttp/i/j/nocsy_cat_fallen/front_leg_left" }, { "predicate": { "custom_model_data": 565 }, "model": "ttp/i/j/nocsy_cat_fallen/front_foot_right" }, { "predicate": { "custom_model_data": 566 }, "model": "ttp/i/j/nocsy_cat_fallen/front_leg_right" }, { "predicate": { "custom_model_data": 567 }, "model": "ttp/i/j/nocsy_cat_fallen/back_foot_left" }, { "predicate": { "custom_model_data": 568 }, "model": "ttp/i/j/nocsy_cat_fallen/back_leg_left" }, { "predicate": { "custom_model_data": 569 }, "model": "ttp/i/j/nocsy_cat_fallen/back_foot_right" }, { "predicate": { "custom_model_data": 570 }, "model": "ttp/i/j/nocsy_cat_fallen/back_leg_right" }, { "predicate": { "custom_model_data": 571 }, "model": "ttp/i/j/nocsy_cat_fallen/body" }, { "predicate": { "custom_model_data": 572 }, "model": "ttp/i/j/nocsy_thread_ball/thread_end" }, { "predicate": { "custom_model_data": 573 }, "model": "ttp/i/j/nocsy_thread_ball/thread" }, { "predicate": { "custom_model_data": 574 }, "model": "ttp/i/j/nocsy_thread_ball/body" }, { "predicate": { "custom_model_data": 575 }, "model": "ttp/i/j/parakeet_blue/left_wing" }, { "predicate": { "custom_model_data": 576 }, "model": "ttp/i/j/parakeet_blue/right_wing" }, { "predicate": { "custom_model_data": 577 }, "model": "ttp/i/j/parakeet_blue/head" }, { "predicate": { "custom_model_data": 578 }, "model": "ttp/i/j/parakeet_blue/tail" }, { "predicate": { "custom_model_data": 579 }, "model": "ttp/i/j/parakeet_blue/upper_body" }, { "predicate": { "custom_model_data": 580 }, "model": "ttp/i/j/parakeet_blue/left_foot" }, { "predicate": { "custom_model_data": 581 }, "model": "ttp/i/j/parakeet_blue/left_leg" }, { "predicate": { "custom_model_data": 582 }, "model": "ttp/i/j/parakeet_blue/right_foot" }, { "predicate": { "custom_model_data": 583 }, "model": "ttp/i/j/parakeet_blue/right_leg" }, { "predicate": { "custom_model_data": 584 }, "model": "ttp/i/j/parakeet_green/left_wing" }, { "predicate": { "custom_model_data": 585 }, "model": "ttp/i/j/parakeet_green/right_wing" }, { "predicate": { "custom_model_data": 586 }, "model": "ttp/i/j/parakeet_green/head" }, { "predicate": { "custom_model_data": 587 }, "model": "ttp/i/j/parakeet_green/tail" }, { "predicate": { "custom_model_data": 588 }, "model": "ttp/i/j/parakeet_green/upper_body" }, { "predicate": { "custom_model_data": 589 }, "model": "ttp/i/j/parakeet_green/left_foot" }, { "predicate": { "custom_model_data": 590 }, "model": "ttp/i/j/parakeet_green/left_leg" }, { "predicate": { "custom_model_data": 591 }, "model": "ttp/i/j/parakeet_green/right_foot" }, { "predicate": { "custom_model_data": 592 }, "model": "ttp/i/j/parakeet_green/right_leg" }, { "predicate": { "custom_model_data": 593 }, "model": "ttp/i/j/persian_cat/left_hand" }, { "predicate": { "custom_model_data": 594 }, "model": "ttp/i/j/persian_cat/left_wrist" }, { "predicate": { "custom_model_data": 595 }, "model": "ttp/i/j/persian_cat/left_arm" }, { "predicate": { "custom_model_data": 596 }, "model": "ttp/i/j/persian_cat/right_hand" }, { "predicate": { "custom_model_data": 597 }, "model": "ttp/i/j/persian_cat/right_wrist" }, { "predicate": { "custom_model_data": 598 }, "model": "ttp/i/j/persian_cat/right_arm" }, { "predicate": { "custom_model_data": 599 }, "model": "ttp/i/j/persian_cat/tail" }, { "predicate": { "custom_model_data": 600 }, "model": "ttp/i/j/persian_cat/left_eye" }, { "predicate": { "custom_model_data": 601 }, "model": "ttp/i/j/persian_cat/right_eye" }, { "predicate": { "custom_model_data": 602 }, "model": "ttp/i/j/persian_cat/head" }, { "predicate": { "custom_model_data": 603 }, "model": "ttp/i/j/persian_cat/neck" }, { "predicate": { "custom_model_data": 604 }, "model": "ttp/i/j/persian_cat/upper_body" }, { "predicate": { "custom_model_data": 605 }, "model": "ttp/i/j/persian_cat/left_foot" }, { "predicate": { "custom_model_data": 606 }, "model": "ttp/i/j/persian_cat/left_ankle" }, { "predicate": { "custom_model_data": 607 }, "model": "ttp/i/j/persian_cat/left_leg" }, { "predicate": { "custom_model_data": 608 }, "model": "ttp/i/j/persian_cat/right_foot" }, { "predicate": { "custom_model_data": 609 }, "model": "ttp/i/j/persian_cat/right_ankle" }, { "predicate": { "custom_model_data": 610 }, "model": "ttp/i/j/persian_cat/right_leg" }, { "predicate": { "custom_model_data": 611 }, "model": "ttp/i/j/shihtzu/left_hand" }, { "predicate": { "custom_model_data": 612 }, "model": "ttp/i/j/shihtzu/left_wrist" }, { "predicate": { "custom_model_data": 613 }, "model": "ttp/i/j/shihtzu/left_arm" }, { "predicate": { "custom_model_data": 614 }, "model": "ttp/i/j/shihtzu/right_hand" }, { "predicate": { "custom_model_data": 615 }, "model": "ttp/i/j/shihtzu/right_wrist" }, { "predicate": { "custom_model_data": 616 }, "model": "ttp/i/j/shihtzu/right_arm" }, { "predicate": { "custom_model_data": 617 }, "model": "ttp/i/j/shihtzu/left_eye" }, { "predicate": { "custom_model_data": 618 }, "model": "ttp/i/j/shihtzu/right_eye" }, { "predicate": { "custom_model_data": 619 }, "model": "ttp/i/j/shihtzu/left_ear" }, { "predicate": { "custom_model_data": 620 }, "model": "ttp/i/j/shihtzu/right_ear" }, { "predicate": { "custom_model_data": 621 }, "model": "ttp/i/j/shihtzu/head" }, { "predicate": { "custom_model_data": 622 }, "model": "ttp/i/j/shihtzu/neck" }, { "predicate": { "custom_model_data": 623 }, "model": "ttp/i/j/shihtzu/tail" }, { "predicate": { "custom_model_data": 624 }, "model": "ttp/i/j/shihtzu/upper_body" }, { "predicate": { "custom_model_data": 625 }, "model": "ttp/i/j/shihtzu/left_foot" }, { "predicate": { "custom_model_data": 626 }, "model": "ttp/i/j/shihtzu/left_ankle" }, { "predicate": { "custom_model_data": 627 }, "model": "ttp/i/j/shihtzu/left_leg" }, { "predicate": { "custom_model_data": 628 }, "model": "ttp/i/j/shihtzu/right_foot" }, { "predicate": { "custom_model_data": 629 }, "model": "ttp/i/j/shihtzu/right_ankle" }, { "predicate": { "custom_model_data": 630 }, "model": "ttp/i/j/shihtzu/right_leg" } ] }