{
    "parent": "item/generated",
    "textures": {
        "layer0": "item/potion_overlay",
        "layer1": "item/potion"
    },
    "overrides": [
        {
            "predicate": {
                "custom_model_data": 10000
            },
            "model": "ttp/i/a/a/coca"
        },
        {
            "predicate": {
                "custom_model_data": 10001
            },
            "model": "ttp/i/a/auto_generated/hot_chocolate"
        },
        {
            "predicate": {
                "custom_model_data": 10007
            },
            "model": "ttp/i/a/a/sebxter_soda_can"
        },
        {
            "predicate": {
                "custom_model_data": 10008
            },
            "model": "ttp/i/a/a/sebxter_soda_can_1"
        },
        {
            "predicate": {
                "custom_model_data": 10009
            },
            "model": "ttp/i/a/a/sebxter_soda_can_2"
        },
        {
            "predicate": {
                "custom_model_data": 10010
            },
            "model": "ttp/i/a/a/sebxter_soda_can_3"
        },
        {
            "predicate": {
                "custom_model_data": 10011
            },
            "model": "ttp/i/a/a/sebxter_soda_can_4"
        },
        {
            "predicate": {
                "custom_model_data": 10012
            },
            "model": "ttp/i/a/a/sebxter_soda_can_5"
        },
        {
            "predicate": {
                "custom_model_data": 10013
            },
            "model": "ttp/i/a/a/sebxter_soda_can_6"
        },
        {
            "predicate": {
                "custom_model_data": 10014
            },
            "model": "ttp/i/a/a/rp1"
        },
        {
            "predicate": {
                "custom_model_data": 10015
            },
            "model": "ttp/i/a/a/rp2"
        },
        {
            "predicate": {
                "custom_model_data": 10016
            },
            "model": "ttp/i/a/a/rp3"
        },
        {
            "predicate": {
                "custom_model_data": 10017
            },
            "model": "ttp/i/a/a/rp4"
        },
        {
            "predicate": {
                "custom_model_data": 10018
            },
            "model": "ttp/i/a/a/rp5"
        },
        {
            "predicate": {
                "custom_model_data": 10019
            },
            "model": "ttp/i/a/a/rp6"
        },
        {
            "predicate": {
                "custom_model_data": 10020
            },
            "model": "ttp/i/a/a/rp7"
        },
        {
            "predicate": {
                "custom_model_data": 10021
            },
            "model": "ttp/i/a/a/rp8"
        },
        {
            "predicate": {
                "custom_model_data": 10022
            },
            "model": "ttp/i/a/a/rp9"
        },
        {
            "predicate": {
                "custom_model_data": 10023
            },
            "model": "ttp/i/a/a/rp10"
        },
        {
            "predicate": {
                "custom_model_data": 10024
            },
            "model": "ttp/i/a/a/rp12"
        },
        {
            "predicate": {
                "custom_model_data": 10025
            },
            "model": "ttp/i/a/a/rp13"
        },
        {
            "predicate": {
                "custom_model_data": 10026
            },
            "model": "ttp/i/c/food/mohito"
        },
        {
            "predicate": {
                "custom_model_data": 10027
            },
            "model": "ttp/i/c/food/blue"
        },
        {
            "predicate": {
                "custom_model_data": 10028
            },
            "model": "ttp/i/c/food/apel"
        },
        {
            "predicate": {
                "custom_model_data": 10029
            },
            "model": "ttp/i/c/food/pickme"
        },
        {
            "predicate": {
                "custom_model_data": 10030
            },
            "model": "ttp/i/c/food/strow"
        },
        {
            "predicate": {
                "custom_model_data": 10031
            },
            "model": "ttp/i/c/food/teacup"
        },
        {
            "predicate": {
                "custom_model_data": 10032
            },
            "model": "ttp/i/c/food/teacup2"
        },
        {
            "predicate": {
                "custom_model_data": 10033
            },
            "model": "ttp/i/c/food/beer"
        },
        {
            "predicate": {
                "custom_model_data": 10100
            },
            "model": "minecraft:item/potion"
        }
        
    ]
}