{
    "parent": "minecraft:item/generated",
    "textures": {
        "layer0": "minecraft:item/writable_book"
    },
    "overrides": [
        {
            "predicate": {
                "custom_model_data": 1
            },
            "model": "ttp/i/c/tabled"   
        },
        {
            "predicate": {
                "custom_model_data": 2
            },
            "model": "ttp/i/c/rp169"
        },
        {
            "predicate": {
                "custom_model_data": 3
            },
            "model": "ttp/i/c/hent/yaoi"
        }
    ]
}