{
	"credit": "Made with Blockbench",
	"texture_size": [32, 32],
	"textures": {
		"0": "ttp/i/c/snowmaskk",
		"particle": "ttp/i/c/snowmaskk"
	},
	"elements": [
		{
			"from": [5.5, 3.5, 1.975],
			"to": [10.5, 13, 18.475],
			"rotation": {"angle": 0, "axis": "y", "origin": [8, 4.125, 9.3]},
			"faces": {
				"north": {"uv": [0, 0, 0, 0], "texture": "#0"},
				"east": {"uv": [0, 0, 0, 0], "texture": "#0"},
				"south": {"uv": [0.5, 5, 1.75, 5.125], "texture": "#0"},
				"west": {"uv": [0, 0, 0, 0], "texture": "#0"},
				"up": {"uv": [0.5, 5, 1.75, 5.125], "texture": "#0"},
				"down": {"uv": [0, 0, 0, 0], "texture": "#0"}
			}
		},
		{
			"from": [5, 13, 1.5],
			"to": [7, 14, 2.475],
			"rotation": {"angle": 0, "axis": "y", "origin": [8, 4.125, 9.3]},
			"faces": {
				"north": {"uv": [0.125, 5.5, 0.25, 5], "rotation": 90, "texture": "#0"},
				"east": {"uv": [0.125, 5.125, 0.25, 5], "rotation": 270, "texture": "#0"},
				"south": {"uv": [0.125, 5.5, 0.25, 5], "rotation": 270, "texture": "#0"},
				"west": {"uv": [0.125, 5.5, 0.25, 5.375], "rotation": 270, "texture": "#0"},
				"up": {"uv": [0.125, 5.5, 0.25, 5], "rotation": 270, "texture": "#0"},
				"down": {"uv": [4.25, 4.125, 4.375, 0.625], "rotation": 270, "texture": "#0"}
			}
		},
		{
			"from": [9, 13, 1.5],
			"to": [11, 14, 2.475],
			"rotation": {"angle": 0, "axis": "y", "origin": [8, 4.125, 9.3]},
			"faces": {
				"north": {"uv": [0.125, 5, 0.25, 5.5], "rotation": 90, "texture": "#0"},
				"east": {"uv": [0.125, 5.375, 0.25, 5.5], "rotation": 270, "texture": "#0"},
				"south": {"uv": [0.125, 5, 0.25, 5.5], "rotation": 270, "texture": "#0"},
				"west": {"uv": [0.125, 5, 0.25, 5.125], "rotation": 270, "texture": "#0"},
				"up": {"uv": [0.125, 5, 0.25, 5.5], "rotation": 270, "texture": "#0"},
				"down": {"uv": [4.25, 0.625, 4.375, 4.125], "rotation": 270, "texture": "#0"}
			}
		},
		{
			"from": [0.5, -3.5, -0.5],
			"to": [15.5, 11.5, 1],
			"rotation": {"angle": 0, "axis": "y", "origin": [8, 4.125, 9.3]},
			"faces": {
				"north": {"uv": [0.375, 0.5, 4.125, 4.25], "texture": "#0"},
				"east": {"uv": [0.375, 0.5, 0.5, 4.25], "texture": "#0"},
				"south": {"uv": [0.25, 0.25, 0.25, 0.25], "texture": "#0"},
				"west": {"uv": [4, 0.5, 4.125, 4.25], "texture": "#0"},
				"up": {"uv": [4.125, 0.5, 0.375, 0.625], "texture": "#0"},
				"down": {"uv": [4.125, 4.125, 0.375, 4.25], "texture": "#0"}
			}
		},
		{
			"from": [3, -4.5, -0.5],
			"to": [13, 12.5, 1],
			"rotation": {"angle": 0, "axis": "y", "origin": [8, 4.125, 9.3]},
			"faces": {
				"north": {"uv": [1, 0.25, 3.5, 4.5], "texture": "#0"},
				"east": {"uv": [1, 0.25, 1.125, 4.5], "texture": "#0"},
				"south": {"uv": [1, 0.25, 3.5, 0.375], "texture": "#0"},
				"west": {"uv": [3.375, 0.25, 3.5, 4.5], "texture": "#0"},
				"up": {"uv": [3.5, 0.25, 1, 0.375], "texture": "#0"},
				"down": {"uv": [3.5, 4.375, 1, 4.5], "texture": "#0"}
			}
		},
		{
			"from": [1.5, -4, -0.5],
			"to": [14.5, 12, 1],
			"rotation": {"angle": 0, "axis": "y", "origin": [8, 4.125, 9.3]},
			"faces": {
				"north": {"uv": [0.625, 0.375, 3.875, 4.375], "texture": "#0"},
				"east": {"uv": [0.625, 0.375, 0.75, 4.375], "texture": "#0"},
				"south": {"uv": [0.625, 0.375, 3.875, 0.5], "texture": "#0"},
				"west": {"uv": [3.75, 0.375, 3.875, 4.375], "texture": "#0"},
				"up": {"uv": [3.875, 0.375, 0.625, 0.5], "texture": "#0"},
				"down": {"uv": [3.875, 4.25, 0.625, 4.375], "texture": "#0"}
			}
		},
		{
			"from": [3, -5, 0],
			"to": [13, 13, 1],
			"rotation": {"angle": 0, "axis": "y", "origin": [8, 4.125, 9.3]},
			"faces": {
				"north": {"uv": [1, 0.125, 3.5, 4.625], "texture": "#0"},
				"east": {"uv": [1, 0.125, 1.125, 4.625], "texture": "#0"},
				"south": {"uv": [0, 0, 0, 0], "texture": "#0"},
				"west": {"uv": [3.375, 0.125, 3.5, 4.625], "texture": "#0"},
				"up": {"uv": [3.5, 0.125, 1, 0.25], "texture": "#0"},
				"down": {"uv": [3.5, 4.625, 1, 4.5], "texture": "#0"}
			}
		},
		{
			"from": [0.5, -4, 0],
			"to": [15.5, 12, 1],
			"rotation": {"angle": 0, "axis": "y", "origin": [8, 4.125, 9.3]},
			"faces": {
				"north": {"uv": [0.375, 0.375, 4.125, 4.375], "texture": "#0"},
				"east": {"uv": [0.375, 0.375, 0.5, 4.375], "texture": "#0"},
				"south": {"uv": [0, 0, 0, 0], "texture": "#0"},
				"west": {"uv": [4, 0.375, 4.125, 4.375], "texture": "#0"},
				"up": {"uv": [4.125, 0.375, 0.375, 0.5], "texture": "#0"},
				"down": {"uv": [4.125, 4.25, 0.375, 4.375], "texture": "#0"}
			}
		},
		{
			"from": [0, -3.5, 0],
			"to": [16, 11.5, 1],
			"rotation": {"angle": 0, "axis": "y", "origin": [8, 4.125, 9.3]},
			"faces": {
				"north": {"uv": [0.25, 0.5, 4.25, 4.25], "texture": "#0"},
				"east": {"uv": [0.25, 0.5, 0.375, 4.25], "texture": "#0"},
				"south": {"uv": [0, 0, 0, 0], "texture": "#0"},
				"west": {"uv": [4.125, 0.5, 4.25, 4.25], "texture": "#0"},
				"up": {"uv": [4.25, 0.5, 0.25, 0.625], "texture": "#0"},
				"down": {"uv": [4.25, 4.125, 0.25, 4.25], "texture": "#0"}
			}
		},
		{
			"from": [-0.5, -2.5, 0],
			"to": [16.5, 10.5, 1],
			"rotation": {"angle": 0, "axis": "y", "origin": [8, 4.125, 9.3]},
			"faces": {
				"north": {"uv": [0.125, 0.75, 4.375, 4], "texture": "#0"},
				"east": {"uv": [0.125, 0.75, 0.25, 4], "texture": "#0"},
				"south": {"uv": [0, 0, 0, 0], "texture": "#0"},
				"west": {"uv": [4.25, 0.75, 4.375, 4], "texture": "#0"},
				"up": {"uv": [4.375, 0.75, 0.125, 0.875], "texture": "#0"},
				"down": {"uv": [4.375, 3.875, 0.125, 4], "texture": "#0"}
			}
		},
		{
			"from": [-0.5, -3, 1],
			"to": [16.5, 11, 2],
			"rotation": {"angle": 0, "axis": "y", "origin": [8, 4.125, 9.3]},
			"faces": {
				"north": {"uv": [0.125, 0.625, 4.375, 4.125], "texture": "#0"},
				"east": {"uv": [0.125, 0.625, 0.25, 4.125], "texture": "#0"},
				"south": {"uv": [4.375, 0.625, 0.125, 4.125], "texture": "#0"},
				"west": {"uv": [4.25, 0.625, 4.375, 4.125], "texture": "#0"},
				"up": {"uv": [4.375, 0.625, 0.125, 0.75], "texture": "#0"},
				"down": {"uv": [4.375, 4, 0.125, 4.125], "texture": "#0"}
			}
		},
		{
			"from": [4, 13, 1],
			"to": [12, 13.5, 2],
			"rotation": {"angle": 0, "axis": "y", "origin": [8, 4.125, 9.3]},
			"faces": {
				"north": {"uv": [1.25, 0, 3.25, 0.125], "texture": "#0"},
				"east": {"uv": [1.25, 0, 1.375, 0.125], "texture": "#0"},
				"south": {"uv": [3.25, 0, 1.25, 0.125], "texture": "#0"},
				"west": {"uv": [3.125, 0, 3.25, 0.125], "texture": "#0"},
				"up": {"uv": [3.25, 0, 1.25, 0.125], "texture": "#0"},
				"down": {"uv": [1.25, 0, 3.25, 0.125], "texture": "#0"}
			}
		},
		{
			"from": [0.5, -4.5, 1],
			"to": [15.5, 12.5, 2],
			"rotation": {"angle": 0, "axis": "y", "origin": [8, 4.125, 9.3]},
			"faces": {
				"north": {"uv": [0.375, 0.25, 4.125, 4.5], "texture": "#0"},
				"east": {"uv": [0.375, 0.25, 0.5, 4.5], "texture": "#0"},
				"south": {"uv": [4.125, 0.25, 0.375, 4.5], "texture": "#0"},
				"west": {"uv": [4, 0.25, 4.125, 4.5], "texture": "#0"},
				"up": {"uv": [4.125, 0.25, 0.375, 0.375], "texture": "#0"},
				"down": {"uv": [4.125, 4.375, 0.375, 4.5], "texture": "#0"}
			}
		},
		{
			"from": [0, -4, 1],
			"to": [16, 12, 2],
			"rotation": {"angle": 0, "axis": "y", "origin": [8, 4.125, 9.3]},
			"faces": {
				"north": {"uv": [0.25, 0.375, 4.25, 4.375], "texture": "#0"},
				"east": {"uv": [0.25, 0.375, 0.375, 4.375], "texture": "#0"},
				"south": {"uv": [4.25, 0.375, 0.25, 4.375], "texture": "#0"},
				"west": {"uv": [4.125, 0.375, 4.25, 4.375], "texture": "#0"},
				"up": {"uv": [4.25, 0.375, 0.25, 0.5], "texture": "#0"},
				"down": {"uv": [4.25, 4.25, 0.25, 4.375], "texture": "#0"}
			}
		},
		{
			"from": [1.5, -5, 1],
			"to": [14.5, 13, 2],
			"rotation": {"angle": 0, "axis": "y", "origin": [8, 4.125, 9.3]},
			"faces": {
				"north": {"uv": [0.625, 0.125, 3.875, 4.625], "texture": "#0"},
				"east": {"uv": [0.625, 0.125, 0.75, 4.625], "texture": "#0"},
				"south": {"uv": [3.875, 0.125, 0.625, 4.625], "texture": "#0"},
				"west": {"uv": [3.75, 0.125, 3.875, 4.625], "texture": "#0"},
				"up": {"uv": [3.875, 0.125, 0.625, 0.25], "texture": "#0"},
				"down": {"uv": [3.875, 4.5, 0.625, 4.625], "texture": "#0"}
			}
		},
		{
			"from": [3, -5.5, 1],
			"to": [13, -5, 2],
			"rotation": {"angle": 0, "axis": "y", "origin": [8, 4.125, 9.3]},
			"faces": {
				"north": {"uv": [1, 4.625, 3.5, 4.75], "texture": "#0"},
				"east": {"uv": [1, 4.625, 1.125, 4.75], "texture": "#0"},
				"south": {"uv": [1, 4.625, 3.5, 4.75], "texture": "#0"},
				"west": {"uv": [3.375, 4.625, 3.5, 4.75], "texture": "#0"},
				"up": {"uv": [1, 4.625, 3.5, 4.75], "texture": "#0"},
				"down": {"uv": [3.5, 4.625, 1, 4.75], "texture": "#0"}
			}
		},
		{
			"from": [0, -2.5, -0.5],
			"to": [16, 10.5, 1],
			"rotation": {"angle": 0, "axis": "y", "origin": [8, 4.125, 9.3]},
			"faces": {
				"north": {"uv": [0.25, 0.75, 4.25, 4], "texture": "#0"},
				"east": {"uv": [0.25, 0.75, 0.375, 4], "texture": "#0"},
				"south": {"uv": [0.25, 0.25, 0.25, 0.25], "texture": "#0"},
				"west": {"uv": [4.125, 0.75, 4.25, 4], "texture": "#0"},
				"up": {"uv": [4.25, 0.75, 0.25, 0.875], "texture": "#0"},
				"down": {"uv": [4.25, 3.875, 0.25, 4], "texture": "#0"}
			}
		},
		{
			"from": [1.5, -4.5, 0],
			"to": [14.5, 12.5, 1],
			"rotation": {"angle": 0, "axis": "y", "origin": [8, 4.125, 9.3]},
			"faces": {
				"north": {"uv": [0.625, 0.25, 3.875, 4.5], "texture": "#0"},
				"east": {"uv": [0.625, 0.25, 0.75, 4.5], "texture": "#0"},
				"south": {"uv": [0, 0, 0, 0], "texture": "#0"},
				"west": {"uv": [3.75, 0.25, 3.875, 4.5], "texture": "#0"},
				"up": {"uv": [3.875, 0.25, 0.625, 0.375], "texture": "#0"},
				"down": {"uv": [3.875, 4.375, 0.625, 4.5], "texture": "#0"}
			}
		},
		{
			"from": [-0.5, 4, 1.975],
			"to": [16.5, 7.5, 18.475],
			"rotation": {"angle": 0, "axis": "y", "origin": [8, 4.125, 9.3]},
			"faces": {
				"north": {"uv": [0, 0, 0, 0], "texture": "#0"},
				"east": {"uv": [0.25, 5.875, 0.375, 6.875], "texture": "#0"},
				"south": {"uv": [0.25, 5.875, 0.375, 6.875], "texture": "#0"},
				"west": {"uv": [0.25, 5.875, 0.375, 6.875], "texture": "#0"},
				"up": {"uv": [0, 0, 0, 0], "texture": "#0"},
				"down": {"uv": [0, 0, 0, 0], "texture": "#0"}
			}
		},
		{
			"from": [-1, 6, 1],
			"to": [17, 8, 1.975],
			"rotation": {"angle": 0, "axis": "y", "origin": [8, 4.125, 9.3]},
			"faces": {
				"north": {"uv": [0.125, 5, 0.25, 5.5], "texture": "#0"},
				"east": {"uv": [0.125, 5, 0.25, 5.5], "texture": "#0"},
				"south": {"uv": [0.125, 5, 0.25, 5.5], "texture": "#0"},
				"west": {"uv": [0.125, 5, 0.25, 5.5], "texture": "#0"},
				"up": {"uv": [0.125, 5, 0.25, 5.125], "texture": "#0"},
				"down": {"uv": [0.125, 5.375, 0.25, 5.5], "texture": "#0"}
			}
		},
		{
			"from": [-1, 3, 1],
			"to": [17, 5, 1.975],
			"rotation": {"angle": 0, "axis": "y", "origin": [8, 4.125, 9.3]},
			"faces": {
				"north": {"uv": [0.125, 5, 0.25, 5.5], "texture": "#0"},
				"east": {"uv": [0.125, 5, 0.25, 5.5], "texture": "#0"},
				"south": {"uv": [0.125, 5, 0.25, 5.5], "texture": "#0"},
				"west": {"uv": [0.125, 5, 0.25, 5.5], "texture": "#0"},
				"up": {"uv": [0.125, 5, 0.25, 5.125], "texture": "#0"},
				"down": {"uv": [0.125, 5.375, 0.25, 5.5], "texture": "#0"}
			}
		},
		{
			"from": [5.25, 2.75, 17.725],
			"to": [10.75, 8.25, 18.975],
			"rotation": {"angle": 0, "axis": "y", "origin": [8, 4.125, 9.3]},
			"faces": {
				"north": {"uv": [0.5, 5.25, 1.875, 6.625], "texture": "#0"},
				"east": {"uv": [1.875, 6.625, 1.625, 5.25], "texture": "#0"},
				"south": {"uv": [0.5, 5.25, 1.875, 6.625], "texture": "#0"},
				"west": {"uv": [1.625, 6.625, 1.875, 5.25], "texture": "#0"},
				"up": {"uv": [0.5, 5.5, 1.875, 5.25], "texture": "#0"},
				"down": {"uv": [0.5, 5.25, 1.875, 5.5], "texture": "#0"}
			}
		},
		{
			"from": [-1.1, 11.5, -2.9],
			"to": [6.9, 12.5, 5.1],
			"rotation": {"angle": 22.5, "axis": "z", "origin": [1.9, 11.5, -0.9]},
			"faces": {
				"north": {"uv": [8.5, 3.5, 12.5, 4], "texture": "#0"},
				"east": {"uv": [11, 10.5, 15, 11], "texture": "#0"},
				"south": {"uv": [11.5, 3, 15.5, 3.5], "texture": "#0"},
				"west": {"uv": [11.5, 4, 15.5, 4.5], "texture": "#0"},
				"up": {"uv": [8.5, 4, 4.5, 0], "texture": "#0"},
				"down": {"uv": [8, 4.5, 4, 8.5], "texture": "#0"}
			}
		},
		{
			"from": [-0.1, 11.5, -1.9],
			"to": [5.9, 18.5, 4.1],
			"rotation": {"angle": 22.5, "axis": "z", "origin": [1.9, 11.5, -0.9]},
			"faces": {
				"north": {"uv": [8, 7.5, 11, 11], "texture": "#0"},
				"east": {"uv": [8.5, 0, 11.5, 3.5], "texture": "#0"},
				"south": {"uv": [3.5, 8.5, 6.5, 12], "texture": "#0"},
				"west": {"uv": [0, 10.5, 3, 14], "texture": "#0"},
				"up": {"uv": [9.5, 14, 6.5, 11], "texture": "#0"},
				"down": {"uv": [14, 7.5, 11, 10.5], "texture": "#0"}
			}
		},
		{
			"from": [-0.35, 12.45, -2.15],
			"to": [6.15, 13.7, 4.35],
			"rotation": {"angle": 22.5, "axis": "z", "origin": [1.9, 11.2, -0.9]},
			"faces": {
				"north": {"uv": [9.5, 11, 12.75, 11.625], "texture": "#0"},
				"east": {"uv": [11.5, 0, 14.75, 0.625], "texture": "#0"},
				"south": {"uv": [11.5, 1, 14.75, 1.625], "texture": "#0"},
				"west": {"uv": [11.5, 2, 14.75, 2.625], "texture": "#0"},
				"up": {"uv": [3.25, 10.25, 0, 7], "texture": "#0"},
				"down": {"uv": [11.25, 4, 8, 7.25], "texture": "#0"}
			}
		},
		{
			"from": [7.5, 3.75, -5.25],
			"to": [8.5, 4.75, 0],
			"rotation": {"angle": 0, "axis": "y", "origin": [7.1, 3, -2]},
			"faces": {
				"north": {"uv": [0, 4.5, 0.5, 5], "texture": "#0"},
				"east": {"uv": [4.5, 4, 7.125, 4.5], "texture": "#0"},
				"south": {"uv": [2, 6, 2.5, 6.5], "texture": "#0"},
				"west": {"uv": [11.5, 4.5, 14.125, 5], "texture": "#0"},
				"up": {"uv": [4, 7.625, 3.5, 5], "texture": "#0"},
				"down": {"uv": [3.5, 10.5, 3, 13.125], "texture": "#0"}
			}
		},
		{
			"from": [8.64749, 3.43683, -3],
			"to": [9.64749, 4.43683, 0],
			"rotation": {"angle": 45, "axis": "z", "origin": [8.24749, 2.68683, -2]},
			"faces": {
				"north": {"uv": [2.5, 6, 3, 6.5], "texture": "#0"},
				"east": {"uv": [2, 5, 3.5, 5.5], "texture": "#0"},
				"south": {"uv": [3, 6, 3.5, 6.5], "texture": "#0"},
				"west": {"uv": [2, 5.5, 3.5, 6], "texture": "#0"},
				"up": {"uv": [7, 10, 6.5, 8.5], "texture": "#0"},
				"down": {"uv": [7.5, 8.5, 7, 10], "texture": "#0"}
			}
		},
		{
			"from": [8.89749, 3.68683, -8],
			"to": [9.39749, 4.18683, -4],
			"rotation": {"angle": 45, "axis": "z", "origin": [8.24749, 2.68683, -6]},
			"faces": {
				"north": {"uv": [2, 6.5, 2.25, 6.75], "texture": "#0"},
				"east": {"uv": [11.5, 5, 13.5, 5.25], "texture": "#0"},
				"south": {"uv": [2.5, 6.5, 2.75, 6.75], "texture": "#0"},
				"west": {"uv": [11.5, 5.5, 13.5, 5.75], "texture": "#0"},
				"up": {"uv": [7.75, 10.5, 7.5, 8.5], "texture": "#0"},
				"down": {"uv": [3.75, 12, 3.5, 14], "texture": "#0"}
			}
		}
	],
	"display": {
		"thirdperson_righthand": {
			"rotation": [90, 45, 0],
			"translation": [-0.75, -0.75, -0.75],
			"scale": [0.3, 0.3, 0.3]
		},
		"thirdperson_lefthand": {
			"rotation": [90, 45, 0],
			"translation": [-0.75, -0.25, 0.75],
			"scale": [0.3, 0.3, 0.3]
		},
		"firstperson_righthand": {
			"rotation": [0, 135, 0],
			"translation": [1, 4.75, 0],
			"scale": [0.38, 0.38, 0.38]
		},
		"firstperson_lefthand": {
			"rotation": [0, 135, 0],
			"translation": [1, 4.75, 0],
			"scale": [0.38, 0.38, 0.38]
		},
		"ground": {
			"rotation": [35, 0, 0],
			"translation": [0, 1.75, 2.75],
			"scale": [0.3, 0.3, 0.3]
		},
		"gui": {
			"rotation": [-27, 165, 29],
			"translation": [1.75, 0.5, 0],
			"scale": [0.61, 0.61, 0.61]
		},
		"head": {
			"translation": [0, 2.75, -1.75],
			"scale": [0.78, 0.75, 0.78]
		},
		"fixed": {
			"translation": [0, 5.25, 7.75],
			"scale": [1.2, 1.2, 1.2]
		}
	},
	"groups": [
		{
			"name": "group",
			"origin": [0, 0, 0],
			"color": 0,
			"children": [0, 1, 2, 3, 4, 5, 6, 7, 8, 9, 10, 11, 12, 13, 14, 15, 16, 17, 18, 19, 20, 21]
		},
		22,
		23,
		24,
		25,
		26,
		27
	]
}