{ "credit": "Made with Blockbench", "textures": { "0": "ttp/i/c/b/mzc", "1": "ttp/i/c/b/macb" }, "elements": [ { "from": [7.25069, 0, 5.49517], "to": [7.39069, 0.4, 5.65217], "rotation": {"angle": 45, "axis": "y", "origin": [6.37069, 0.2, 6.72367]}, "faces": { "south": {"uv": [14.5, 12.5, 15.5, 15.457], "texture": "#0"}, "west": {"uv": [14.5, 12.5, 15.5, 15.457], "texture": "#0"}, "up": {"uv": [14.5, 11.5, 16, 15.457], "texture": "#0"}, "down": {"uv": [14.5, 12.5, 15.5, 15.457], "texture": "#0"} } }, { "from": [8.90885, 0, 5.48415], "to": [9.04885, 0.4, 5.64115], "rotation": {"angle": -45, "axis": "y", "origin": [9.92885, 0.2, 6.71265]}, "faces": { "north": {"uv": [14.5, 12.5, 15.5, 15.457], "texture": "#0"}, "east": {"uv": [14.5, 12.5, 15.5, 15.457], "texture": "#0"}, "up": {"uv": [14.5, 11.5, 16, 15.457], "texture": "#0"}, "down": {"uv": [14.5, 12.5, 15.5, 15.457], "texture": "#0"} } }, { "from": [7.54459, 0, 3.74427], "to": [7.68459, 0.4, 3.90127], "rotation": {"angle": 45, "axis": "y", "origin": [5.66459, 0.2, 4.97277]}, "faces": { "north": {"uv": [14.5, 12.5, 15.5, 15.457], "texture": "#0"}, "west": {"uv": [14.5, 12.5, 15.5, 15.457], "texture": "#0"}, "up": {"uv": [14.5, 11.5, 16, 15.457], "texture": "#0"}, "down": {"uv": [14.5, 12.5, 15.5, 15.457], "texture": "#0"} } }, { "from": [8.60394, 0, 3.74427], "to": [8.74394, 0.4, 3.90127], "rotation": {"angle": -45, "axis": "y", "origin": [10.62394, 0.2, 4.97277]}, "faces": { "north": {"uv": [14.5, 12.5, 15.5, 15.457], "texture": "#0"}, "east": {"uv": [14.5, 12.5, 15.5, 15.457], "texture": "#0"}, "up": {"uv": [14.5, 11.5, 16, 15.457], "texture": "#0"}, "down": {"uv": [14.5, 12.5, 15.5, 15.457], "texture": "#0"} } }, { "from": [6.12426, 0, 2.77574], "to": [10.16426, 0.4, 5.23274], "faces": { "north": {"uv": [14.5, 12.5, 15.5, 15.457], "texture": "#0"}, "east": {"uv": [14.5, 12.5, 15.5, 15.457], "texture": "#0"}, "west": {"uv": [14.5, 12.5, 15.5, 15.457], "texture": "#0"}, "up": {"uv": [14.5, 11.5, 16, 15.457], "texture": "#0"} } }, { "from": [6.22426, 0, 2.67574], "to": [10.06426, 0.4, 5.33274], "faces": { "north": {"uv": [14.5, 12.5, 15.5, 15.457], "texture": "#0"}, "south": {"uv": [14.5, 12.5, 15.5, 15.457], "texture": "#0"}, "up": {"uv": [14.5, 11.5, 16, 15.457], "texture": "#0"} } }, { "from": [1.02426, -0.1, 2.27574], "to": [15.06426, 0.3, 11.73274], "faces": { "north": {"uv": [11, 14, 12.04, 15.056], "texture": "#0"}, "east": {"uv": [11, 14, 12.04, 15.056], "texture": "#0"}, "south": {"uv": [11, 14, 12.04, 15.056], "texture": "#0"}, "west": {"uv": [11, 14, 12.04, 15.056], "texture": "#0"}, "up": {"uv": [11, 14, 12.04, 15.056], "texture": "#0"}, "down": {"uv": [11, 14, 12.04, 15.056], "texture": "#0"} } }, { "from": [1.02426, -0.00335, 11.79833], "to": [15.06426, 10.05365, 12.19833], "faces": { "north": {"uv": [0, 12, 4.339, 15.757], "rotation": 180, "texture": "#0"}, "east": {"uv": [15, 0.5, 15.54, 11.056], "texture": "#0"}, "south": {"uv": [0.5, 0.5, 15.54, 11.056], "texture": "#0"}, "west": {"uv": [0.5, 0.5, 1.04, 8.556], "texture": "#0"}, "up": {"uv": [0, -0.242, 15.839, 0.514], "texture": "#0"}, "down": {"uv": [0, -0.242, 15.839, 0.514], "texture": "#0"} } }, { "from": [1.18232, 0.69692, 11.78], "to": [14.89912, 9.54936, 12.148], "faces": { "north": {"uv": [0, 0, 16, 16], "texture": "#1"}, "east": {"uv": [0, 0, 16, 16], "texture": "#1"}, "west": {"uv": [0, 0, 16, 16], "texture": "#1"}, "up": {"uv": [0, 0, 16, 16], "texture": "#1"}, "down": {"uv": [0, 0, 16, 16], "texture": "#1"} } }, { "from": [0.6, 0, 2.6], "to": [15.5, 0.3, 11.9], "faces": { "north": {"uv": [0.5, 0.5, 1.04, 8.556], "texture": "#0"}, "east": {"uv": [15, 0.5, 15.54, 11.056], "texture": "#0"}, "south": {"uv": [0, -0.242, 15.839, 0.514], "texture": "#0"}, "west": {"uv": [0.5, 0.5, 1.04, 8.556], "texture": "#0"}, "up": {"uv": [0, 12, 3.04, 14.957], "texture": "#0"}, "down": {"uv": [10.5, 12, 12.54, 14.056], "texture": "#0"} } }, { "from": [0.6, 0.42939, 11.79833], "to": [1.1, 9.72939, 12.09833], "faces": { "north": {"uv": [0, 12, 4.339, 15.757], "rotation": 180, "texture": "#0"}, "south": {"uv": [0.5, 0.5, 1.04, 8.556], "texture": "#0"}, "west": {"uv": [0.5, 0.5, 1.04, 8.556], "texture": "#0"}, "up": {"uv": [0.5, 0.5, 1.04, 8.556], "texture": "#0"} } }, { "from": [15, 0.42939, 11.79833], "to": [15.5, 9.72939, 12.09833], "faces": { "north": {"uv": [0, 12, 4.339, 15.757], "rotation": 180, "texture": "#0"}, "east": {"uv": [15, 0.5, 15.54, 11.056], "texture": "#0"}, "south": {"uv": [15, 0.5, 15.54, 11.056], "texture": "#0"}, "down": {"uv": [15, 0.5, 15.54, 11.056], "texture": "#0"} } }, { "from": [13.86979, 0.18941, 5.88995], "to": [14.48993, 0.42435, 6.70652], "faces": { "north": {"uv": [14, 7, 14.839, 9.657], "texture": "#0"}, "east": {"uv": [14, 7, 14.839, 9.657], "texture": "#0"}, "south": {"uv": [14, 7, 14.839, 9.657], "texture": "#0"}, "west": {"uv": [14, 7, 14.839, 9.657], "texture": "#0"}, "up": {"uv": [14, 7, 14.839, 9.657], "texture": "#0"} } }, { "from": [13.83905, 0.18941, 5.92068], "to": [14.52066, 0.42435, 6.67578], "faces": { "north": {"uv": [14, 7, 14.839, 9.657], "texture": "#0"}, "east": {"uv": [14, 7, 14.839, 9.657], "texture": "#0"}, "south": {"uv": [14, 7, 14.839, 9.657], "texture": "#0"}, "west": {"uv": [14, 7, 14.839, 9.657], "texture": "#0"}, "up": {"uv": [14, 7, 14.839, 9.657], "texture": "#0"} } }, { "from": [4.76979, 0.18941, 5.88995], "to": [5.68993, 0.42435, 6.70652], "faces": { "north": {"uv": [14, 7, 14.839, 9.657], "texture": "#0"}, "east": {"uv": [14, 7, 14.839, 9.657], "texture": "#0"}, "south": {"uv": [14, 7, 14.839, 9.657], "texture": "#0"}, "west": {"uv": [14, 7, 14.839, 9.657], "texture": "#0"}, "up": {"uv": [14, 7, 14.839, 9.657], "texture": "#0"} } }, { "from": [4.73905, 0.18941, 5.92068], "to": [5.72066, 0.42435, 6.67578], "faces": { "north": {"uv": [14, 7, 14.839, 9.657], "texture": "#0"}, "east": {"uv": [14, 7, 14.839, 9.657], "texture": "#0"}, "south": {"uv": [14, 7, 14.839, 9.657], "texture": "#0"}, "west": {"uv": [14, 7, 14.839, 9.657], "texture": "#0"}, "up": {"uv": [14, 7, 14.839, 9.657], "texture": "#0"} } }, { "from": [13.26979, 0.18941, 7.88995], "to": [14.48993, 0.42435, 8.70652], "faces": { "north": {"uv": [12.5, 8, 13.339, 8.657], "texture": "#0"}, "east": {"uv": [12.5, 8, 13.339, 8.657], "texture": "#0"}, "south": {"uv": [12.5, 8, 13.339, 8.657], "texture": "#0"}, "west": {"uv": [12.5, 8, 13.339, 8.657], "texture": "#0"}, "up": {"uv": [12.5, 8, 13.339, 8.657], "texture": "#0"} } }, { "from": [13.66979, 0.18941, 8.88995], "to": [14.48993, 0.42435, 9.70652], "faces": { "north": {"uv": [11, 9.5, 12.339, 10.157], "texture": "#0"}, "east": {"uv": [11, 9.5, 12.339, 10.157], "texture": "#0"}, "south": {"uv": [11, 9.5, 12.339, 10.157], "texture": "#0"}, "west": {"uv": [11, 9.5, 12.339, 10.157], "texture": "#0"}, "up": {"uv": [11, 9.5, 12.339, 10.157], "texture": "#0"} } }, { "from": [13.23905, 0.18941, 7.92068], "to": [14.52066, 0.42435, 8.67578], "faces": { "north": {"uv": [12.5, 8, 13.339, 8.657], "texture": "#0"}, "east": {"uv": [12.5, 8, 13.339, 8.657], "texture": "#0"}, "south": {"uv": [12.5, 8, 13.339, 8.657], "texture": "#0"}, "west": {"uv": [12.5, 8, 13.339, 8.657], "texture": "#0"}, "up": {"uv": [12.5, 8, 13.339, 8.657], "texture": "#0"} } }, { "from": [13.63905, 0.18941, 8.92068], "to": [14.52066, 0.42435, 9.67578], "faces": { "north": {"uv": [11, 9.5, 12.339, 10.157], "texture": "#0"}, "east": {"uv": [11, 9.5, 12.339, 10.157], "texture": "#0"}, "south": {"uv": [11, 9.5, 12.339, 10.157], "texture": "#0"}, "west": {"uv": [11, 9.5, 12.339, 10.157], "texture": "#0"}, "up": {"uv": [11, 9.5, 12.339, 10.157], "texture": "#0"} } }, { "from": [12.96979, 0.18941, 6.88995], "to": [14.48993, 0.42435, 7.70652], "faces": { "north": {"uv": [12.5, 9.5, 13.339, 11.157], "texture": "#0"}, "east": {"uv": [12.5, 9.5, 13.339, 11.157], "texture": "#0"}, "south": {"uv": [12.5, 9.5, 13.339, 11.157], "texture": "#0"}, "west": {"uv": [12.5, 9.5, 13.339, 11.157], "texture": "#0"}, "up": {"uv": [13.5, 7.5, 14.339, 9.157], "texture": "#0"} } }, { "from": [12.93905, 0.18941, 6.92068], "to": [14.52066, 0.42435, 7.67578], "faces": { "north": {"uv": [12.5, 9.5, 13.339, 11.157], "texture": "#0"}, "east": {"uv": [12.5, 9.5, 13.339, 11.157], "texture": "#0"}, "south": {"uv": [12.5, 9.5, 13.339, 11.157], "texture": "#0"}, "west": {"uv": [12.5, 9.5, 13.339, 11.157], "texture": "#0"}, "up": {"uv": [13.5, 7.5, 14.339, 9.157], "texture": "#0"} } }, { "from": [1.56979, 0.18941, 7.88995], "to": [3.08993, 0.42435, 8.70652], "faces": { "north": {"uv": [12.5, 8, 13.339, 8.657], "texture": "#0"}, "east": {"uv": [12.5, 8, 13.339, 8.657], "texture": "#0"}, "south": {"uv": [12.5, 8, 13.339, 8.657], "texture": "#0"}, "west": {"uv": [12.5, 8, 13.339, 8.657], "texture": "#0"}, "up": {"uv": [12.5, 8, 13.339, 8.657], "texture": "#0"} } }, { "from": [1.53905, 0.18941, 7.92068], "to": [3.12066, 0.42435, 8.67578], "faces": { "north": {"uv": [12.5, 8, 13.339, 8.657], "texture": "#0"}, "east": {"uv": [12.5, 8, 13.339, 8.657], "texture": "#0"}, "south": {"uv": [12.5, 8, 13.339, 8.657], "texture": "#0"}, "west": {"uv": [12.5, 8, 13.339, 8.657], "texture": "#0"}, "up": {"uv": [12.5, 8, 13.339, 8.657], "texture": "#0"} } }, { "from": [1.46979, 0.18941, 6.88995], "to": [3.68993, 0.42435, 7.70652], "faces": { "north": {"uv": [12.5, 9.5, 13.339, 11.157], "texture": "#0"}, "east": {"uv": [12.5, 9.5, 13.339, 11.157], "texture": "#0"}, "south": {"uv": [12.5, 9.5, 13.339, 11.157], "texture": "#0"}, "west": {"uv": [12.5, 9.5, 13.339, 11.157], "texture": "#0"}, "up": {"uv": [13.5, 7.5, 14.339, 9.157], "texture": "#0"} } }, { "from": [1.43905, 0.18941, 6.92068], "to": [3.72066, 0.42435, 7.67578], "faces": { "north": {"uv": [12.5, 9.5, 13.339, 11.157], "texture": "#0"}, "east": {"uv": [12.5, 9.5, 13.339, 11.157], "texture": "#0"}, "south": {"uv": [12.5, 9.5, 13.339, 11.157], "texture": "#0"}, "west": {"uv": [12.5, 9.5, 13.339, 11.157], "texture": "#0"}, "up": {"uv": [13.5, 7.5, 14.339, 9.157], "texture": "#0"} } }, { "from": [12.96979, 0.18941, 5.88995], "to": [13.58993, 0.42435, 6.70652], "faces": { "north": {"uv": [14, 7, 14.839, 9.657], "texture": "#0"}, "east": {"uv": [14, 7, 14.839, 9.657], "texture": "#0"}, "south": {"uv": [14, 7, 14.839, 9.657], "texture": "#0"}, "west": {"uv": [14, 7, 14.839, 9.657], "texture": "#0"}, "up": {"uv": [14, 7, 14.839, 9.657], "texture": "#0"} } }, { "from": [3.86979, 0.18941, 5.88995], "to": [4.48993, 0.42435, 6.70652], "faces": { "north": {"uv": [14, 7, 14.839, 9.657], "texture": "#0"}, "east": {"uv": [14, 7, 14.839, 9.657], "texture": "#0"}, "south": {"uv": [14, 7, 14.839, 9.657], "texture": "#0"}, "west": {"uv": [14, 7, 14.839, 9.657], "texture": "#0"}, "up": {"uv": [14, 7, 14.839, 9.657], "texture": "#0"} } }, { "from": [12.93905, 0.18941, 5.92068], "to": [13.62066, 0.42435, 6.67578], "faces": { "north": {"uv": [14, 7, 14.839, 9.657], "texture": "#0"}, "east": {"uv": [14, 7, 14.839, 9.657], "texture": "#0"}, "south": {"uv": [14, 7, 14.839, 9.657], "texture": "#0"}, "west": {"uv": [14, 7, 14.839, 9.657], "texture": "#0"}, "up": {"uv": [14, 7, 14.839, 9.657], "texture": "#0"} } }, { "from": [3.83905, 0.18941, 5.92068], "to": [4.52066, 0.42435, 6.67578], "faces": { "north": {"uv": [14, 7, 14.839, 9.657], "texture": "#0"}, "east": {"uv": [14, 7, 14.839, 9.657], "texture": "#0"}, "south": {"uv": [14, 7, 14.839, 9.657], "texture": "#0"}, "west": {"uv": [14, 7, 14.839, 9.657], "texture": "#0"}, "up": {"uv": [14, 7, 14.839, 9.657], "texture": "#0"} } }, { "from": [12.06979, 0.18941, 5.88995], "to": [12.68993, 0.42435, 6.70652], "faces": { "north": {"uv": [14, 7, 14.839, 9.657], "texture": "#0"}, "east": {"uv": [14, 7, 14.839, 9.657], "texture": "#0"}, "south": {"uv": [14, 7, 14.839, 9.657], "texture": "#0"}, "west": {"uv": [14, 7, 14.839, 9.657], "texture": "#0"}, "up": {"uv": [14, 7, 14.839, 9.657], "texture": "#0"} } }, { "from": [12.03905, 0.18941, 5.92068], "to": [12.72066, 0.42435, 6.67578], "faces": { "north": {"uv": [14, 7, 14.839, 9.657], "texture": "#0"}, "east": {"uv": [14, 7, 14.839, 9.657], "texture": "#0"}, "south": {"uv": [14, 7, 14.839, 9.657], "texture": "#0"}, "west": {"uv": [14, 7, 14.839, 9.657], "texture": "#0"}, "up": {"uv": [14, 7, 14.839, 9.657], "texture": "#0"} } }, { "from": [2.96979, 0.18941, 5.88995], "to": [3.58993, 0.42435, 6.20652], "faces": { "north": {"uv": [14, 7, 14.839, 9.657], "texture": "#0"}, "east": {"uv": [14, 7, 14.839, 9.657], "texture": "#0"}, "south": {"uv": [14, 7, 14.839, 9.657], "texture": "#0"}, "west": {"uv": [14, 7, 14.839, 9.657], "texture": "#0"}, "up": {"uv": [14, 7, 14.839, 9.657], "texture": "#0"} } }, { "from": [2.93905, 0.18941, 5.92068], "to": [3.62066, 0.42435, 6.17578], "faces": { "north": {"uv": [14, 7, 14.839, 9.657], "texture": "#0"}, "east": {"uv": [14, 7, 14.839, 9.657], "texture": "#0"}, "south": {"uv": [14, 7, 14.839, 9.657], "texture": "#0"}, "west": {"uv": [14, 7, 14.839, 9.657], "texture": "#0"}, "up": {"uv": [14, 7, 14.839, 9.657], "texture": "#0"} } }, { "from": [2.16979, 0.18941, 6.28995], "to": [2.78993, 0.42435, 6.60652], "faces": { "north": {"uv": [14, 7, 14.839, 9.657], "texture": "#0"}, "east": {"uv": [14, 7, 14.839, 9.657], "texture": "#0"}, "south": {"uv": [14, 7, 14.839, 9.657], "texture": "#0"}, "west": {"uv": [14, 7, 14.839, 9.657], "texture": "#0"}, "up": {"uv": [14, 7, 14.839, 9.657], "texture": "#0"} } }, { "from": [2.13905, 0.18941, 6.32068], "to": [2.82066, 0.42435, 6.57578], "faces": { "north": {"uv": [14, 7, 14.839, 9.657], "texture": "#0"}, "east": {"uv": [14, 7, 14.839, 9.657], "texture": "#0"}, "south": {"uv": [14, 7, 14.839, 9.657], "texture": "#0"}, "west": {"uv": [14, 7, 14.839, 9.657], "texture": "#0"}, "up": {"uv": [14, 7, 14.839, 9.657], "texture": "#0"} } }, { "from": [2.16979, 0.18941, 5.88995], "to": [2.78993, 0.42435, 6.20652], "faces": { "north": {"uv": [14, 7, 14.839, 9.657], "texture": "#0"}, "east": {"uv": [14, 7, 14.839, 9.657], "texture": "#0"}, "south": {"uv": [14, 7, 14.839, 9.657], "texture": "#0"}, "west": {"uv": [14, 7, 14.839, 9.657], "texture": "#0"}, "up": {"uv": [14, 7, 14.839, 9.657], "texture": "#0"} } }, { "from": [2.13905, 0.18941, 5.92068], "to": [2.82066, 0.42435, 6.17578], "faces": { "north": {"uv": [14, 7, 14.839, 9.657], "texture": "#0"}, "east": {"uv": [14, 7, 14.839, 9.657], "texture": "#0"}, "south": {"uv": [14, 7, 14.839, 9.657], "texture": "#0"}, "west": {"uv": [14, 7, 14.839, 9.657], "texture": "#0"}, "up": {"uv": [14, 7, 14.839, 9.657], "texture": "#0"} } }, { "from": [1.36979, 0.18941, 5.88995], "to": [1.98993, 0.42435, 6.20652], "faces": { "north": {"uv": [14, 7, 14.839, 9.657], "texture": "#0"}, "east": {"uv": [14, 7, 14.839, 9.657], "texture": "#0"}, "south": {"uv": [14, 7, 14.839, 9.657], "texture": "#0"}, "west": {"uv": [14, 7, 14.839, 9.657], "texture": "#0"}, "up": {"uv": [14, 7, 14.839, 9.657], "texture": "#0"} } }, { "from": [1.33905, 0.18941, 5.92068], "to": [2.02066, 0.42435, 6.17578], "faces": { "north": {"uv": [14, 7, 14.839, 9.657], "texture": "#0"}, "east": {"uv": [14, 7, 14.839, 9.657], "texture": "#0"}, "south": {"uv": [14, 7, 14.839, 9.657], "texture": "#0"}, "west": {"uv": [14, 7, 14.839, 9.657], "texture": "#0"}, "up": {"uv": [14, 7, 14.839, 9.657], "texture": "#0"} } }, { "from": [1.36979, 0.18941, 10.88995], "to": [1.98993, 0.42435, 11.20652], "faces": { "north": {"uv": [14.5, 14, 15.339, 14.657], "texture": "#0"}, "east": {"uv": [14.5, 14, 15.339, 14.657], "texture": "#0"}, "south": {"uv": [14.5, 14, 15.339, 14.657], "texture": "#0"}, "west": {"uv": [14.5, 14, 15.339, 14.657], "texture": "#0"}, "up": {"uv": [14.5, 14, 15.339, 14.657], "texture": "#0"} } }, { "from": [1.33905, 0.18941, 10.92068], "to": [2.02066, 0.42435, 11.17578], "faces": { "north": {"uv": [14.5, 14, 15.339, 14.657], "texture": "#0"}, "east": {"uv": [14.5, 14, 15.339, 14.657], "texture": "#0"}, "south": {"uv": [14.5, 14, 15.339, 14.657], "texture": "#0"}, "west": {"uv": [14.5, 14, 15.339, 14.657], "texture": "#0"}, "up": {"uv": [14.5, 14, 15.339, 14.657], "texture": "#0"} } }, { "from": [2.26979, 0.18941, 10.88995], "to": [2.88993, 0.42435, 11.20652], "faces": { "north": {"uv": [14.5, 14, 15.339, 14.657], "texture": "#0"}, "east": {"uv": [14.5, 14, 15.339, 14.657], "texture": "#0"}, "south": {"uv": [14.5, 14, 15.339, 14.657], "texture": "#0"}, "west": {"uv": [14.5, 14, 15.339, 14.657], "texture": "#0"}, "up": {"uv": [14.5, 14, 15.339, 14.657], "texture": "#0"} } }, { "from": [2.23905, 0.18941, 10.92068], "to": [2.92066, 0.42435, 11.17578], "faces": { "north": {"uv": [14.5, 14, 15.339, 14.657], "texture": "#0"}, "east": {"uv": [14.5, 14, 15.339, 14.657], "texture": "#0"}, "south": {"uv": [14.5, 14, 15.339, 14.657], "texture": "#0"}, "west": {"uv": [14.5, 14, 15.339, 14.657], "texture": "#0"}, "up": {"uv": [14.5, 14, 15.339, 14.657], "texture": "#0"} } }, { "from": [3.16979, 0.18941, 10.88995], "to": [3.78993, 0.42435, 11.20652], "faces": { "north": {"uv": [14.5, 14, 15.339, 14.657], "texture": "#0"}, "east": {"uv": [14.5, 14, 15.339, 14.657], "texture": "#0"}, "south": {"uv": [14.5, 14, 15.339, 14.657], "texture": "#0"}, "west": {"uv": [14.5, 14, 15.339, 14.657], "texture": "#0"}, "up": {"uv": [14.5, 14, 15.339, 14.657], "texture": "#0"} } }, { "from": [3.13905, 0.18941, 10.92068], "to": [3.82066, 0.42435, 11.17578], "faces": { "north": {"uv": [14.5, 14, 15.339, 14.657], "texture": "#0"}, "east": {"uv": [14.5, 14, 15.339, 14.657], "texture": "#0"}, "south": {"uv": [14.5, 14, 15.339, 14.657], "texture": "#0"}, "west": {"uv": [14.5, 14, 15.339, 14.657], "texture": "#0"}, "up": {"uv": [14.5, 14, 15.339, 14.657], "texture": "#0"} } }, { "from": [4.06979, 0.18941, 10.88995], "to": [4.68993, 0.42435, 11.20652], "faces": { "north": {"uv": [14.5, 14, 15.339, 14.657], "texture": "#0"}, "east": {"uv": [14.5, 14, 15.339, 14.657], "texture": "#0"}, "south": {"uv": [14.5, 14, 15.339, 14.657], "texture": "#0"}, "west": {"uv": [14.5, 14, 15.339, 14.657], "texture": "#0"}, "up": {"uv": [14.5, 14, 15.339, 14.657], "texture": "#0"} } }, { "from": [4.03905, 0.18941, 10.92068], "to": [4.72066, 0.42435, 11.17578], "faces": { "north": {"uv": [14.5, 14, 15.339, 14.657], "texture": "#0"}, "east": {"uv": [14.5, 14, 15.339, 14.657], "texture": "#0"}, "south": {"uv": [14.5, 14, 15.339, 14.657], "texture": "#0"}, "west": {"uv": [14.5, 14, 15.339, 14.657], "texture": "#0"}, "up": {"uv": [14.5, 14, 15.339, 14.657], "texture": "#0"} } }, { "from": [4.96979, 0.18941, 10.88995], "to": [5.58993, 0.42435, 11.20652], "faces": { "north": {"uv": [14.5, 14, 15.339, 14.657], "texture": "#0"}, "east": {"uv": [14.5, 14, 15.339, 14.657], "texture": "#0"}, "south": {"uv": [14.5, 14, 15.339, 14.657], "texture": "#0"}, "west": {"uv": [14.5, 14, 15.339, 14.657], "texture": "#0"}, "up": {"uv": [14.5, 14, 15.339, 14.657], "texture": "#0"} } }, { "from": [4.93905, 0.18941, 10.92068], "to": [5.62066, 0.42435, 11.17578], "faces": { "north": {"uv": [14.5, 14, 15.339, 14.657], "texture": "#0"}, "east": {"uv": [14.5, 14, 15.339, 14.657], "texture": "#0"}, "south": {"uv": [14.5, 14, 15.339, 14.657], "texture": "#0"}, "west": {"uv": [14.5, 14, 15.339, 14.657], "texture": "#0"}, "up": {"uv": [14.5, 14, 15.339, 14.657], "texture": "#0"} } }, { "from": [5.86979, 0.18941, 10.88995], "to": [6.48993, 0.42435, 11.20652], "faces": { "north": {"uv": [14.5, 14, 15.339, 14.657], "texture": "#0"}, "east": {"uv": [14.5, 14, 15.339, 14.657], "texture": "#0"}, "south": {"uv": [14.5, 14, 15.339, 14.657], "texture": "#0"}, "west": {"uv": [14.5, 14, 15.339, 14.657], "texture": "#0"}, "up": {"uv": [14.5, 14, 15.339, 14.657], "texture": "#0"} } }, { "from": [5.83905, 0.18941, 10.92068], "to": [6.52066, 0.42435, 11.17578], "faces": { "north": {"uv": [14.5, 14, 15.339, 14.657], "texture": "#0"}, "east": {"uv": [14.5, 14, 15.339, 14.657], "texture": "#0"}, "south": {"uv": [14.5, 14, 15.339, 14.657], "texture": "#0"}, "west": {"uv": [14.5, 14, 15.339, 14.657], "texture": "#0"}, "up": {"uv": [14.5, 14, 15.339, 14.657], "texture": "#0"} } }, { "from": [6.76979, 0.18941, 10.88995], "to": [7.38993, 0.42435, 11.20652], "faces": { "north": {"uv": [14.5, 14, 15.339, 14.657], "texture": "#0"}, "east": {"uv": [14.5, 14, 15.339, 14.657], "texture": "#0"}, "south": {"uv": [14.5, 14, 15.339, 14.657], "texture": "#0"}, "west": {"uv": [14.5, 14, 15.339, 14.657], "texture": "#0"}, "up": {"uv": [14.5, 14, 15.339, 14.657], "texture": "#0"} } }, { "from": [6.73905, 0.18941, 10.92068], "to": [7.42066, 0.42435, 11.17578], "faces": { "north": {"uv": [14.5, 14, 15.339, 14.657], "texture": "#0"}, "east": {"uv": [14.5, 14, 15.339, 14.657], "texture": "#0"}, "south": {"uv": [14.5, 14, 15.339, 14.657], "texture": "#0"}, "west": {"uv": [14.5, 14, 15.339, 14.657], "texture": "#0"}, "up": {"uv": [14.5, 14, 15.339, 14.657], "texture": "#0"} } }, { "from": [7.66979, 0.18941, 10.88995], "to": [8.28993, 0.42435, 11.20652], "faces": { "north": {"uv": [14.5, 14, 15.339, 14.657], "texture": "#0"}, "east": {"uv": [14.5, 14, 15.339, 14.657], "texture": "#0"}, "south": {"uv": [14.5, 14, 15.339, 14.657], "texture": "#0"}, "west": {"uv": [14.5, 14, 15.339, 14.657], "texture": "#0"}, "up": {"uv": [14.5, 14, 15.339, 14.657], "texture": "#0"} } }, { "from": [7.63905, 0.18941, 10.92068], "to": [8.32066, 0.42435, 11.17578], "faces": { "north": {"uv": [14.5, 14, 15.339, 14.657], "texture": "#0"}, "east": {"uv": [14.5, 14, 15.339, 14.657], "texture": "#0"}, "south": {"uv": [14.5, 14, 15.339, 14.657], "texture": "#0"}, "west": {"uv": [14.5, 14, 15.339, 14.657], "texture": "#0"}, "up": {"uv": [14.5, 14, 15.339, 14.657], "texture": "#0"} } }, { "from": [8.56979, 0.18941, 10.88995], "to": [9.18993, 0.42435, 11.20652], "faces": { "north": {"uv": [14.5, 14, 15.339, 14.657], "texture": "#0"}, "east": {"uv": [14.5, 14, 15.339, 14.657], "texture": "#0"}, "south": {"uv": [14.5, 14, 15.339, 14.657], "texture": "#0"}, "west": {"uv": [14.5, 14, 15.339, 14.657], "texture": "#0"}, "up": {"uv": [14.5, 14, 15.339, 14.657], "texture": "#0"} } }, { "from": [8.53905, 0.18941, 10.92068], "to": [9.22066, 0.42435, 11.17578], "faces": { "north": {"uv": [14.5, 14, 15.339, 14.657], "texture": "#0"}, "east": {"uv": [14.5, 14, 15.339, 14.657], "texture": "#0"}, "south": {"uv": [14.5, 14, 15.339, 14.657], "texture": "#0"}, "west": {"uv": [14.5, 14, 15.339, 14.657], "texture": "#0"}, "up": {"uv": [14.5, 14, 15.339, 14.657], "texture": "#0"} } }, { "from": [9.46979, 0.18941, 10.88995], "to": [10.08993, 0.42435, 11.20652], "faces": { "north": {"uv": [14.5, 14, 15.339, 14.657], "texture": "#0"}, "east": {"uv": [14.5, 14, 15.339, 14.657], "texture": "#0"}, "south": {"uv": [14.5, 14, 15.339, 14.657], "texture": "#0"}, "west": {"uv": [14.5, 14, 15.339, 14.657], "texture": "#0"}, "up": {"uv": [14.5, 14, 15.339, 14.657], "texture": "#0"} } }, { "from": [9.43905, 0.18941, 10.92068], "to": [10.12066, 0.42435, 11.17578], "faces": { "north": {"uv": [14.5, 14, 15.339, 14.657], "texture": "#0"}, "east": {"uv": [14.5, 14, 15.339, 14.657], "texture": "#0"}, "south": {"uv": [14.5, 14, 15.339, 14.657], "texture": "#0"}, "west": {"uv": [14.5, 14, 15.339, 14.657], "texture": "#0"}, "up": {"uv": [14.5, 14, 15.339, 14.657], "texture": "#0"} } }, { "from": [10.36979, 0.18941, 10.88995], "to": [10.98993, 0.42435, 11.20652], "faces": { "north": {"uv": [14.5, 14, 15.339, 14.657], "texture": "#0"}, "east": {"uv": [14.5, 14, 15.339, 14.657], "texture": "#0"}, "south": {"uv": [14.5, 14, 15.339, 14.657], "texture": "#0"}, "west": {"uv": [14.5, 14, 15.339, 14.657], "texture": "#0"}, "up": {"uv": [14.5, 14, 15.339, 14.657], "texture": "#0"} } }, { "from": [10.33905, 0.18941, 10.92068], "to": [11.02066, 0.42435, 11.17578], "faces": { "north": {"uv": [14.5, 14, 15.339, 14.657], "texture": "#0"}, "east": {"uv": [14.5, 14, 15.339, 14.657], "texture": "#0"}, "south": {"uv": [14.5, 14, 15.339, 14.657], "texture": "#0"}, "west": {"uv": [14.5, 14, 15.339, 14.657], "texture": "#0"}, "up": {"uv": [14.5, 14, 15.339, 14.657], "texture": "#0"} } }, { "from": [11.26979, 0.18941, 10.88995], "to": [11.88993, 0.42435, 11.20652], "faces": { "north": {"uv": [14.5, 14, 15.339, 14.657], "texture": "#0"}, "east": {"uv": [14.5, 14, 15.339, 14.657], "texture": "#0"}, "south": {"uv": [14.5, 14, 15.339, 14.657], "texture": "#0"}, "west": {"uv": [14.5, 14, 15.339, 14.657], "texture": "#0"}, "up": {"uv": [14.5, 14, 15.339, 14.657], "texture": "#0"} } }, { "from": [11.23905, 0.18941, 10.92068], "to": [11.92066, 0.42435, 11.17578], "faces": { "north": {"uv": [14.5, 14, 15.339, 14.657], "texture": "#0"}, "east": {"uv": [14.5, 14, 15.339, 14.657], "texture": "#0"}, "south": {"uv": [14.5, 14, 15.339, 14.657], "texture": "#0"}, "west": {"uv": [14.5, 14, 15.339, 14.657], "texture": "#0"}, "up": {"uv": [14.5, 14, 15.339, 14.657], "texture": "#0"} } }, { "from": [12.16979, 0.18941, 10.88995], "to": [12.78993, 0.42435, 11.20652], "faces": { "north": {"uv": [14.5, 14, 15.339, 14.657], "texture": "#0"}, "east": {"uv": [14.5, 14, 15.339, 14.657], "texture": "#0"}, "south": {"uv": [14.5, 14, 15.339, 14.657], "texture": "#0"}, "west": {"uv": [14.5, 14, 15.339, 14.657], "texture": "#0"}, "up": {"uv": [14.5, 14, 15.339, 14.657], "texture": "#0"} } }, { "from": [12.13905, 0.18941, 10.92068], "to": [12.82066, 0.42435, 11.17578], "faces": { "north": {"uv": [14.5, 14, 15.339, 14.657], "texture": "#0"}, "east": {"uv": [14.5, 14, 15.339, 14.657], "texture": "#0"}, "south": {"uv": [14.5, 14, 15.339, 14.657], "texture": "#0"}, "west": {"uv": [14.5, 14, 15.339, 14.657], "texture": "#0"}, "up": {"uv": [14.5, 14, 15.339, 14.657], "texture": "#0"} } }, { "from": [13.06979, 0.18941, 10.88995], "to": [13.68993, 0.42435, 11.20652], "faces": { "north": {"uv": [14.5, 14, 15.339, 14.657], "texture": "#0"}, "east": {"uv": [14.5, 14, 15.339, 14.657], "texture": "#0"}, "south": {"uv": [14.5, 14, 15.339, 14.657], "texture": "#0"}, "west": {"uv": [14.5, 14, 15.339, 14.657], "texture": "#0"}, "up": {"uv": [14.5, 14, 15.339, 14.657], "texture": "#0"} } }, { "from": [13.03905, 0.18941, 10.92068], "to": [13.72066, 0.42435, 11.17578], "faces": { "north": {"uv": [14.5, 14, 15.339, 14.657], "texture": "#0"}, "east": {"uv": [14.5, 14, 15.339, 14.657], "texture": "#0"}, "south": {"uv": [14.5, 14, 15.339, 14.657], "texture": "#0"}, "west": {"uv": [14.5, 14, 15.339, 14.657], "texture": "#0"}, "up": {"uv": [14.5, 14, 15.339, 14.657], "texture": "#0"} } }, { "from": [13.86979, 0.18941, 10.88995], "to": [14.48993, 0.42435, 11.20652], "faces": { "north": {"uv": [14.5, 14, 15.339, 14.657], "texture": "#0"}, "east": {"uv": [14.5, 14, 15.339, 14.657], "texture": "#0"}, "south": {"uv": [14.5, 14, 15.339, 14.657], "texture": "#0"}, "west": {"uv": [14.5, 14, 15.339, 14.657], "texture": "#0"}, "up": {"uv": [14.5, 14, 15.339, 14.657], "texture": "#0"} } }, { "from": [13.83905, 0.18941, 10.92068], "to": [14.52066, 0.42435, 11.17578], "faces": { "north": {"uv": [14.5, 14, 15.339, 14.657], "texture": "#0"}, "east": {"uv": [14.5, 14, 15.339, 14.657], "texture": "#0"}, "south": {"uv": [14.5, 14, 15.339, 14.657], "texture": "#0"}, "west": {"uv": [14.5, 14, 15.339, 14.657], "texture": "#0"}, "up": {"uv": [14.5, 14, 15.339, 14.657], "texture": "#0"} } }, { "from": [11.16979, 0.18941, 5.88995], "to": [11.78993, 0.42435, 6.70652], "faces": { "north": {"uv": [14, 7, 14.839, 9.657], "texture": "#0"}, "east": {"uv": [14, 7, 14.839, 9.657], "texture": "#0"}, "south": {"uv": [14, 7, 14.839, 9.657], "texture": "#0"}, "west": {"uv": [14, 7, 14.839, 9.657], "texture": "#0"}, "up": {"uv": [14, 7, 14.839, 9.657], "texture": "#0"} } }, { "from": [11.13905, 0.18941, 5.92068], "to": [11.82066, 0.42435, 6.67578], "faces": { "north": {"uv": [14, 7, 14.839, 9.657], "texture": "#0"}, "east": {"uv": [14, 7, 14.839, 9.657], "texture": "#0"}, "south": {"uv": [14, 7, 14.839, 9.657], "texture": "#0"}, "west": {"uv": [14, 7, 14.839, 9.657], "texture": "#0"}, "up": {"uv": [14, 7, 14.839, 9.657], "texture": "#0"} } }, { "from": [12.06979, 0.18941, 6.88995], "to": [12.68993, 0.42435, 7.70652], "faces": { "north": {"uv": [12.5, 9.5, 13.339, 11.157], "texture": "#0"}, "east": {"uv": [12.5, 9.5, 13.339, 11.157], "texture": "#0"}, "south": {"uv": [12.5, 9.5, 13.339, 11.157], "texture": "#0"}, "west": {"uv": [12.5, 9.5, 13.339, 11.157], "texture": "#0"}, "up": {"uv": [13.5, 7.5, 14.339, 9.157], "texture": "#0"} } }, { "from": [11.46979, 0.18941, 7.88995], "to": [12.08993, 0.42435, 8.70652], "faces": { "north": {"uv": [12.5, 8, 13.339, 8.657], "texture": "#0"}, "east": {"uv": [12.5, 8, 13.339, 8.657], "texture": "#0"}, "south": {"uv": [12.5, 8, 13.339, 8.657], "texture": "#0"}, "west": {"uv": [12.5, 8, 13.339, 8.657], "texture": "#0"}, "up": {"uv": [12.5, 8, 13.339, 8.657], "texture": "#0"} } }, { "from": [11.96979, 0.18941, 9.88995], "to": [12.58993, 0.42435, 10.70652], "faces": { "north": {"uv": [10, 10, 10.839, 10.657], "texture": "#0"}, "east": {"uv": [10, 10, 10.839, 10.657], "texture": "#0"}, "south": {"uv": [10, 10, 10.839, 10.657], "texture": "#0"}, "west": {"uv": [10, 10, 10.839, 10.657], "texture": "#0"}, "up": {"uv": [10, 10, 10.839, 10.657], "texture": "#0"} } }, { "from": [12.36979, 0.18941, 7.88995], "to": [12.98993, 0.42435, 8.70652], "faces": { "north": {"uv": [12.5, 8, 13.339, 8.657], "texture": "#0"}, "east": {"uv": [12.5, 8, 13.339, 8.657], "texture": "#0"}, "south": {"uv": [12.5, 8, 13.339, 8.657], "texture": "#0"}, "west": {"uv": [12.5, 8, 13.339, 8.657], "texture": "#0"}, "up": {"uv": [12.5, 8, 13.339, 8.657], "texture": "#0"} } }, { "from": [12.86979, 0.18941, 9.88995], "to": [13.48993, 0.42435, 10.70652], "faces": { "north": {"uv": [10, 10, 10.839, 10.657], "texture": "#0"}, "east": {"uv": [10, 10, 10.839, 10.657], "texture": "#0"}, "south": {"uv": [10, 10, 10.839, 10.657], "texture": "#0"}, "west": {"uv": [10, 10, 10.839, 10.657], "texture": "#0"}, "up": {"uv": [10, 10, 10.839, 10.657], "texture": "#0"} } }, { "from": [10.26979, 0.18941, 6.88995], "to": [10.88993, 0.42435, 7.70652], "faces": { "north": {"uv": [12.5, 9.5, 13.339, 11.157], "texture": "#0"}, "east": {"uv": [12.5, 9.5, 13.339, 11.157], "texture": "#0"}, "south": {"uv": [12.5, 9.5, 13.339, 11.157], "texture": "#0"}, "west": {"uv": [12.5, 9.5, 13.339, 11.157], "texture": "#0"}, "up": {"uv": [13.5, 7.5, 14.339, 9.157], "texture": "#0"} } }, { "from": [9.66979, 0.18941, 7.88995], "to": [10.28993, 0.42435, 8.70652], "faces": { "north": {"uv": [12.5, 8, 13.339, 8.657], "texture": "#0"}, "east": {"uv": [12.5, 8, 13.339, 8.657], "texture": "#0"}, "south": {"uv": [12.5, 8, 13.339, 8.657], "texture": "#0"}, "west": {"uv": [12.5, 8, 13.339, 8.657], "texture": "#0"}, "up": {"uv": [12.5, 8, 13.339, 8.657], "texture": "#0"} } }, { "from": [10.16979, 0.18941, 9.88995], "to": [10.78993, 0.42435, 10.70652], "faces": { "north": {"uv": [10, 10, 10.839, 10.657], "texture": "#0"}, "east": {"uv": [10, 10, 10.839, 10.657], "texture": "#0"}, "south": {"uv": [10, 10, 10.839, 10.657], "texture": "#0"}, "west": {"uv": [10, 10, 10.839, 10.657], "texture": "#0"}, "up": {"uv": [10, 10, 10.839, 10.657], "texture": "#0"} } }, { "from": [8.46979, 0.18941, 6.88995], "to": [9.08993, 0.42435, 7.70652], "faces": { "north": {"uv": [12.5, 9.5, 13.339, 11.157], "texture": "#0"}, "east": {"uv": [12.5, 9.5, 13.339, 11.157], "texture": "#0"}, "south": {"uv": [12.5, 9.5, 13.339, 11.157], "texture": "#0"}, "west": {"uv": [12.5, 9.5, 13.339, 11.157], "texture": "#0"}, "up": {"uv": [13.5, 7.5, 14.339, 9.157], "texture": "#0"} } }, { "from": [7.86979, 0.18941, 7.88995], "to": [8.48993, 0.42435, 8.70652], "faces": { "north": {"uv": [12.5, 8, 13.339, 8.657], "texture": "#0"}, "east": {"uv": [12.5, 8, 13.339, 8.657], "texture": "#0"}, "south": {"uv": [12.5, 8, 13.339, 8.657], "texture": "#0"}, "west": {"uv": [12.5, 8, 13.339, 8.657], "texture": "#0"}, "up": {"uv": [12.5, 8, 13.339, 8.657], "texture": "#0"} } }, { "from": [8.36979, 0.18941, 9.88995], "to": [8.98993, 0.42435, 10.70652], "faces": { "north": {"uv": [10, 10, 10.839, 10.657], "texture": "#0"}, "east": {"uv": [10, 10, 10.839, 10.657], "texture": "#0"}, "south": {"uv": [10, 10, 10.839, 10.657], "texture": "#0"}, "west": {"uv": [10, 10, 10.839, 10.657], "texture": "#0"}, "up": {"uv": [10, 10, 10.839, 10.657], "texture": "#0"} } }, { "from": [6.66979, 0.18941, 6.88995], "to": [7.28993, 0.42435, 7.70652], "faces": { "north": {"uv": [12.5, 9.5, 13.339, 11.157], "texture": "#0"}, "east": {"uv": [12.5, 9.5, 13.339, 11.157], "texture": "#0"}, "south": {"uv": [12.5, 9.5, 13.339, 11.157], "texture": "#0"}, "west": {"uv": [12.5, 9.5, 13.339, 11.157], "texture": "#0"}, "up": {"uv": [13.5, 7.5, 14.339, 9.157], "texture": "#0"} } }, { "from": [6.06979, 0.18941, 7.88995], "to": [6.68993, 0.42435, 8.70652], "faces": { "north": {"uv": [12.5, 8, 13.339, 8.657], "texture": "#0"}, "east": {"uv": [12.5, 8, 13.339, 8.657], "texture": "#0"}, "south": {"uv": [12.5, 8, 13.339, 8.657], "texture": "#0"}, "west": {"uv": [12.5, 8, 13.339, 8.657], "texture": "#0"}, "up": {"uv": [12.5, 8, 13.339, 8.657], "texture": "#0"} } }, { "from": [6.56979, 0.18941, 9.88995], "to": [7.18993, 0.42435, 10.70652], "faces": { "north": {"uv": [10, 10, 10.839, 10.657], "texture": "#0"}, "east": {"uv": [10, 10, 10.839, 10.657], "texture": "#0"}, "south": {"uv": [10, 10, 10.839, 10.657], "texture": "#0"}, "west": {"uv": [10, 10, 10.839, 10.657], "texture": "#0"}, "up": {"uv": [10, 10, 10.839, 10.657], "texture": "#0"} } }, { "from": [4.86979, 0.18941, 6.88995], "to": [5.48993, 0.42435, 7.70652], "faces": { "north": {"uv": [12.5, 9.5, 13.339, 11.157], "texture": "#0"}, "east": {"uv": [12.5, 9.5, 13.339, 11.157], "texture": "#0"}, "south": {"uv": [12.5, 9.5, 13.339, 11.157], "texture": "#0"}, "west": {"uv": [12.5, 9.5, 13.339, 11.157], "texture": "#0"}, "up": {"uv": [13.5, 7.5, 14.339, 9.157], "texture": "#0"} } }, { "from": [4.26979, 0.18941, 7.88995], "to": [4.88993, 0.42435, 8.70652], "faces": { "north": {"uv": [12.5, 8, 13.339, 8.657], "texture": "#0"}, "east": {"uv": [12.5, 8, 13.339, 8.657], "texture": "#0"}, "south": {"uv": [12.5, 8, 13.339, 8.657], "texture": "#0"}, "west": {"uv": [12.5, 8, 13.339, 8.657], "texture": "#0"}, "up": {"uv": [12.5, 8, 13.339, 8.657], "texture": "#0"} } }, { "from": [4.76979, 0.18941, 9.88995], "to": [5.38993, 0.42435, 10.70652], "faces": { "north": {"uv": [10, 10, 10.839, 10.657], "texture": "#0"}, "east": {"uv": [10, 10, 10.839, 10.657], "texture": "#0"}, "south": {"uv": [10, 10, 10.839, 10.657], "texture": "#0"}, "west": {"uv": [10, 10, 10.839, 10.657], "texture": "#0"}, "up": {"uv": [10, 10, 10.839, 10.657], "texture": "#0"} } }, { "from": [12.03905, 0.18941, 6.92068], "to": [12.72066, 0.42435, 7.67578], "faces": { "north": {"uv": [12.5, 9.5, 13.339, 11.157], "texture": "#0"}, "east": {"uv": [12.5, 9.5, 13.339, 11.157], "texture": "#0"}, "south": {"uv": [12.5, 9.5, 13.339, 11.157], "texture": "#0"}, "west": {"uv": [12.5, 9.5, 13.339, 11.157], "texture": "#0"}, "up": {"uv": [13.5, 7.5, 14.339, 9.157], "texture": "#0"} } }, { "from": [11.43905, 0.18941, 7.92068], "to": [12.12066, 0.42435, 8.67578], "faces": { "north": {"uv": [12.5, 8, 13.339, 8.657], "texture": "#0"}, "east": {"uv": [12.5, 8, 13.339, 8.657], "texture": "#0"}, "south": {"uv": [12.5, 8, 13.339, 8.657], "texture": "#0"}, "west": {"uv": [12.5, 8, 13.339, 8.657], "texture": "#0"}, "up": {"uv": [12.5, 8, 13.339, 8.657], "texture": "#0"} } }, { "from": [11.93905, 0.18941, 9.92068], "to": [12.62066, 0.42435, 10.67578], "faces": { "north": {"uv": [10, 10, 10.839, 10.657], "texture": "#0"}, "east": {"uv": [10, 10, 10.839, 10.657], "texture": "#0"}, "south": {"uv": [10, 10, 10.839, 10.657], "texture": "#0"}, "west": {"uv": [10, 10, 10.839, 10.657], "texture": "#0"}, "up": {"uv": [10, 10, 10.839, 10.657], "texture": "#0"} } }, { "from": [12.33905, 0.18941, 7.92068], "to": [13.02066, 0.42435, 8.67578], "faces": { "north": {"uv": [12.5, 8, 13.339, 8.657], "texture": "#0"}, "east": {"uv": [12.5, 8, 13.339, 8.657], "texture": "#0"}, "south": {"uv": [12.5, 8, 13.339, 8.657], "texture": "#0"}, "west": {"uv": [12.5, 8, 13.339, 8.657], "texture": "#0"}, "up": {"uv": [12.5, 8, 13.339, 8.657], "texture": "#0"} } }, { "from": [12.83905, 0.18941, 9.92068], "to": [13.52066, 0.42435, 10.67578], "faces": { "north": {"uv": [10, 10, 10.839, 10.657], "texture": "#0"}, "east": {"uv": [10, 10, 10.839, 10.657], "texture": "#0"}, "south": {"uv": [10, 10, 10.839, 10.657], "texture": "#0"}, "west": {"uv": [10, 10, 10.839, 10.657], "texture": "#0"}, "up": {"uv": [10, 10, 10.839, 10.657], "texture": "#0"} } }, { "from": [10.23905, 0.18941, 6.92068], "to": [10.92066, 0.42435, 7.67578], "faces": { "north": {"uv": [12.5, 9.5, 13.339, 11.157], "texture": "#0"}, "east": {"uv": [12.5, 9.5, 13.339, 11.157], "texture": "#0"}, "south": {"uv": [12.5, 9.5, 13.339, 11.157], "texture": "#0"}, "west": {"uv": [12.5, 9.5, 13.339, 11.157], "texture": "#0"}, "up": {"uv": [13.5, 7.5, 14.339, 9.157], "texture": "#0"} } }, { "from": [9.63905, 0.18941, 7.92068], "to": [10.32066, 0.42435, 8.67578], "faces": { "north": {"uv": [12.5, 8, 13.339, 8.657], "texture": "#0"}, "east": {"uv": [12.5, 8, 13.339, 8.657], "texture": "#0"}, "south": {"uv": [12.5, 8, 13.339, 8.657], "texture": "#0"}, "west": {"uv": [12.5, 8, 13.339, 8.657], "texture": "#0"}, "up": {"uv": [12.5, 8, 13.339, 8.657], "texture": "#0"} } }, { "from": [10.13905, 0.18941, 9.92068], "to": [10.82066, 0.42435, 10.67578], "faces": { "north": {"uv": [10, 10, 10.839, 10.657], "texture": "#0"}, "east": {"uv": [10, 10, 10.839, 10.657], "texture": "#0"}, "south": {"uv": [10, 10, 10.839, 10.657], "texture": "#0"}, "west": {"uv": [10, 10, 10.839, 10.657], "texture": "#0"}, "up": {"uv": [10, 10, 10.839, 10.657], "texture": "#0"} } }, { "from": [8.43905, 0.18941, 6.92068], "to": [9.12066, 0.42435, 7.67578], "faces": { "north": {"uv": [12.5, 9.5, 13.339, 11.157], "texture": "#0"}, "east": {"uv": [12.5, 9.5, 13.339, 11.157], "texture": "#0"}, "south": {"uv": [12.5, 9.5, 13.339, 11.157], "texture": "#0"}, "west": {"uv": [12.5, 9.5, 13.339, 11.157], "texture": "#0"}, "up": {"uv": [13.5, 7.5, 14.339, 9.157], "texture": "#0"} } }, { "from": [7.83905, 0.18941, 7.92068], "to": [8.52066, 0.42435, 8.67578], "faces": { "north": {"uv": [12.5, 8, 13.339, 8.657], "texture": "#0"}, "east": {"uv": [12.5, 8, 13.339, 8.657], "texture": "#0"}, "south": {"uv": [12.5, 8, 13.339, 8.657], "texture": "#0"}, "west": {"uv": [12.5, 8, 13.339, 8.657], "texture": "#0"}, "up": {"uv": [12.5, 8, 13.339, 8.657], "texture": "#0"} } }, { "from": [8.33905, 0.18941, 9.92068], "to": [9.02066, 0.42435, 10.67578], "faces": { "north": {"uv": [10, 10, 10.839, 10.657], "texture": "#0"}, "east": {"uv": [10, 10, 10.839, 10.657], "texture": "#0"}, "south": {"uv": [10, 10, 10.839, 10.657], "texture": "#0"}, "west": {"uv": [10, 10, 10.839, 10.657], "texture": "#0"}, "up": {"uv": [10, 10, 10.839, 10.657], "texture": "#0"} } }, { "from": [6.63905, 0.18941, 6.92068], "to": [7.32066, 0.42435, 7.67578], "faces": { "north": {"uv": [12.5, 9.5, 13.339, 11.157], "texture": "#0"}, "east": {"uv": [12.5, 9.5, 13.339, 11.157], "texture": "#0"}, "south": {"uv": [12.5, 9.5, 13.339, 11.157], "texture": "#0"}, "west": {"uv": [12.5, 9.5, 13.339, 11.157], "texture": "#0"}, "up": {"uv": [13.5, 7.5, 14.339, 9.157], "texture": "#0"} } }, { "from": [6.03905, 0.18941, 7.92068], "to": [6.72066, 0.42435, 8.67578], "faces": { "north": {"uv": [12.5, 8, 13.339, 8.657], "texture": "#0"}, "east": {"uv": [12.5, 8, 13.339, 8.657], "texture": "#0"}, "south": {"uv": [12.5, 8, 13.339, 8.657], "texture": "#0"}, "west": {"uv": [12.5, 8, 13.339, 8.657], "texture": "#0"}, "up": {"uv": [12.5, 8, 13.339, 8.657], "texture": "#0"} } }, { "from": [6.53905, 0.18941, 9.92068], "to": [7.22066, 0.42435, 10.67578], "faces": { "north": {"uv": [10, 10, 10.839, 10.657], "texture": "#0"}, "east": {"uv": [10, 10, 10.839, 10.657], "texture": "#0"}, "south": {"uv": [10, 10, 10.839, 10.657], "texture": "#0"}, "west": {"uv": [10, 10, 10.839, 10.657], "texture": "#0"}, "up": {"uv": [10, 10, 10.839, 10.657], "texture": "#0"} } }, { "from": [4.83905, 0.18941, 6.92068], "to": [5.52066, 0.42435, 7.67578], "faces": { "north": {"uv": [12.5, 9.5, 13.339, 11.157], "texture": "#0"}, "east": {"uv": [12.5, 9.5, 13.339, 11.157], "texture": "#0"}, "south": {"uv": [12.5, 9.5, 13.339, 11.157], "texture": "#0"}, "west": {"uv": [12.5, 9.5, 13.339, 11.157], "texture": "#0"}, "up": {"uv": [13.5, 7.5, 14.339, 9.157], "texture": "#0"} } }, { "from": [4.23905, 0.18941, 7.92068], "to": [4.92066, 0.42435, 8.67578], "faces": { "north": {"uv": [12.5, 8, 13.339, 8.657], "texture": "#0"}, "east": {"uv": [12.5, 8, 13.339, 8.657], "texture": "#0"}, "south": {"uv": [12.5, 8, 13.339, 8.657], "texture": "#0"}, "west": {"uv": [12.5, 8, 13.339, 8.657], "texture": "#0"}, "up": {"uv": [12.5, 8, 13.339, 8.657], "texture": "#0"} } }, { "from": [4.73905, 0.18941, 9.92068], "to": [5.42066, 0.42435, 10.67578], "faces": { "north": {"uv": [10, 10, 10.839, 10.657], "texture": "#0"}, "east": {"uv": [10, 10, 10.839, 10.657], "texture": "#0"}, "south": {"uv": [10, 10, 10.839, 10.657], "texture": "#0"}, "west": {"uv": [10, 10, 10.839, 10.657], "texture": "#0"}, "up": {"uv": [10, 10, 10.839, 10.657], "texture": "#0"} } }, { "from": [11.16979, 0.18941, 6.88995], "to": [11.78993, 0.42435, 7.70652], "faces": { "north": {"uv": [12.5, 9.5, 13.339, 11.157], "texture": "#0"}, "east": {"uv": [12.5, 9.5, 13.339, 11.157], "texture": "#0"}, "south": {"uv": [12.5, 9.5, 13.339, 11.157], "texture": "#0"}, "west": {"uv": [12.5, 9.5, 13.339, 11.157], "texture": "#0"}, "up": {"uv": [13.5, 7.5, 14.339, 9.157], "texture": "#0"} } }, { "from": [10.56979, 0.18941, 7.88995], "to": [11.18993, 0.42435, 8.70652], "faces": { "north": {"uv": [12.5, 8, 13.339, 8.657], "texture": "#0"}, "east": {"uv": [12.5, 8, 13.339, 8.657], "texture": "#0"}, "south": {"uv": [12.5, 8, 13.339, 8.657], "texture": "#0"}, "west": {"uv": [12.5, 8, 13.339, 8.657], "texture": "#0"}, "up": {"uv": [12.5, 8, 13.339, 8.657], "texture": "#0"} } }, { "from": [11.06979, 0.18941, 9.88995], "to": [11.68993, 0.42435, 10.70652], "faces": { "north": {"uv": [10, 10, 10.839, 10.657], "texture": "#0"}, "east": {"uv": [10, 10, 10.839, 10.657], "texture": "#0"}, "south": {"uv": [10, 10, 10.839, 10.657], "texture": "#0"}, "west": {"uv": [10, 10, 10.839, 10.657], "texture": "#0"}, "up": {"uv": [10, 10, 10.839, 10.657], "texture": "#0"} } }, { "from": [9.36979, 0.18941, 6.88995], "to": [9.98993, 0.42435, 7.70652], "faces": { "north": {"uv": [12.5, 9.5, 13.339, 11.157], "texture": "#0"}, "east": {"uv": [12.5, 9.5, 13.339, 11.157], "texture": "#0"}, "south": {"uv": [12.5, 9.5, 13.339, 11.157], "texture": "#0"}, "west": {"uv": [12.5, 9.5, 13.339, 11.157], "texture": "#0"}, "up": {"uv": [13.5, 7.5, 14.339, 9.157], "texture": "#0"} } }, { "from": [8.76979, 0.18941, 7.88995], "to": [9.38993, 0.42435, 8.70652], "faces": { "north": {"uv": [12.5, 8, 13.339, 8.657], "texture": "#0"}, "east": {"uv": [12.5, 8, 13.339, 8.657], "texture": "#0"}, "south": {"uv": [12.5, 8, 13.339, 8.657], "texture": "#0"}, "west": {"uv": [12.5, 8, 13.339, 8.657], "texture": "#0"}, "up": {"uv": [12.5, 8, 13.339, 8.657], "texture": "#0"} } }, { "from": [9.26979, 0.18941, 9.88995], "to": [9.88993, 0.42435, 10.70652], "faces": { "north": {"uv": [10, 10, 10.839, 10.657], "texture": "#0"}, "east": {"uv": [10, 10, 10.839, 10.657], "texture": "#0"}, "south": {"uv": [10, 10, 10.839, 10.657], "texture": "#0"}, "west": {"uv": [10, 10, 10.839, 10.657], "texture": "#0"}, "up": {"uv": [10, 10, 10.839, 10.657], "texture": "#0"} } }, { "from": [7.56979, 0.18941, 6.88995], "to": [8.18993, 0.42435, 7.70652], "faces": { "north": {"uv": [12.5, 9.5, 13.339, 11.157], "texture": "#0"}, "east": {"uv": [12.5, 9.5, 13.339, 11.157], "texture": "#0"}, "south": {"uv": [12.5, 9.5, 13.339, 11.157], "texture": "#0"}, "west": {"uv": [12.5, 9.5, 13.339, 11.157], "texture": "#0"}, "up": {"uv": [13.5, 7.5, 14.339, 9.157], "texture": "#0"} } }, { "from": [6.96979, 0.18941, 7.88995], "to": [7.58993, 0.42435, 8.70652], "faces": { "north": {"uv": [12.5, 8, 13.339, 8.657], "texture": "#0"}, "east": {"uv": [12.5, 8, 13.339, 8.657], "texture": "#0"}, "south": {"uv": [12.5, 8, 13.339, 8.657], "texture": "#0"}, "west": {"uv": [12.5, 8, 13.339, 8.657], "texture": "#0"}, "up": {"uv": [12.5, 8, 13.339, 8.657], "texture": "#0"} } }, { "from": [7.46979, 0.18941, 9.88995], "to": [8.08993, 0.42435, 10.70652], "faces": { "north": {"uv": [10, 10, 10.839, 10.657], "texture": "#0"}, "east": {"uv": [10, 10, 10.839, 10.657], "texture": "#0"}, "south": {"uv": [10, 10, 10.839, 10.657], "texture": "#0"}, "west": {"uv": [10, 10, 10.839, 10.657], "texture": "#0"}, "up": {"uv": [10, 10, 10.839, 10.657], "texture": "#0"} } }, { "from": [5.76979, 0.18941, 6.88995], "to": [6.38993, 0.42435, 7.70652], "faces": { "north": {"uv": [12.5, 9.5, 13.339, 11.157], "texture": "#0"}, "east": {"uv": [12.5, 9.5, 13.339, 11.157], "texture": "#0"}, "south": {"uv": [12.5, 9.5, 13.339, 11.157], "texture": "#0"}, "west": {"uv": [12.5, 9.5, 13.339, 11.157], "texture": "#0"}, "up": {"uv": [13.5, 7.5, 14.339, 9.157], "texture": "#0"} } }, { "from": [5.16979, 0.18941, 7.88995], "to": [5.78993, 0.42435, 8.70652], "faces": { "north": {"uv": [12.5, 8, 13.339, 8.657], "texture": "#0"}, "east": {"uv": [12.5, 8, 13.339, 8.657], "texture": "#0"}, "south": {"uv": [12.5, 8, 13.339, 8.657], "texture": "#0"}, "west": {"uv": [12.5, 8, 13.339, 8.657], "texture": "#0"}, "up": {"uv": [12.5, 8, 13.339, 8.657], "texture": "#0"} } }, { "from": [5.66979, 0.18941, 9.88995], "to": [6.28993, 0.42435, 10.70652], "faces": { "north": {"uv": [10, 10, 10.839, 10.657], "texture": "#0"}, "east": {"uv": [10, 10, 10.839, 10.657], "texture": "#0"}, "south": {"uv": [10, 10, 10.839, 10.657], "texture": "#0"}, "west": {"uv": [10, 10, 10.839, 10.657], "texture": "#0"}, "up": {"uv": [10, 10, 10.839, 10.657], "texture": "#0"} } }, { "from": [3.96979, 0.18941, 6.88995], "to": [4.58993, 0.42435, 7.70652], "faces": { "north": {"uv": [12.5, 9.5, 13.339, 11.157], "texture": "#0"}, "east": {"uv": [12.5, 9.5, 13.339, 11.157], "texture": "#0"}, "south": {"uv": [12.5, 9.5, 13.339, 11.157], "texture": "#0"}, "west": {"uv": [12.5, 9.5, 13.339, 11.157], "texture": "#0"}, "up": {"uv": [13.5, 7.5, 14.339, 9.157], "texture": "#0"} } }, { "from": [2.86979, 0.18941, 8.88995], "to": [3.48993, 0.42435, 9.70652], "faces": { "north": {"uv": [11, 9.5, 12.339, 10.157], "texture": "#0"}, "east": {"uv": [11, 9.5, 12.339, 10.157], "texture": "#0"}, "south": {"uv": [11, 9.5, 12.339, 10.157], "texture": "#0"}, "west": {"uv": [11, 9.5, 12.339, 10.157], "texture": "#0"}, "up": {"uv": [11, 9.5, 12.339, 10.157], "texture": "#0"} } }, { "from": [1.56979, 0.18941, 8.88995], "to": [2.58993, 0.42435, 9.70652], "faces": { "north": {"uv": [11, 9.5, 12.339, 10.157], "texture": "#0"}, "east": {"uv": [11, 9.5, 12.339, 10.157], "texture": "#0"}, "south": {"uv": [11, 9.5, 12.339, 10.157], "texture": "#0"}, "west": {"uv": [11, 9.5, 12.339, 10.157], "texture": "#0"}, "up": {"uv": [11, 9.5, 12.339, 10.157], "texture": "#0"} } }, { "from": [3.36979, 0.18941, 7.88995], "to": [3.98993, 0.42435, 8.70652], "faces": { "north": {"uv": [12.5, 8, 13.339, 8.657], "texture": "#0"}, "east": {"uv": [12.5, 8, 13.339, 8.657], "texture": "#0"}, "south": {"uv": [12.5, 8, 13.339, 8.657], "texture": "#0"}, "west": {"uv": [12.5, 8, 13.339, 8.657], "texture": "#0"}, "up": {"uv": [12.5, 8, 13.339, 8.657], "texture": "#0"} } }, { "from": [3.86979, 0.18941, 9.88995], "to": [4.48993, 0.42435, 10.70652], "faces": { "north": {"uv": [10, 10, 10.839, 10.657], "texture": "#0"}, "east": {"uv": [10, 10, 10.839, 10.657], "texture": "#0"}, "south": {"uv": [10, 10, 10.839, 10.657], "texture": "#0"}, "west": {"uv": [10, 10, 10.839, 10.657], "texture": "#0"}, "up": {"uv": [10, 10, 10.839, 10.657], "texture": "#0"} } }, { "from": [2.96979, 0.18941, 9.88995], "to": [3.58993, 0.42435, 10.70652], "faces": { "north": {"uv": [10, 10, 10.839, 10.657], "texture": "#0"}, "east": {"uv": [10, 10, 10.839, 10.657], "texture": "#0"}, "south": {"uv": [10, 10, 10.839, 10.657], "texture": "#0"}, "west": {"uv": [10, 10, 10.839, 10.657], "texture": "#0"}, "up": {"uv": [10, 10, 10.839, 10.657], "texture": "#0"} } }, { "from": [1.36979, 0.18941, 9.88995], "to": [2.68993, 0.42435, 10.70652], "faces": { "north": {"uv": [10, 10, 10.839, 10.657], "texture": "#0"}, "east": {"uv": [10, 10, 10.839, 10.657], "texture": "#0"}, "south": {"uv": [10, 10, 10.839, 10.657], "texture": "#0"}, "west": {"uv": [10, 10, 10.839, 10.657], "texture": "#0"}, "up": {"uv": [10, 10, 10.839, 10.657], "texture": "#0"} } }, { "from": [13.81007, 0.18941, 9.88995], "to": [14.43021, 0.42435, 10.70652], "faces": { "north": {"uv": [10, 10, 10.839, 10.657], "texture": "#0"}, "east": {"uv": [10, 10, 10.839, 10.657], "texture": "#0"}, "south": {"uv": [10, 10, 10.839, 10.657], "texture": "#0"}, "west": {"uv": [10, 10, 10.839, 10.657], "texture": "#0"}, "up": {"uv": [10, 10, 10.839, 10.657], "texture": "#0"} } }, { "from": [11.13905, 0.18941, 6.92068], "to": [11.82066, 0.42435, 7.67578], "faces": { "north": {"uv": [12.5, 9.5, 13.339, 11.157], "texture": "#0"}, "east": {"uv": [12.5, 9.5, 13.339, 11.157], "texture": "#0"}, "south": {"uv": [12.5, 9.5, 13.339, 11.157], "texture": "#0"}, "west": {"uv": [12.5, 9.5, 13.339, 11.157], "texture": "#0"}, "up": {"uv": [13.5, 7.5, 14.339, 9.157], "texture": "#0"} } }, { "from": [10.53905, 0.18941, 7.92068], "to": [11.22066, 0.42435, 8.67578], "faces": { "north": {"uv": [12.5, 8, 13.339, 8.657], "texture": "#0"}, "east": {"uv": [12.5, 8, 13.339, 8.657], "texture": "#0"}, "south": {"uv": [12.5, 8, 13.339, 8.657], "texture": "#0"}, "west": {"uv": [12.5, 8, 13.339, 8.657], "texture": "#0"}, "up": {"uv": [12.5, 8, 13.339, 8.657], "texture": "#0"} } }, { "from": [11.03905, 0.18941, 9.92068], "to": [11.72066, 0.42435, 10.67578], "faces": { "north": {"uv": [10, 10, 10.839, 10.657], "texture": "#0"}, "east": {"uv": [10, 10, 10.839, 10.657], "texture": "#0"}, "south": {"uv": [10, 10, 10.839, 10.657], "texture": "#0"}, "west": {"uv": [10, 10, 10.839, 10.657], "texture": "#0"}, "up": {"uv": [10, 10, 10.839, 10.657], "texture": "#0"} } }, { "from": [9.33905, 0.18941, 6.92068], "to": [10.02066, 0.42435, 7.67578], "faces": { "north": {"uv": [12.5, 9.5, 13.339, 11.157], "texture": "#0"}, "east": {"uv": [12.5, 9.5, 13.339, 11.157], "texture": "#0"}, "south": {"uv": [12.5, 9.5, 13.339, 11.157], "texture": "#0"}, "west": {"uv": [12.5, 9.5, 13.339, 11.157], "texture": "#0"}, "up": {"uv": [13.5, 7.5, 14.339, 9.157], "texture": "#0"} } }, { "from": [8.73905, 0.18941, 7.92068], "to": [9.42066, 0.42435, 8.67578], "faces": { "north": {"uv": [12.5, 8, 13.339, 8.657], "texture": "#0"}, "east": {"uv": [12.5, 8, 13.339, 8.657], "texture": "#0"}, "south": {"uv": [12.5, 8, 13.339, 8.657], "texture": "#0"}, "west": {"uv": [12.5, 8, 13.339, 8.657], "texture": "#0"}, "up": {"uv": [12.5, 8, 13.339, 8.657], "texture": "#0"} } }, { "from": [9.23905, 0.18941, 9.92068], "to": [9.92066, 0.42435, 10.67578], "faces": { "north": {"uv": [10, 10, 10.839, 10.657], "texture": "#0"}, "east": {"uv": [10, 10, 10.839, 10.657], "texture": "#0"}, "south": {"uv": [10, 10, 10.839, 10.657], "texture": "#0"}, "west": {"uv": [10, 10, 10.839, 10.657], "texture": "#0"}, "up": {"uv": [10, 10, 10.839, 10.657], "texture": "#0"} } }, { "from": [7.53905, 0.18941, 6.92068], "to": [8.22066, 0.42435, 7.67578], "faces": { "north": {"uv": [12.5, 9.5, 13.339, 11.157], "texture": "#0"}, "east": {"uv": [12.5, 9.5, 13.339, 11.157], "texture": "#0"}, "south": {"uv": [12.5, 9.5, 13.339, 11.157], "texture": "#0"}, "west": {"uv": [12.5, 9.5, 13.339, 11.157], "texture": "#0"}, "up": {"uv": [13.5, 7.5, 14.339, 9.157], "texture": "#0"} } }, { "from": [6.93905, 0.18941, 7.92068], "to": [7.62066, 0.42435, 8.67578], "faces": { "north": {"uv": [12.5, 8, 13.339, 8.657], "texture": "#0"}, "east": {"uv": [12.5, 8, 13.339, 8.657], "texture": "#0"}, "south": {"uv": [12.5, 8, 13.339, 8.657], "texture": "#0"}, "west": {"uv": [12.5, 8, 13.339, 8.657], "texture": "#0"}, "up": {"uv": [12.5, 8, 13.339, 8.657], "texture": "#0"} } }, { "from": [7.43905, 0.18941, 9.92068], "to": [8.12066, 0.42435, 10.67578], "faces": { "north": {"uv": [10, 10, 10.839, 10.657], "texture": "#0"}, "east": {"uv": [10, 10, 10.839, 10.657], "texture": "#0"}, "south": {"uv": [10, 10, 10.839, 10.657], "texture": "#0"}, "west": {"uv": [10, 10, 10.839, 10.657], "texture": "#0"}, "up": {"uv": [10, 10, 10.839, 10.657], "texture": "#0"} } }, { "from": [5.73905, 0.18941, 6.92068], "to": [6.42066, 0.42435, 7.67578], "faces": { "north": {"uv": [12.5, 9.5, 13.339, 11.157], "texture": "#0"}, "east": {"uv": [12.5, 9.5, 13.339, 11.157], "texture": "#0"}, "south": {"uv": [12.5, 9.5, 13.339, 11.157], "texture": "#0"}, "west": {"uv": [12.5, 9.5, 13.339, 11.157], "texture": "#0"}, "up": {"uv": [13.5, 7.5, 14.339, 9.157], "texture": "#0"} } }, { "from": [5.13905, 0.18941, 7.92068], "to": [5.82066, 0.42435, 8.67578], "faces": { "north": {"uv": [12.5, 8, 13.339, 8.657], "texture": "#0"}, "east": {"uv": [12.5, 8, 13.339, 8.657], "texture": "#0"}, "south": {"uv": [12.5, 8, 13.339, 8.657], "texture": "#0"}, "west": {"uv": [12.5, 8, 13.339, 8.657], "texture": "#0"}, "up": {"uv": [12.5, 8, 13.339, 8.657], "texture": "#0"} } }, { "from": [5.63905, 0.18941, 9.92068], "to": [6.32066, 0.42435, 10.67578], "faces": { "north": {"uv": [10, 10, 10.839, 10.657], "texture": "#0"}, "east": {"uv": [10, 10, 10.839, 10.657], "texture": "#0"}, "south": {"uv": [10, 10, 10.839, 10.657], "texture": "#0"}, "west": {"uv": [10, 10, 10.839, 10.657], "texture": "#0"}, "up": {"uv": [10, 10, 10.839, 10.657], "texture": "#0"} } }, { "from": [3.93905, 0.18941, 6.92068], "to": [4.62066, 0.42435, 7.67578], "faces": { "north": {"uv": [12.5, 9.5, 13.339, 11.157], "texture": "#0"}, "east": {"uv": [12.5, 9.5, 13.339, 11.157], "texture": "#0"}, "south": {"uv": [12.5, 9.5, 13.339, 11.157], "texture": "#0"}, "west": {"uv": [12.5, 9.5, 13.339, 11.157], "texture": "#0"}, "up": {"uv": [13.5, 7.5, 14.339, 9.157], "texture": "#0"} } }, { "from": [2.83905, 0.18941, 8.92068], "to": [3.52066, 0.42435, 9.67578], "faces": { "north": {"uv": [11, 9.5, 12.339, 10.157], "texture": "#0"}, "east": {"uv": [11, 9.5, 12.339, 10.157], "texture": "#0"}, "south": {"uv": [11, 9.5, 12.339, 10.157], "texture": "#0"}, "west": {"uv": [11, 9.5, 12.339, 10.157], "texture": "#0"}, "up": {"uv": [11, 9.5, 12.339, 10.157], "texture": "#0"} } }, { "from": [1.53905, 0.18941, 8.92068], "to": [2.62066, 0.42435, 9.67578], "faces": { "north": {"uv": [11, 9.5, 12.339, 10.157], "texture": "#0"}, "east": {"uv": [11, 9.5, 12.339, 10.157], "texture": "#0"}, "south": {"uv": [11, 9.5, 12.339, 10.157], "texture": "#0"}, "west": {"uv": [11, 9.5, 12.339, 10.157], "texture": "#0"}, "up": {"uv": [11, 9.5, 12.339, 10.157], "texture": "#0"} } }, { "from": [3.33905, 0.18941, 7.92068], "to": [4.02066, 0.42435, 8.67578], "faces": { "north": {"uv": [12.5, 8, 13.339, 8.657], "texture": "#0"}, "east": {"uv": [12.5, 8, 13.339, 8.657], "texture": "#0"}, "south": {"uv": [12.5, 8, 13.339, 8.657], "texture": "#0"}, "west": {"uv": [12.5, 8, 13.339, 8.657], "texture": "#0"}, "up": {"uv": [12.5, 8, 13.339, 8.657], "texture": "#0"} } }, { "from": [3.83905, 0.18941, 9.92068], "to": [4.52066, 0.42435, 10.67578], "faces": { "north": {"uv": [10, 10, 10.839, 10.657], "texture": "#0"}, "east": {"uv": [10, 10, 10.839, 10.657], "texture": "#0"}, "south": {"uv": [10, 10, 10.839, 10.657], "texture": "#0"}, "west": {"uv": [10, 10, 10.839, 10.657], "texture": "#0"}, "up": {"uv": [10, 10, 10.839, 10.657], "texture": "#0"} } }, { "from": [2.93905, 0.18941, 9.92068], "to": [3.62066, 0.42435, 10.67578], "faces": { "north": {"uv": [10, 10, 10.839, 10.657], "texture": "#0"}, "east": {"uv": [10, 10, 10.839, 10.657], "texture": "#0"}, "south": {"uv": [10, 10, 10.839, 10.657], "texture": "#0"}, "west": {"uv": [10, 10, 10.839, 10.657], "texture": "#0"}, "up": {"uv": [10, 10, 10.839, 10.657], "texture": "#0"} } }, { "from": [1.33905, 0.18941, 9.92068], "to": [2.72066, 0.42435, 10.67578], "faces": { "north": {"uv": [10, 10, 10.839, 10.657], "texture": "#0"}, "east": {"uv": [10, 10, 10.839, 10.657], "texture": "#0"}, "south": {"uv": [10, 10, 10.839, 10.657], "texture": "#0"}, "west": {"uv": [10, 10, 10.839, 10.657], "texture": "#0"}, "up": {"uv": [10, 10, 10.839, 10.657], "texture": "#0"} } }, { "from": [13.77934, 0.18941, 9.92068], "to": [14.46095, 0.42435, 10.67578], "faces": { "north": {"uv": [10, 10, 10.839, 10.657], "texture": "#0"}, "east": {"uv": [10, 10, 10.839, 10.657], "texture": "#0"}, "south": {"uv": [10, 10, 10.839, 10.657], "texture": "#0"}, "west": {"uv": [10, 10, 10.839, 10.657], "texture": "#0"}, "up": {"uv": [10, 10, 10.839, 10.657], "texture": "#0"} } }, { "from": [3.76979, 0.18941, 8.88995], "to": [4.38993, 0.42435, 9.70652], "faces": { "north": {"uv": [11, 9.5, 12.339, 10.157], "texture": "#0"}, "east": {"uv": [11, 9.5, 12.339, 10.157], "texture": "#0"}, "south": {"uv": [11, 9.5, 12.339, 10.157], "texture": "#0"}, "west": {"uv": [11, 9.5, 12.339, 10.157], "texture": "#0"}, "up": {"uv": [11, 9.5, 12.339, 10.157], "texture": "#0"} } }, { "from": [4.66979, 0.18941, 8.88995], "to": [5.28993, 0.42435, 9.70652], "faces": { "north": {"uv": [11, 9.5, 12.339, 10.157], "texture": "#0"}, "east": {"uv": [11, 9.5, 12.339, 10.157], "texture": "#0"}, "south": {"uv": [11, 9.5, 12.339, 10.157], "texture": "#0"}, "west": {"uv": [11, 9.5, 12.339, 10.157], "texture": "#0"}, "up": {"uv": [11, 9.5, 12.339, 10.157], "texture": "#0"} } }, { "from": [5.56979, 0.18941, 8.88995], "to": [6.18993, 0.42435, 9.70652], "faces": { "north": {"uv": [11, 9.5, 12.339, 10.157], "texture": "#0"}, "east": {"uv": [11, 9.5, 12.339, 10.157], "texture": "#0"}, "south": {"uv": [11, 9.5, 12.339, 10.157], "texture": "#0"}, "west": {"uv": [11, 9.5, 12.339, 10.157], "texture": "#0"}, "up": {"uv": [11, 9.5, 12.339, 10.157], "texture": "#0"} } }, { "from": [6.46979, 0.18941, 8.88995], "to": [7.08993, 0.42435, 9.70652], "faces": { "north": {"uv": [11, 9.5, 12.339, 10.157], "texture": "#0"}, "east": {"uv": [11, 9.5, 12.339, 10.157], "texture": "#0"}, "south": {"uv": [11, 9.5, 12.339, 10.157], "texture": "#0"}, "west": {"uv": [11, 9.5, 12.339, 10.157], "texture": "#0"}, "up": {"uv": [11, 9.5, 12.339, 10.157], "texture": "#0"} } }, { "from": [7.36979, 0.18941, 8.88995], "to": [7.98993, 0.42435, 9.70652], "faces": { "north": {"uv": [11, 9.5, 12.339, 10.157], "texture": "#0"}, "east": {"uv": [11, 9.5, 12.339, 10.157], "texture": "#0"}, "south": {"uv": [11, 9.5, 12.339, 10.157], "texture": "#0"}, "west": {"uv": [11, 9.5, 12.339, 10.157], "texture": "#0"}, "up": {"uv": [11, 9.5, 12.339, 10.157], "texture": "#0"} } }, { "from": [8.26979, 0.18941, 8.88995], "to": [8.88993, 0.42435, 9.70652], "faces": { "north": {"uv": [11, 9.5, 12.339, 10.157], "texture": "#0"}, "east": {"uv": [11, 9.5, 12.339, 10.157], "texture": "#0"}, "south": {"uv": [11, 9.5, 12.339, 10.157], "texture": "#0"}, "west": {"uv": [11, 9.5, 12.339, 10.157], "texture": "#0"}, "up": {"uv": [11, 9.5, 12.339, 10.157], "texture": "#0"} } }, { "from": [9.16979, 0.18941, 8.88995], "to": [9.78993, 0.42435, 9.70652], "faces": { "north": {"uv": [11, 9.5, 12.339, 10.157], "texture": "#0"}, "east": {"uv": [11, 9.5, 12.339, 10.157], "texture": "#0"}, "south": {"uv": [11, 9.5, 12.339, 10.157], "texture": "#0"}, "west": {"uv": [11, 9.5, 12.339, 10.157], "texture": "#0"}, "up": {"uv": [11, 9.5, 12.339, 10.157], "texture": "#0"} } }, { "from": [10.03905, 0.18941, 8.92068], "to": [10.72066, 0.42435, 9.67578], "faces": { "north": {"uv": [11, 9.5, 12.339, 10.157], "texture": "#0"}, "east": {"uv": [11, 9.5, 12.339, 10.157], "texture": "#0"}, "south": {"uv": [11, 9.5, 12.339, 10.157], "texture": "#0"}, "west": {"uv": [11, 9.5, 12.339, 10.157], "texture": "#0"}, "up": {"uv": [11, 9.5, 12.339, 10.157], "texture": "#0"} } }, { "from": [10.96979, 0.18941, 8.88995], "to": [11.58993, 0.42435, 9.70652], "faces": { "north": {"uv": [11, 9.5, 12.339, 10.157], "texture": "#0"}, "east": {"uv": [11, 9.5, 12.339, 10.157], "texture": "#0"}, "south": {"uv": [11, 9.5, 12.339, 10.157], "texture": "#0"}, "west": {"uv": [11, 9.5, 12.339, 10.157], "texture": "#0"}, "up": {"uv": [11, 9.5, 12.339, 10.157], "texture": "#0"} } }, { "from": [11.86979, 0.18941, 8.88995], "to": [12.48993, 0.42435, 9.70652], "faces": { "north": {"uv": [11, 9.5, 12.339, 10.157], "texture": "#0"}, "east": {"uv": [11, 9.5, 12.339, 10.157], "texture": "#0"}, "south": {"uv": [11, 9.5, 12.339, 10.157], "texture": "#0"}, "west": {"uv": [11, 9.5, 12.339, 10.157], "texture": "#0"}, "up": {"uv": [11, 9.5, 12.339, 10.157], "texture": "#0"} } }, { "from": [11.83905, 0.18941, 8.92068], "to": [12.52066, 0.42435, 9.67578], "faces": { "north": {"uv": [11, 9.5, 12.339, 10.157], "texture": "#0"}, "east": {"uv": [11, 9.5, 12.339, 10.157], "texture": "#0"}, "south": {"uv": [11, 9.5, 12.339, 10.157], "texture": "#0"}, "west": {"uv": [11, 9.5, 12.339, 10.157], "texture": "#0"}, "up": {"uv": [11, 9.5, 12.339, 10.157], "texture": "#0"} } }, { "from": [12.77934, 0.18941, 8.92068], "to": [13.46095, 0.42435, 9.67578], "faces": { "north": {"uv": [11, 9.5, 12.339, 10.157], "texture": "#0"}, "east": {"uv": [11, 9.5, 12.339, 10.157], "texture": "#0"}, "south": {"uv": [11, 9.5, 12.339, 10.157], "texture": "#0"}, "west": {"uv": [11, 9.5, 12.339, 10.157], "texture": "#0"}, "up": {"uv": [11, 9.5, 12.339, 10.157], "texture": "#0"} } }, { "from": [12.81007, 0.18941, 8.88995], "to": [13.43021, 0.42435, 9.70652], "faces": { "north": {"uv": [11, 9.5, 12.339, 10.157], "texture": "#0"}, "east": {"uv": [11, 9.5, 12.339, 10.157], "texture": "#0"}, "south": {"uv": [11, 9.5, 12.339, 10.157], "texture": "#0"}, "west": {"uv": [11, 9.5, 12.339, 10.157], "texture": "#0"}, "up": {"uv": [11, 9.5, 12.339, 10.157], "texture": "#0"} } }, { "from": [10.93905, 0.18941, 8.92068], "to": [11.62066, 0.42435, 9.67578], "faces": { "north": {"uv": [11, 9.5, 12.339, 10.157], "texture": "#0"}, "east": {"uv": [11, 9.5, 12.339, 10.157], "texture": "#0"}, "south": {"uv": [11, 9.5, 12.339, 10.157], "texture": "#0"}, "west": {"uv": [11, 9.5, 12.339, 10.157], "texture": "#0"}, "up": {"uv": [11, 9.5, 12.339, 10.157], "texture": "#0"} } }, { "from": [10.06979, 0.18941, 8.88995], "to": [10.68993, 0.42435, 9.70652], "faces": { "north": {"uv": [11, 9.5, 12.339, 10.157], "texture": "#0"}, "east": {"uv": [11, 9.5, 12.339, 10.157], "texture": "#0"}, "south": {"uv": [11, 9.5, 12.339, 10.157], "texture": "#0"}, "west": {"uv": [11, 9.5, 12.339, 10.157], "texture": "#0"}, "up": {"uv": [11, 9.5, 12.339, 10.157], "texture": "#0"} } }, { "from": [9.13905, 0.18941, 8.92068], "to": [9.82066, 0.42435, 9.67578], "faces": { "north": {"uv": [11, 9.5, 12.339, 10.157], "texture": "#0"}, "east": {"uv": [11, 9.5, 12.339, 10.157], "texture": "#0"}, "south": {"uv": [11, 9.5, 12.339, 10.157], "texture": "#0"}, "west": {"uv": [11, 9.5, 12.339, 10.157], "texture": "#0"}, "up": {"uv": [11, 9.5, 12.339, 10.157], "texture": "#0"} } }, { "from": [8.23905, 0.18941, 8.92068], "to": [8.92066, 0.42435, 9.67578], "faces": { "north": {"uv": [11, 9.5, 12.339, 10.157], "texture": "#0"}, "east": {"uv": [11, 9.5, 12.339, 10.157], "texture": "#0"}, "south": {"uv": [11, 9.5, 12.339, 10.157], "texture": "#0"}, "west": {"uv": [11, 9.5, 12.339, 10.157], "texture": "#0"}, "up": {"uv": [11, 9.5, 12.339, 10.157], "texture": "#0"} } }, { "from": [7.33905, 0.18941, 8.92068], "to": [8.02066, 0.42435, 9.67578], "faces": { "north": {"uv": [11, 9.5, 12.339, 10.157], "texture": "#0"}, "east": {"uv": [11, 9.5, 12.339, 10.157], "texture": "#0"}, "south": {"uv": [11, 9.5, 12.339, 10.157], "texture": "#0"}, "west": {"uv": [11, 9.5, 12.339, 10.157], "texture": "#0"}, "up": {"uv": [11, 9.5, 12.339, 10.157], "texture": "#0"} } }, { "from": [6.43905, 0.18941, 8.92068], "to": [7.12066, 0.42435, 9.67578], "faces": { "north": {"uv": [11, 9.5, 12.339, 10.157], "texture": "#0"}, "east": {"uv": [11, 9.5, 12.339, 10.157], "texture": "#0"}, "south": {"uv": [11, 9.5, 12.339, 10.157], "texture": "#0"}, "west": {"uv": [11, 9.5, 12.339, 10.157], "texture": "#0"}, "up": {"uv": [11, 9.5, 12.339, 10.157], "texture": "#0"} } }, { "from": [5.53905, 0.18941, 8.92068], "to": [6.22066, 0.42435, 9.67578], "faces": { "north": {"uv": [11, 9.5, 12.339, 10.157], "texture": "#0"}, "east": {"uv": [11, 9.5, 12.339, 10.157], "texture": "#0"}, "south": {"uv": [11, 9.5, 12.339, 10.157], "texture": "#0"}, "west": {"uv": [11, 9.5, 12.339, 10.157], "texture": "#0"}, "up": {"uv": [11, 9.5, 12.339, 10.157], "texture": "#0"} } }, { "from": [4.63905, 0.18941, 8.92068], "to": [5.32066, 0.42435, 9.67578], "faces": { "north": {"uv": [11, 9.5, 12.339, 10.157], "texture": "#0"}, "east": {"uv": [11, 9.5, 12.339, 10.157], "texture": "#0"}, "south": {"uv": [11, 9.5, 12.339, 10.157], "texture": "#0"}, "west": {"uv": [11, 9.5, 12.339, 10.157], "texture": "#0"}, "up": {"uv": [11, 9.5, 12.339, 10.157], "texture": "#0"} } }, { "from": [3.73905, 0.18941, 8.92068], "to": [4.42066, 0.42435, 9.67578], "faces": { "north": {"uv": [11, 9.5, 12.339, 10.157], "texture": "#0"}, "east": {"uv": [11, 9.5, 12.339, 10.157], "texture": "#0"}, "south": {"uv": [11, 9.5, 12.339, 10.157], "texture": "#0"}, "west": {"uv": [11, 9.5, 12.339, 10.157], "texture": "#0"}, "up": {"uv": [11, 9.5, 12.339, 10.157], "texture": "#0"} } }, { "from": [5.96979, 0.18941, 5.88995], "to": [10.78993, 0.42435, 6.70652], "faces": { "north": {"uv": [14, 7, 14.839, 9.657], "texture": "#0"}, "east": {"uv": [14, 7, 14.839, 9.657], "texture": "#0"}, "south": {"uv": [14, 7, 14.839, 9.657], "texture": "#0"}, "west": {"uv": [14, 7, 14.839, 9.657], "texture": "#0"}, "up": {"uv": [14, 7, 14.839, 9.657], "texture": "#0"} } }, { "from": [5.93905, 0.18941, 5.92068], "to": [6.02066, 0.42435, 6.67578], "faces": { "north": {"uv": [14, 7, 14.839, 9.657], "texture": "#0"}, "south": {"uv": [14, 7, 14.839, 9.657], "texture": "#0"}, "west": {"uv": [14, 7, 14.839, 9.657], "texture": "#0"}, "up": {"uv": [14, 7, 14.839, 9.657], "texture": "#0"} } }, { "from": [10.73905, 0.18941, 5.92068], "to": [10.82066, 0.42435, 6.67578], "faces": { "north": {"uv": [14, 7, 14.839, 9.657], "texture": "#0"}, "east": {"uv": [14, 7, 14.839, 9.657], "texture": "#0"}, "south": {"uv": [14, 7, 14.839, 9.657], "texture": "#0"}, "up": {"uv": [14, 7, 14.839, 9.657], "texture": "#0"} } }, { "from": [0.62426, 0.2, 11.57574], "to": [4.96426, 0.4, 12.03274], "faces": { "north": {"uv": [1, 12, 3.339, 13.7], "texture": "#0"}, "east": {"uv": [1, 12, 3.339, 13.7], "texture": "#0"}, "south": {"uv": [0.5, 0.5, 1.04, 8.556], "texture": "#0"}, "west": {"uv": [0.5, 0.5, 1.04, 8.556], "texture": "#0"}, "up": {"uv": [1, 12, 3.339, 13.7], "texture": "#0"}, "down": {"uv": [1, 12, 3.339, 13.7], "texture": "#0"} } }, { "from": [11.12426, 0.2, 11.57574], "to": [15.46426, 0.4, 12.03274], "faces": { "north": {"uv": [1, 12, 3.339, 13.7], "texture": "#0"}, "east": {"uv": [15, 0.5, 15.54, 11.056], "rotation": 90, "texture": "#0"}, "south": {"uv": [15, 0.5, 15.54, 11.056], "rotation": 90, "texture": "#0"}, "west": {"uv": [1, 12, 3.339, 13.7], "texture": "#0"}, "up": {"uv": [1, 12, 3.339, 13.7], "texture": "#0"}, "down": {"uv": [1, 12, 3.339, 13.7], "texture": "#0"} } }, { "from": [9.86503, 0, 2.10503], "to": [15.00503, 0.3, 2.36203], "faces": { "north": {"uv": [15.839, 0, 10.5, 1.256], "texture": "#0"}, "up": {"uv": [0, 12, 3.04, 14.957], "texture": "#0"}, "down": {"uv": [10.5, 12, 12.54, 14.056], "texture": "#0"} } }, { "from": [9.86503, 9.96736, 11.79833], "to": [15.00503, 10.22436, 12.09833], "faces": { "north": {"uv": [0, 12.5, 4.14, 14.757], "rotation": 180, "texture": "#0"}, "south": {"uv": [11, 0.5, 15.54, 6.056], "texture": "#0"}, "up": {"uv": [15, 0.5, 15.54, 11.056], "texture": "#0"} } }, { "from": [8.01582, 9.76997, 11.75], "to": [8.24462, 10.00641, 12.05], "faces": { "north": {"uv": [8.5, 15, 9.14, 15.757], "rotation": 180, "texture": "#0"}, "east": {"uv": [8.5, 15, 9.14, 15.757], "rotation": 180, "texture": "#0"}, "west": {"uv": [8.5, 15, 9.14, 15.757], "rotation": 180, "texture": "#0"}, "up": {"uv": [8.5, 15, 9.14, 15.757], "rotation": 180, "texture": "#0"}, "down": {"uv": [8.5, 15, 9.14, 15.757], "rotation": 180, "texture": "#0"} } }, { "from": [1.12426, 0, 2.07574], "to": [6.26426, 0.3, 2.33274], "faces": { "north": {"uv": [5.339, 0, 0, 0.756], "texture": "#0"}, "up": {"uv": [0, 12, 3.04, 14.957], "texture": "#0"}, "down": {"uv": [10.5, 12, 12.54, 14.056], "texture": "#0"} } }, { "from": [1.12426, 9.99665, 11.79833], "to": [14.96426, 10.25365, 12.09833], "faces": { "north": {"uv": [0, 12, 4.339, 15.757], "rotation": 180, "texture": "#0"}, "east": {"uv": [15, 0.5, 15.54, 11.056], "texture": "#0"}, "south": {"uv": [0, -0.242, 15.839, 0.514], "texture": "#0"}, "up": {"uv": [0, -0.242, 15.839, 0.514], "texture": "#0"} } }, { "from": [1.09497, -0.06559, 11.79833], "to": [14.93497, 0.19141, 12.09833], "faces": { "south": {"uv": [0.5, 0.5, 15.54, 11.556], "texture": "#0"}, "down": {"uv": [0, -0.242, 15.839, 0.514], "texture": "#0"} } }, { "from": [2.87774, 0, -4.20104], "to": [3.57774, 0.3, -3.50104], "rotation": {"angle": 45, "axis": "y", "origin": [9.92774, 0.15, 1.89896]}, "faces": { "north": {"uv": [0.5, 0.5, 1.04, 8.556], "texture": "#0"}, "up": {"uv": [0, 12, 3.04, 14.957], "texture": "#0"}, "down": {"uv": [10.5, 12, 12.54, 14.056], "texture": "#0"} } }, { "from": [3.81161, 13.89533, 11.79833], "to": [4.51161, 14.59533, 12.09833], "rotation": {"angle": 45, "axis": "z", "origin": [8.05881, 8.3356, 11.95666]}, "faces": { "north": {"uv": [0, 12, 4.339, 15.757], "rotation": 180, "texture": "#0"}, "south": {"uv": [0.5, 0.5, 1.04, 8.556], "texture": "#0"}, "west": {"uv": [0.5, 0.5, 1.04, 8.556], "texture": "#0"}, "up": {"uv": [0.5, 0.5, 1.04, 8.556], "texture": "#0"} } }, { "from": [3.78232, 4.56604, 11.79833], "to": [4.48232, 5.26604, 12.09833], "rotation": {"angle": 45, "axis": "z", "origin": [8.02952, -0.99368, 11.95666]}, "faces": { "north": {"uv": [0, 12, 4.339, 15.757], "rotation": 180, "texture": "#0"}, "south": {"uv": [0.5, 0.5, 1.04, 8.556], "texture": "#0"}, "west": {"uv": [0.5, 0.5, 1.04, 8.556], "texture": "#0"} } }, { "from": [12.7981, 0, -0.83302], "to": [13.4981, 0.3, -0.13302], "rotation": {"angle": 45, "axis": "y", "origin": [17.7981, 0.15, -1.18302]}, "faces": { "east": {"uv": [15, 0.5, 15.54, 11.056], "texture": "#0"}, "up": {"uv": [0, 12, 3.04, 14.957], "texture": "#0"}, "down": {"uv": [10.5, 12, 12.54, 14.056], "texture": "#0"} } }, { "from": [13.60608, 4.05944, 11.79833], "to": [14.30608, 4.75944, 12.09833], "rotation": {"angle": 45, "axis": "z", "origin": [8.05881, 8.3356, 11.95666]}, "faces": { "north": {"uv": [0, 12, 4.339, 15.757], "rotation": 90, "texture": "#0"}, "east": {"uv": [15, 0.5, 15.54, 11.056], "texture": "#0"}, "south": {"uv": [15, 0.5, 15.54, 11.056], "rotation": 90, "texture": "#0"} } }, { "from": [13.57679, -5.26985, 11.79833], "to": [14.27679, -4.56985, 12.09833], "rotation": {"angle": 45, "axis": "z", "origin": [8.02952, -0.99368, 11.95666]}, "faces": { "north": {"uv": [0, 12, 4.339, 15.757], "rotation": 180, "texture": "#0"}, "east": {"uv": [15, 0.5, 15.54, 11.056], "texture": "#0"}, "south": {"uv": [15, 0.5, 15.54, 11.056], "rotation": 90, "texture": "#0"}, "down": {"uv": [15, 0.5, 15.54, 11.056], "texture": "#0"} } }, { "from": [0.59546, 0, 1.81429], "to": [0.89546, 0.3, 2.11429], "rotation": {"angle": 45, "axis": "y", "origin": [3.89546, -4.15, -4.53571]}, "faces": { "north": {"uv": [5.839, 0, 5, 1.756], "texture": "#0"}, "east": {"uv": [5.839, 0, 5, 1.756], "texture": "#0"}, "up": {"uv": [0, 12, 3.04, 14.957], "texture": "#0"}, "down": {"uv": [5.839, 0, 5, 1.756], "texture": "#0"} } }, { "from": [3.49327, 0, 0.14652], "to": [3.79327, 0.3, 0.44652], "rotation": {"angle": 45, "axis": "y", "origin": [9.19327, 0.15, -6.20348]}, "faces": { "north": {"uv": [12.339, 0, 10.5, 1.756], "texture": "#0"}, "east": {"uv": [12.339, 0, 10.5, 1.756], "texture": "#0"}, "up": {"uv": [0, 12, 3.04, 14.957], "texture": "#0"}, "down": {"uv": [12.339, 0, 10.5, 1.756], "texture": "#0"} } }, { "from": [8.6, 3.9, 11.95], "to": [9.3, 4.1, 12.25], "faces": { "east": {"uv": [14.5, 12.5, 15.599, 15.3], "texture": "#0"}, "south": {"uv": [7, 12.5, 8.099, 15.3], "texture": "#0"}, "west": {"uv": [14.5, 12.5, 15.599, 15.3], "texture": "#0"}, "down": {"uv": [14.5, 12.5, 15.599, 15.3], "texture": "#0"} } }, { "from": [7.5, 6, 11.95], "to": [8.3, 6.3, 12.25], "faces": { "east": {"uv": [14.5, 12.5, 15.599, 15.3], "texture": "#0"}, "south": {"uv": [7, 12.5, 8.099, 15.3], "texture": "#0"}, "west": {"uv": [14.5, 12.5, 15.599, 15.3], "texture": "#0"}, "up": {"uv": [14.5, 12.5, 15.599, 15.3], "texture": "#0"} } }, { "from": [8.6, 6.5, 11.95], "to": [8.9, 6.9, 12.25], "faces": { "east": {"uv": [14.5, 12.5, 15.599, 15.3], "texture": "#0"}, "south": {"uv": [7, 12.5, 8.099, 15.3], "texture": "#0"}, "down": {"uv": [14.5, 12.5, 15.599, 15.3], "texture": "#0"} } }, { "from": [8.6, 6.8, 11.95], "to": [9.1, 7.1, 12.25], "faces": { "east": {"uv": [14.5, 12.5, 15.599, 15.3], "texture": "#0"}, "south": {"uv": [7, 12.5, 8.099, 15.3], "texture": "#0"}, "west": {"uv": [14.5, 12.5, 15.599, 15.3], "texture": "#0"}, "up": {"uv": [14.5, 12.5, 15.599, 15.3], "texture": "#0"}, "down": {"uv": [14.5, 12.5, 15.599, 15.3], "texture": "#0"} } }, { "from": [8.4, 6.3, 11.95], "to": [8.7, 6.8, 12.25], "faces": { "east": {"uv": [14.5, 12.5, 15.599, 15.3], "texture": "#0"}, "south": {"uv": [7, 12.5, 8.099, 15.3], "texture": "#0"}, "west": {"uv": [14.5, 12.5, 15.599, 15.3], "texture": "#0"}, "up": {"uv": [14.5, 12.5, 15.599, 15.3], "texture": "#0"}, "down": {"uv": [14.5, 12.5, 15.599, 15.3], "texture": "#0"} } }, { "from": [8.7, 6, 11.85], "to": [9.4, 6.3, 12.25], "faces": { "east": {"uv": [14.5, 12.5, 15.599, 15.3], "texture": "#0"}, "south": {"uv": [7, 12.5, 8.099, 15.3], "texture": "#0"}, "west": {"uv": [14.5, 12.5, 15.599, 15.3], "texture": "#0"}, "up": {"uv": [14.5, 12.5, 15.599, 15.3], "texture": "#0"} } }, { "from": [7.2, 5.5, 11.95], "to": [9.8, 5.8, 12.25], "faces": { "east": {"uv": [14.5, 12.5, 15.599, 15.3], "texture": "#0"}, "south": {"uv": [7, 12.5, 8.099, 15.3], "texture": "#0"}, "west": {"uv": [14.5, 12.5, 15.599, 15.3], "texture": "#0"}, "up": {"uv": [14.5, 12.5, 15.599, 15.3], "texture": "#0"}, "down": {"uv": [14.5, 12.5, 15.599, 15.3], "texture": "#0"} } }, { "from": [7.2, 5, 11.95], "to": [9.3, 5.3, 12.25], "faces": { "east": {"uv": [14.5, 12.5, 15.599, 15.3], "texture": "#0"}, "south": {"uv": [7, 12.5, 8.099, 15.3], "texture": "#0"}, "west": {"uv": [14.5, 12.5, 15.599, 15.3], "texture": "#0"} } }, { "from": [7.2, 5.3, 11.95], "to": [9.5, 5.5, 12.25], "faces": { "east": {"uv": [14.5, 12.5, 15.599, 15.3], "texture": "#0"}, "south": {"uv": [7, 12.5, 8.099, 15.3], "texture": "#0"}, "west": {"uv": [14.5, 12.5, 15.599, 15.3], "texture": "#0"}, "down": {"uv": [14.5, 12.5, 15.599, 15.3], "texture": "#0"} } }, { "from": [7.2, 4.8, 11.95], "to": [9.5, 5, 12.25], "faces": { "east": {"uv": [14.5, 12.5, 15.599, 15.3], "texture": "#0"}, "south": {"uv": [7, 12.5, 8.099, 15.3], "texture": "#0"}, "west": {"uv": [14.5, 12.5, 15.599, 15.3], "texture": "#0"}, "up": {"uv": [14.5, 12.5, 15.599, 15.3], "texture": "#0"} } }, { "from": [7.2, 4.4, 11.95], "to": [9.8, 4.8, 12.25], "faces": { "east": {"uv": [14.5, 12.5, 15.599, 15.3], "texture": "#0"}, "south": {"uv": [7, 12.5, 8.099, 15.3], "texture": "#0"}, "west": {"uv": [14.5, 12.5, 15.599, 15.3], "texture": "#0"}, "up": {"uv": [14.5, 12.5, 15.599, 15.3], "texture": "#0"}, "down": {"uv": [14.5, 12.5, 15.599, 15.3], "texture": "#0"} } }, { "from": [7.4, 4.1, 11.95], "to": [9.6, 4.4, 12.25], "faces": { "east": {"uv": [14.5, 12.5, 15.599, 15.3], "texture": "#0"}, "south": {"uv": [7, 12.5, 8.099, 15.3], "texture": "#0"}, "west": {"uv": [14.5, 12.5, 15.599, 15.3], "texture": "#0"}, "down": {"uv": [14.5, 12.5, 15.599, 15.3], "texture": "#0"} } }, { "from": [7.3, 5.8, 11.95], "to": [9.6, 6.1, 12.25], "faces": { "east": {"uv": [14.5, 12.5, 15.599, 15.3], "texture": "#0"}, "south": {"uv": [7, 12.5, 8.099, 15.3], "texture": "#0"}, "west": {"uv": [14.5, 12.5, 15.599, 15.3], "texture": "#0"}, "up": {"uv": [14.5, 12.5, 15.599, 15.3], "texture": "#0"} } }, { "from": [7.7, 3.9, 11.95], "to": [8.3, 4.1, 12.25], "faces": { "east": {"uv": [14.5, 12.5, 15.599, 15.3], "texture": "#0"}, "south": {"uv": [7, 12.5, 8.099, 15.3], "texture": "#0"}, "west": {"uv": [14.5, 12.5, 15.599, 15.3], "texture": "#0"}, "down": {"uv": [14.5, 12.5, 15.599, 15.3], "texture": "#0"} } } ], "display": { "thirdperson_righthand": { "rotation": [56.25, 158, 4.25], "translation": [0, 5.25, 3.75], "scale": [0.77, 0.77, 0.77] }, "thirdperson_lefthand": { "rotation": [56.25, 158, 4.25], "translation": [0.25, 5.25, 3.75], "scale": [0.77, 0.77, 0.77] }, "firstperson_righthand": { "rotation": [-5.25, 162, 0], "translation": [0, 8.25, 0.75] }, "firstperson_lefthand": { "rotation": [-9.75, 162, 0], "translation": [0, 9, 0.75] }, "ground": { "translation": [0, 4.5, 0], "scale": [0.81, 0.81, 0.81] }, "gui": { "rotation": [21, 155, 0], "translation": [0, 3, 0], "scale": [0.81, 0.81, 0.81] }, "head": { "translation": [0, 1.75, -10.25] }, "fixed": { "rotation": [-88.75, 0, 0], "translation": [0, 1.75, -15.5], "scale": [2.02, 2.02, 2.02] } }, "groups": [ { "name": "group", "origin": [8.02426, 8, 7.97574], "color": 0, "children": [0, 1, 2, 3, 4, 5] }, { "name": "group", "origin": [14.30993, 0.25088, 6.25989], "color": 0, "children": [ { "name": "group", "origin": [4.86193, 0.25088, 6.59589], "color": 0, "children": [] }, { "name": "group", "origin": [4.86193, 0.25088, 6.59589], "color": 0, "children": [] }, { "name": "group", "origin": [4.86193, 0.25088, 6.59589], "color": 0, "children": [] }, { "name": "group", "origin": [4.86193, 0.25088, 6.59589], "color": 0, "children": [] }, { "name": "group", "origin": [4.86193, 0.25088, 6.59589], "color": 0, "children": [] } ] }, { "name": "group", "origin": [14.30993, 0.25088, 6.25989], "color": 0, "children": [] }, { "name": "group", "origin": [14.30993, 0.25088, 6.25989], "color": 0, "children": [ { "name": "group", "origin": [2.28042, 0.30688, 6.29879], "color": 0, "children": [ { "name": "group", "origin": [2.48042, 0.30688, 5.79879], "color": 0, "children": [] }, { "name": "group", "origin": [2.48042, 0.30688, 5.79879], "color": 0, "children": [] }, { "name": "group", "origin": [2.48042, 0.30688, 5.79879], "color": 0, "children": [] }, { "name": "group", "origin": [2.48042, 0.30688, 5.79879], "color": 0, "children": [] }, { "name": "group", "origin": [2.48042, 0.30688, 5.79879], "color": 0, "children": [] }, { "name": "group", "origin": [2.48042, 0.30688, 5.79879], "color": 0, "children": [] }, { "name": "group", "origin": [2.48042, 0.30688, 5.79879], "color": 0, "children": [] }, { "name": "group", "origin": [2.48042, 0.30688, 5.79879], "color": 0, "children": [] }, { "name": "group", "origin": [2.48042, 0.30688, 5.79879], "color": 0, "children": [] }, { "name": "group", "origin": [2.48042, 0.30688, 5.79879], "color": 0, "children": [] }, { "name": "group", "origin": [2.48042, 0.30688, 5.79879], "color": 0, "children": [] }, { "name": "group", "origin": [2.48042, 0.30688, 5.79879], "color": 0, "children": [] }, { "name": "group", "origin": [2.48042, 0.30688, 5.79879], "color": 0, "children": [] }, { "name": "group", "origin": [2.48042, 0.30688, 5.79879], "color": 0, "children": [] }, { "name": "group", "origin": [2.48042, 0.30688, 5.79879], "color": 0, "children": [] }, { "name": "group", "origin": [2.48042, 0.30688, 5.79879], "color": 0, "children": [] }, { "name": "group", "origin": [2.48042, 0.30688, 5.79879], "color": 0, "children": [] }, { "name": "group", "origin": [2.48042, 0.30688, 5.79879], "color": 0, "children": [] }, { "name": "group", "origin": [2.48042, 0.30688, 5.79879], "color": 0, "children": [] }, { "name": "group", "origin": [2.48042, 0.30688, 5.79879], "color": 0, "children": [] } ] } ] }, { "name": "group", "origin": [14.30993, 0.25088, 6.25989], "color": 0, "children": [] }, { "name": "group", "origin": [14.30993, 0.25088, 6.25989], "color": 0, "children": [] }, { "name": "group", "origin": [14.30993, 0.25088, 6.25989], "color": 0, "children": [ { "name": "group", "origin": [3.79778, -0.08512, 9.59589], "color": 0, "children": [6, 7, 8, 9, 10, 11] } ] }, { "name": "group", "origin": [14.30993, 0.25088, 6.25989], "color": 0, "children": [ { "name": "group", "origin": [8, 8, 8], "color": 0, "children": [ 12, 13, 14, 15, 16, 17, 18, 19, 20, 21, 22, 23, 24, 25, 26, 27, 28, 29, 30, 31, 32, 33, 34, 35, 36, 37, 38, 39, 40, 41, 42, 43, 44, 45, 46, 47, 48, 49, 50, 51, 52, 53, 54, 55, 56, 57, 58, 59, 60, 61, 62, 63, 64, 65, 66, 67, 68, 69, 70, 71, 72, 73, 74, 75, 76, 77, 78, 79, 80, 81, 82, 83, 84, 85, 86, 87, 88, 89, 90, 91, 92, 93, 94, 95, 96, 97, 98, 99, 100, 101, 102, 103, 104, 105, 106, 107, 108, 109, 110, 111, 112, 113, 114, 115, 116, 117, 118, 119, 120, 121, 122, 123, 124, 125, 126, 127, 128, 129, 130, 131, 132, 133, 134, 135, 136, 137, 138, 139, 140, 141, 142, 143, 144, 145, 146, 147, 148, 149, 150, 151, 152, 153, 154, 155, 156, 157, 158, 159, 160, 161, 162, 163, 164, 165, 166, 167, 168, 169, 170 ] } ] }, { "name": "group", "origin": [8.19327, 0.15, -6.40348], "color": 0, "children": [171, 172, 173, 174, 175, 176, 177, 178, 179, 180, 181, 182, 183, 184, 185, 186] }, { "name": "group", "origin": [8, 8.1, 8], "color": 0, "children": [187, 188, 189, 190, 191, 192, 193, 194, 195, 196, 197, 198, 199, 200] } ] }