{ "credit": "Made with Blockbench", "texture_size": [32, 32], "textures": { "0": "ttp/i/c/b/turtle", "particle": "ttp/i/c/b/turtle" }, "elements": [ { "from": [2.85, 7.9, 3.95], "to": [12.85, 9.9, 11.95], "rotation": {"angle": 0, "axis": "y", "origin": [2.85, 6.9, -1.05]}, "faces": { "north": {"uv": [5, 7, 10, 8], "texture": "#0"}, "east": {"uv": [5.5, 7, 9.5, 8], "texture": "#0"}, "south": {"uv": [5, 7, 10, 8], "texture": "#0"}, "west": {"uv": [5.5, 7, 9.5, 8], "texture": "#0"}, "up": {"uv": [5, 4, 0, 0], "texture": "#0"} } }, { "from": [3.85, 9.9, 4.95], "to": [11.85, 10.9, 10.95], "rotation": {"angle": 0, "axis": "y", "origin": [2.85, 6.9, -1.05]}, "faces": { "north": {"uv": [9, 4.5, 13, 5], "texture": "#0"}, "east": {"uv": [9, 5.5, 12, 6], "texture": "#0"}, "south": {"uv": [9, 5, 13, 5.5], "texture": "#0"}, "west": {"uv": [10, 6, 13, 6.5], "texture": "#0"}, "up": {"uv": [9, 3, 5, 0], "texture": "#0"} } }, { "from": [3.35, 6.4, 4.45], "to": [5.35, 7.4, 6.45], "rotation": {"angle": 0, "axis": "y", "origin": [13.15, 6.9, 17.05]}, "faces": { "north": {"uv": [10, 9.5, 11, 10], "texture": "#0"}, "east": {"uv": [10, 10, 11, 10.5], "texture": "#0"}, "south": {"uv": [9, 10, 10, 10.5], "texture": "#0"}, "west": {"uv": [10, 9, 11, 9.5], "texture": "#0"}, "down": {"uv": [10, 7.5, 11, 6.5], "texture": "#0"} } }, { "from": [10.35, 6.4, 4.45], "to": [12.35, 7.4, 6.45], "rotation": {"angle": 0, "axis": "y", "origin": [2.85, 6.9, 17.05]}, "faces": { "north": {"uv": [11, 9.5, 10, 10], "texture": "#0"}, "east": {"uv": [11, 9, 10, 9.5], "texture": "#0"}, "south": {"uv": [10, 10, 9, 10.5], "texture": "#0"}, "west": {"uv": [11, 10, 10, 10.5], "texture": "#0"}, "down": {"uv": [11, 7.5, 10, 6.5], "texture": "#0"} } }, { "from": [3.35, 6.4, 9.45], "to": [5.35, 7.4, 11.45], "rotation": {"angle": 0, "axis": "y", "origin": [13.15, 6.9, -1.05]}, "faces": { "north": {"uv": [10, 10, 9, 10.5], "texture": "#0"}, "east": {"uv": [11, 10, 10, 10.5], "texture": "#0"}, "south": {"uv": [11, 9.5, 10, 10], "texture": "#0"}, "west": {"uv": [11, 9, 10, 9.5], "texture": "#0"}, "down": {"uv": [10, 6.5, 11, 7.5], "texture": "#0"} } }, { "from": [10.35, 6.4, 9.45], "to": [12.35, 7.4, 11.45], "rotation": {"angle": 0, "axis": "y", "origin": [2.85, 6.9, -1.05]}, "faces": { "north": {"uv": [9, 10, 10, 10.5], "texture": "#0"}, "east": {"uv": [10, 9, 11, 9.5], "texture": "#0"}, "south": {"uv": [10, 9.5, 11, 10], "texture": "#0"}, "west": {"uv": [10, 10, 11, 10.5], "texture": "#0"}, "down": {"uv": [11, 6.5, 10, 7.5], "texture": "#0"} } }, { "from": [1.85, 7.425, 6.95], "to": [2.85, 8.425, 8.95], "rotation": {"angle": 0, "axis": "y", "origin": [2.85, 6.9, -1.05]}, "faces": { "north": {"uv": [9.75, 3, 10, 3.25], "texture": "#0"}, "south": {"uv": [9.75, 3, 10, 3.25], "texture": "#0"}, "west": {"uv": [9.75, 3, 10, 3.25], "texture": "#0"}, "up": {"uv": [9.75, 3, 10, 3.25], "texture": "#0"}, "down": {"uv": [9.75, 3, 10, 3.25], "texture": "#0"} } }, { "from": [0.85, 7.425, 7.95], "to": [1.85, 8.425, 8.95], "rotation": {"angle": 0, "axis": "y", "origin": [2.85, 6.9, -1.05]}, "faces": { "north": {"uv": [9.75, 3, 10, 3.25], "texture": "#0"}, "south": {"uv": [9.75, 3, 10, 3.25], "texture": "#0"}, "west": {"uv": [9.75, 3, 10, 3.25], "texture": "#0"}, "up": {"uv": [9.75, 3, 10, 3.25], "texture": "#0"}, "down": {"uv": [9.75, 3, 10, 3.25], "texture": "#0"} } }, { "from": [12.85, 7.9, 5.95], "to": [16.85, 10.9, 9.95], "rotation": {"angle": 0, "axis": "y", "origin": [2.85, 6.9, -1.05]}, "faces": { "north": {"uv": [4, 9, 2, 10.5], "texture": "#0"}, "east": {"uv": [9, 1.5, 11, 3], "texture": "#0"}, "south": {"uv": [2, 9, 4, 10.5], "texture": "#0"}, "west": {"uv": [9, 3, 11, 4.5], "texture": "#0"}, "up": {"uv": [10, 10, 8, 8], "texture": "#0"}, "down": {"uv": [2, 9, 0, 11], "texture": "#0"} } }, { "from": [12.85, 10.9, 5.95], "to": [15.85, 11.9, 9.95], "rotation": {"angle": 0, "axis": "y", "origin": [2.85, 6.9, -1.05]}, "faces": { "north": {"uv": [11.5, 8.5, 10, 9], "texture": "#0"}, "east": {"uv": [7, 10, 9, 10.5], "texture": "#0"}, "south": {"uv": [10, 8.5, 11.5, 9], "texture": "#0"}, "west": {"uv": [10, 7.5, 12, 8], "texture": "#0"}, "up": {"uv": [5.5, 11, 4, 9], "texture": "#0"} } }, { "from": [2.85, 7.4, 3.45], "to": [12.85, 7.9, 12.45], "rotation": {"angle": 0, "axis": "y", "origin": [2.85, 6.9, -1.05]}, "faces": { "north": {"uv": [0, 8.25, 5, 8.5], "texture": "#0"}, "east": {"uv": [5, 8.25, 0, 8.5], "texture": "#0"}, "south": {"uv": [0, 4, 5, 4.25], "texture": "#0"}, "west": {"uv": [5, 4, 0, 4.25], "texture": "#0"}, "up": {"uv": [0, 8.5, 5, 4], "texture": "#0"}, "down": {"uv": [0, 4, 5, 8.5], "texture": "#0"} } }, { "from": [12.85, 7.4, 3.95], "to": [13.35, 7.9, 11.95], "rotation": {"angle": 0, "axis": "y", "origin": [2.85, 6.9, -1.05]}, "faces": { "north": {"uv": [11.25, 3.75, 11.5, 4], "texture": "#0"}, "east": {"uv": [4.5, 8.25, 0.5, 8.5], "texture": "#0"}, "south": {"uv": [11.25, 3.75, 11.5, 4], "texture": "#0"}, "up": {"uv": [11.25, 0, 11.5, 4], "texture": "#0"}, "down": {"uv": [11.25, 0, 11.5, 4], "texture": "#0"} } }, { "from": [2.35, 7.4, 3.95], "to": [2.85, 7.9, 11.95], "rotation": {"angle": 0, "axis": "y", "origin": [2.85, 6.9, -1.05]}, "faces": { "north": {"uv": [11.25, 0, 11.5, 4], "texture": "#0"}, "south": {"uv": [11.25, 0, 11.5, 4], "texture": "#0"}, "west": {"uv": [0.5, 8.25, 4.5, 8.5], "texture": "#0"}, "up": {"uv": [11.25, 0, 11.5, 4], "texture": "#0"}, "down": {"uv": [11.25, 0, 11.5, 4], "texture": "#0"} } } ], "display": { "thirdperson_righthand": { "rotation": [76, 114, 0], "translation": [0.25, -1.5, -1.25], "scale": [0.54, 0.54, 0.54] }, "thirdperson_lefthand": { "rotation": [76, -68, 0], "translation": [0.25, -1.5, -1.25], "scale": [0.54, 0.54, 0.54] }, "firstperson_righthand": { "rotation": [-9, -159, 0], "translation": [4.75, -1.25, -5], "scale": [0.95, 0.95, 0.95] }, "firstperson_lefthand": { "rotation": [-9, 11, 0], "translation": [4.75, -1.25, -5], "scale": [0.95, 0.95, 0.95] }, "gui": { "rotation": [24, -40, 0], "translation": [-0.75, -0.25, 0] }, "head": { "rotation": [0, 90, 0], "translation": [0, 7.75, 0] }, "fixed": { "rotation": [-90, 0, 0], "translation": [0, 0, -2], "scale": [1.87, 1.87, 1.87] } } }