{ "credit": "Made with Blockbench", "textures": { "1": "ttp/i/c/b/chronicswatch", "2": "ttp/i/c/b/chronicswatchgear" }, "elements": [ { "name": "hexadecagon", "from": [7.60218, 7.5, 6], "to": [8.39782, 8.1, 6.2], "rotation": {"angle": -45, "axis": "y", "origin": [8, 8, 8]}, "faces": { "north": {"uv": [10, 9, 11, 10], "texture": "#1"}, "east": {"uv": [10, 9, 11, 10], "texture": "#1"}, "south": {"uv": [10, 9, 11, 10], "texture": "#1"}, "west": {"uv": [10, 9, 11, 10], "texture": "#1"}, "up": {"uv": [10, 9, 11, 10], "texture": "#1"}, "down": {"uv": [10, 9, 11, 10], "texture": "#1"} } }, { "name": "hexadecagon", "from": [7.60218, 7.5, 6], "to": [8.39782, 8.1, 6.2], "rotation": {"angle": -22.5, "axis": "y", "origin": [8, 8, 8]}, "faces": { "north": {"uv": [10, 9, 11, 10], "texture": "#1"}, "east": {"uv": [10, 9, 11, 10], "texture": "#1"}, "south": {"uv": [10, 9, 11, 10], "texture": "#1"}, "west": {"uv": [10, 9, 11, 10], "texture": "#1"}, "up": {"uv": [10, 9, 11, 10], "texture": "#1"}, "down": {"uv": [10, 9, 11, 10], "texture": "#1"} } }, { "name": "hexadecagon", "from": [7.60218, 7.5, 6], "to": [8.39782, 8.1, 6.2], "faces": { "north": {"uv": [10, 9, 11, 10], "texture": "#1"}, "east": {"uv": [10, 9, 11, 10], "texture": "#1"}, "south": {"uv": [10, 9, 11, 10], "texture": "#1"}, "west": {"uv": [10, 9, 11, 10], "texture": "#1"}, "up": {"uv": [10, 9, 11, 10], "texture": "#1"}, "down": {"uv": [10, 9, 11, 10], "texture": "#1"} } }, { "name": "hexadecagon", "from": [7.83656, 7.65625, 5.79688], "to": [8.16344, 7.94375, 5.99688], "rotation": {"angle": 0, "axis": "y", "origin": [8, 8, 7.79688]}, "faces": { "north": {"uv": [10, 9, 11, 10], "texture": "#1"}, "east": {"uv": [10, 9, 11, 10], "texture": "#1"}, "south": {"uv": [10, 9, 11, 10], "texture": "#1"}, "west": {"uv": [10, 9, 11, 10], "texture": "#1"}, "up": {"uv": [10, 9, 11, 10], "texture": "#1"}, "down": {"uv": [10, 9, 11, 10], "texture": "#1"} } }, { "name": "hexadecagon", "from": [7.60218, 7.5, 6], "to": [8.39782, 8.1, 6.2], "rotation": {"angle": 22.5, "axis": "y", "origin": [8, 8, 8]}, "faces": { "north": {"uv": [10, 9, 11, 10], "texture": "#1"}, "east": {"uv": [10, 9, 11, 10], "texture": "#1"}, "south": {"uv": [10, 9, 11, 10], "texture": "#1"}, "west": {"uv": [10, 9, 11, 10], "texture": "#1"}, "up": {"uv": [10, 9, 11, 10], "texture": "#1"}, "down": {"uv": [10, 9, 11, 10], "texture": "#1"} } }, { "name": "hexadecagon", "from": [7.60218, 7.5, 6], "to": [8.39782, 8.1, 6.2], "rotation": {"angle": 45, "axis": "y", "origin": [8, 8, 8]}, "faces": { "north": {"uv": [10, 9, 11, 10], "texture": "#1"}, "east": {"uv": [10, 9, 11, 10], "texture": "#1"}, "south": {"uv": [10, 9, 11, 10], "texture": "#1"}, "west": {"uv": [10, 9, 11, 10], "texture": "#1"}, "up": {"uv": [10, 9, 11, 10], "texture": "#1"}, "down": {"uv": [10, 9, 11, 10], "texture": "#1"} } }, { "name": "hexadecagon", "from": [7.60218, 7.5, 9.8], "to": [8.39782, 8.1, 10], "rotation": {"angle": -45, "axis": "y", "origin": [8, 8, 8]}, "faces": { "north": {"uv": [10, 9, 11, 10], "texture": "#1"}, "east": {"uv": [10, 9, 11, 10], "texture": "#1"}, "south": {"uv": [10, 9, 11, 10], "texture": "#1"}, "west": {"uv": [10, 9, 11, 10], "texture": "#1"}, "up": {"uv": [10, 9, 11, 10], "texture": "#1"}, "down": {"uv": [10, 9, 11, 10], "texture": "#1"} } }, { "name": "hexadecagon", "from": [7.60218, 7.5, 9.8], "to": [8.39782, 8.1, 10], "rotation": {"angle": -22.5, "axis": "y", "origin": [8, 8, 8]}, "faces": { "north": {"uv": [10, 9, 11, 10], "texture": "#1"}, "east": {"uv": [10, 9, 11, 10], "texture": "#1"}, "south": {"uv": [10, 9, 11, 10], "texture": "#1"}, "west": {"uv": [10, 9, 11, 10], "texture": "#1"}, "up": {"uv": [10, 9, 11, 10], "texture": "#1"}, "down": {"uv": [10, 9, 11, 10], "texture": "#1"} } }, { "name": "hexadecagon", "from": [7.60218, 7.5, 9.8], "to": [8.39782, 8.1, 10], "faces": { "north": {"uv": [10, 9, 11, 10], "texture": "#1"}, "east": {"uv": [10, 9, 11, 10], "texture": "#1"}, "south": {"uv": [10, 9, 11, 10], "texture": "#1"}, "west": {"uv": [10, 9, 11, 10], "texture": "#1"}, "up": {"uv": [10, 9, 11, 10], "texture": "#1"}, "down": {"uv": [10, 9, 11, 10], "texture": "#1"} } }, { "name": "hexadecagon", "from": [7.60218, 7.5, 9.8], "to": [8.39782, 8.1, 10], "rotation": {"angle": 22.5, "axis": "y", "origin": [8, 8, 8]}, "faces": { "north": {"uv": [10, 9, 11, 10], "texture": "#1"}, "east": {"uv": [10, 9, 11, 10], "texture": "#1"}, "south": {"uv": [10, 9, 11, 10], "texture": "#1"}, "west": {"uv": [10, 9, 11, 10], "texture": "#1"}, "up": {"uv": [10, 9, 11, 10], "texture": "#1"}, "down": {"uv": [10, 9, 11, 10], "texture": "#1"} } }, { "name": "hexadecagon", "from": [7.60218, 7.5, 9.8], "to": [8.39782, 8.1, 10], "rotation": {"angle": 45, "axis": "y", "origin": [8, 8, 8]}, "faces": { "north": {"uv": [10, 9, 11, 10], "texture": "#1"}, "east": {"uv": [10, 9, 11, 10], "texture": "#1"}, "south": {"uv": [10, 9, 11, 10], "texture": "#1"}, "west": {"uv": [10, 9, 11, 10], "texture": "#1"}, "up": {"uv": [10, 9, 11, 10], "texture": "#1"}, "down": {"uv": [10, 9, 11, 10], "texture": "#1"} } }, { "name": "hexadecagon", "from": [6, 7.5, 7.60218], "to": [6.2, 8.1, 8.39782], "rotation": {"angle": -22.5, "axis": "y", "origin": [8, 8, 8]}, "faces": { "north": {"uv": [10, 9, 11, 10], "texture": "#1"}, "east": {"uv": [10, 9, 11, 10], "texture": "#1"}, "south": {"uv": [10, 9, 11, 10], "texture": "#1"}, "west": {"uv": [10, 9, 11, 10], "texture": "#1"}, "up": {"uv": [10, 9, 11, 10], "texture": "#1"}, "down": {"uv": [10, 9, 11, 10], "texture": "#1"} } }, { "name": "hexadecagon", "from": [6, 7.5, 7.60218], "to": [6.2, 8.1, 8.39782], "faces": { "north": {"uv": [10, 9, 11, 10], "texture": "#1"}, "east": {"uv": [10, 9, 11, 10], "texture": "#1"}, "south": {"uv": [10, 9, 11, 10], "texture": "#1"}, "west": {"uv": [10, 9, 11, 10], "texture": "#1"}, "up": {"uv": [10, 9, 11, 10], "texture": "#1"}, "down": {"uv": [10, 9, 11, 10], "texture": "#1"} } }, { "name": "hexadecagon", "from": [6, 7.5, 7.60218], "to": [6.2, 8.1, 8.39782], "rotation": {"angle": 22.5, "axis": "y", "origin": [8, 8, 8]}, "faces": { "north": {"uv": [10, 9, 11, 10], "texture": "#1"}, "east": {"uv": [10, 9, 11, 10], "texture": "#1"}, "south": {"uv": [10, 9, 11, 10], "texture": "#1"}, "west": {"uv": [10, 9, 11, 10], "texture": "#1"}, "up": {"uv": [10, 9, 11, 10], "texture": "#1"}, "down": {"uv": [10, 9, 11, 10], "texture": "#1"} } }, { "name": "hexadecagon", "from": [9.8, 7.5, 7.60218], "to": [10, 8.1, 8.39782], "rotation": {"angle": -22.5, "axis": "y", "origin": [8, 8, 8]}, "faces": { "north": {"uv": [10, 9, 11, 10], "texture": "#1"}, "east": {"uv": [10, 9, 11, 10], "texture": "#1"}, "south": {"uv": [10, 9, 11, 10], "texture": "#1"}, "west": {"uv": [10, 9, 11, 10], "texture": "#1"}, "up": {"uv": [10, 9, 11, 10], "texture": "#1"}, "down": {"uv": [10, 9, 11, 10], "texture": "#1"} } }, { "name": "hexadecagon", "from": [9.8, 7.5, 7.60218], "to": [10, 8.1, 8.39782], "faces": { "north": {"uv": [10, 9, 11, 10], "texture": "#1"}, "east": {"uv": [10, 9, 11, 10], "texture": "#1"}, "south": {"uv": [10, 9, 11, 10], "texture": "#1"}, "west": {"uv": [10, 9, 11, 10], "texture": "#1"}, "up": {"uv": [10, 9, 11, 10], "texture": "#1"}, "down": {"uv": [10, 9, 11, 10], "texture": "#1"} } }, { "name": "hexadecagon", "from": [9.8, 7.5, 7.60218], "to": [10, 8.1, 8.39782], "rotation": {"angle": 22.5, "axis": "y", "origin": [8, 8, 8]}, "faces": { "north": {"uv": [10, 9, 11, 10], "texture": "#1"}, "east": {"uv": [10, 9, 11, 10], "texture": "#1"}, "south": {"uv": [10, 9, 11, 10], "texture": "#1"}, "west": {"uv": [10, 9, 11, 10], "texture": "#1"}, "up": {"uv": [10, 9, 11, 10], "texture": "#1"}, "down": {"uv": [10, 9, 11, 10], "texture": "#1"} } }, { "name": "hexadecagon", "from": [7.64196, 7.45, 6.2], "to": [8.35804, 7.75, 9.8], "rotation": {"angle": -45, "axis": "y", "origin": [8, 8, 8]}, "faces": { "north": {"uv": [10, 9, 11, 10], "texture": "#1"}, "east": {"uv": [10, 9, 11, 10], "texture": "#1"}, "south": {"uv": [10, 9, 11, 10], "texture": "#1"}, "west": {"uv": [10, 9, 11, 10], "texture": "#1"}, "up": {"uv": [10, 9, 11, 10], "texture": "#1"}, "down": {"uv": [10, 9, 11, 10], "texture": "#1"} } }, { "name": "hexadecagon", "from": [7.64196, 7.45, 6.2], "to": [8.35804, 7.75, 9.8], "rotation": {"angle": -22.5, "axis": "y", "origin": [8, 8, 8]}, "faces": { "north": {"uv": [10, 9, 11, 10], "texture": "#1"}, "east": {"uv": [10, 9, 11, 10], "texture": "#1"}, "south": {"uv": [10, 9, 11, 10], "texture": "#1"}, "west": {"uv": [10, 9, 11, 10], "texture": "#1"}, "up": {"uv": [10, 9, 11, 10], "texture": "#1"}, "down": {"uv": [10, 9, 11, 10], "texture": "#1"} } }, { "name": "hexadecagon", "from": [7.64196, 7.45, 6.2], "to": [8.35804, 7.75, 9.8], "faces": { "north": {"uv": [10, 9, 11, 10], "texture": "#1"}, "east": {"uv": [10, 9, 11, 10], "texture": "#1"}, "south": {"uv": [10, 9, 11, 10], "texture": "#1"}, "west": {"uv": [10, 9, 11, 10], "texture": "#1"}, "up": {"uv": [10, 9, 11, 10], "texture": "#1"}, "down": {"uv": [10, 9, 11, 10], "texture": "#1"} } }, { "name": "hexadecagon", "from": [7.64196, 7.45, 6.2], "to": [8.35804, 7.75, 9.8], "rotation": {"angle": 22.5, "axis": "y", "origin": [8, 8, 8]}, "faces": { "north": {"uv": [10, 9, 11, 10], "texture": "#1"}, "east": {"uv": [10, 9, 11, 10], "texture": "#1"}, "south": {"uv": [10, 9, 11, 10], "texture": "#1"}, "west": {"uv": [10, 9, 11, 10], "texture": "#1"}, "up": {"uv": [10, 9, 11, 10], "texture": "#1"}, "down": {"uv": [10, 9, 11, 10], "texture": "#1"} } }, { "name": "hexadecagon", "from": [7.64196, 7.45, 6.2], "to": [8.35804, 7.75, 9.8], "rotation": {"angle": 45, "axis": "y", "origin": [8, 8, 8]}, "faces": { "north": {"uv": [10, 9, 11, 10], "texture": "#1"}, "east": {"uv": [10, 9, 11, 10], "texture": "#1"}, "south": {"uv": [10, 9, 11, 10], "texture": "#1"}, "west": {"uv": [10, 9, 11, 10], "texture": "#1"}, "up": {"uv": [10, 9, 11, 10], "texture": "#1"}, "down": {"uv": [10, 9, 11, 10], "texture": "#1"} } }, { "name": "hexadecagon", "from": [6.2, 7.45, 7.64196], "to": [9.8, 7.75, 8.35804], "rotation": {"angle": -22.5, "axis": "y", "origin": [8, 8, 8]}, "faces": { "north": {"uv": [10, 9, 11, 10], "texture": "#1"}, "east": {"uv": [10, 9, 11, 10], "texture": "#1"}, "south": {"uv": [10, 9, 11, 10], "texture": "#1"}, "west": {"uv": [10, 9, 11, 10], "texture": "#1"}, "up": {"uv": [10, 9, 11, 10], "texture": "#1"}, "down": {"uv": [10, 9, 11, 10], "texture": "#1"} } }, { "name": "hexadecagon", "from": [6.2, 7.45, 7.64196], "to": [9.8, 7.75, 8.35804], "faces": { "north": {"uv": [10, 9, 11, 10], "texture": "#1"}, "east": {"uv": [10, 9, 11, 10], "texture": "#1"}, "south": {"uv": [10, 9, 11, 10], "texture": "#1"}, "west": {"uv": [10, 9, 11, 10], "texture": "#1"}, "down": {"uv": [10, 9, 11, 10], "texture": "#1"} } }, { "name": "hexadecagon", "from": [6.2, 7.45, 7.64196], "to": [9.8, 7.75, 8.35804], "rotation": {"angle": 22.5, "axis": "y", "origin": [8, 8, 8]}, "faces": { "north": {"uv": [10, 9, 11, 10], "texture": "#1"}, "east": {"uv": [10, 9, 11, 10], "texture": "#1"}, "south": {"uv": [10, 9, 11, 10], "texture": "#1"}, "west": {"uv": [10, 9, 11, 10], "texture": "#1"}, "up": {"uv": [10, 9, 11, 10], "texture": "#1"}, "down": {"uv": [10, 9, 11, 10], "texture": "#1"} } }, { "name": "hexadecagon", "from": [7.96022, 7.5, 7.8], "to": [8.03978, 8, 8.2], "rotation": {"angle": -45, "axis": "y", "origin": [8, 8, 8]}, "faces": { "north": {"uv": [9, 1, 10, 2], "texture": "#1"}, "east": {"uv": [9, 1, 10, 2], "texture": "#1"}, "south": {"uv": [9, 1, 10, 2], "texture": "#1"}, "west": {"uv": [9, 1, 10, 2], "texture": "#1"}, "up": {"uv": [9, 1, 10, 2], "texture": "#1"} } }, { "name": "hexadecagon", "from": [7.96022, 7.5, 7.8], "to": [8.03978, 8, 8.2], "rotation": {"angle": -22.5, "axis": "y", "origin": [8, 8, 8]}, "faces": { "north": {"uv": [9, 1, 10, 2], "texture": "#1"}, "east": {"uv": [9, 1, 10, 2], "texture": "#1"}, "west": {"uv": [9, 1, 10, 2], "texture": "#1"}, "up": {"uv": [9, 1, 10, 2], "texture": "#1"} } }, { "name": "hexadecagon", "from": [7.96022, 7.5, 7.8], "to": [8.03978, 8, 8.2], "faces": { "north": {"uv": [9, 1, 10, 2], "texture": "#1"}, "east": {"uv": [9, 1, 10, 2], "texture": "#1"}, "south": {"uv": [9, 1, 10, 2], "texture": "#1"}, "west": {"uv": [9, 1, 10, 2], "texture": "#1"}, "up": {"uv": [9, 1, 10, 2], "texture": "#1"} } }, { "name": "hexadecagon", "from": [7.96022, 7.5, 6.3], "to": [8.03978, 8, 6.5875], "rotation": {"angle": 0, "axis": "y", "origin": [8, 7.75, 8]}, "faces": { "north": {"uv": [9, 1, 10, 2], "texture": "#1"}, "east": {"uv": [9, 1, 10, 2], "texture": "#1"}, "south": {"uv": [9, 1, 10, 2], "texture": "#1"}, "west": {"uv": [9, 1, 10, 2], "texture": "#1"}, "up": {"uv": [9, 1, 10, 2], "texture": "#1"} } }, { "name": "hexadecagon", "from": [9.35, 7.5, 7.96022], "to": [9.7625, 8, 8.03978], "rotation": {"angle": 0, "axis": "y", "origin": [7.9375, 7.75, 8]}, "faces": { "north": {"uv": [9, 1, 10, 2], "texture": "#1"}, "east": {"uv": [9, 1, 10, 2], "texture": "#1"}, "south": {"uv": [9, 1, 10, 2], "texture": "#1"}, "up": {"uv": [9, 1, 10, 2], "texture": "#1"} } }, { "name": "hexadecagon", "from": [9.22741, 7.5, 7.52031], "to": [9.30697, 8, 7.87031], "rotation": {"angle": 0, "axis": "y", "origin": [9.26719, 7.75, 7.6875]}, "faces": { "north": {"uv": [9, 1, 10, 2], "rotation": 270, "texture": "#1"}, "east": {"uv": [9, 1, 10, 2], "rotation": 270, "texture": "#1"}, "west": {"uv": [9, 1, 10, 2], "rotation": 270, "texture": "#1"}, "up": {"uv": [9, 1, 10, 2], "rotation": 270, "texture": "#1"}, "down": {"uv": [9, 1, 10, 2], "rotation": 270, "texture": "#1"} } }, { "name": "hexadecagon", "from": [9.22741, 7.5, 8.12969], "to": [9.30697, 8, 8.47969], "rotation": {"angle": 0, "axis": "y", "origin": [9.26719, 7.75, 8.3125]}, "faces": { "east": {"uv": [9, 1, 10, 2], "rotation": 90, "texture": "#1"}, "south": {"uv": [9, 1, 10, 2], "rotation": 90, "texture": "#1"}, "west": {"uv": [9, 1, 10, 2], "rotation": 90, "texture": "#1"}, "up": {"uv": [9, 1, 10, 2], "rotation": 90, "texture": "#1"}, "down": {"uv": [9, 1, 10, 2], "rotation": 90, "texture": "#1"} } }, { "name": "hexadecagon", "from": [9.14688, 7.5, 7.86647], "to": [9.3875, 8, 8.13353], "rotation": {"angle": 0, "axis": "y", "origin": [7.6875, 7.75, 8]}, "faces": { "north": {"uv": [9, 1, 10, 2], "texture": "#1"}, "east": {"uv": [9, 1, 10, 2], "texture": "#1"}, "south": {"uv": [9, 1, 10, 2], "texture": "#1"}, "west": {"uv": [9, 1, 10, 2], "texture": "#1"}, "up": {"uv": [9, 1, 10, 2], "texture": "#1"} } }, { "name": "hexadecagon", "from": [9.20938, 7.59375, 7.9446], "to": [9.325, 8.01563, 8.05541], "rotation": {"angle": 0, "axis": "y", "origin": [7.65625, 7.8125, 8]}, "faces": { "north": {"uv": [2, 2, 3, 3], "texture": "#1"}, "east": {"uv": [2, 2, 3, 3], "texture": "#1"}, "south": {"uv": [2, 2, 3, 3], "texture": "#1"}, "west": {"uv": [2, 2, 3, 3], "texture": "#1"}, "up": {"uv": [2, 2, 3, 3], "texture": "#1"} } }, { "name": "hexadecagon", "from": [9.6625, 7.5, 7.9446], "to": [9.73125, 8, 8.05541], "rotation": {"angle": 0, "axis": "y", "origin": [8.0625, 7.75, 8]}, "faces": { "north": {"uv": [9, 1, 10, 2], "texture": "#1"}, "east": {"uv": [9, 1, 10, 2], "texture": "#1"}, "south": {"uv": [9, 1, 10, 2], "texture": "#1"}, "west": {"uv": [9, 1, 10, 2], "texture": "#1"}, "up": {"uv": [9, 1, 10, 2], "texture": "#1"} } }, { "name": "hexadecagon", "from": [9.21178, 7.5, 7.55156], "to": [9.32259, 8, 7.62031], "rotation": {"angle": 0, "axis": "y", "origin": [9.26719, 7.75, 7.625]}, "faces": { "north": {"uv": [9, 1, 10, 2], "rotation": 270, "texture": "#1"}, "east": {"uv": [9, 1, 10, 2], "rotation": 270, "texture": "#1"}, "south": {"uv": [9, 1, 10, 2], "rotation": 270, "texture": "#1"}, "west": {"uv": [9, 1, 10, 2], "rotation": 270, "texture": "#1"}, "up": {"uv": [9, 1, 10, 2], "rotation": 270, "texture": "#1"}, "down": {"uv": [9, 1, 10, 2], "rotation": 270, "texture": "#1"} } }, { "name": "hexadecagon", "from": [9.21178, 7.5, 8.37969], "to": [9.32259, 8, 8.44844], "rotation": {"angle": 0, "axis": "y", "origin": [9.26719, 7.75, 8.375]}, "faces": { "north": {"uv": [9, 1, 10, 2], "rotation": 90, "texture": "#1"}, "east": {"uv": [9, 1, 10, 2], "rotation": 90, "texture": "#1"}, "south": {"uv": [9, 1, 10, 2], "rotation": 90, "texture": "#1"}, "west": {"uv": [9, 1, 10, 2], "rotation": 90, "texture": "#1"}, "up": {"uv": [9, 1, 10, 2], "rotation": 90, "texture": "#1"}, "down": {"uv": [9, 1, 10, 2], "rotation": 90, "texture": "#1"} } }, { "name": "hexadecagon", "from": [6.2875, 7.5, 8.05397], "to": [6.7625, 8, 8.13353], "rotation": {"angle": 0, "axis": "y", "origin": [5.1875, 7.75, 8.09375]}, "faces": { "north": {"uv": [9, 1, 10, 2], "texture": "#1"}, "east": {"uv": [9, 1, 10, 2], "texture": "#1"}, "south": {"uv": [9, 1, 10, 2], "texture": "#1"}, "west": {"uv": [9, 1, 10, 2], "texture": "#1"}, "up": {"uv": [9, 1, 10, 2], "texture": "#1"} } }, { "name": "hexadecagon", "from": [6.2875, 7.5, 7.86647], "to": [6.7625, 8, 7.94603], "rotation": {"angle": 0, "axis": "y", "origin": [5.1875, 7.75, 7.90625]}, "faces": { "north": {"uv": [9, 1, 10, 2], "texture": "#1"}, "east": {"uv": [9, 1, 10, 2], "texture": "#1"}, "south": {"uv": [9, 1, 10, 2], "texture": "#1"}, "west": {"uv": [9, 1, 10, 2], "texture": "#1"}, "up": {"uv": [9, 1, 10, 2], "texture": "#1"} } }, { "name": "hexadecagon", "from": [8.16022, 7.5, 6.3], "to": [8.23978, 8, 6.5875], "rotation": {"angle": -22.5, "axis": "y", "origin": [8, 7.75, 8]}, "faces": { "north": {"uv": [9, 1, 10, 2], "texture": "#1"}, "east": {"uv": [9, 1, 10, 2], "texture": "#1"}, "south": {"uv": [9, 1, 10, 2], "texture": "#1"}, "west": {"uv": [9, 1, 10, 2], "texture": "#1"}, "up": {"uv": [9, 1, 10, 2], "texture": "#1"} } }, { "name": "hexadecagon", "from": [9.4125, 7.5, 7.76022], "to": [9.7, 8, 7.83978], "rotation": {"angle": 22.5, "axis": "y", "origin": [8, 7.75, 8]}, "faces": { "north": {"uv": [9, 1, 10, 2], "texture": "#1"}, "east": {"uv": [9, 1, 10, 2], "texture": "#1"}, "south": {"uv": [9, 1, 10, 2], "texture": "#1"}, "west": {"uv": [9, 1, 10, 2], "texture": "#1"}, "up": {"uv": [9, 1, 10, 2], "texture": "#1"} } }, { "name": "hexadecagon", "from": [9.4125, 7.5, 8.16022], "to": [9.7, 8, 8.23978], "rotation": {"angle": -22.5, "axis": "y", "origin": [8, 7.75, 8]}, "faces": { "north": {"uv": [9, 1, 10, 2], "texture": "#1"}, "east": {"uv": [9, 1, 10, 2], "texture": "#1"}, "south": {"uv": [9, 1, 10, 2], "texture": "#1"}, "west": {"uv": [9, 1, 10, 2], "texture": "#1"}, "up": {"uv": [9, 1, 10, 2], "texture": "#1"} } }, { "name": "hexadecagon", "from": [8.16022, 7.5, 9.4125], "to": [8.23978, 8, 9.7], "rotation": {"angle": 22.5, "axis": "y", "origin": [8, 7.75, 8]}, "faces": { "north": {"uv": [9, 1, 10, 2], "texture": "#1"}, "east": {"uv": [9, 1, 10, 2], "texture": "#1"}, "south": {"uv": [9, 1, 10, 2], "texture": "#1"}, "west": {"uv": [9, 1, 10, 2], "texture": "#1"}, "up": {"uv": [9, 1, 10, 2], "texture": "#1"} } }, { "name": "hexadecagon", "from": [7.96022, 7.5, 9.4125], "to": [8.03978, 8, 9.7], "rotation": {"angle": 0, "axis": "y", "origin": [8, 7.75, 8]}, "faces": { "north": {"uv": [9, 1, 10, 2], "texture": "#1"}, "east": {"uv": [9, 1, 10, 2], "texture": "#1"}, "south": {"uv": [9, 1, 10, 2], "texture": "#1"}, "west": {"uv": [9, 1, 10, 2], "texture": "#1"}, "up": {"uv": [9, 1, 10, 2], "texture": "#1"} } }, { "name": "hexadecagon", "from": [7.76022, 7.5, 9.4125], "to": [7.83978, 8, 9.7], "rotation": {"angle": -22.5, "axis": "y", "origin": [8, 7.75, 8]}, "faces": { "north": {"uv": [9, 1, 10, 2], "texture": "#1"}, "east": {"uv": [9, 1, 10, 2], "texture": "#1"}, "south": {"uv": [9, 1, 10, 2], "texture": "#1"}, "west": {"uv": [9, 1, 10, 2], "texture": "#1"}, "up": {"uv": [9, 1, 10, 2], "texture": "#1"} } }, { "name": "hexadecagon", "from": [6.3, 7.5, 8.16022], "to": [6.5875, 8, 8.23978], "rotation": {"angle": 22.5, "axis": "y", "origin": [8, 7.75, 8]}, "faces": { "north": {"uv": [9, 1, 10, 2], "texture": "#1"}, "east": {"uv": [9, 1, 10, 2], "texture": "#1"}, "south": {"uv": [9, 1, 10, 2], "texture": "#1"}, "west": {"uv": [9, 1, 10, 2], "texture": "#1"}, "up": {"uv": [9, 1, 10, 2], "texture": "#1"} } }, { "name": "hexadecagon", "from": [6.3, 7.5, 7.76022], "to": [6.5875, 8, 7.83978], "rotation": {"angle": -22.5, "axis": "y", "origin": [8, 7.75, 8]}, "faces": { "north": {"uv": [9, 1, 10, 2], "texture": "#1"}, "east": {"uv": [9, 1, 10, 2], "texture": "#1"}, "south": {"uv": [9, 1, 10, 2], "texture": "#1"}, "west": {"uv": [9, 1, 10, 2], "texture": "#1"}, "up": {"uv": [9, 1, 10, 2], "texture": "#1"} } }, { "name": "hexadecagon", "from": [7.76022, 7.5, 6.3], "to": [7.83978, 8, 6.5875], "rotation": {"angle": 22.5, "axis": "y", "origin": [8, 7.75, 8]}, "faces": { "north": {"uv": [9, 1, 10, 2], "texture": "#1"}, "east": {"uv": [9, 1, 10, 2], "texture": "#1"}, "south": {"uv": [9, 1, 10, 2], "texture": "#1"}, "west": {"uv": [9, 1, 10, 2], "texture": "#1"}, "up": {"uv": [9, 1, 10, 2], "texture": "#1"} } }, { "name": "hexadecagon", "from": [7.96022, 7.5, 7.8], "to": [8.03978, 8, 8.2], "rotation": {"angle": 22.5, "axis": "y", "origin": [8, 8, 8]}, "faces": { "east": {"uv": [9, 1, 10, 2], "texture": "#1"}, "south": {"uv": [9, 1, 10, 2], "texture": "#1"}, "west": {"uv": [9, 1, 10, 2], "texture": "#1"}, "up": {"uv": [9, 1, 10, 2], "texture": "#1"} } }, { "name": "hexadecagon", "from": [7.96022, 7.5, 8], "to": [8.03978, 8, 9], "rotation": {"angle": -22.5, "axis": "y", "origin": [8, 8, 8]}, "faces": { "east": {"uv": [9, 1, 10, 2], "texture": "#1"}, "south": {"uv": [9, 1, 10, 2], "texture": "#1"}, "west": {"uv": [9, 1, 10, 2], "texture": "#1"}, "up": {"uv": [9, 1, 10, 2], "texture": "#1"} } }, { "name": "hexadecagon", "from": [7.96022, 7.51875, 6.5125], "to": [8.03978, 8.01875, 8.05], "rotation": {"angle": 22.5, "axis": "y", "origin": [8, 7.96875, 8]}, "faces": { "north": {"uv": [9, 1, 10, 2], "texture": "#1"}, "east": {"uv": [9, 1, 10, 2], "texture": "#1"}, "south": {"uv": [9, 1, 10, 2], "texture": "#1"}, "west": {"uv": [9, 1, 10, 2], "texture": "#1"}, "up": {"uv": [9, 1, 10, 2], "texture": "#1"} } }, { "name": "hexadecagon", "from": [7.96022, 8.01875, 7.95], "to": [8.03978, 8.03438, 8.05], "rotation": {"angle": 22.5, "axis": "y", "origin": [8, 7.98438, 8]}, "faces": { "north": {"uv": [9, 1, 10, 2], "texture": "#1"}, "east": {"uv": [9, 1, 10, 2], "texture": "#1"}, "south": {"uv": [9, 1, 10, 2], "texture": "#1"}, "west": {"uv": [9, 1, 10, 2], "texture": "#1"}, "up": {"uv": [9, 1, 10, 2], "texture": "#1"} } }, { "name": "hexadecagon", "from": [7.96022, 7.5, 7.8], "to": [8.03978, 8, 8.2], "rotation": {"angle": 45, "axis": "y", "origin": [8, 8, 8]}, "faces": { "north": {"uv": [9, 1, 10, 2], "texture": "#1"}, "east": {"uv": [9, 1, 10, 2], "texture": "#1"}, "south": {"uv": [9, 1, 10, 2], "texture": "#1"}, "west": {"uv": [9, 1, 10, 2], "texture": "#1"}, "up": {"uv": [9, 1, 10, 2], "texture": "#1"} } }, { "name": "hexadecagon", "from": [7.8, 7.5, 7.96022], "to": [8.2, 8, 8.03978], "rotation": {"angle": -22.5, "axis": "y", "origin": [8, 8, 8]}, "faces": { "north": {"uv": [9, 1, 10, 2], "texture": "#1"}, "east": {"uv": [9, 1, 10, 2], "texture": "#1"}, "south": {"uv": [9, 1, 10, 2], "texture": "#1"}, "west": {"uv": [9, 1, 10, 2], "texture": "#1"}, "up": {"uv": [9, 1, 10, 2], "texture": "#1"} } }, { "name": "hexadecagon", "from": [7.8, 7.5, 7.96022], "to": [8.2, 8, 8.03978], "faces": { "north": {"uv": [9, 1, 10, 2], "texture": "#1"}, "east": {"uv": [9, 1, 10, 2], "texture": "#1"}, "south": {"uv": [9, 1, 10, 2], "texture": "#1"}, "west": {"uv": [9, 1, 10, 2], "texture": "#1"}, "up": {"uv": [9, 1, 10, 2], "texture": "#1"} } }, { "name": "hexadecagon", "from": [7.8, 7.5, 7.96022], "to": [8.2, 8, 8.03978], "rotation": {"angle": 22.5, "axis": "y", "origin": [8, 8, 8]}, "faces": { "north": {"uv": [9, 1, 10, 2], "texture": "#1"}, "east": {"uv": [9, 1, 10, 2], "texture": "#1"}, "south": {"uv": [9, 1, 10, 2], "texture": "#1"}, "west": {"uv": [9, 1, 10, 2], "texture": "#1"}, "up": {"uv": [9, 1, 10, 2], "texture": "#1"} } }, { "name": "hexadecagon", "from": [7.13717, 7.651, 6.40804], "to": [7.85325, 7.951, 10.04554], "rotation": {"angle": 45, "axis": "y", "origin": [7.49079, 7.8, 7.50842]}, "faces": { "east": {"uv": [6, 2, 7, 3], "texture": "#1"}, "west": {"uv": [6, 2, 7, 3], "texture": "#1"}, "up": {"uv": [6, 2, 7, 3], "texture": "#1"}, "down": {"uv": [6, 2, 7, 3], "texture": "#1"} } }, { "name": "hexadecagon", "from": [6.33885, 7.651, 7.41403], "to": [9.93885, 7.951, 8.13011], "rotation": {"angle": -22.5, "axis": "y", "origin": [7.49079, 7.8, 7.50842]}, "faces": { "north": {"uv": [6, 2, 7, 3], "texture": "#1"}, "east": {"uv": [6, 2, 7, 3], "texture": "#1"}, "south": {"uv": [6, 2, 7, 3], "texture": "#1"}, "up": {"uv": [6, 2, 7, 3], "texture": "#1"}, "down": {"uv": [6, 2, 7, 3], "texture": "#1"} } }, { "name": "hexadecagon", "from": [6.18863, 7.651, 7.64196], "to": [9.80113, 7.951, 8.35804], "rotation": {"angle": 0, "axis": "y", "origin": [7.49079, 7.8, 7.50842]}, "faces": { "north": {"uv": [6, 2, 7, 3], "texture": "#1"}, "south": {"uv": [6, 2, 7, 3], "texture": "#1"}, "up": {"uv": [6, 2, 7, 3], "texture": "#1"} } }, { "name": "hexadecagon", "from": [8.84488, 7.66663, 7.59509], "to": [9.65738, 7.96663, 8.40759], "rotation": {"angle": 0, "axis": "y", "origin": [9.25113, 7.81663, 8.00134]}, "faces": { "north": {"uv": [1, 1, 2, 2], "rotation": 270, "texture": "#2"}, "east": {"uv": [1, 1, 2, 2], "rotation": 270, "texture": "#2"}, "south": {"uv": [1, 1, 2, 2], "rotation": 270, "texture": "#2"}, "west": {"uv": [1, 1, 2, 2], "rotation": 270, "texture": "#2"}, "up": {"uv": [0, 0, 16, 16], "rotation": 270, "texture": "#2"}, "down": {"uv": [1, 1, 2, 2], "rotation": 270, "texture": "#2"} } }, { "name": "hexadecagon", "from": [5.96261, 7.651, 7.79505], "to": [9.61261, 7.951, 8.51114], "rotation": {"angle": 22.5, "axis": "y", "origin": [7.49079, 7.8, 7.50842]}, "faces": { "north": {"uv": [6, 2, 7, 3], "texture": "#1"}, "south": {"uv": [6, 2, 7, 3], "texture": "#1"}, "up": {"uv": [6, 2, 7, 3], "texture": "#1"}, "down": {"uv": [6, 2, 7, 3], "texture": "#1"} } }, { "name": "hexadecagon", "from": [7.78081, 7.651, 5.97207], "to": [8.49689, 7.951, 9.55957], "rotation": {"angle": -22.5, "axis": "y", "origin": [7.49079, 7.8, 7.50842]}, "faces": { "north": {"uv": [6, 2, 7, 3], "texture": "#1"}, "east": {"uv": [6, 2, 7, 3], "texture": "#1"}, "south": {"uv": [6, 2, 7, 3], "texture": "#1"}, "west": {"uv": [6, 2, 7, 3], "texture": "#1"}, "up": {"uv": [6, 2, 7, 3], "texture": "#1"}, "down": {"uv": [6, 2, 7, 3], "texture": "#1"} } }, { "name": "hexadecagon", "from": [6.19727, 7.651, 7.63619], "to": [9.78477, 7.951, 8.35227], "rotation": {"angle": 45, "axis": "y", "origin": [7.99102, 7.801, 7.99423]}, "faces": { "north": {"uv": [6, 2, 7, 3], "texture": "#1"}, "east": {"uv": [6, 2, 7, 3], "texture": "#1"}, "south": {"uv": [6, 2, 7, 3], "texture": "#1"}, "west": {"uv": [6, 2, 7, 3], "texture": "#1"}, "up": {"uv": [6, 2, 7, 3], "texture": "#1"}, "down": {"uv": [6, 2, 7, 3], "texture": "#1"} } }, { "name": "hexadecagon", "from": [7.63058, 7.651, 6.2], "to": [8.34667, 7.951, 9.85], "rotation": {"angle": 0, "axis": "y", "origin": [7.49079, 7.8, 7.50842]}, "faces": { "west": {"uv": [6, 2, 7, 3], "texture": "#1"}, "up": {"uv": [6, 2, 7, 3], "texture": "#1"}, "down": {"uv": [6, 2, 7, 3], "texture": "#1"} } }, { "name": "hexadecagon", "from": [7.40457, 7.651, 6.35309], "to": [8.12065, 7.951, 9.95309], "rotation": {"angle": 22.5, "axis": "y", "origin": [7.49079, 7.8, 7.50842]}, "faces": { "south": {"uv": [6, 2, 7, 3], "texture": "#1"}, "up": {"uv": [6, 2, 7, 3], "texture": "#1"}, "down": {"uv": [6, 2, 7, 3], "texture": "#1"} } }, { "from": [9.99063, 7.65, 7.14375], "to": [11.95, 7.85, 8.89063], "rotation": {"angle": 0, "axis": "y", "origin": [15.5, 15.5, 15.5]}, "faces": { "north": {"uv": [9, 9, 11, 11], "rotation": 90, "texture": "#1"}, "south": {"uv": [9, 9, 11, 11], "rotation": 90, "texture": "#1"}, "west": {"uv": [9, 9, 11, 11], "rotation": 90, "texture": "#1"}, "up": {"uv": [9, 9, 11, 11], "rotation": 90, "texture": "#1"}, "down": {"uv": [9, 9, 11, 11], "rotation": 90, "texture": "#1"} } }, { "from": [4.05312, 7.65, 7.14375], "to": [6.0125, 7.85, 8.89063], "rotation": {"angle": 0, "axis": "y", "origin": [9.20313, 15.5, 15.5]}, "faces": { "north": {"uv": [9, 9, 11, 11], "rotation": 90, "texture": "#1"}, "east": {"uv": [9, 9, 11, 11], "rotation": 90, "texture": "#1"}, "south": {"uv": [9, 9, 11, 11], "rotation": 90, "texture": "#1"}, "up": {"uv": [9, 9, 11, 11], "rotation": 90, "texture": "#1"}, "down": {"uv": [9, 9, 11, 11], "rotation": 90, "texture": "#1"} } }, { "from": [8.04, 1.89687, 7.08125], "to": [8.3525, 2.22187, 8.95313], "rotation": {"angle": 0, "axis": "y", "origin": [15.68375, 15.57187, 15.5]}, "faces": { "north": {"uv": [9, 9, 11, 11], "rotation": 270, "texture": "#1"}, "east": {"uv": [9, 9, 11, 11], "rotation": 270, "texture": "#1"}, "south": {"uv": [9, 9, 11, 11], "rotation": 270, "texture": "#1"}, "west": {"uv": [9, 9, 11, 11], "rotation": 270, "texture": "#1"}, "up": {"uv": [9, 9, 11, 11], "rotation": 270, "texture": "#1"}, "down": {"uv": [9, 9, 11, 11], "rotation": 270, "texture": "#1"} } }, { "from": [7.6025, 1.89687, 7.08125], "to": [7.915, 2.22187, 8.95313], "rotation": {"angle": 0, "axis": "y", "origin": [15.24625, 15.57187, 15.5]}, "faces": { "north": {"uv": [9, 9, 11, 11], "rotation": 270, "texture": "#1"}, "east": {"uv": [9, 9, 11, 11], "rotation": 270, "texture": "#1"}, "south": {"uv": [9, 9, 11, 11], "rotation": 270, "texture": "#1"}, "west": {"uv": [9, 9, 11, 11], "rotation": 270, "texture": "#1"}, "up": {"uv": [9, 9, 11, 11], "rotation": 270, "texture": "#1"}, "down": {"uv": [9, 9, 11, 11], "rotation": 270, "texture": "#1"} } }, { "from": [11.75, 2.15937, 7.14375], "to": [11.95, 7.85, 8.89063], "rotation": {"angle": 0, "axis": "z", "origin": [11.85, 7.04375, 8]}, "faces": { "north": {"uv": [9, 9, 11, 11], "texture": "#1"}, "east": {"uv": [9, 9, 11, 11], "texture": "#1"}, "south": {"uv": [9, 9, 11, 11], "texture": "#1"}, "west": {"uv": [9, 9, 11, 11], "texture": "#1"} } }, { "from": [4.04688, 2.15937, 7.14375], "to": [4.24687, 7.85, 8.89063], "rotation": {"angle": 0, "axis": "z", "origin": [4.14687, 7.04375, 8]}, "faces": { "north": {"uv": [9, 9, 11, 11], "texture": "#1"}, "east": {"uv": [9, 9, 11, 11], "texture": "#1"}, "south": {"uv": [9, 9, 11, 11], "texture": "#1"}, "west": {"uv": [9, 9, 11, 11], "texture": "#1"}, "up": {"uv": [9, 9, 11, 11], "texture": "#1"} } }, { "from": [4.04688, 1.95938, 7.14375], "to": [11.95625, 2.15937, 8.89063], "rotation": {"angle": 0, "axis": "z", "origin": [6.88958, 2.05938, 8.01719]}, "faces": { "north": {"uv": [9, 9, 11, 11], "rotation": 270, "texture": "#1"}, "east": {"uv": [9, 9, 11, 11], "rotation": 270, "texture": "#1"}, "south": {"uv": [9, 9, 11, 11], "rotation": 270, "texture": "#1"}, "west": {"uv": [9, 9, 11, 11], "rotation": 270, "texture": "#1"}, "up": {"uv": [9, 9, 11, 11], "rotation": 270, "texture": "#1"}, "down": {"uv": [9, 9, 11, 11], "rotation": 270, "texture": "#1"} } }, { "name": "hexadecagon", "from": [5.75125, 7.7, 7.05218], "to": [5.88125, 7.8, 8.94782], "rotation": {"angle": 0, "axis": "y", "origin": [8.03125, 8, 8]}, "faces": { "east": {"uv": [10, 9, 11, 10], "texture": "#1"}, "west": {"uv": [10, 9, 11, 10], "texture": "#1"}, "up": {"uv": [10, 9, 11, 10], "texture": "#1"}, "down": {"uv": [10, 9, 11, 10], "texture": "#1"} } }, { "name": "hexadecagon", "from": [10.0875, 7.7, 7.05218], "to": [10.2175, 7.8, 8.94782], "rotation": {"angle": 0, "axis": "y", "origin": [7.9375, 8, 8]}, "faces": { "east": {"uv": [10, 9, 11, 10], "texture": "#1"}, "west": {"uv": [10, 9, 11, 10], "texture": "#1"}, "up": {"uv": [10, 9, 11, 10], "texture": "#1"}, "down": {"uv": [10, 9, 11, 10], "texture": "#1"} } }, { "name": "hexadecagon", "from": [5.7075, 7.55, 8.90843], "to": [6.2, 8, 9.10407], "rotation": {"angle": 0, "axis": "y", "origin": [8, 8, 8.15625]}, "faces": { "north": {"uv": [10, 9, 11, 10], "texture": "#1"}, "west": {"uv": [10, 9, 11, 10], "texture": "#1"}, "up": {"uv": [10, 9, 11, 10], "texture": "#1"}, "down": {"uv": [10, 9, 11, 10], "texture": "#1"} } }, { "name": "hexadecagon", "from": [6.02, 7.55, 8.90843], "to": [6.34063, 8, 9.16657], "rotation": {"angle": 0, "axis": "y", "origin": [8, 8, 8.15625]}, "faces": { "north": {"uv": [10, 9, 11, 10], "texture": "#1"}, "up": {"uv": [10, 9, 11, 10], "texture": "#1"}, "down": {"uv": [10, 9, 11, 10], "texture": "#1"} } }, { "name": "hexadecagon", "from": [5.7857, 7.55, 9.01982], "to": [6.1807, 8, 9.11547], "rotation": {"angle": -22.5, "axis": "y", "origin": [5.77525, 7.8, 8.91321]}, "faces": { "south": {"uv": [10, 9, 11, 10], "texture": "#1"}, "up": {"uv": [10, 9, 11, 10], "texture": "#1"}, "down": {"uv": [10, 9, 11, 10], "texture": "#1"} } }, { "name": "hexadecagon", "from": [6.07243, 7.55, 9.15958], "to": [6.46743, 8, 9.25523], "rotation": {"angle": 0, "axis": "y", "origin": [6.06198, 7.8, 9.05297]}, "faces": { "south": {"uv": [10, 9, 11, 10], "texture": "#1"}, "up": {"uv": [10, 9, 11, 10], "texture": "#1"}, "down": {"uv": [10, 9, 11, 10], "texture": "#1"} } }, { "name": "hexadecagon", "from": [5.89017, 7.55, 8.95131], "to": [6.16017, 8, 9.07821], "rotation": {"angle": -22.5, "axis": "y", "origin": [5.78733, 7.8, 8.91422]}, "faces": { "up": {"uv": [10, 9, 11, 10], "texture": "#1"}, "down": {"uv": [10, 9, 11, 10], "texture": "#1"} } }, { "name": "hexadecagon", "from": [9.8, 7.55, 6.89593], "to": [10.2925, 8, 7.09157], "rotation": {"angle": 0, "axis": "y", "origin": [8, 8, 7.84375]}, "faces": { "east": {"uv": [10, 9, 11, 10], "texture": "#1"}, "south": {"uv": [10, 9, 11, 10], "texture": "#1"}, "up": {"uv": [10, 9, 11, 10], "texture": "#1"}, "down": {"uv": [10, 9, 11, 10], "texture": "#1"} } }, { "name": "hexadecagon", "from": [9.65938, 7.55, 6.83343], "to": [9.98, 8, 7.09157], "rotation": {"angle": 0, "axis": "y", "origin": [8, 8, 7.84375]}, "faces": { "south": {"uv": [10, 9, 11, 10], "texture": "#1"}, "up": {"uv": [10, 9, 11, 10], "texture": "#1"}, "down": {"uv": [10, 9, 11, 10], "texture": "#1"} } }, { "name": "hexadecagon", "from": [9.8193, 7.55, 6.88453], "to": [10.2143, 8, 6.98018], "rotation": {"angle": -22.5, "axis": "y", "origin": [10.22475, 7.8, 7.08679]}, "faces": { "north": {"uv": [10, 9, 11, 10], "texture": "#1"}, "up": {"uv": [10, 9, 11, 10], "texture": "#1"}, "down": {"uv": [10, 9, 11, 10], "texture": "#1"} } }, { "name": "hexadecagon", "from": [9.53257, 7.55, 6.74477], "to": [9.92757, 8, 6.84042], "rotation": {"angle": 0, "axis": "y", "origin": [9.93802, 7.8, 6.94703]}, "faces": { "north": {"uv": [10, 9, 11, 10], "texture": "#1"}, "up": {"uv": [10, 9, 11, 10], "texture": "#1"}, "down": {"uv": [10, 9, 11, 10], "texture": "#1"} } }, { "name": "hexadecagon", "from": [9.83983, 7.55, 6.92179], "to": [10.10983, 8, 7.04869], "rotation": {"angle": -22.5, "axis": "y", "origin": [10.21267, 7.8, 7.08578]}, "faces": { "up": {"uv": [10, 9, 11, 10], "texture": "#1"}, "down": {"uv": [10, 9, 11, 10], "texture": "#1"} } }, { "name": "hexadecagon", "from": [9.8, 7.5625, 8.90843], "to": [10.2925, 8.0125, 9.10407], "rotation": {"angle": 0, "axis": "y", "origin": [8, 7.5625, 8.15625]}, "faces": { "north": {"uv": [10, 9, 11, 10], "texture": "#1"}, "east": {"uv": [10, 9, 11, 10], "texture": "#1"}, "up": {"uv": [10, 9, 11, 10], "texture": "#1"}, "down": {"uv": [10, 9, 11, 10], "texture": "#1"} } }, { "name": "hexadecagon", "from": [9.65938, 7.5625, 8.90843], "to": [9.98, 8.0125, 9.16657], "rotation": {"angle": 0, "axis": "y", "origin": [8, 7.5625, 8.15625]}, "faces": { "north": {"uv": [10, 9, 11, 10], "texture": "#1"}, "up": {"uv": [10, 9, 11, 10], "texture": "#1"}, "down": {"uv": [10, 9, 11, 10], "texture": "#1"} } }, { "name": "hexadecagon", "from": [9.8193, 7.5625, 9.01982], "to": [10.2143, 8.0125, 9.11547], "rotation": {"angle": 22.5, "axis": "y", "origin": [10.22475, 7.7625, 8.91321]}, "faces": { "south": {"uv": [10, 9, 11, 10], "texture": "#1"}, "up": {"uv": [10, 9, 11, 10], "texture": "#1"}, "down": {"uv": [10, 9, 11, 10], "texture": "#1"} } }, { "name": "hexadecagon", "from": [9.53257, 7.5625, 9.15958], "to": [9.92757, 8.0125, 9.25523], "rotation": {"angle": 0, "axis": "y", "origin": [9.93802, 7.7625, 9.05297]}, "faces": { "south": {"uv": [10, 9, 11, 10], "texture": "#1"}, "up": {"uv": [10, 9, 11, 10], "texture": "#1"}, "down": {"uv": [10, 9, 11, 10], "texture": "#1"} } }, { "name": "hexadecagon", "from": [9.83983, 7.5625, 8.95131], "to": [10.10983, 8.0125, 9.07821], "rotation": {"angle": 22.5, "axis": "y", "origin": [10.21267, 7.7625, 8.91422]}, "faces": { "up": {"uv": [10, 9, 11, 10], "texture": "#1"}, "down": {"uv": [10, 9, 11, 10], "texture": "#1"} } }, { "name": "hexadecagon", "from": [5.7075, 7.5625, 6.92718], "to": [6.2, 8.0125, 7.12282], "rotation": {"angle": 0, "axis": "y", "origin": [8, 7.5625, 7.875]}, "faces": { "south": {"uv": [10, 9, 11, 10], "texture": "#1"}, "west": {"uv": [10, 9, 11, 10], "texture": "#1"}, "up": {"uv": [10, 9, 11, 10], "texture": "#1"}, "down": {"uv": [10, 9, 11, 10], "texture": "#1"} } }, { "name": "hexadecagon", "from": [6.02, 7.5625, 6.86468], "to": [6.34062, 8.0125, 7.12282], "rotation": {"angle": 0, "axis": "y", "origin": [8, 7.5625, 7.875]}, "faces": { "up": {"uv": [10, 9, 11, 10], "texture": "#1"}, "down": {"uv": [10, 9, 11, 10], "texture": "#1"} } }, { "name": "hexadecagon", "from": [5.7857, 7.5625, 6.91578], "to": [6.1807, 8.0125, 7.01143], "rotation": {"angle": 22.5, "axis": "y", "origin": [5.77525, 7.7625, 7.11804]}, "faces": { "north": {"uv": [10, 9, 11, 10], "texture": "#1"}, "up": {"uv": [10, 9, 11, 10], "texture": "#1"}, "down": {"uv": [10, 9, 11, 10], "texture": "#1"} } }, { "name": "hexadecagon", "from": [6.07243, 7.5625, 6.77602], "to": [6.46743, 8.0125, 6.87167], "rotation": {"angle": 0, "axis": "y", "origin": [6.06198, 7.7625, 6.97828]}, "faces": { "north": {"uv": [10, 9, 11, 10], "texture": "#1"}, "up": {"uv": [10, 9, 11, 10], "texture": "#1"}, "down": {"uv": [10, 9, 11, 10], "texture": "#1"} } }, { "name": "hexadecagon", "from": [5.89017, 7.5625, 6.95304], "to": [6.16017, 8.0125, 7.07994], "rotation": {"angle": 22.5, "axis": "y", "origin": [5.78733, 7.7625, 7.11703]}, "faces": { "up": {"uv": [10, 9, 11, 10], "texture": "#1"}, "down": {"uv": [10, 9, 11, 10], "texture": "#1"} } }, { "from": [10.33438, 7.68125, 7.26875], "to": [10.60625, 7.86563, 7.48438], "rotation": {"angle": 0, "axis": "y", "origin": [15.1875, 15.53125, 15.40625]}, "faces": { "north": {"uv": [9, 6, 10, 7], "texture": "#1"}, "east": {"uv": [9, 6, 10, 7], "texture": "#1"}, "south": {"uv": [9, 6, 10, 7], "texture": "#1"}, "west": {"uv": [9, 6, 10, 7], "texture": "#1"}, "up": {"uv": [9, 6, 10, 7], "texture": "#1"} } }, { "from": [4.475, 7.68125, 7.26875], "to": [4.74687, 7.86563, 7.48438], "rotation": {"angle": 0, "axis": "y", "origin": [9.32813, 15.53125, 15.40625]}, "faces": { "north": {"uv": [9, 6, 10, 7], "texture": "#1"}, "east": {"uv": [9, 6, 10, 7], "texture": "#1"}, "south": {"uv": [9, 6, 10, 7], "texture": "#1"}, "west": {"uv": [9, 6, 10, 7], "texture": "#1"}, "up": {"uv": [9, 6, 10, 7], "texture": "#1"} } }, { "from": [4.475, 1.93125, 7.26875], "to": [4.74687, 2.11563, 7.48438], "rotation": {"angle": 0, "axis": "y", "origin": [9.32813, 9.78125, 15.40625]}, "faces": { "north": {"uv": [9, 6, 10, 7], "texture": "#1"}, "east": {"uv": [9, 6, 10, 7], "texture": "#1"}, "south": {"uv": [9, 6, 10, 7], "texture": "#1"}, "west": {"uv": [9, 6, 10, 7], "texture": "#1"}, "down": {"uv": [9, 6, 10, 7], "texture": "#1"} } }, { "from": [9.28751, 1.93125, 7.26875], "to": [9.55937, 2.11563, 7.48438], "rotation": {"angle": 0, "axis": "y", "origin": [14.14063, 9.78125, 15.40625]}, "faces": { "north": {"uv": [9, 6, 10, 7], "texture": "#1"}, "east": {"uv": [9, 6, 10, 7], "texture": "#1"}, "south": {"uv": [9, 6, 10, 7], "texture": "#1"}, "west": {"uv": [9, 6, 10, 7], "texture": "#1"}, "down": {"uv": [9, 6, 10, 7], "texture": "#1"} } }, { "from": [11.78438, 7.13751, 7.26875], "to": [11.96875, 7.40938, 7.48438], "rotation": {"angle": 0, "axis": "z", "origin": [11.87657, 6.83594, 8.07969]}, "faces": { "north": {"uv": [9, 6, 10, 7], "rotation": 90, "texture": "#1"}, "east": {"uv": [9, 6, 10, 7], "rotation": 90, "texture": "#1"}, "south": {"uv": [9, 6, 10, 7], "rotation": 90, "texture": "#1"}, "up": {"uv": [9, 6, 10, 7], "rotation": 90, "texture": "#1"}, "down": {"uv": [9, 6, 10, 7], "rotation": 90, "texture": "#1"} } }, { "from": [4.03438, 2.80417, 7.26875], "to": [4.21876, 3.07604, 7.48438], "rotation": {"angle": 0, "axis": "z", "origin": [4.12656, 5.10677, 8.07969]}, "faces": { "north": {"uv": [9, 6, 10, 7], "rotation": 270, "texture": "#1"}, "south": {"uv": [9, 6, 10, 7], "rotation": 270, "texture": "#1"}, "west": {"uv": [9, 6, 10, 7], "rotation": 270, "texture": "#1"}, "up": {"uv": [9, 6, 10, 7], "rotation": 270, "texture": "#1"}, "down": {"uv": [9, 6, 10, 7], "rotation": 270, "texture": "#1"} } }, { "from": [11.78438, 5.38751, 7.26875], "to": [11.96875, 5.65938, 7.48438], "rotation": {"angle": 0, "axis": "z", "origin": [11.87657, 5.08594, 8.07969]}, "faces": { "north": {"uv": [9, 6, 10, 7], "rotation": 90, "texture": "#1"}, "east": {"uv": [9, 6, 10, 7], "rotation": 90, "texture": "#1"}, "south": {"uv": [9, 6, 10, 7], "rotation": 90, "texture": "#1"}, "up": {"uv": [9, 6, 10, 7], "rotation": 90, "texture": "#1"}, "down": {"uv": [9, 6, 10, 7], "rotation": 90, "texture": "#1"} } }, { "from": [4.03438, 4.55417, 7.26875], "to": [4.21876, 4.82604, 7.48438], "rotation": {"angle": 0, "axis": "z", "origin": [4.12656, 5.10677, 8.07969]}, "faces": { "north": {"uv": [9, 6, 10, 7], "rotation": 270, "texture": "#1"}, "south": {"uv": [9, 6, 10, 7], "rotation": 270, "texture": "#1"}, "west": {"uv": [9, 6, 10, 7], "rotation": 270, "texture": "#1"}, "up": {"uv": [9, 6, 10, 7], "rotation": 270, "texture": "#1"}, "down": {"uv": [9, 6, 10, 7], "rotation": 270, "texture": "#1"} } }, { "from": [11.78438, 3.70001, 7.26875], "to": [11.96875, 3.97188, 7.48438], "rotation": {"angle": 0, "axis": "z", "origin": [11.87657, 3.39844, 8.07969]}, "faces": { "north": {"uv": [9, 6, 10, 7], "rotation": 90, "texture": "#1"}, "east": {"uv": [9, 6, 10, 7], "rotation": 90, "texture": "#1"}, "south": {"uv": [9, 6, 10, 7], "rotation": 90, "texture": "#1"}, "up": {"uv": [9, 6, 10, 7], "rotation": 90, "texture": "#1"}, "down": {"uv": [9, 6, 10, 7], "rotation": 90, "texture": "#1"} } }, { "from": [4.03438, 6.24167, 7.26875], "to": [4.21876, 6.51354, 7.48438], "rotation": {"angle": 0, "axis": "z", "origin": [4.12656, 5.10677, 8.07969]}, "faces": { "north": {"uv": [9, 6, 10, 7], "rotation": 270, "texture": "#1"}, "south": {"uv": [9, 6, 10, 7], "rotation": 270, "texture": "#1"}, "west": {"uv": [9, 6, 10, 7], "rotation": 270, "texture": "#1"}, "up": {"uv": [9, 6, 10, 7], "rotation": 270, "texture": "#1"}, "down": {"uv": [9, 6, 10, 7], "rotation": 270, "texture": "#1"} } }, { "from": [11.20938, 7.68125, 7.26875], "to": [11.48125, 7.86563, 7.48438], "rotation": {"angle": 0, "axis": "y", "origin": [16.0625, 15.53125, 15.40625]}, "faces": { "north": {"uv": [9, 6, 10, 7], "texture": "#1"}, "east": {"uv": [9, 6, 10, 7], "texture": "#1"}, "south": {"uv": [9, 6, 10, 7], "texture": "#1"}, "west": {"uv": [9, 6, 10, 7], "texture": "#1"}, "up": {"uv": [9, 6, 10, 7], "texture": "#1"} } }, { "from": [5.35001, 7.68125, 7.26875], "to": [5.62187, 7.86563, 7.48438], "rotation": {"angle": 0, "axis": "y", "origin": [10.20313, 15.53125, 15.40625]}, "faces": { "north": {"uv": [9, 6, 10, 7], "texture": "#1"}, "east": {"uv": [9, 6, 10, 7], "texture": "#1"}, "south": {"uv": [9, 6, 10, 7], "texture": "#1"}, "west": {"uv": [9, 6, 10, 7], "texture": "#1"}, "up": {"uv": [9, 6, 10, 7], "texture": "#1"} } }, { "from": [5.35001, 1.93125, 7.26875], "to": [5.62187, 2.11563, 7.48438], "rotation": {"angle": 0, "axis": "y", "origin": [10.20313, 9.78125, 15.40625]}, "faces": { "north": {"uv": [9, 6, 10, 7], "texture": "#1"}, "east": {"uv": [9, 6, 10, 7], "texture": "#1"}, "south": {"uv": [9, 6, 10, 7], "texture": "#1"}, "west": {"uv": [9, 6, 10, 7], "texture": "#1"}, "down": {"uv": [9, 6, 10, 7], "texture": "#1"} } }, { "from": [10.16251, 1.93125, 7.26875], "to": [10.43437, 2.11563, 7.48438], "rotation": {"angle": 0, "axis": "y", "origin": [15.01563, 9.78125, 15.40625]}, "faces": { "north": {"uv": [9, 6, 10, 7], "texture": "#1"}, "east": {"uv": [9, 6, 10, 7], "texture": "#1"}, "south": {"uv": [9, 6, 10, 7], "texture": "#1"}, "west": {"uv": [9, 6, 10, 7], "texture": "#1"}, "down": {"uv": [9, 6, 10, 7], "texture": "#1"} } }, { "from": [6.28751, 1.93125, 7.26875], "to": [6.55937, 2.11563, 7.48438], "rotation": {"angle": 0, "axis": "y", "origin": [11.14063, 9.78125, 15.40625]}, "faces": { "north": {"uv": [9, 6, 10, 7], "texture": "#1"}, "east": {"uv": [9, 6, 10, 7], "texture": "#1"}, "south": {"uv": [9, 6, 10, 7], "texture": "#1"}, "west": {"uv": [9, 6, 10, 7], "texture": "#1"}, "down": {"uv": [9, 6, 10, 7], "texture": "#1"} } }, { "from": [11.10001, 1.93125, 7.26875], "to": [11.37188, 2.11563, 7.48438], "rotation": {"angle": 0, "axis": "y", "origin": [15.95313, 9.78125, 15.40625]}, "faces": { "north": {"uv": [9, 6, 10, 7], "texture": "#1"}, "east": {"uv": [9, 6, 10, 7], "texture": "#1"}, "south": {"uv": [9, 6, 10, 7], "texture": "#1"}, "west": {"uv": [9, 6, 10, 7], "texture": "#1"}, "down": {"uv": [9, 6, 10, 7], "texture": "#1"} } }, { "from": [11.78438, 6.26251, 7.26875], "to": [11.96875, 6.53438, 7.48438], "rotation": {"angle": 0, "axis": "z", "origin": [11.87657, 6.83594, 8.07969]}, "faces": { "north": {"uv": [9, 6, 10, 7], "rotation": 90, "texture": "#1"}, "east": {"uv": [9, 6, 10, 7], "rotation": 90, "texture": "#1"}, "south": {"uv": [9, 6, 10, 7], "rotation": 90, "texture": "#1"}, "up": {"uv": [9, 6, 10, 7], "rotation": 90, "texture": "#1"}, "down": {"uv": [9, 6, 10, 7], "rotation": 90, "texture": "#1"} } }, { "from": [4.03438, 3.67917, 7.26875], "to": [4.21876, 3.95104, 7.48438], "rotation": {"angle": 0, "axis": "z", "origin": [4.12656, 5.10677, 8.07969]}, "faces": { "north": {"uv": [9, 6, 10, 7], "rotation": 270, "texture": "#1"}, "south": {"uv": [9, 6, 10, 7], "rotation": 270, "texture": "#1"}, "west": {"uv": [9, 6, 10, 7], "rotation": 270, "texture": "#1"}, "up": {"uv": [9, 6, 10, 7], "rotation": 270, "texture": "#1"}, "down": {"uv": [9, 6, 10, 7], "rotation": 270, "texture": "#1"} } }, { "from": [11.78438, 4.51251, 7.26875], "to": [11.96875, 4.78438, 7.48438], "rotation": {"angle": 0, "axis": "z", "origin": [11.87657, 5.08594, 8.07969]}, "faces": { "north": {"uv": [9, 6, 10, 7], "rotation": 90, "texture": "#1"}, "east": {"uv": [9, 6, 10, 7], "rotation": 90, "texture": "#1"}, "south": {"uv": [9, 6, 10, 7], "rotation": 90, "texture": "#1"}, "up": {"uv": [9, 6, 10, 7], "rotation": 90, "texture": "#1"}, "down": {"uv": [9, 6, 10, 7], "rotation": 90, "texture": "#1"} } }, { "from": [4.03438, 5.42917, 7.26875], "to": [4.21876, 5.70104, 7.48438], "rotation": {"angle": 0, "axis": "z", "origin": [4.12656, 5.10677, 8.07969]}, "faces": { "north": {"uv": [9, 6, 10, 7], "rotation": 270, "texture": "#1"}, "south": {"uv": [9, 6, 10, 7], "rotation": 270, "texture": "#1"}, "west": {"uv": [9, 6, 10, 7], "rotation": 270, "texture": "#1"}, "up": {"uv": [9, 6, 10, 7], "rotation": 270, "texture": "#1"}, "down": {"uv": [9, 6, 10, 7], "rotation": 270, "texture": "#1"} } }, { "from": [11.78438, 2.82501, 7.26875], "to": [11.96875, 3.09688, 7.48438], "rotation": {"angle": 0, "axis": "z", "origin": [11.87657, 3.39844, 8.07969]}, "faces": { "north": {"uv": [9, 6, 10, 7], "rotation": 90, "texture": "#1"}, "east": {"uv": [9, 6, 10, 7], "rotation": 90, "texture": "#1"}, "south": {"uv": [9, 6, 10, 7], "rotation": 90, "texture": "#1"}, "up": {"uv": [9, 6, 10, 7], "rotation": 90, "texture": "#1"}, "down": {"uv": [9, 6, 10, 7], "rotation": 90, "texture": "#1"} } }, { "from": [4.03438, 7.11667, 7.26875], "to": [4.21876, 7.38854, 7.48438], "rotation": {"angle": 0, "axis": "z", "origin": [4.12656, 5.10677, 8.07969]}, "faces": { "north": {"uv": [9, 6, 10, 7], "rotation": 270, "texture": "#1"}, "south": {"uv": [9, 6, 10, 7], "rotation": 270, "texture": "#1"}, "west": {"uv": [9, 6, 10, 7], "rotation": 270, "texture": "#1"}, "up": {"uv": [9, 6, 10, 7], "rotation": 270, "texture": "#1"}, "down": {"uv": [9, 6, 10, 7], "rotation": 270, "texture": "#1"} } }, { "from": [10.33438, 7.68125, 8.55], "to": [10.60625, 7.86563, 8.76563], "rotation": {"angle": 0, "axis": "y", "origin": [15.1875, 15.53125, 16.6875]}, "faces": { "north": {"uv": [9, 6, 10, 7], "texture": "#1"}, "east": {"uv": [9, 6, 10, 7], "texture": "#1"}, "south": {"uv": [9, 6, 10, 7], "texture": "#1"}, "west": {"uv": [9, 6, 10, 7], "texture": "#1"}, "up": {"uv": [9, 6, 10, 7], "texture": "#1"} } }, { "from": [4.475, 7.68125, 8.55], "to": [4.74687, 7.86563, 8.76563], "rotation": {"angle": 0, "axis": "y", "origin": [9.32813, 15.53125, 16.6875]}, "faces": { "north": {"uv": [9, 6, 10, 7], "texture": "#1"}, "east": {"uv": [9, 6, 10, 7], "texture": "#1"}, "south": {"uv": [9, 6, 10, 7], "texture": "#1"}, "west": {"uv": [9, 6, 10, 7], "texture": "#1"}, "up": {"uv": [9, 6, 10, 7], "texture": "#1"} } }, { "from": [4.475, 1.93125, 8.55], "to": [4.74687, 2.11563, 8.76563], "rotation": {"angle": 0, "axis": "y", "origin": [9.32813, 9.78125, 16.6875]}, "faces": { "north": {"uv": [9, 6, 10, 7], "texture": "#1"}, "east": {"uv": [9, 6, 10, 7], "texture": "#1"}, "south": {"uv": [9, 6, 10, 7], "texture": "#1"}, "west": {"uv": [9, 6, 10, 7], "texture": "#1"}, "down": {"uv": [9, 6, 10, 7], "texture": "#1"} } }, { "from": [9.28751, 1.93125, 8.55], "to": [9.55937, 2.11563, 8.76563], "rotation": {"angle": 0, "axis": "y", "origin": [14.14063, 9.78125, 16.6875]}, "faces": { "north": {"uv": [9, 6, 10, 7], "texture": "#1"}, "east": {"uv": [9, 6, 10, 7], "texture": "#1"}, "south": {"uv": [9, 6, 10, 7], "texture": "#1"}, "west": {"uv": [9, 6, 10, 7], "texture": "#1"}, "down": {"uv": [9, 6, 10, 7], "texture": "#1"} } }, { "from": [11.78438, 7.13751, 8.55], "to": [11.96875, 7.40938, 8.76563], "rotation": {"angle": 0, "axis": "z", "origin": [11.87657, 6.83594, 7.95469]}, "faces": { "north": {"uv": [9, 6, 10, 7], "rotation": 90, "texture": "#1"}, "east": {"uv": [9, 6, 10, 7], "rotation": 90, "texture": "#1"}, "south": {"uv": [9, 6, 10, 7], "rotation": 90, "texture": "#1"}, "up": {"uv": [9, 6, 10, 7], "rotation": 90, "texture": "#1"}, "down": {"uv": [9, 6, 10, 7], "rotation": 90, "texture": "#1"} } }, { "from": [4.03438, 2.80417, 8.55], "to": [4.21876, 3.07604, 8.76563], "rotation": {"angle": 0, "axis": "z", "origin": [4.12656, 5.10677, 7.95469]}, "faces": { "north": {"uv": [9, 6, 10, 7], "rotation": 270, "texture": "#1"}, "south": {"uv": [9, 6, 10, 7], "rotation": 270, "texture": "#1"}, "west": {"uv": [9, 6, 10, 7], "rotation": 270, "texture": "#1"}, "up": {"uv": [9, 6, 10, 7], "rotation": 270, "texture": "#1"}, "down": {"uv": [9, 6, 10, 7], "rotation": 270, "texture": "#1"} } }, { "from": [11.78438, 5.38751, 8.55], "to": [11.96875, 5.65938, 8.76563], "rotation": {"angle": 0, "axis": "z", "origin": [11.87657, 5.08594, 7.95469]}, "faces": { "north": {"uv": [9, 6, 10, 7], "rotation": 90, "texture": "#1"}, "east": {"uv": [9, 6, 10, 7], "rotation": 90, "texture": "#1"}, "south": {"uv": [9, 6, 10, 7], "rotation": 90, "texture": "#1"}, "up": {"uv": [9, 6, 10, 7], "rotation": 90, "texture": "#1"}, "down": {"uv": [9, 6, 10, 7], "rotation": 90, "texture": "#1"} } }, { "from": [4.03438, 4.55417, 8.55], "to": [4.21876, 4.82604, 8.76563], "rotation": {"angle": 0, "axis": "z", "origin": [4.12656, 5.10677, 7.95469]}, "faces": { "north": {"uv": [9, 6, 10, 7], "rotation": 270, "texture": "#1"}, "south": {"uv": [9, 6, 10, 7], "rotation": 270, "texture": "#1"}, "west": {"uv": [9, 6, 10, 7], "rotation": 270, "texture": "#1"}, "up": {"uv": [9, 6, 10, 7], "rotation": 270, "texture": "#1"}, "down": {"uv": [9, 6, 10, 7], "rotation": 270, "texture": "#1"} } }, { "from": [11.78438, 3.70001, 8.55], "to": [11.96875, 3.97188, 8.76563], "rotation": {"angle": 0, "axis": "z", "origin": [11.87657, 3.39844, 7.95469]}, "faces": { "north": {"uv": [9, 6, 10, 7], "rotation": 90, "texture": "#1"}, "east": {"uv": [9, 6, 10, 7], "rotation": 90, "texture": "#1"}, "south": {"uv": [9, 6, 10, 7], "rotation": 90, "texture": "#1"}, "up": {"uv": [9, 6, 10, 7], "rotation": 90, "texture": "#1"}, "down": {"uv": [9, 6, 10, 7], "rotation": 90, "texture": "#1"} } }, { "from": [4.03438, 6.24167, 8.55], "to": [4.21876, 6.51354, 8.76563], "rotation": {"angle": 0, "axis": "z", "origin": [4.12656, 5.10677, 7.95469]}, "faces": { "north": {"uv": [9, 6, 10, 7], "rotation": 270, "texture": "#1"}, "south": {"uv": [9, 6, 10, 7], "rotation": 270, "texture": "#1"}, "west": {"uv": [9, 6, 10, 7], "rotation": 270, "texture": "#1"}, "up": {"uv": [9, 6, 10, 7], "rotation": 270, "texture": "#1"}, "down": {"uv": [9, 6, 10, 7], "rotation": 270, "texture": "#1"} } }, { "from": [11.20938, 7.68125, 8.55], "to": [11.48125, 7.86563, 8.76563], "rotation": {"angle": 0, "axis": "y", "origin": [16.0625, 15.53125, 16.6875]}, "faces": { "north": {"uv": [9, 6, 10, 7], "texture": "#1"}, "east": {"uv": [9, 6, 10, 7], "texture": "#1"}, "south": {"uv": [9, 6, 10, 7], "texture": "#1"}, "west": {"uv": [9, 6, 10, 7], "texture": "#1"}, "up": {"uv": [9, 6, 10, 7], "texture": "#1"} } }, { "from": [5.35001, 7.68125, 8.55], "to": [5.62187, 7.86563, 8.76563], "rotation": {"angle": 0, "axis": "y", "origin": [10.20313, 15.53125, 16.6875]}, "faces": { "north": {"uv": [9, 6, 10, 7], "texture": "#1"}, "east": {"uv": [9, 6, 10, 7], "texture": "#1"}, "south": {"uv": [9, 6, 10, 7], "texture": "#1"}, "west": {"uv": [9, 6, 10, 7], "texture": "#1"}, "up": {"uv": [9, 6, 10, 7], "texture": "#1"} } }, { "from": [5.35001, 1.93125, 8.55], "to": [5.62187, 2.11563, 8.76563], "rotation": {"angle": 0, "axis": "y", "origin": [10.20313, 9.78125, 16.6875]}, "faces": { "north": {"uv": [9, 6, 10, 7], "texture": "#1"}, "east": {"uv": [9, 6, 10, 7], "texture": "#1"}, "south": {"uv": [9, 6, 10, 7], "texture": "#1"}, "west": {"uv": [9, 6, 10, 7], "texture": "#1"}, "down": {"uv": [9, 6, 10, 7], "texture": "#1"} } }, { "from": [10.16251, 1.93125, 8.55], "to": [10.43437, 2.11563, 8.76563], "rotation": {"angle": 0, "axis": "y", "origin": [15.01563, 9.78125, 16.6875]}, "faces": { "north": {"uv": [9, 6, 10, 7], "texture": "#1"}, "east": {"uv": [9, 6, 10, 7], "texture": "#1"}, "south": {"uv": [9, 6, 10, 7], "texture": "#1"}, "west": {"uv": [9, 6, 10, 7], "texture": "#1"}, "down": {"uv": [9, 6, 10, 7], "texture": "#1"} } }, { "from": [6.28751, 1.93125, 8.55], "to": [6.55937, 2.11563, 8.76563], "rotation": {"angle": 0, "axis": "y", "origin": [11.14063, 9.78125, 16.6875]}, "faces": { "north": {"uv": [9, 6, 10, 7], "texture": "#1"}, "east": {"uv": [9, 6, 10, 7], "texture": "#1"}, "south": {"uv": [9, 6, 10, 7], "texture": "#1"}, "west": {"uv": [9, 6, 10, 7], "texture": "#1"}, "down": {"uv": [9, 6, 10, 7], "texture": "#1"} } }, { "from": [11.10001, 1.93125, 8.55], "to": [11.37188, 2.11563, 8.76563], "rotation": {"angle": 0, "axis": "y", "origin": [15.95313, 9.78125, 16.6875]}, "faces": { "north": {"uv": [9, 6, 10, 7], "texture": "#1"}, "east": {"uv": [9, 6, 10, 7], "texture": "#1"}, "south": {"uv": [9, 6, 10, 7], "texture": "#1"}, "west": {"uv": [9, 6, 10, 7], "texture": "#1"}, "down": {"uv": [9, 6, 10, 7], "texture": "#1"} } }, { "from": [11.78438, 6.26251, 8.55], "to": [11.96875, 6.53438, 8.76563], "rotation": {"angle": 0, "axis": "z", "origin": [11.87657, 6.83594, 7.95469]}, "faces": { "north": {"uv": [9, 6, 10, 7], "rotation": 90, "texture": "#1"}, "east": {"uv": [9, 6, 10, 7], "rotation": 90, "texture": "#1"}, "south": {"uv": [9, 6, 10, 7], "rotation": 90, "texture": "#1"}, "up": {"uv": [9, 6, 10, 7], "rotation": 90, "texture": "#1"}, "down": {"uv": [9, 6, 10, 7], "rotation": 90, "texture": "#1"} } }, { "from": [4.03438, 3.67917, 8.55], "to": [4.21876, 3.95104, 8.76563], "rotation": {"angle": 0, "axis": "z", "origin": [4.12656, 5.10677, 7.95469]}, "faces": { "north": {"uv": [9, 6, 10, 7], "rotation": 270, "texture": "#1"}, "south": {"uv": [9, 6, 10, 7], "rotation": 270, "texture": "#1"}, "west": {"uv": [9, 6, 10, 7], "rotation": 270, "texture": "#1"}, "up": {"uv": [9, 6, 10, 7], "rotation": 270, "texture": "#1"}, "down": {"uv": [9, 6, 10, 7], "rotation": 270, "texture": "#1"} } }, { "from": [11.78438, 4.51251, 8.55], "to": [11.96875, 4.78438, 8.76563], "rotation": {"angle": 0, "axis": "z", "origin": [11.87657, 5.08594, 7.95469]}, "faces": { "north": {"uv": [9, 6, 10, 7], "rotation": 90, "texture": "#1"}, "east": {"uv": [9, 6, 10, 7], "rotation": 90, "texture": "#1"}, "south": {"uv": [9, 6, 10, 7], "rotation": 90, "texture": "#1"}, "up": {"uv": [9, 6, 10, 7], "rotation": 90, "texture": "#1"}, "down": {"uv": [9, 6, 10, 7], "rotation": 90, "texture": "#1"} } }, { "from": [4.03438, 5.42917, 8.55], "to": [4.21876, 5.70104, 8.76563], "rotation": {"angle": 0, "axis": "z", "origin": [4.12656, 5.10677, 7.95469]}, "faces": { "north": {"uv": [9, 6, 10, 7], "rotation": 270, "texture": "#1"}, "south": {"uv": [9, 6, 10, 7], "rotation": 270, "texture": "#1"}, "west": {"uv": [9, 6, 10, 7], "rotation": 270, "texture": "#1"}, "up": {"uv": [9, 6, 10, 7], "rotation": 270, "texture": "#1"}, "down": {"uv": [9, 6, 10, 7], "rotation": 270, "texture": "#1"} } }, { "from": [11.78438, 2.82501, 8.55], "to": [11.96875, 3.09688, 8.76563], "rotation": {"angle": 0, "axis": "z", "origin": [11.87657, 3.39844, 7.95469]}, "faces": { "north": {"uv": [9, 6, 10, 7], "rotation": 90, "texture": "#1"}, "east": {"uv": [9, 6, 10, 7], "rotation": 90, "texture": "#1"}, "south": {"uv": [9, 6, 10, 7], "rotation": 90, "texture": "#1"}, "up": {"uv": [9, 6, 10, 7], "rotation": 90, "texture": "#1"}, "down": {"uv": [9, 6, 10, 7], "rotation": 90, "texture": "#1"} } }, { "from": [4.03438, 7.11667, 8.55], "to": [4.21876, 7.38854, 8.76563], "rotation": {"angle": 0, "axis": "z", "origin": [4.12656, 5.10677, 7.95469]}, "faces": { "north": {"uv": [9, 6, 10, 7], "rotation": 270, "texture": "#1"}, "south": {"uv": [9, 6, 10, 7], "rotation": 270, "texture": "#1"}, "west": {"uv": [9, 6, 10, 7], "rotation": 270, "texture": "#1"}, "up": {"uv": [9, 6, 10, 7], "rotation": 270, "texture": "#1"}, "down": {"uv": [9, 6, 10, 7], "rotation": 270, "texture": "#1"} } }, { "from": [10.31876, 7.68125, 7.28438], "to": [10.62188, 7.86563, 7.46876], "rotation": {"angle": 0, "axis": "y", "origin": [15.1875, 15.53125, 15.40625]}, "faces": { "north": {"uv": [9, 6, 10, 7], "texture": "#1"}, "east": {"uv": [9, 6, 10, 7], "texture": "#1"}, "south": {"uv": [9, 6, 10, 7], "texture": "#1"}, "west": {"uv": [9, 6, 10, 7], "texture": "#1"}, "up": {"uv": [9, 6, 10, 7], "texture": "#1"} } }, { "from": [4.45938, 7.68125, 7.28438], "to": [4.7625, 7.86563, 7.46876], "rotation": {"angle": 0, "axis": "y", "origin": [9.32813, 15.53125, 15.40625]}, "faces": { "north": {"uv": [9, 6, 10, 7], "texture": "#1"}, "east": {"uv": [9, 6, 10, 7], "texture": "#1"}, "south": {"uv": [9, 6, 10, 7], "texture": "#1"}, "west": {"uv": [9, 6, 10, 7], "texture": "#1"}, "up": {"uv": [9, 6, 10, 7], "texture": "#1"} } }, { "from": [4.45938, 1.93125, 7.28438], "to": [4.7625, 2.11563, 7.46876], "rotation": {"angle": 0, "axis": "y", "origin": [9.32813, 9.78125, 15.40625]}, "faces": { "north": {"uv": [9, 6, 10, 7], "texture": "#1"}, "east": {"uv": [9, 6, 10, 7], "texture": "#1"}, "south": {"uv": [9, 6, 10, 7], "texture": "#1"}, "west": {"uv": [9, 6, 10, 7], "texture": "#1"}, "down": {"uv": [9, 6, 10, 7], "texture": "#1"} } }, { "from": [9.27188, 1.93125, 7.28438], "to": [9.575, 2.11563, 7.46876], "rotation": {"angle": 0, "axis": "y", "origin": [14.14063, 9.78125, 15.40625]}, "faces": { "north": {"uv": [9, 6, 10, 7], "texture": "#1"}, "east": {"uv": [9, 6, 10, 7], "texture": "#1"}, "south": {"uv": [9, 6, 10, 7], "texture": "#1"}, "west": {"uv": [9, 6, 10, 7], "texture": "#1"}, "down": {"uv": [9, 6, 10, 7], "texture": "#1"} } }, { "from": [11.78438, 7.12188, 7.28438], "to": [11.96875, 7.425, 7.46876], "rotation": {"angle": 0, "axis": "z", "origin": [11.87657, 6.83594, 8.07969]}, "faces": { "north": {"uv": [9, 6, 10, 7], "rotation": 90, "texture": "#1"}, "east": {"uv": [9, 6, 10, 7], "rotation": 90, "texture": "#1"}, "south": {"uv": [9, 6, 10, 7], "rotation": 90, "texture": "#1"}, "up": {"uv": [9, 6, 10, 7], "rotation": 90, "texture": "#1"}, "down": {"uv": [9, 6, 10, 7], "rotation": 90, "texture": "#1"} } }, { "from": [4.03438, 2.78855, 7.28438], "to": [4.21876, 3.09167, 7.46876], "rotation": {"angle": 0, "axis": "z", "origin": [4.12656, 5.10677, 8.07969]}, "faces": { "north": {"uv": [9, 6, 10, 7], "rotation": 270, "texture": "#1"}, "south": {"uv": [9, 6, 10, 7], "rotation": 270, "texture": "#1"}, "west": {"uv": [9, 6, 10, 7], "rotation": 270, "texture": "#1"}, "up": {"uv": [9, 6, 10, 7], "rotation": 270, "texture": "#1"}, "down": {"uv": [9, 6, 10, 7], "rotation": 270, "texture": "#1"} } }, { "from": [11.78438, 5.37188, 7.28438], "to": [11.96875, 5.675, 7.46876], "rotation": {"angle": 0, "axis": "z", "origin": [11.87657, 5.08594, 8.07969]}, "faces": { "north": {"uv": [9, 6, 10, 7], "rotation": 90, "texture": "#1"}, "east": {"uv": [9, 6, 10, 7], "rotation": 90, "texture": "#1"}, "south": {"uv": [9, 6, 10, 7], "rotation": 90, "texture": "#1"}, "up": {"uv": [9, 6, 10, 7], "rotation": 90, "texture": "#1"}, "down": {"uv": [9, 6, 10, 7], "rotation": 90, "texture": "#1"} } }, { "from": [4.03438, 4.53855, 7.28438], "to": [4.21876, 4.84167, 7.46876], "rotation": {"angle": 0, "axis": "z", "origin": [4.12656, 5.10677, 8.07969]}, "faces": { "north": {"uv": [9, 6, 10, 7], "rotation": 270, "texture": "#1"}, "south": {"uv": [9, 6, 10, 7], "rotation": 270, "texture": "#1"}, "west": {"uv": [9, 6, 10, 7], "rotation": 270, "texture": "#1"}, "up": {"uv": [9, 6, 10, 7], "rotation": 270, "texture": "#1"}, "down": {"uv": [9, 6, 10, 7], "rotation": 270, "texture": "#1"} } }, { "from": [11.78438, 3.68438, 7.28438], "to": [11.96875, 3.9875, 7.46876], "rotation": {"angle": 0, "axis": "z", "origin": [11.87657, 3.39844, 8.07969]}, "faces": { "north": {"uv": [9, 6, 10, 7], "rotation": 90, "texture": "#1"}, "east": {"uv": [9, 6, 10, 7], "rotation": 90, "texture": "#1"}, "south": {"uv": [9, 6, 10, 7], "rotation": 90, "texture": "#1"}, "up": {"uv": [9, 6, 10, 7], "rotation": 90, "texture": "#1"}, "down": {"uv": [9, 6, 10, 7], "rotation": 90, "texture": "#1"} } }, { "from": [4.03438, 6.22605, 7.28438], "to": [4.21876, 6.52917, 7.46876], "rotation": {"angle": 0, "axis": "z", "origin": [4.12656, 5.10677, 8.07969]}, "faces": { "north": {"uv": [9, 6, 10, 7], "rotation": 270, "texture": "#1"}, "south": {"uv": [9, 6, 10, 7], "rotation": 270, "texture": "#1"}, "west": {"uv": [9, 6, 10, 7], "rotation": 270, "texture": "#1"}, "up": {"uv": [9, 6, 10, 7], "rotation": 270, "texture": "#1"}, "down": {"uv": [9, 6, 10, 7], "rotation": 270, "texture": "#1"} } }, { "from": [11.19376, 7.68125, 7.28438], "to": [11.49688, 7.86563, 7.46876], "rotation": {"angle": 0, "axis": "y", "origin": [16.0625, 15.53125, 15.40625]}, "faces": { "north": {"uv": [9, 6, 10, 7], "texture": "#1"}, "east": {"uv": [9, 6, 10, 7], "texture": "#1"}, "south": {"uv": [9, 6, 10, 7], "texture": "#1"}, "west": {"uv": [9, 6, 10, 7], "texture": "#1"}, "up": {"uv": [9, 6, 10, 7], "texture": "#1"} } }, { "from": [5.33438, 7.68125, 7.28438], "to": [5.6375, 7.86563, 7.46876], "rotation": {"angle": 0, "axis": "y", "origin": [10.20313, 15.53125, 15.40625]}, "faces": { "north": {"uv": [9, 6, 10, 7], "texture": "#1"}, "east": {"uv": [9, 6, 10, 7], "texture": "#1"}, "south": {"uv": [9, 6, 10, 7], "texture": "#1"}, "west": {"uv": [9, 6, 10, 7], "texture": "#1"}, "up": {"uv": [9, 6, 10, 7], "texture": "#1"} } }, { "from": [5.33438, 1.93125, 7.28438], "to": [5.6375, 2.11563, 7.46876], "rotation": {"angle": 0, "axis": "y", "origin": [10.20313, 9.78125, 15.40625]}, "faces": { "north": {"uv": [9, 6, 10, 7], "texture": "#1"}, "east": {"uv": [9, 6, 10, 7], "texture": "#1"}, "south": {"uv": [9, 6, 10, 7], "texture": "#1"}, "west": {"uv": [9, 6, 10, 7], "texture": "#1"}, "down": {"uv": [9, 6, 10, 7], "texture": "#1"} } }, { "from": [10.14688, 1.93125, 7.28438], "to": [10.45, 2.11563, 7.46876], "rotation": {"angle": 0, "axis": "y", "origin": [15.01563, 9.78125, 15.40625]}, "faces": { "north": {"uv": [9, 6, 10, 7], "texture": "#1"}, "east": {"uv": [9, 6, 10, 7], "texture": "#1"}, "south": {"uv": [9, 6, 10, 7], "texture": "#1"}, "west": {"uv": [9, 6, 10, 7], "texture": "#1"}, "down": {"uv": [9, 6, 10, 7], "texture": "#1"} } }, { "from": [6.27188, 1.93125, 7.28438], "to": [6.575, 2.11563, 7.46876], "rotation": {"angle": 0, "axis": "y", "origin": [11.14063, 9.78125, 15.40625]}, "faces": { "north": {"uv": [9, 6, 10, 7], "texture": "#1"}, "east": {"uv": [9, 6, 10, 7], "texture": "#1"}, "south": {"uv": [9, 6, 10, 7], "texture": "#1"}, "west": {"uv": [9, 6, 10, 7], "texture": "#1"}, "down": {"uv": [9, 6, 10, 7], "texture": "#1"} } }, { "from": [11.08438, 1.93125, 7.28438], "to": [11.3875, 2.11563, 7.46876], "rotation": {"angle": 0, "axis": "y", "origin": [15.95313, 9.78125, 15.40625]}, "faces": { "north": {"uv": [9, 6, 10, 7], "texture": "#1"}, "east": {"uv": [9, 6, 10, 7], "texture": "#1"}, "south": {"uv": [9, 6, 10, 7], "texture": "#1"}, "west": {"uv": [9, 6, 10, 7], "texture": "#1"}, "down": {"uv": [9, 6, 10, 7], "texture": "#1"} } }, { "from": [11.78438, 6.24688, 7.28438], "to": [11.96875, 6.55, 7.46876], "rotation": {"angle": 0, "axis": "z", "origin": [11.87657, 6.83594, 8.07969]}, "faces": { "north": {"uv": [9, 6, 10, 7], "rotation": 90, "texture": "#1"}, "east": {"uv": [9, 6, 10, 7], "rotation": 90, "texture": "#1"}, "south": {"uv": [9, 6, 10, 7], "rotation": 90, "texture": "#1"}, "up": {"uv": [9, 6, 10, 7], "rotation": 90, "texture": "#1"}, "down": {"uv": [9, 6, 10, 7], "rotation": 90, "texture": "#1"} } }, { "from": [4.03438, 3.66355, 7.28438], "to": [4.21876, 3.96667, 7.46876], "rotation": {"angle": 0, "axis": "z", "origin": [4.12656, 5.10677, 8.07969]}, "faces": { "north": {"uv": [9, 6, 10, 7], "rotation": 270, "texture": "#1"}, "south": {"uv": [9, 6, 10, 7], "rotation": 270, "texture": "#1"}, "west": {"uv": [9, 6, 10, 7], "rotation": 270, "texture": "#1"}, "up": {"uv": [9, 6, 10, 7], "rotation": 270, "texture": "#1"}, "down": {"uv": [9, 6, 10, 7], "rotation": 270, "texture": "#1"} } }, { "from": [11.78438, 4.49688, 7.28438], "to": [11.96875, 4.8, 7.46876], "rotation": {"angle": 0, "axis": "z", "origin": [11.87657, 5.08594, 8.07969]}, "faces": { "north": {"uv": [9, 6, 10, 7], "rotation": 90, "texture": "#1"}, "east": {"uv": [9, 6, 10, 7], "rotation": 90, "texture": "#1"}, "south": {"uv": [9, 6, 10, 7], "rotation": 90, "texture": "#1"}, "up": {"uv": [9, 6, 10, 7], "rotation": 90, "texture": "#1"}, "down": {"uv": [9, 6, 10, 7], "rotation": 90, "texture": "#1"} } }, { "from": [4.03438, 5.41355, 7.28438], "to": [4.21876, 5.71667, 7.46876], "rotation": {"angle": 0, "axis": "z", "origin": [4.12656, 5.10677, 8.07969]}, "faces": { "north": {"uv": [9, 6, 10, 7], "rotation": 270, "texture": "#1"}, "south": {"uv": [9, 6, 10, 7], "rotation": 270, "texture": "#1"}, "west": {"uv": [9, 6, 10, 7], "rotation": 270, "texture": "#1"}, "up": {"uv": [9, 6, 10, 7], "rotation": 270, "texture": "#1"}, "down": {"uv": [9, 6, 10, 7], "rotation": 270, "texture": "#1"} } }, { "from": [11.78438, 2.80938, 7.28438], "to": [11.96875, 3.1125, 7.46876], "rotation": {"angle": 0, "axis": "z", "origin": [11.87657, 3.39844, 8.07969]}, "faces": { "north": {"uv": [9, 6, 10, 7], "rotation": 90, "texture": "#1"}, "east": {"uv": [9, 6, 10, 7], "rotation": 90, "texture": "#1"}, "south": {"uv": [9, 6, 10, 7], "rotation": 90, "texture": "#1"}, "up": {"uv": [9, 6, 10, 7], "rotation": 90, "texture": "#1"}, "down": {"uv": [9, 6, 10, 7], "rotation": 90, "texture": "#1"} } }, { "from": [4.03438, 7.10105, 7.28438], "to": [4.21876, 7.40417, 7.46876], "rotation": {"angle": 0, "axis": "z", "origin": [4.12656, 5.10677, 8.07969]}, "faces": { "north": {"uv": [9, 6, 10, 7], "rotation": 270, "texture": "#1"}, "south": {"uv": [9, 6, 10, 7], "rotation": 270, "texture": "#1"}, "west": {"uv": [9, 6, 10, 7], "rotation": 270, "texture": "#1"}, "up": {"uv": [9, 6, 10, 7], "rotation": 270, "texture": "#1"}, "down": {"uv": [9, 6, 10, 7], "rotation": 270, "texture": "#1"} } }, { "from": [10.31876, 7.68125, 8.56563], "to": [10.62188, 7.86563, 8.75001], "rotation": {"angle": 0, "axis": "y", "origin": [15.1875, 15.53125, 16.6875]}, "faces": { "north": {"uv": [9, 6, 10, 7], "texture": "#1"}, "east": {"uv": [9, 6, 10, 7], "texture": "#1"}, "south": {"uv": [9, 6, 10, 7], "texture": "#1"}, "west": {"uv": [9, 6, 10, 7], "texture": "#1"}, "up": {"uv": [9, 6, 10, 7], "texture": "#1"} } }, { "from": [4.45938, 7.68125, 8.56563], "to": [4.7625, 7.86563, 8.75001], "rotation": {"angle": 0, "axis": "y", "origin": [9.32813, 15.53125, 16.6875]}, "faces": { "north": {"uv": [9, 6, 10, 7], "texture": "#1"}, "east": {"uv": [9, 6, 10, 7], "texture": "#1"}, "south": {"uv": [9, 6, 10, 7], "texture": "#1"}, "west": {"uv": [9, 6, 10, 7], "texture": "#1"}, "up": {"uv": [9, 6, 10, 7], "texture": "#1"} } }, { "from": [4.45938, 1.93125, 8.56563], "to": [4.7625, 2.11563, 8.75001], "rotation": {"angle": 0, "axis": "y", "origin": [9.32813, 9.78125, 16.6875]}, "faces": { "north": {"uv": [9, 6, 10, 7], "texture": "#1"}, "east": {"uv": [9, 6, 10, 7], "texture": "#1"}, "south": {"uv": [9, 6, 10, 7], "texture": "#1"}, "west": {"uv": [9, 6, 10, 7], "texture": "#1"}, "down": {"uv": [9, 6, 10, 7], "texture": "#1"} } }, { "from": [9.27188, 1.93125, 8.56563], "to": [9.575, 2.11563, 8.75001], "rotation": {"angle": 0, "axis": "y", "origin": [14.14063, 9.78125, 16.6875]}, "faces": { "north": {"uv": [9, 6, 10, 7], "texture": "#1"}, "east": {"uv": [9, 6, 10, 7], "texture": "#1"}, "south": {"uv": [9, 6, 10, 7], "texture": "#1"}, "west": {"uv": [9, 6, 10, 7], "texture": "#1"}, "down": {"uv": [9, 6, 10, 7], "texture": "#1"} } }, { "from": [11.78438, 7.12188, 8.56563], "to": [11.96875, 7.425, 8.75001], "rotation": {"angle": 0, "axis": "z", "origin": [11.87657, 6.83594, 7.95469]}, "faces": { "north": {"uv": [9, 6, 10, 7], "rotation": 90, "texture": "#1"}, "east": {"uv": [9, 6, 10, 7], "rotation": 90, "texture": "#1"}, "south": {"uv": [9, 6, 10, 7], "rotation": 90, "texture": "#1"}, "up": {"uv": [9, 6, 10, 7], "rotation": 90, "texture": "#1"}, "down": {"uv": [9, 6, 10, 7], "rotation": 90, "texture": "#1"} } }, { "from": [4.03438, 2.78855, 8.56563], "to": [4.21876, 3.09167, 8.75001], "rotation": {"angle": 0, "axis": "z", "origin": [4.12656, 5.10677, 7.95469]}, "faces": { "north": {"uv": [9, 6, 10, 7], "rotation": 270, "texture": "#1"}, "south": {"uv": [9, 6, 10, 7], "rotation": 270, "texture": "#1"}, "west": {"uv": [9, 6, 10, 7], "rotation": 270, "texture": "#1"}, "up": {"uv": [9, 6, 10, 7], "rotation": 270, "texture": "#1"}, "down": {"uv": [9, 6, 10, 7], "rotation": 270, "texture": "#1"} } }, { "from": [11.78438, 5.37188, 8.56563], "to": [11.96875, 5.675, 8.75001], "rotation": {"angle": 0, "axis": "z", "origin": [11.87657, 5.08594, 7.95469]}, "faces": { "north": {"uv": [9, 6, 10, 7], "rotation": 90, "texture": "#1"}, "east": {"uv": [9, 6, 10, 7], "rotation": 90, "texture": "#1"}, "south": {"uv": [9, 6, 10, 7], "rotation": 90, "texture": "#1"}, "up": {"uv": [9, 6, 10, 7], "rotation": 90, "texture": "#1"}, "down": {"uv": [9, 6, 10, 7], "rotation": 90, "texture": "#1"} } }, { "from": [4.03438, 4.53855, 8.56563], "to": [4.21876, 4.84167, 8.75001], "rotation": {"angle": 0, "axis": "z", "origin": [4.12656, 5.10677, 7.95469]}, "faces": { "north": {"uv": [9, 6, 10, 7], "rotation": 270, "texture": "#1"}, "south": {"uv": [9, 6, 10, 7], "rotation": 270, "texture": "#1"}, "west": {"uv": [9, 6, 10, 7], "rotation": 270, "texture": "#1"}, "up": {"uv": [9, 6, 10, 7], "rotation": 270, "texture": "#1"}, "down": {"uv": [9, 6, 10, 7], "rotation": 270, "texture": "#1"} } }, { "from": [11.78438, 3.68438, 8.56563], "to": [11.96875, 3.9875, 8.75001], "rotation": {"angle": 0, "axis": "z", "origin": [11.87657, 3.39844, 7.95469]}, "faces": { "north": {"uv": [9, 6, 10, 7], "rotation": 90, "texture": "#1"}, "east": {"uv": [9, 6, 10, 7], "rotation": 90, "texture": "#1"}, "south": {"uv": [9, 6, 10, 7], "rotation": 90, "texture": "#1"}, "up": {"uv": [9, 6, 10, 7], "rotation": 90, "texture": "#1"}, "down": {"uv": [9, 6, 10, 7], "rotation": 90, "texture": "#1"} } }, { "from": [4.03438, 6.22605, 8.56563], "to": [4.21876, 6.52917, 8.75001], "rotation": {"angle": 0, "axis": "z", "origin": [4.12656, 5.10677, 7.95469]}, "faces": { "north": {"uv": [9, 6, 10, 7], "rotation": 270, "texture": "#1"}, "south": {"uv": [9, 6, 10, 7], "rotation": 270, "texture": "#1"}, "west": {"uv": [9, 6, 10, 7], "rotation": 270, "texture": "#1"}, "up": {"uv": [9, 6, 10, 7], "rotation": 270, "texture": "#1"}, "down": {"uv": [9, 6, 10, 7], "rotation": 270, "texture": "#1"} } }, { "from": [11.19376, 7.68125, 8.56563], "to": [11.49688, 7.86563, 8.75001], "rotation": {"angle": 0, "axis": "y", "origin": [16.0625, 15.53125, 16.6875]}, "faces": { "north": {"uv": [9, 6, 10, 7], "texture": "#1"}, "east": {"uv": [9, 6, 10, 7], "texture": "#1"}, "south": {"uv": [9, 6, 10, 7], "texture": "#1"}, "west": {"uv": [9, 6, 10, 7], "texture": "#1"}, "up": {"uv": [9, 6, 10, 7], "texture": "#1"} } }, { "from": [5.33438, 7.68125, 8.56563], "to": [5.6375, 7.86563, 8.75001], "rotation": {"angle": 0, "axis": "y", "origin": [10.20313, 15.53125, 16.6875]}, "faces": { "north": {"uv": [9, 6, 10, 7], "texture": "#1"}, "east": {"uv": [9, 6, 10, 7], "texture": "#1"}, "south": {"uv": [9, 6, 10, 7], "texture": "#1"}, "west": {"uv": [9, 6, 10, 7], "texture": "#1"}, "up": {"uv": [9, 6, 10, 7], "texture": "#1"} } }, { "from": [5.33438, 1.93125, 8.56563], "to": [5.6375, 2.11563, 8.75001], "rotation": {"angle": 0, "axis": "y", "origin": [10.20313, 9.78125, 16.6875]}, "faces": { "north": {"uv": [9, 6, 10, 7], "texture": "#1"}, "east": {"uv": [9, 6, 10, 7], "texture": "#1"}, "south": {"uv": [9, 6, 10, 7], "texture": "#1"}, "west": {"uv": [9, 6, 10, 7], "texture": "#1"}, "down": {"uv": [9, 6, 10, 7], "texture": "#1"} } }, { "from": [10.14688, 1.93125, 8.56563], "to": [10.45, 2.11563, 8.75001], "rotation": {"angle": 0, "axis": "y", "origin": [15.01563, 9.78125, 16.6875]}, "faces": { "north": {"uv": [9, 6, 10, 7], "texture": "#1"}, "east": {"uv": [9, 6, 10, 7], "texture": "#1"}, "south": {"uv": [9, 6, 10, 7], "texture": "#1"}, "west": {"uv": [9, 6, 10, 7], "texture": "#1"}, "down": {"uv": [9, 6, 10, 7], "texture": "#1"} } }, { "from": [6.27188, 1.93125, 8.56563], "to": [6.575, 2.11563, 8.75001], "rotation": {"angle": 0, "axis": "y", "origin": [11.14063, 9.78125, 16.6875]}, "faces": { "north": {"uv": [9, 6, 10, 7], "texture": "#1"}, "east": {"uv": [9, 6, 10, 7], "texture": "#1"}, "south": {"uv": [9, 6, 10, 7], "texture": "#1"}, "west": {"uv": [9, 6, 10, 7], "texture": "#1"}, "down": {"uv": [9, 6, 10, 7], "texture": "#1"} } }, { "from": [11.08438, 1.93125, 8.56563], "to": [11.3875, 2.11563, 8.75001], "rotation": {"angle": 0, "axis": "y", "origin": [15.95313, 9.78125, 16.6875]}, "faces": { "north": {"uv": [9, 6, 10, 7], "texture": "#1"}, "east": {"uv": [9, 6, 10, 7], "texture": "#1"}, "south": {"uv": [9, 6, 10, 7], "texture": "#1"}, "west": {"uv": [9, 6, 10, 7], "texture": "#1"}, "down": {"uv": [9, 6, 10, 7], "texture": "#1"} } }, { "from": [11.78438, 6.24688, 8.56563], "to": [11.96875, 6.55, 8.75001], "rotation": {"angle": 0, "axis": "z", "origin": [11.87657, 6.83594, 7.95469]}, "faces": { "north": {"uv": [9, 6, 10, 7], "rotation": 90, "texture": "#1"}, "east": {"uv": [9, 6, 10, 7], "rotation": 90, "texture": "#1"}, "south": {"uv": [9, 6, 10, 7], "rotation": 90, "texture": "#1"}, "up": {"uv": [9, 6, 10, 7], "rotation": 90, "texture": "#1"}, "down": {"uv": [9, 6, 10, 7], "rotation": 90, "texture": "#1"} } }, { "from": [4.03438, 3.66355, 8.56563], "to": [4.21876, 3.96667, 8.75001], "rotation": {"angle": 0, "axis": "z", "origin": [4.12656, 5.10677, 7.95469]}, "faces": { "north": {"uv": [9, 6, 10, 7], "rotation": 270, "texture": "#1"}, "south": {"uv": [9, 6, 10, 7], "rotation": 270, "texture": "#1"}, "west": {"uv": [9, 6, 10, 7], "rotation": 270, "texture": "#1"}, "up": {"uv": [9, 6, 10, 7], "rotation": 270, "texture": "#1"}, "down": {"uv": [9, 6, 10, 7], "rotation": 270, "texture": "#1"} } }, { "from": [11.78438, 4.49688, 8.56563], "to": [11.96875, 4.8, 8.75001], "rotation": {"angle": 0, "axis": "z", "origin": [11.87657, 5.08594, 7.95469]}, "faces": { "north": {"uv": [9, 6, 10, 7], "rotation": 90, "texture": "#1"}, "east": {"uv": [9, 6, 10, 7], "rotation": 90, "texture": "#1"}, "south": {"uv": [9, 6, 10, 7], "rotation": 90, "texture": "#1"}, "up": {"uv": [9, 6, 10, 7], "rotation": 90, "texture": "#1"}, "down": {"uv": [9, 6, 10, 7], "rotation": 90, "texture": "#1"} } }, { "from": [4.03438, 5.41355, 8.56563], "to": [4.21876, 5.71667, 8.75001], "rotation": {"angle": 0, "axis": "z", "origin": [4.12656, 5.10677, 7.95469]}, "faces": { "north": {"uv": [9, 6, 10, 7], "rotation": 270, "texture": "#1"}, "south": {"uv": [9, 6, 10, 7], "rotation": 270, "texture": "#1"}, "west": {"uv": [9, 6, 10, 7], "rotation": 270, "texture": "#1"}, "up": {"uv": [9, 6, 10, 7], "rotation": 270, "texture": "#1"}, "down": {"uv": [9, 6, 10, 7], "rotation": 270, "texture": "#1"} } }, { "from": [11.78438, 2.80938, 8.56563], "to": [11.96875, 3.1125, 8.75001], "rotation": {"angle": 0, "axis": "z", "origin": [11.87657, 3.39844, 7.95469]}, "faces": { "north": {"uv": [9, 6, 10, 7], "rotation": 90, "texture": "#1"}, "east": {"uv": [9, 6, 10, 7], "rotation": 90, "texture": "#1"}, "south": {"uv": [9, 6, 10, 7], "rotation": 90, "texture": "#1"}, "up": {"uv": [9, 6, 10, 7], "rotation": 90, "texture": "#1"}, "down": {"uv": [9, 6, 10, 7], "rotation": 90, "texture": "#1"} } }, { "from": [4.03438, 7.10105, 8.56563], "to": [4.21876, 7.40417, 8.75001], "rotation": {"angle": 0, "axis": "z", "origin": [4.12656, 5.10677, 7.95469]}, "faces": { "north": {"uv": [9, 6, 10, 7], "rotation": 270, "texture": "#1"}, "south": {"uv": [9, 6, 10, 7], "rotation": 270, "texture": "#1"}, "west": {"uv": [9, 6, 10, 7], "rotation": 270, "texture": "#1"}, "up": {"uv": [9, 6, 10, 7], "rotation": 270, "texture": "#1"}, "down": {"uv": [9, 6, 10, 7], "rotation": 270, "texture": "#1"} } } ], "display": { "thirdperson_righthand": { "rotation": [0, 0, -90], "translation": [2.3, -2, 1.75], "scale": [0.55, 0.73234, 0.55] }, "thirdperson_lefthand": { "rotation": [0, 0, -90], "translation": [1.8, -2, 1.75], "scale": [0.52734, 0.55859, 0.52734] }, "firstperson_righthand": { "rotation": [0, 9, 0], "translation": [3.25, 2, 0] }, "firstperson_lefthand": { "rotation": [0, 9, 0], "translation": [3.25, 2, 0] }, "ground": { "rotation": [59, 0, 0], "translation": [0, 0, 2.25], "scale": [0.74609, 0.79, 0.78516] }, "gui": { "rotation": [38, -39, 0], "translation": [0, 4.5, 0], "scale": [1.75781, 1.75781, 1.75781] }, "head": { "rotation": [-90, 0, 0], "translation": [0, 2.25, -7.5], "scale": [1.72461, 2.35547, 1.72461] }, "fixed": { "rotation": [-90, 0, 0], "translation": [0, 0, -1], "scale": [2.39258, 2.39258, 2.39258] } }, "groups": [ { "name": "watch", "origin": [8, 8, 8], "color": 0, "children": [ 0, 1, 2, 3, 4, 5, 6, 7, 8, 9, 10, 11, 12, 13, 14, 15, 16, { "name": "hexadecagon", "origin": [8, 8, 8], "color": 0, "children": [17, 18, 19, 20, 21, 22, 23, 24] } ] }, { "name": "timestamp", "origin": [8, 8, 8], "color": 0, "children": [25, 26, 27, 28, 29, 30, 31, 32, 33, 34, 35, 36, 37, 38, 39, 40, 41, 42, 43, 44, 45, 46, 47, 48, 49, 50, 51, 52, 53, 54, 55] }, { "name": "filling", "origin": [8, 8, 8], "color": 0, "children": [ { "name": "hexadecagon", "origin": [8, 8, 8], "color": 0, "children": [56, 57, 58, 59, 60, 61, 62, 63, 64] } ] }, { "name": "strap", "origin": [11.85, 7.04375, 8], "color": 0, "children": [65, 66, 67, 68, 69, 70, 71] }, { "name": "spetsar", "origin": [10.21267, 7.8, 8.75797], "color": 0, "children": [ 72, 73, { "name": "group", "origin": [10.21267, 7.8, 8.75797], "color": 0, "children": [74, 75, 76, 77, 78] }, { "name": "group", "origin": [10.21267, 7.8, 8.75797], "color": 0, "children": [ 79, 80, 81, 82, 83, { "name": "group", "origin": [10.21267, 7.7625, 8.75797], "color": 0, "children": [ 84, 85, 86, 87, 88, { "name": "group", "origin": [10.21267, 7.7625, 8.75797], "color": 0, "children": [89, 90, 91, 92, 93] } ] } ] } ] }, { "name": "straps", "origin": [9.4375, 15.53125, 15.53125], "color": 0, "children": [ 94, 95, 96, 97, 98, 99, 100, 101, 102, 103, 104, 105, 106, 107, 108, 109, 110, 111, 112, 113, 114, 115, 116, 117, 118, 119, 120, 121, 122, 123, 124, 125, 126, 127, 128, 129, 130, 131, 132, 133, 134, 135, 136, 137, 138, 139, 140, 141, 142, 143, 144, 145, 146, 147, 148, 149, 150, 151, 152, 153, 154, 155, 156, 157, 158, 159, 160, 161, 162, 163, 164, 165, 166, 167, 168, 169, 170, 171, 172, 173, 174, 175, 176, 177, 178, 179, 180, 181 ] } ] }