{ "credit": "Made with Blockbench", "textures": { "0": "block/oak_planks" }, "elements": [ { "name": "Cube", "from": [7, 0, 7], "to": [8.5, 16, 8.5], "faces": { "north": {"uv": [0, 0, 1.5, 16], "texture": "#0"}, "east": {"uv": [0, 0, 1.5, 16], "texture": "#0"}, "south": {"uv": [0, 0, 1.5, 16], "texture": "#0"}, "west": {"uv": [0, 0, 1.5, 16], "texture": "#0"}, "down": {"uv": [0, 0, 1.5, 1.5], "texture": "#0"} } }, { "name": "Cube", "from": [6.5, 16, 6.5], "to": [9, 17, 9], "faces": { "north": {"uv": [0, 0, 2.5, 1], "texture": "#0"}, "east": {"uv": [0, 0, 2.5, 1], "texture": "#0"}, "south": {"uv": [0, 0, 2.5, 1], "texture": "#0"}, "west": {"uv": [0, 0, 2.5, 1], "texture": "#0"}, "up": {"uv": [0, 0, 2.5, 2.5], "texture": "#0"}, "down": {"uv": [0, 0, 2.5, 2.5], "texture": "#0"} } }, { "name": "Cube", "from": [8.2, 16.5, 6.5], "to": [9.7, 17, 9], "faces": { "north": {"uv": [0, 0, 1.5, 0.5], "texture": "#0"}, "east": {"uv": [0, 0, 2.5, 0.5], "texture": "#0"}, "south": {"uv": [0, 0, 1.5, 0.5], "texture": "#0"}, "up": {"uv": [0, 0, 1.5, 2.5], "texture": "#0"}, "down": {"uv": [0, 0, 1.5, 2.5], "texture": "#0"} } }, { "name": "Cube", "from": [9.2, 17, 6.5], "to": [9.7, 17.2, 9], "faces": { "north": {"uv": [0, 0, 0.5, 0.2], "texture": "#0"}, "east": {"uv": [0, 0, 2.5, 0.2], "texture": "#0"}, "south": {"uv": [0, 0, 0.5, 0.2], "texture": "#0"}, "west": {"uv": [0, 0, 2.5, 0.2], "texture": "#0"}, "up": {"uv": [0, 0, 0.5, 2.5], "texture": "#0"} } }, { "name": "Cube", "from": [6.2, 16.5, 6.5], "to": [7.7, 17, 9], "faces": { "north": {"uv": [0, 0, 1.5, 0.5], "texture": "#0"}, "south": {"uv": [0, 0, 1.5, 0.5], "texture": "#0"}, "west": {"uv": [0, 0, 2.5, 0.5], "texture": "#0"}, "down": {"uv": [0, 0, 1.5, 2.5], "texture": "#0"} } }, { "name": "Cube", "from": [5.4, 16.7, 6.5], "to": [6.9, 17.1, 9], "faces": { "north": {"uv": [0, 0, 1.5, 0.4], "texture": "#0"}, "east": {"uv": [0, 0, 2.5, 0.4], "texture": "#0"}, "south": {"uv": [0, 0, 1.5, 0.4], "texture": "#0"}, "up": {"uv": [0, 0, 1.5, 2.5], "texture": "#0"}, "down": {"uv": [0, 0, 1.5, 2.5], "texture": "#0"} } }, { "name": "Cube", "from": [4.9, 16.7, 6.5], "to": [5.5, 17.1, 9], "faces": { "north": {"uv": [0, 0, 0.6, 0.4], "texture": "#0"}, "south": {"uv": [0, 0, 0.6, 0.4], "texture": "#0"}, "west": {"uv": [0, 0, 2.5, 0.4], "texture": "#0"}, "up": {"uv": [0, 0, 0.6, 2.5], "texture": "#0"}, "down": {"uv": [0, 0, 0.6, 2.5], "texture": "#0"} } }, { "name": "Cube", "from": [4.4, 16, 6.5], "to": [4.9, 17, 9], "faces": { "north": {"uv": [0, 0, 0.5, 1], "texture": "#0"}, "east": {"uv": [0, 0, 2.5, 1], "texture": "#0"}, "south": {"uv": [0, 0, 0.5, 1], "texture": "#0"}, "west": {"uv": [0, 0, 2.5, 1], "texture": "#0"}, "up": {"uv": [0, 0, 0.5, 2.5], "texture": "#0"}, "down": {"uv": [0, 0, 0.5, 2.5], "texture": "#0"} } } ], "display": { "thirdperson_righthand": { "rotation": [60, -90, 0], "translation": [0, -3.5, -4.25], "scale": [0.84648, 1.14922, 0.84648] }, "thirdperson_lefthand": { "scale": [0.87695, 0.94922, 0.87695] }, "firstperson_righthand": { "rotation": [10, -70, 5], "translation": [-3.13, 2, 1.13], "scale": [0.68, 0.68, 0.68] }, "ground": { "translation": [0, 3, 0], "scale": [0.5, 0.5, 0.5] }, "gui": { "translation": [0, -1, 0], "scale": [0.9, 0.9, 0.9] }, "head": { "rotation": [0, 180, 0], "translation": [0, 13, 7] } } }