{ "credit": "Made with Blockbench", "textures": { "1": "ttp/i/c/b/romanscane" }, "elements": [ { "from": [ 7.42, -0.58, 7.42 ], "to": [ 8.58, 13.34, 8.58 ], "faces": { "north": { "uv": [ 0.5, 8, 2.5, 10 ], "texture": "#1" }, "east": { "uv": [ 0.5, 8, 2.5, 10 ], "texture": "#1" }, "south": { "uv": [ 0.5, 8, 2.5, 10 ], "texture": "#1" }, "west": { "uv": [ 0.5, 8, 2.5, 10 ], "texture": "#1" }, "up": { "uv": [ 0.5, 8, 2.5, 10 ], "texture": "#1" }, "down": { "uv": [ 0.5, 8, 2.5, 10 ], "texture": "#1" } } }, { "from": [ 7.42, 15.39389, 7.24219 ], "to": [ 8.58, 16.55389, 8.40219 ], "rotation": { "angle": -22.5, "axis": "x", "origin": [ 8, 15.97389, 7.82219 ] }, "faces": { "north": { "uv": [ 0.5, 0.5, 2.5, 2.5 ], "texture": "#1" }, "east": { "uv": [ 0.5, 0.5, 2.5, 2.5 ], "texture": "#1" }, "south": { "uv": [ 0.5, 0.5, 2.5, 2.5 ], "texture": "#1" }, "west": { "uv": [ 0.5, 0.5, 2.5, 2.5 ], "texture": "#1" }, "up": { "uv": [ 0.5, 0.5, 2.5, 2.5 ], "texture": "#1" }, "down": { "uv": [ 0.5, 0.5, 2.5, 2.5 ], "texture": "#1" } } }, { "from": [ 7.42, 16.1517, 6.73584 ], "to": [ 8.58, 17.3117, 7.89584 ], "rotation": { "angle": -45, "axis": "x", "origin": [ 8, 16.7317, 7.31584 ] }, "faces": { "north": { "uv": [ 0.5, 0.5, 2.5, 2.5 ], "texture": "#1" }, "east": { "uv": [ 0.5, 0.5, 2.5, 2.5 ], "texture": "#1" }, "south": { "uv": [ 0.5, 0.5, 2.5, 2.5 ], "texture": "#1" }, "west": { "uv": [ 0.5, 0.5, 2.5, 2.5 ], "texture": "#1" }, "up": { "uv": [ 0.5, 0.5, 2.5, 2.5 ], "texture": "#1" }, "down": { "uv": [ 0.5, 0.5, 2.5, 2.5 ], "texture": "#1" } } }, { "from": [ 7.42, 16.65805, 5.97804 ], "to": [ 8.58, 17.81805, 7.13804 ], "rotation": { "angle": 22.5, "axis": "x", "origin": [ 8, 17.23805, 6.55804 ] }, "faces": { "north": { "uv": [ 0.5, 0.5, 2.5, 2.5 ], "rotation": 270, "texture": "#1" }, "east": { "uv": [ 0.5, 0.5, 2.5, 2.5 ], "rotation": 270, "texture": "#1" }, "south": { "uv": [ 0.5, 0.5, 2.5, 2.5 ], "rotation": 270, "texture": "#1" }, "west": { "uv": [ 0.5, 0.5, 2.5, 2.5 ], "rotation": 270, "texture": "#1" }, "up": { "uv": [ 0.5, 0.5, 2.5, 2.5 ], "rotation": 270, "texture": "#1" }, "down": { "uv": [ 0.5, 0.5, 2.5, 2.5 ], "rotation": 270, "texture": "#1" } } }, { "from": [ 7.42, 16.83586, 5.08414 ], "to": [ 8.58, 17.99586, 6.24414 ], "faces": { "north": { "uv": [ 0.5, 0.5, 2.5, 2.5 ], "rotation": 270, "texture": "#1" }, "east": { "uv": [ 0.5, 0.5, 2.5, 2.5 ], "rotation": 270, "texture": "#1" }, "south": { "uv": [ 0.5, 0.5, 2.5, 2.5 ], "rotation": 270, "texture": "#1" }, "west": { "uv": [ 0.5, 0.5, 2.5, 2.5 ], "rotation": 270, "texture": "#1" }, "up": { "uv": [ 0.5, 0.5, 2.5, 2.5 ], "rotation": 270, "texture": "#1" }, "down": { "uv": [ 0.5, 0.5, 2.5, 2.5 ], "rotation": 270, "texture": "#1" } } }, { "from": [ 7.42, 16.65805, 4.19025 ], "to": [ 8.58, 17.81805, 5.35025 ], "rotation": { "angle": -22.5, "axis": "x", "origin": [ 8, 17.23805, 4.77025 ] }, "faces": { "north": { "uv": [ 0.5, 0.5, 2.5, 2.5 ], "rotation": 270, "texture": "#1" }, "east": { "uv": [ 0.5, 0.5, 2.5, 2.5 ], "rotation": 270, "texture": "#1" }, "south": { "uv": [ 0.5, 0.5, 2.5, 2.5 ], "rotation": 270, "texture": "#1" }, "west": { "uv": [ 0.5, 0.5, 2.5, 2.5 ], "rotation": 270, "texture": "#1" }, "up": { "uv": [ 0.5, 0.5, 2.5, 2.5 ], "rotation": 270, "texture": "#1" }, "down": { "uv": [ 0.5, 0.5, 2.5, 2.5 ], "rotation": 270, "texture": "#1" } } }, { "from": [ 7.42, 16.1517, 3.43244 ], "to": [ 8.58, 17.3117, 4.59244 ], "rotation": { "angle": -45, "axis": "x", "origin": [ 8, 16.7317, 4.01244 ] }, "faces": { "north": { "uv": [ 0.5, 0.5, 2.5, 2.5 ], "rotation": 270, "texture": "#1" }, "east": { "uv": [ 0.5, 0.5, 2.5, 2.5 ], "rotation": 270, "texture": "#1" }, "south": { "uv": [ 0.5, 0.5, 2.5, 2.5 ], "rotation": 270, "texture": "#1" }, "west": { "uv": [ 0.5, 0.5, 2.5, 2.5 ], "rotation": 270, "texture": "#1" }, "up": { "uv": [ 0.5, 0.5, 2.5, 2.5 ], "rotation": 270, "texture": "#1" }, "down": { "uv": [ 0.5, 0.5, 2.5, 2.5 ], "rotation": 270, "texture": "#1" } } }, { "from": [ 7.42, 15.39389, 2.92609 ], "to": [ 8.58, 16.55389, 4.08609 ], "rotation": { "angle": 22.5, "axis": "x", "origin": [ 8, 15.97389, 3.50609 ] }, "faces": { "north": { "uv": [ 0.5, 0.5, 2.5, 2.5 ], "rotation": 180, "texture": "#1" }, "east": { "uv": [ 0.5, 0.5, 2.5, 2.5 ], "rotation": 180, "texture": "#1" }, "south": { "uv": [ 0.5, 0.5, 2.5, 2.5 ], "rotation": 180, "texture": "#1" }, "west": { "uv": [ 0.5, 0.5, 2.5, 2.5 ], "rotation": 180, "texture": "#1" }, "up": { "uv": [ 0.5, 0.5, 2.5, 2.5 ], "rotation": 180, "texture": "#1" }, "down": { "uv": [ 0.5, 0.5, 2.5, 2.5 ], "rotation": 180, "texture": "#1" } } }, { "from": [ 7.42, 14.5, 2.74829 ], "to": [ 8.58, 15.66, 3.90829 ], "faces": { "north": { "uv": [ 0.5, 0.5, 2.5, 2.5 ], "rotation": 180, "texture": "#1" }, "east": { "uv": [ 0.5, 0.5, 2.5, 2.5 ], "rotation": 180, "texture": "#1" }, "south": { "uv": [ 0.5, 0.5, 2.5, 2.5 ], "rotation": 180, "texture": "#1" }, "west": { "uv": [ 0.5, 0.5, 2.5, 2.5 ], "rotation": 180, "texture": "#1" }, "up": { "uv": [ 0.5, 0.5, 2.5, 2.5 ], "rotation": 180, "texture": "#1" }, "down": { "uv": [ 0.5, 0.5, 2.5, 2.5 ], "rotation": 180, "texture": "#1" } } }, { "from": [ 7.42, 14.5, 7.42 ], "to": [ 8.58, 15.66, 8.58 ], "faces": { "north": { "uv": [ 0.5, 0.5, 2.5, 2.5 ], "texture": "#1" }, "east": { "uv": [ 0.5, 0.5, 2.5, 2.5 ], "texture": "#1" }, "south": { "uv": [ 0.5, 0.5, 2.5, 2.5 ], "texture": "#1" }, "west": { "uv": [ 0.5, 0.5, 2.5, 2.5 ], "texture": "#1" }, "up": { "uv": [ 0.5, 0.5, 2.5, 2.5 ], "texture": "#1" }, "down": { "uv": [ 0.5, 0.5, 2.5, 2.5 ], "texture": "#1" } } }, { "from": [ 7.304, 13.34, 7.304 ], "to": [ 8.696, 14.5, 8.696 ], "faces": { "north": { "uv": [ 0.5, 4.5, 2.5, 6.5 ], "texture": "#1" }, "east": { "uv": [ 0.5, 4.5, 2.5, 6.5 ], "texture": "#1" }, "south": { "uv": [ 0.5, 4.5, 2.5, 6.5 ], "texture": "#1" }, "west": { "uv": [ 0.5, 4.5, 2.5, 6.5 ], "texture": "#1" }, "up": { "uv": [ 0.5, 4.5, 2.5, 6.5 ], "texture": "#1" }, "down": { "uv": [ 0.5, 4.5, 2.5, 6.5 ], "texture": "#1" } } }, { "from": [ 7.652, 12.18, 8.58 ], "to": [ 8.348, 13.34, 8.696 ], "faces": { "north": { "uv": [ 0.5, 4.5, 3, 6.5 ], "texture": "#1" }, "east": { "uv": [ 0.5, 4.5, 3, 6.5 ], "texture": "#1" }, "south": { "uv": [ 0.5, 4.5, 3, 6.5 ], "texture": "#1" }, "west": { "uv": [ 0.5, 4.5, 3, 6.5 ], "texture": "#1" }, "up": { "uv": [ 0.5, 4.5, 3, 6.5 ], "texture": "#1" }, "down": { "uv": [ 0.5, 4.5, 3, 6.5 ], "texture": "#1" } } }, { "from": [ 8.348, 12.76, 8.58 ], "to": [ 8.464, 13.34, 8.696 ], "faces": { "north": { "uv": [ 0.5, 4.5, 2.5, 6.5 ], "texture": "#1" }, "east": { "uv": [ 0.5, 4.5, 2.5, 6.5 ], "texture": "#1" }, "south": { "uv": [ 0.5, 4.5, 2.5, 6.5 ], "texture": "#1" }, "west": { "uv": [ 0.5, 4.5, 2.5, 6.5 ], "texture": "#1" }, "up": { "uv": [ 0.5, 4.5, 2.5, 6.5 ], "texture": "#1" }, "down": { "uv": [ 0.5, 4.5, 2.5, 6.5 ], "texture": "#1" } } }, { "from": [ 7.536, 12.76, 8.58 ], "to": [ 7.652, 13.34, 8.696 ], "faces": { "north": { "uv": [ 0.5, 4.5, 2.5, 6.5 ], "texture": "#1" }, "east": { "uv": [ 0.5, 4.5, 2.5, 6.5 ], "texture": "#1" }, "south": { "uv": [ 0.5, 4.5, 2.5, 6.5 ], "texture": "#1" }, "west": { "uv": [ 0.5, 4.5, 2.5, 6.5 ], "texture": "#1" }, "up": { "uv": [ 0.5, 4.5, 2.5, 6.5 ], "texture": "#1" }, "down": { "uv": [ 0.5, 4.5, 2.5, 6.5 ], "texture": "#1" } } }, { "from": [ 7.652, 10.208, 8.522 ], "to": [ 8.348, 11.6, 8.638 ], "faces": { "north": { "uv": [ 0.5, 0.5, 2.5, 2.5 ], "texture": "#1" }, "east": { "uv": [ 0.5, 0.5, 2.5, 2.5 ], "texture": "#1" }, "south": { "uv": [ 0.5, 0.5, 2.5, 2.5 ], "texture": "#1" }, "west": { "uv": [ 0.5, 0.5, 2.5, 2.5 ], "texture": "#1" }, "up": { "uv": [ 0.5, 0.5, 2.5, 2.5 ], "texture": "#1" }, "down": { "uv": [ 0.5, 0.5, 2.5, 2.5 ], "texture": "#1" } } }, { "from": [ 7.304, -1.74, 7.304 ], "to": [ 7.42, 0, 8.696 ], "faces": { "north": { "uv": [ 0.5, 4.5, 2.5, 6.5 ], "texture": "#1" }, "east": { "uv": [ 0.5, 4.5, 2.5, 6.5 ], "texture": "#1" }, "south": { "uv": [ 0.5, 4.5, 2.5, 6.5 ], "texture": "#1" }, "west": { "uv": [ 0.5, 4.5, 2.5, 6.5 ], "texture": "#1" }, "up": { "uv": [ 0.5, 4.5, 2.5, 6.5 ], "texture": "#1" }, "down": { "uv": [ 0.5, 4.5, 2.5, 6.5 ], "texture": "#1" } } }, { "from": [ 8.58, -1.74, 7.304 ], "to": [ 8.696, 0, 8.696 ], "faces": { "north": { "uv": [ 0.5, 4.5, 2.5, 6.5 ], "texture": "#1" }, "east": { "uv": [ 0.5, 4.5, 2.5, 6.5 ], "texture": "#1" }, "south": { "uv": [ 0.5, 4.5, 2.5, 6.5 ], "texture": "#1" }, "west": { "uv": [ 0.5, 4.5, 2.5, 6.5 ], "texture": "#1" }, "up": { "uv": [ 0.5, 4.5, 2.5, 6.5 ], "texture": "#1" }, "down": { "uv": [ 0.5, 4.5, 2.5, 6.5 ], "texture": "#1" } } }, { "from": [ 7.42, -1.74, 8.58 ], "to": [ 8.58, 0, 8.696 ], "faces": { "north": { "uv": [ 0.5, 4.5, 2.5, 6.5 ], "texture": "#1" }, "east": { "uv": [ 0.5, 4.5, 2.5, 6.5 ], "texture": "#1" }, "south": { "uv": [ 0.5, 4.5, 2.5, 6.5 ], "texture": "#1" }, "west": { "uv": [ 0.5, 4.5, 2.5, 6.5 ], "texture": "#1" }, "up": { "uv": [ 0.5, 4.5, 2.5, 6.5 ], "texture": "#1" }, "down": { "uv": [ 0.5, 4.5, 2.5, 6.5 ], "texture": "#1" } } }, { "from": [ 7.42, -1.74, 7.304 ], "to": [ 8.58, 0, 7.42 ], "faces": { "north": { "uv": [ 0.5, 4.5, 2.5, 6.5 ], "texture": "#1" }, "east": { "uv": [ 0.5, 4.5, 2.5, 6.5 ], "texture": "#1" }, "south": { "uv": [ 0.5, 4.5, 2.5, 6.5 ], "texture": "#1" }, "west": { "uv": [ 0.5, 4.5, 2.5, 6.5 ], "texture": "#1" }, "up": { "uv": [ 0.5, 4.5, 2.5, 6.5 ], "texture": "#1" }, "down": { "uv": [ 0.5, 4.5, 2.5, 6.5 ], "texture": "#1" } } }, { "from": [ 7.304, 0, 7.884 ], "to": [ 7.42, 1.16, 8.696 ], "faces": { "north": { "uv": [ 0.5, 4.5, 2.5, 6.5 ], "texture": "#1" }, "east": { "uv": [ 0.5, 4.5, 2.5, 6.5 ], "texture": "#1" }, "south": { "uv": [ 0.5, 4.5, 2.5, 6.5 ], "texture": "#1" }, "west": { "uv": [ 0.5, 4.5, 2.5, 6.5 ], "texture": "#1" }, "up": { "uv": [ 0.5, 4.5, 2.5, 6.5 ], "texture": "#1" }, "down": { "uv": [ 0.5, 4.5, 2.5, 6.5 ], "texture": "#1" } } }, { "from": [ 7.42, 0, 8.58 ], "to": [ 8, 1.16, 8.696 ], "faces": { "north": { "uv": [ 0.5, 4.5, 2.5, 6.5 ], "texture": "#1" }, "east": { "uv": [ 0.5, 4.5, 2.5, 6.5 ], "texture": "#1" }, "south": { "uv": [ 0.5, 4.5, 2.5, 6.5 ], "texture": "#1" }, "west": { "uv": [ 0.5, 4.5, 2.5, 6.5 ], "texture": "#1" }, "up": { "uv": [ 0.5, 4.5, 2.5, 6.5 ], "texture": "#1" }, "down": { "uv": [ 0.5, 4.5, 2.5, 6.5 ], "texture": "#1" } } }, { "from": [ 7.42, 1.16, 8.58 ], "to": [ 7.826, 2.32, 8.696 ], "faces": { "north": { "uv": [ 0.5, 4.5, 2.5, 6.5 ], "texture": "#1" }, "east": { "uv": [ 0.5, 4.5, 2.5, 6.5 ], "texture": "#1" }, "south": { "uv": [ 0.5, 4.5, 2.5, 6.5 ], "texture": "#1" }, "west": { "uv": [ 0.5, 4.5, 2.5, 6.5 ], "texture": "#1" }, "up": { "uv": [ 0.5, 4.5, 2.5, 6.5 ], "texture": "#1" }, "down": { "uv": [ 0.5, 4.5, 2.5, 6.5 ], "texture": "#1" } } }, { "from": [ 7.304, 1.16, 8.116 ], "to": [ 7.42, 2.32, 8.696 ], "faces": { "north": { "uv": [ 0.5, 4.5, 2.5, 6.5 ], "texture": "#1" }, "east": { "uv": [ 0.5, 4.5, 2.5, 6.5 ], "texture": "#1" }, "south": { "uv": [ 0.5, 4.5, 2.5, 6.5 ], "texture": "#1" }, "west": { "uv": [ 0.5, 4.5, 2.5, 6.5 ], "texture": "#1" }, "up": { "uv": [ 0.5, 4.5, 2.5, 6.5 ], "texture": "#1" }, "down": { "uv": [ 0.5, 4.5, 2.5, 6.5 ], "texture": "#1" } } }, { "from": [ 7.42, 0, 7.304 ], "to": [ 8, 0.464, 7.42 ], "faces": { "north": { "uv": [ 0.5, 4.5, 2.5, 6.5 ], "texture": "#1" }, "east": { "uv": [ 0.5, 4.5, 2.5, 6.5 ], "texture": "#1" }, "south": { "uv": [ 0.5, 4.5, 2.5, 6.5 ], "texture": "#1" }, "west": { "uv": [ 0.5, 4.5, 2.5, 6.5 ], "texture": "#1" }, "up": { "uv": [ 0.5, 4.5, 2.5, 6.5 ], "texture": "#1" }, "down": { "uv": [ 0.5, 4.5, 2.5, 6.5 ], "texture": "#1" } } }, { "from": [ 7.362, 0.464, 7.304 ], "to": [ 8, 0.928, 7.42 ], "faces": { "north": { "uv": [ 0.5, 4.5, 2.5, 6.5 ], "texture": "#1" }, "east": { "uv": [ 0.5, 4.5, 2.5, 6.5 ], "texture": "#1" }, "south": { "uv": [ 0.5, 4.5, 2.5, 6.5 ], "texture": "#1" }, "west": { "uv": [ 0.5, 4.5, 2.5, 6.5 ], "texture": "#1" }, "up": { "uv": [ 0.5, 4.5, 2.5, 6.5 ], "texture": "#1" }, "down": { "uv": [ 0.5, 4.5, 2.5, 6.5 ], "texture": "#1" } } }, { "from": [ 7.333, 0.464, 7.391 ], "to": [ 7.449, 0.928, 7.913 ], "faces": { "north": { "uv": [ 0.5, 4.5, 2.5, 6.5 ], "texture": "#1" }, "east": { "uv": [ 0.5, 4.5, 2.5, 6.5 ], "texture": "#1" }, "south": { "uv": [ 0.5, 4.5, 2.5, 6.5 ], "texture": "#1" }, "west": { "uv": [ 0.5, 4.5, 2.5, 6.5 ], "texture": "#1" }, "up": { "uv": [ 0.5, 4.5, 2.5, 6.5 ], "texture": "#1" }, "down": { "uv": [ 0.5, 4.5, 2.5, 6.5 ], "texture": "#1" } } }, { "from": [ 7.30396, 1.68185, 7.88517 ], "to": [ 7.41996, 2.31985, 8.11717 ], "rotation": { "angle": 22.5, "axis": "x", "origin": [ 7.36196, 1.73985, 8.00117 ] }, "faces": { "north": { "uv": [ 0.5, 4.5, 2.5, 6.5 ], "texture": "#1" }, "east": { "uv": [ 0.5, 4.5, 2.5, 6.5 ], "texture": "#1" }, "south": { "uv": [ 0.5, 4.5, 2.5, 6.5 ], "texture": "#1" }, "west": { "uv": [ 0.5, 4.5, 2.5, 6.5 ], "texture": "#1" }, "up": { "uv": [ 0.5, 4.5, 2.5, 6.5 ], "texture": "#1" }, "down": { "uv": [ 0.5, 4.5, 2.5, 6.5 ], "texture": "#1" } } }, { "from": [ 7.3036, 1.42089, 7.74005 ], "to": [ 7.4196, 1.82689, 7.97205 ], "rotation": { "angle": 45, "axis": "x", "origin": [ 7.3616, 1.62389, 7.85605 ] }, "faces": { "north": { "uv": [ 0.5, 4.5, 2.5, 6.5 ], "texture": "#1" }, "east": { "uv": [ 0.5, 4.5, 2.5, 6.5 ], "texture": "#1" }, "south": { "uv": [ 0.5, 4.5, 2.5, 6.5 ], "texture": "#1" }, "west": { "uv": [ 0.5, 4.5, 2.5, 6.5 ], "texture": "#1" }, "up": { "uv": [ 0.5, 4.5, 2.5, 6.5 ], "texture": "#1" }, "down": { "uv": [ 0.5, 4.5, 2.5, 6.5 ], "texture": "#1" } } }, { "from": [ 7.30357, 0.92437, 7.63053 ], "to": [ 7.41957, 1.56237, 7.86253 ], "faces": { "north": { "uv": [ 0.5, 4.5, 2.5, 6.5 ], "texture": "#1" }, "east": { "uv": [ 0.5, 4.5, 2.5, 6.5 ], "texture": "#1" }, "south": { "uv": [ 0.5, 4.5, 2.5, 6.5 ], "texture": "#1" }, "west": { "uv": [ 0.5, 4.5, 2.5, 6.5 ], "texture": "#1" }, "up": { "uv": [ 0.5, 4.5, 2.5, 6.5 ], "texture": "#1" }, "down": { "uv": [ 0.5, 4.5, 2.5, 6.5 ], "texture": "#1" } } }, { "from": [ 7.42, -1.16, 7.362 ], "to": [ 8.58, 0, 8.58 ], "faces": { "north": { "uv": [ 0.5, 11, 2.5, 13 ], "texture": "#1" }, "east": { "uv": [ 0.5, 11, 2.5, 13 ], "texture": "#1" }, "south": { "uv": [ 0.5, 11, 2.5, 13 ], "texture": "#1" }, "west": { "uv": [ 0.5, 11, 2.5, 13 ], "texture": "#1" }, "up": { "uv": [ 0.5, 11, 2.5, 13 ], "texture": "#1" }, "down": { "uv": [ 0.5, 11, 2.5, 13 ], "texture": "#1" } } }, { "from": [ 7.246, -1.856, 7.246 ], "to": [ 7.42, -1.74, 8.754 ], "faces": { "north": { "uv": [ 0.5, 1, 2.5, 3 ], "texture": "#1" }, "east": { "uv": [ 0.5, 1, 2.5, 3 ], "texture": "#1" }, "south": { "uv": [ 0.5, 1, 2.5, 3 ], "texture": "#1" }, "west": { "uv": [ 0.5, 1, 2.5, 3 ], "texture": "#1" }, "up": { "uv": [ 0.5, 1, 2.5, 3 ], "texture": "#1" }, "down": { "uv": [ 0.5, 1, 2.5, 3 ], "texture": "#1" } } }, { "from": [ 8.58, -1.856, 7.246 ], "to": [ 8.754, -1.74, 8.754 ], "faces": { "north": { "uv": [ 0.5, 1, 2.5, 3 ], "texture": "#1" }, "east": { "uv": [ 0.5, 1, 2.5, 3 ], "texture": "#1" }, "south": { "uv": [ 0.5, 1, 2.5, 3 ], "texture": "#1" }, "west": { "uv": [ 0.5, 1, 2.5, 3 ], "texture": "#1" }, "up": { "uv": [ 0.5, 1, 2.5, 3 ], "texture": "#1" }, "down": { "uv": [ 0.5, 1, 2.5, 3 ], "texture": "#1" } } }, { "from": [ 7.42, -1.856, 8.58 ], "to": [ 8.58, -1.74, 8.754 ], "faces": { "north": { "uv": [ 0.5, 1, 2.5, 3 ], "texture": "#1" }, "east": { "uv": [ 0.5, 1, 2.5, 3 ], "texture": "#1" }, "south": { "uv": [ 0.5, 1, 2.5, 3 ], "texture": "#1" }, "west": { "uv": [ 0.5, 1, 2.5, 3 ], "texture": "#1" }, "up": { "uv": [ 0.5, 1, 2.5, 3 ], "texture": "#1" }, "down": { "uv": [ 0.5, 1, 2.5, 3 ], "texture": "#1" } } }, { "from": [ 7.42, -1.856, 7.246 ], "to": [ 8.58, -1.74, 7.42 ], "faces": { "north": { "uv": [ 0.5, 1, 2.5, 3 ], "texture": "#1" }, "east": { "uv": [ 0.5, 1, 2.5, 3 ], "texture": "#1" }, "south": { "uv": [ 0.5, 1, 2.5, 3 ], "texture": "#1" }, "west": { "uv": [ 0.5, 1, 2.5, 3 ], "texture": "#1" }, "up": { "uv": [ 0.5, 1, 2.5, 3 ], "texture": "#1" }, "down": { "uv": [ 0.5, 1, 2.5, 3 ], "texture": "#1" } } }, { "from": [ 7.942, -1.74, 7.42 ], "to": [ 8.058, -1.682, 8.58 ], "faces": { "north": { "uv": [ 0.5, 4.5, 2.5, 6.5 ], "texture": "#1" }, "east": { "uv": [ 0.5, 4.5, 2.5, 6.5 ], "texture": "#1" }, "south": { "uv": [ 0.5, 4.5, 2.5, 6.5 ], "texture": "#1" }, "west": { "uv": [ 0.5, 4.5, 2.5, 6.5 ], "texture": "#1" }, "up": { "uv": [ 0.5, 4.5, 2.5, 6.5 ], "texture": "#1" }, "down": { "uv": [ 0.5, 4.5, 2.5, 6.5 ], "texture": "#1" } } }, { "from": [ 7.42, -1.74, 7.942 ], "to": [ 8.58, -1.682, 8.058 ], "faces": { "north": { "uv": [ 0.5, 4.5, 2.5, 6.5 ], "texture": "#1" }, "east": { "uv": [ 0.5, 4.5, 2.5, 6.5 ], "texture": "#1" }, "south": { "uv": [ 0.5, 4.5, 2.5, 6.5 ], "texture": "#1" }, "west": { "uv": [ 0.5, 4.5, 2.5, 6.5 ], "texture": "#1" }, "up": { "uv": [ 0.5, 4.5, 2.5, 6.5 ], "texture": "#1" }, "down": { "uv": [ 0.5, 4.5, 2.5, 6.5 ], "texture": "#1" } } }, { "from": [ 7.42, 14.268, 2.80629 ], "to": [ 8.58, 14.5, 3.85029 ], "faces": { "north": { "uv": [ 0.5, 0.5, 2.5, 2.5 ], "rotation": 180, "texture": "#1" }, "east": { "uv": [ 0.5, 0.5, 2.5, 2.5 ], "rotation": 180, "texture": "#1" }, "south": { "uv": [ 0.5, 0.5, 2.5, 2.5 ], "rotation": 180, "texture": "#1" }, "west": { "uv": [ 0.5, 0.5, 2.5, 2.5 ], "rotation": 180, "texture": "#1" }, "up": { "uv": [ 0.5, 0.5, 2.5, 2.5 ], "rotation": 180, "texture": "#1" }, "down": { "uv": [ 0.5, 0.5, 2.5, 2.5 ], "rotation": 180, "texture": "#1" } } }, { "from": [ 7.42, 14.036, 2.92229 ], "to": [ 8.58, 14.268, 3.73429 ], "faces": { "north": { "uv": [ 0.5, 0.5, 2.5, 2.5 ], "rotation": 180, "texture": "#1" }, "east": { "uv": [ 0.5, 0.5, 2.5, 2.5 ], "rotation": 180, "texture": "#1" }, "south": { "uv": [ 0.5, 0.5, 2.5, 2.5 ], "rotation": 180, "texture": "#1" }, "west": { "uv": [ 0.5, 0.5, 2.5, 2.5 ], "rotation": 180, "texture": "#1" }, "up": { "uv": [ 0.5, 0.5, 2.5, 2.5 ], "rotation": 180, "texture": "#1" }, "down": { "uv": [ 0.5, 0.5, 2.5, 2.5 ], "rotation": 180, "texture": "#1" } } }, { "from": [ 7.42, 13.978, 2.98029 ], "to": [ 8.58, 14.036, 3.61829 ], "faces": { "north": { "uv": [ 0.5, 0.5, 2.5, 2.5 ], "rotation": 180, "texture": "#1" }, "east": { "uv": [ 0.5, 0.5, 2.5, 2.5 ], "rotation": 180, "texture": "#1" }, "south": { "uv": [ 0.5, 0.5, 2.5, 2.5 ], "rotation": 180, "texture": "#1" }, "west": { "uv": [ 0.5, 0.5, 2.5, 2.5 ], "rotation": 180, "texture": "#1" }, "up": { "uv": [ 0.5, 0.5, 2.5, 2.5 ], "rotation": 180, "texture": "#1" }, "down": { "uv": [ 0.5, 0.5, 2.5, 2.5 ], "rotation": 180, "texture": "#1" } } } ], "display": { "thirdperson_righthand": { "rotation": [ 5, -140, 0 ], "translation": [ 0, -1, 0 ] }, "thirdperson_lefthand": { "rotation": [ 70, -180, 0 ], "translation": [ 0, -1, -6.25 ], "scale": [ 0.79, 0.79, 0.79 ] }, "firstperson_righthand": { "translation": [ 2.5, -2, 0 ] }, "firstperson_lefthand": { "translation": [ 2.5, -2, 0 ] }, "gui": { "rotation": [ 37, -85, -10 ], "scale": [ 0.5, 0.5, 0.5 ] }, "head": { "rotation": [ 90, 0, 0 ], "translation": [ 0, -5.25, -1.25 ], "scale": [ 1, 0.75, 1 ] }, "fixed": { "rotation": [ 0, 90, 0 ], "scale": [ 2, 2, 2 ] } } }