{"credit":"Made with Blockbench","textures":{"0":"item/white_wine/texture1","1":"item/white_wine/texture2","2":"item/white_wine/texture","particle":"item/white_wine/texture1"},"elements":[{"from":[5,0.15,5],"to":[11,4.15,11],"faces":{"north":{"uv":[0.125,0.125,0.375,0.375],"texture":"#0"},"east":{"uv":[0.625,0.125,0.875,0.375],"texture":"#0"},"south":{"uv":[1.125,0.125,1.375,0.375],"texture":"#0"},"west":{"uv":[1.625,0.125,1.875,0.375],"texture":"#0"},"up":{"uv":[2.125,0.125,2.375,0.375],"texture":"#0"},"down":{"uv":[2.625,0.125,2.875,0.375],"texture":"#0"}}},{"from":[5.5,12.25,5.5],"to":[10.5,17.25,10.25],"faces":{"north":{"uv":[11.125,0.625,11.375,0.875],"texture":"#0"},"east":{"uv":[11.625,0.625,11.875,0.875],"texture":"#0"},"south":{"uv":[12.125,0.625,12.375,0.875],"texture":"#0"},"west":{"uv":[12.625,0.625,12.875,0.875],"texture":"#0"},"up":{"uv":[13.125,0.625,13.375,0.875],"texture":"#0"},"down":{"uv":[13.625,0.625,13.875,0.875],"texture":"#0"}}},{"from":[6,17.25,4.5],"to":[10,18,6.5],"faces":{"north":{"uv":[10.125,1.125,10.375,1.375],"texture":"#0"},"east":{"uv":[10.625,1.125,10.875,1.375],"texture":"#0"},"south":{"uv":[11.125,1.125,11.375,1.375],"texture":"#0"},"west":{"uv":[11.625,1.125,11.875,1.375],"texture":"#0"},"up":{"uv":[12.125,1.125,12.375,1.375],"texture":"#0"},"down":{"uv":[12.625,1.125,12.875,1.375],"texture":"#0"}}},{"from":[6.5,18,5.25],"to":[9.5,19.5,6.25],"faces":{"north":{"uv":[6.125,1.625,6.375,1.875],"texture":"#0"},"east":{"uv":[6.625,1.625,6.875,1.875],"texture":"#0"},"south":{"uv":[7.125,1.625,7.375,1.875],"texture":"#0"},"west":{"uv":[7.625,1.625,7.875,1.875],"texture":"#0"},"up":{"uv":[8.125,1.625,8.375,1.875],"texture":"#0"},"down":{"uv":[8.625,1.625,8.875,1.875],"texture":"#0"}}},{"from":[6.5,18,9.75],"to":[9.5,19.5,10.75],"faces":{"north":{"uv":[9.125,1.625,9.375,1.875],"texture":"#0"},"east":{"uv":[9.625,1.625,9.875,1.875],"texture":"#0"},"south":{"uv":[10.125,1.625,10.375,1.875],"texture":"#0"},"west":{"uv":[10.625,1.625,10.875,1.875],"texture":"#0"},"up":{"uv":[11.125,1.625,11.375,1.875],"texture":"#0"},"down":{"uv":[11.625,1.625,11.875,1.875],"texture":"#0"}}},{"from":[9.75,18,6.5],"to":[10.75,19.5,9.5],"faces":{"north":{"uv":[12.125,1.625,12.375,1.875],"texture":"#0"},"east":{"uv":[12.625,1.625,12.875,1.875],"texture":"#0"},"south":{"uv":[13.125,1.625,13.375,1.875],"texture":"#0"},"west":{"uv":[13.625,1.625,13.875,1.875],"texture":"#0"},"up":{"uv":[14.125,1.625,14.375,1.875],"rotation":270,"texture":"#0"},"down":{"uv":[14.625,1.625,14.875,1.875],"rotation":90,"texture":"#0"}}},{"from":[5.25,18,6.5],"to":[5.75,19.5,9.5],"faces":{"north":{"uv":[15.125,1.625,15.375,1.875],"texture":"#0"},"east":{"uv":[15.625,1.625,15.875,1.875],"texture":"#0"},"south":{"uv":[0.125,2.125,0.375,2.375],"texture":"#0"},"west":{"uv":[0.625,2.125,0.875,2.375],"texture":"#0"},"up":{"uv":[1.125,2.125,1.375,2.375],"rotation":270,"texture":"#0"},"down":{"uv":[1.625,2.125,1.875,2.375],"rotation":90,"texture":"#0"}}},{"from":[4.75,18,6.5],"to":[5.25,19,9.5],"faces":{"north":{"uv":[8.125,3.625,8.375,3.875],"texture":"#0"},"east":{"uv":[8.625,3.625,8.875,3.875],"texture":"#0"},"south":{"uv":[9.125,3.625,9.375,3.875],"texture":"#0"},"west":{"uv":[9.625,3.625,9.875,3.875],"texture":"#0"},"up":{"uv":[10.125,3.625,10.375,3.875],"rotation":270,"texture":"#0"},"down":{"uv":[10.625,3.625,10.875,3.875],"rotation":90,"texture":"#0"}}},{"from":[10.75,18,6.5],"to":[11.25,19,9.5],"faces":{"north":{"uv":[11.125,3.625,11.375,3.875],"texture":"#0"},"east":{"uv":[11.625,3.625,11.875,3.875],"texture":"#0"},"south":{"uv":[12.125,3.625,12.375,3.875],"texture":"#0"},"west":{"uv":[12.625,3.625,12.875,3.875],"texture":"#0"},"up":{"uv":[13.125,3.625,13.375,3.875],"rotation":270,"texture":"#0"},"down":{"uv":[13.625,3.625,13.875,3.875],"rotation":90,"texture":"#0"}}},{"from":[6.5,18,4.75],"to":[9.5,19,5.25],"faces":{"north":{"uv":[14.125,3.625,14.375,3.875],"texture":"#0"},"east":{"uv":[14.625,3.625,14.875,3.875],"texture":"#0"},"south":{"uv":[15.125,3.625,15.375,3.875],"texture":"#0"},"west":{"uv":[15.625,3.625,15.875,3.875],"texture":"#0"},"up":{"uv":[0.125,4.125,0.375,4.375],"rotation":180,"texture":"#0"},"down":{"uv":[0.625,4.125,0.875,4.375],"rotation":180,"texture":"#0"}}},{"from":[6.5,18,10.75],"to":[9.5,19,11.25],"faces":{"north":{"uv":[1.125,4.125,1.375,4.375],"texture":"#0"},"east":{"uv":[1.625,4.125,1.875,4.375],"texture":"#0"},"south":{"uv":[2.125,4.125,2.375,4.375],"texture":"#0"},"west":{"uv":[2.625,4.125,2.875,4.375],"texture":"#0"},"up":{"uv":[3.125,4.125,3.375,4.375],"rotation":180,"texture":"#0"},"down":{"uv":[3.625,4.125,3.875,4.375],"rotation":180,"texture":"#0"}}},{"from":[9.75,17.25,6],"to":[11.5,18,10],"faces":{"north":{"uv":[0.125,1.625,0.375,1.875],"texture":"#0"},"east":{"uv":[0.625,1.625,0.875,1.875],"texture":"#0"},"south":{"uv":[1.125,1.625,1.375,1.875],"texture":"#0"},"west":{"uv":[1.625,1.625,1.875,1.875],"texture":"#0"},"up":{"uv":[2.125,1.625,2.375,1.875],"rotation":270,"texture":"#0"},"down":{"uv":[2.625,1.625,2.875,1.875],"rotation":90,"texture":"#0"}}},{"from":[9.5,20,6.5],"to":[10.25,20.5,9.5],"faces":{"north":{"uv":[14.125,2.125,14.375,2.375],"texture":"#0"},"east":{"uv":[14.625,2.125,14.875,2.375],"texture":"#0"},"south":{"uv":[15.125,2.125,15.375,2.375],"texture":"#0"},"west":{"uv":[15.625,2.125,15.875,2.375],"texture":"#0"},"up":{"uv":[0.125,2.625,0.375,2.875],"rotation":270,"texture":"#0"},"down":{"uv":[0.625,2.625,0.875,2.875],"rotation":90,"texture":"#0"}}},{"from":[5.75,20,6.5],"to":[6.5,20.5,9.5],"faces":{"north":{"uv":[1.125,2.625,1.375,2.875],"texture":"#0"},"east":{"uv":[1.625,2.625,1.875,2.875],"texture":"#0"},"south":{"uv":[2.125,2.625,2.375,2.875],"texture":"#0"},"west":{"uv":[2.625,2.625,2.875,2.875],"texture":"#0"},"up":{"uv":[3.125,2.625,3.375,2.875],"rotation":270,"texture":"#0"},"down":{"uv":[3.625,2.625,3.875,2.875],"rotation":90,"texture":"#0"}}},{"from":[6.5,20,9.5],"to":[9.5,20.5,10.25],"faces":{"north":{"uv":[4.125,2.625,4.375,2.875],"texture":"#0"},"east":{"uv":[4.625,2.625,4.875,2.875],"texture":"#0"},"south":{"uv":[5.125,2.625,5.375,2.875],"texture":"#0"},"west":{"uv":[5.625,2.625,5.875,2.875],"texture":"#0"},"up":{"uv":[6.125,2.625,6.375,2.875],"rotation":180,"texture":"#0"},"down":{"uv":[6.625,2.625,6.875,2.875],"rotation":180,"texture":"#0"}}},{"from":[6.5,20,5.75],"to":[9.5,20.5,6.5],"faces":{"north":{"uv":[7.125,2.625,7.375,2.875],"texture":"#0"},"east":{"uv":[7.625,2.625,7.875,2.875],"texture":"#0"},"south":{"uv":[8.125,2.625,8.375,2.875],"texture":"#0"},"west":{"uv":[8.625,2.625,8.875,2.875],"texture":"#0"},"up":{"uv":[9.125,2.625,9.375,2.875],"rotation":180,"texture":"#0"},"down":{"uv":[9.625,2.625,9.875,2.875],"rotation":180,"texture":"#0"}}},{"from":[6.75,20.5,6],"to":[9.25,21,6.5],"faces":{"north":{"uv":[10.125,2.625,10.375,2.875],"texture":"#0"},"east":{"uv":[10.625,2.625,10.875,2.875],"texture":"#0"},"south":{"uv":[11.125,2.625,11.375,2.875],"texture":"#0"},"west":{"uv":[11.625,2.625,11.875,2.875],"texture":"#0"},"up":{"uv":[12.125,2.625,12.375,2.875],"rotation":180,"texture":"#0"},"down":{"uv":[12.625,2.625,12.875,2.875],"rotation":180,"texture":"#0"}}},{"from":[6.75,21,6.5],"to":[9.25,21.5,7],"faces":{"north":{"uv":[6.125,3.125,6.375,3.375],"texture":"#0"},"east":{"uv":[6.625,3.125,6.875,3.375],"texture":"#0"},"south":{"uv":[7.125,3.125,7.375,3.375],"texture":"#0"},"west":{"uv":[7.625,3.125,7.875,3.375],"texture":"#0"},"up":{"uv":[8.125,3.125,8.375,3.375],"rotation":180,"texture":"#0"},"down":{"uv":[8.625,3.125,8.875,3.375],"rotation":180,"texture":"#0"}}},{"from":[6.75,21,9],"to":[9.25,21.5,9.5],"faces":{"north":{"uv":[9.125,3.125,9.375,3.375],"texture":"#0"},"east":{"uv":[9.625,3.125,9.875,3.375],"texture":"#0"},"south":{"uv":[10.125,3.125,10.375,3.375],"texture":"#0"},"west":{"uv":[10.625,3.125,10.875,3.375],"texture":"#0"},"up":{"uv":[11.125,3.125,11.375,3.375],"rotation":180,"texture":"#0"},"down":{"uv":[11.625,3.125,11.875,3.375],"rotation":180,"texture":"#0"}}},{"from":[9,21,6.75],"to":[9.5,21.5,9.25],"faces":{"north":{"uv":[12.125,3.125,12.375,3.375],"texture":"#0"},"east":{"uv":[12.625,3.125,12.875,3.375],"texture":"#0"},"south":{"uv":[13.125,3.125,13.375,3.375],"texture":"#0"},"west":{"uv":[13.625,3.125,13.875,3.375],"texture":"#0"},"up":{"uv":[14.125,3.125,14.375,3.375],"rotation":90,"texture":"#0"},"down":{"uv":[14.625,3.125,14.875,3.375],"rotation":270,"texture":"#0"}}},{"from":[6.25,21,6.75],"to":[6.75,21.5,9.25],"faces":{"north":{"uv":[15.125,3.125,15.375,3.375],"texture":"#0"},"east":{"uv":[15.625,3.125,15.875,3.375],"texture":"#0"},"south":{"uv":[0.125,3.625,0.375,3.875],"texture":"#0"},"west":{"uv":[0.625,3.625,0.875,3.875],"texture":"#0"},"up":{"uv":[1.125,3.625,1.375,3.875],"rotation":90,"texture":"#0"},"down":{"uv":[1.625,3.625,1.875,3.875],"rotation":270,"texture":"#0"}}},{"from":[6.75,20.5,9.5],"to":[9.25,21,10],"faces":{"north":{"uv":[13.125,2.625,13.375,2.875],"texture":"#0"},"east":{"uv":[13.625,2.625,13.875,2.875],"texture":"#0"},"south":{"uv":[14.125,2.625,14.375,2.875],"texture":"#0"},"west":{"uv":[14.625,2.625,14.875,2.875],"texture":"#0"},"up":{"uv":[15.125,2.625,15.375,2.875],"rotation":180,"texture":"#0"},"down":{"uv":[15.625,2.625,15.875,2.875],"rotation":180,"texture":"#0"}}},{"from":[9.5,20.5,6.75],"to":[10,21,9.25],"faces":{"north":{"uv":[0.125,3.125,0.375,3.375],"texture":"#0"},"east":{"uv":[0.625,3.125,0.875,3.375],"texture":"#0"},"south":{"uv":[1.125,3.125,1.375,3.375],"texture":"#0"},"west":{"uv":[1.625,3.125,1.875,3.375],"texture":"#0"},"up":{"uv":[2.125,3.125,2.375,3.375],"rotation":90,"texture":"#0"},"down":{"uv":[2.625,3.125,2.875,3.375],"rotation":270,"texture":"#0"}}},{"from":[6,20.5,6.75],"to":[6.5,21,9.25],"faces":{"north":{"uv":[3.125,3.125,3.375,3.375],"texture":"#0"},"east":{"uv":[3.625,3.125,3.875,3.375],"texture":"#0"},"south":{"uv":[4.125,3.125,4.375,3.375],"texture":"#0"},"west":{"uv":[4.625,3.125,4.875,3.375],"texture":"#0"},"up":{"uv":[5.125,3.125,5.375,3.375],"rotation":90,"texture":"#0"},"down":{"uv":[5.625,3.125,5.875,3.375],"rotation":270,"texture":"#0"}}},{"from":[4.5,17.25,6],"to":[6,18,10],"faces":{"north":{"uv":[3.125,1.625,3.375,1.875],"texture":"#0"},"east":{"uv":[3.625,1.625,3.875,1.875],"texture":"#0"},"south":{"uv":[4.125,1.625,4.375,1.875],"texture":"#0"},"west":{"uv":[4.625,1.625,4.875,1.875],"texture":"#0"},"up":{"uv":[5.125,1.625,5.375,1.875],"rotation":270,"texture":"#0"},"down":{"uv":[5.625,1.625,5.875,1.875],"rotation":90,"texture":"#0"}}},{"from":[5.5,17.25,5.5],"to":[6.5,19.5,6.5],"faces":{"north":{"uv":[2.125,2.125,2.375,2.375],"texture":"#0"},"east":{"uv":[2.625,2.125,2.875,2.375],"texture":"#0"},"south":{"uv":[3.125,2.125,3.375,2.375],"texture":"#0"},"west":{"uv":[3.625,2.125,3.875,2.375],"texture":"#0"},"up":{"uv":[4.125,2.125,4.375,2.375],"rotation":270,"texture":"#0"},"down":{"uv":[4.625,2.125,4.875,2.375],"rotation":90,"texture":"#0"}}},{"from":[9.5,17.25,5.5],"to":[10.5,19.5,6.5],"faces":{"north":{"uv":[5.125,2.125,5.375,2.375],"texture":"#0"},"east":{"uv":[5.625,2.125,5.875,2.375],"texture":"#0"},"south":{"uv":[6.125,2.125,6.375,2.375],"texture":"#0"},"west":{"uv":[6.625,2.125,6.875,2.375],"texture":"#0"},"up":{"uv":[7.125,2.125,7.375,2.375],"rotation":270,"texture":"#0"},"down":{"uv":[7.625,2.125,7.875,2.375],"rotation":90,"texture":"#0"}}},{"from":[9.5,17.25,9.5],"to":[10.5,19.5,10.5],"faces":{"north":{"uv":[8.125,2.125,8.375,2.375],"texture":"#0"},"east":{"uv":[8.625,2.125,8.875,2.375],"texture":"#0"},"south":{"uv":[9.125,2.125,9.375,2.375],"texture":"#0"},"west":{"uv":[9.625,2.125,9.875,2.375],"texture":"#0"},"up":{"uv":[10.125,2.125,10.375,2.375],"rotation":270,"texture":"#0"},"down":{"uv":[10.625,2.125,10.875,2.375],"rotation":90,"texture":"#0"}}},{"from":[5.5,17.25,9.5],"to":[6.5,19.5,10.5],"faces":{"north":{"uv":[11.125,2.125,11.375,2.375],"texture":"#0"},"east":{"uv":[11.625,2.125,11.875,2.375],"texture":"#0"},"south":{"uv":[12.125,2.125,12.375,2.375],"texture":"#0"},"west":{"uv":[12.625,2.125,12.875,2.375],"texture":"#0"},"up":{"uv":[13.125,2.125,13.375,2.375],"rotation":270,"texture":"#0"},"down":{"uv":[13.625,2.125,13.875,2.375],"rotation":90,"texture":"#0"}}},{"from":[6,17.25,9.5],"to":[10,18,11.5],"faces":{"north":{"uv":[13.125,1.125,13.375,1.375],"texture":"#0"},"east":{"uv":[13.625,1.125,13.875,1.375],"texture":"#0"},"south":{"uv":[14.125,1.125,14.375,1.375],"texture":"#0"},"west":{"uv":[14.625,1.125,14.875,1.375],"texture":"#0"},"up":{"uv":[15.125,1.125,15.375,1.375],"texture":"#0"},"down":{"uv":[15.625,1.125,15.875,1.375],"texture":"#0"}}},{"from":[5.6,17,5.575],"to":[10.425,20,10.425],"faces":{"north":{"uv":[14.125,0.625,14.375,0.875],"texture":"#0"},"east":{"uv":[14.625,0.625,14.875,0.875],"texture":"#0"},"south":{"uv":[15.125,0.625,15.375,0.875],"texture":"#0"},"west":{"uv":[15.625,0.625,15.875,0.875],"texture":"#0"},"up":{"uv":[0.125,1.125,0.375,1.375],"texture":"#0"},"down":{"uv":[0.625,1.125,0.875,1.375],"texture":"#0"}}},{"from":[6.5,18,6.5],"to":[9.5,21,9.5],"faces":{"north":{"uv":[1.125,1.125,1.375,1.375],"texture":"#0"},"east":{"uv":[1.625,1.125,1.875,1.375],"texture":"#0"},"south":{"uv":[2.125,1.125,2.375,1.375],"texture":"#0"},"west":{"uv":[2.625,1.125,2.875,1.375],"texture":"#0"},"up":{"uv":[3.125,1.125,3.375,1.375],"texture":"#0"},"down":{"uv":[3.625,1.125,3.875,1.375],"texture":"#0"}}},{"from":[6.75,19,6.75],"to":[9.25,22,9.25],"faces":{"north":{"uv":[4.125,1.125,4.375,1.375],"texture":"#0"},"east":{"uv":[4.625,1.125,4.875,1.375],"texture":"#0"},"south":{"uv":[5.125,1.125,5.375,1.375],"texture":"#0"},"west":{"uv":[5.625,1.125,5.875,1.375],"texture":"#0"},"up":{"uv":[6.125,1.125,6.375,1.375],"texture":"#0"},"down":{"uv":[6.625,1.125,6.875,1.375],"texture":"#0"}}},{"from":[6.85,20,6.85],"to":[9.15,23,9.15],"faces":{"north":{"uv":[7.125,1.125,7.375,1.375],"texture":"#0"},"east":{"uv":[7.625,1.125,7.875,1.375],"texture":"#0"},"south":{"uv":[8.125,1.125,8.375,1.375],"texture":"#0"},"west":{"uv":[8.625,1.125,8.875,1.375],"texture":"#0"},"up":{"uv":[9.125,1.125,9.375,1.375],"texture":"#0"},"down":{"uv":[9.625,1.125,9.875,1.375],"texture":"#0"}}},{"from":[7,25.25,7],"to":[9,27,9],"faces":{"north":{"uv":[0.25,0.25,0.75,0.75],"texture":"#1"},"east":{"uv":[1.25,0.25,1.75,0.75],"texture":"#1"},"south":{"uv":[2.25,0.25,2.75,0.75],"texture":"#1"},"west":{"uv":[3.25,0.25,3.75,0.75],"texture":"#1"},"up":{"uv":[4.25,0.25,4.75,0.75],"texture":"#1"},"down":{"uv":[5.25,0.25,5.75,0.75],"texture":"#1"}}},{"from":[7,28,7],"to":[9,29,9],"faces":{"north":{"uv":[12.25,0.25,12.75,0.75],"texture":"#1"},"east":{"uv":[13.25,0.25,13.75,0.75],"texture":"#1"},"south":{"uv":[14.25,0.25,14.75,0.75],"texture":"#1"},"west":{"uv":[15.25,0.25,15.75,0.75],"texture":"#1"},"up":{"uv":[0.25,1.25,0.75,1.75],"texture":"#1"},"down":{"uv":[1.25,1.25,1.75,1.75],"texture":"#1"}}},{"from":[6.85,27,6.85],"to":[9.15,28,9.15],"faces":{"north":{"uv":[6.25,0.25,6.75,0.75],"texture":"#1"},"east":{"uv":[7.25,0.25,7.75,0.75],"texture":"#1"},"south":{"uv":[8.25,0.25,8.75,0.75],"texture":"#1"},"west":{"uv":[9.25,0.25,9.75,0.75],"texture":"#1"},"up":{"uv":[10.25,0.25,10.75,0.75],"texture":"#1"},"down":{"uv":[11.25,0.25,11.75,0.75],"texture":"#1"}}},{"from":[10.5,0,6],"to":[11.5,17.25,10],"faces":{"north":{"uv":[3.125,0.125,3.375,0.375],"texture":"#0"},"east":{"uv":[3.625,0.125,3.875,0.375],"texture":"#0"},"south":{"uv":[4.125,0.125,4.375,0.375],"texture":"#0"},"west":{"uv":[4.625,0.125,4.875,0.375],"texture":"#0"},"up":{"uv":[5.125,0.125,5.375,0.375],"texture":"#0"},"down":{"uv":[5.625,0.125,5.875,0.375],"texture":"#0"}}},{"from":[4.5,0,6],"to":[5.5,17.25,10],"faces":{"north":{"uv":[12.125,0.125,12.375,0.375],"texture":"#0"},"east":{"uv":[12.625,0.125,12.875,0.375],"texture":"#0"},"south":{"uv":[13.125,0.125,13.375,0.375],"texture":"#0"},"west":{"uv":[13.625,0.125,13.875,0.375],"texture":"#0"},"up":{"uv":[14.125,0.125,14.375,0.375],"texture":"#0"},"down":{"uv":[14.625,0.125,14.875,0.375],"texture":"#0"}}},{"from":[6,0,4.5],"to":[10,17.25,5.5],"faces":{"north":{"uv":[6.125,0.125,6.375,0.375],"texture":"#0"},"east":{"uv":[6.625,0.125,6.875,0.375],"texture":"#0"},"south":{"uv":[7.125,0.125,7.375,0.375],"texture":"#0"},"west":{"uv":[7.625,0.125,7.875,0.375],"texture":"#0"},"up":{"uv":[8.125,0.125,8.375,0.375],"texture":"#0"},"down":{"uv":[8.625,0.125,8.875,0.375],"texture":"#0"}}},{"from":[6.5,0,4.25],"to":[9.5,17.25,4.5],"faces":{"north":{"uv":[5.125,3.625,5.375,3.875],"texture":"#0"},"east":{"uv":[5.625,3.625,5.875,3.875],"texture":"#0"},"south":{"uv":[6.125,3.625,6.375,3.875],"texture":"#0"},"west":{"uv":[6.625,3.625,6.875,3.875],"texture":"#0"},"up":{"uv":[7.125,3.625,7.375,3.875],"texture":"#0"},"down":{"uv":[7.625,3.625,7.875,3.875],"texture":"#0"}}},{"from":[6,0,10.25],"to":[10,17.25,11.5],"faces":{"north":{"uv":[9.125,0.125,9.375,0.375],"texture":"#0"},"east":{"uv":[9.625,0.125,9.875,0.375],"texture":"#0"},"south":{"uv":[10.125,0.125,10.375,0.375],"texture":"#0"},"west":{"uv":[10.625,0.125,10.875,0.375],"texture":"#0"},"up":{"uv":[11.125,0.125,11.375,0.375],"rotation":90,"texture":"#0"},"down":{"uv":[11.625,0.125,11.875,0.375],"rotation":270,"texture":"#0"}}},{"from":[5,0,10],"to":[6,17.25,11],"faces":{"north":{"uv":[15.125,0.125,15.375,0.375],"texture":"#0"},"east":{"uv":[15.625,0.125,15.875,0.375],"texture":"#0"},"south":{"uv":[0.125,0.625,0.375,0.875],"texture":"#0"},"west":{"uv":[0.625,0.625,0.875,0.875],"texture":"#0"},"up":{"uv":[1.125,0.625,1.375,0.875],"rotation":90,"texture":"#0"},"down":{"uv":[1.625,0.625,1.875,0.875],"rotation":270,"texture":"#0"}}},{"from":[5,0,5],"to":[6,17.25,6],"faces":{"north":{"uv":[2.125,0.625,2.375,0.875],"texture":"#0"},"east":{"uv":[2.625,0.625,2.875,0.875],"texture":"#0"},"south":{"uv":[3.125,0.625,3.375,0.875],"texture":"#0"},"west":{"uv":[3.625,0.625,3.875,0.875],"texture":"#0"},"up":{"uv":[4.125,0.625,4.375,0.875],"rotation":90,"texture":"#0"},"down":{"uv":[4.625,0.625,4.875,0.875],"rotation":270,"texture":"#0"}}},{"from":[10,0,5],"to":[11,17.25,6],"faces":{"north":{"uv":[5.125,0.625,5.375,0.875],"texture":"#0"},"east":{"uv":[5.625,0.625,5.875,0.875],"texture":"#0"},"south":{"uv":[6.125,0.625,6.375,0.875],"texture":"#0"},"west":{"uv":[6.625,0.625,6.875,0.875],"texture":"#0"},"up":{"uv":[7.125,0.625,7.375,0.875],"rotation":90,"texture":"#0"},"down":{"uv":[7.625,0.625,7.875,0.875],"rotation":270,"texture":"#0"}}},{"from":[10,0,10],"to":[11,17.25,11],"faces":{"north":{"uv":[8.125,0.625,8.375,0.875],"texture":"#0"},"east":{"uv":[8.625,0.625,8.875,0.875],"texture":"#0"},"south":{"uv":[9.125,0.625,9.375,0.875],"texture":"#0"},"west":{"uv":[9.625,0.625,9.875,0.875],"texture":"#0"},"up":{"uv":[10.125,0.625,10.375,0.875],"rotation":90,"texture":"#0"},"down":{"uv":[10.625,0.625,10.875,0.875],"rotation":270,"texture":"#0"}}},{"from":[7,24.5,7],"to":[9,25.25,9],"faces":{"north":{"uv":[0.25,0.25,0.75,0.75],"texture":"#2"},"east":{"uv":[1.25,0.25,1.75,0.75],"texture":"#2"},"south":{"uv":[2.25,0.25,2.75,0.75],"texture":"#2"},"west":{"uv":[3.25,0.25,3.75,0.75],"texture":"#2"},"up":{"uv":[4.25,0.25,4.75,0.75],"texture":"#2"},"down":{"uv":[5.25,0.25,5.75,0.75],"texture":"#2"}}},{"from":[7,22.5,7],"to":[9,24.5,9],"faces":{"north":{"uv":[2.125,3.625,2.375,3.875],"texture":"#0"},"east":{"uv":[2.625,3.625,2.875,3.875],"texture":"#0"},"south":{"uv":[3.125,3.625,3.375,3.875],"texture":"#0"},"west":{"uv":[3.625,3.625,3.875,3.875],"texture":"#0"},"up":{"uv":[4.125,3.625,4.375,3.875],"texture":"#0"},"down":{"uv":[4.625,3.625,4.875,3.875],"texture":"#0"}}}],"display":{"thirdperson_righthand":{"translation":[0,-9,1.75],"scale":[0.48,0.48,0.48]},"thirdperson_lefthand":{"rotation":[5.5,0,0],"translation":[0,-8.25,1.25],"scale":[0.48,0.48,0.48]},"firstperson_righthand":{"translation":[1.5,-8,0],"scale":[0.9,0.9,0.9]},"firstperson_lefthand":{"translation":[0,-9.5,0]},"ground":{"translation":[0,-0.25,0],"scale":[0.59,0.59,0.59]},"gui":{"rotation":[0,0,38.25],"translation":[2,-2.75,0],"scale":[0.62,0.62,0.62]},"head":{"translation":[0,-19.75,-6.5],"scale":[0.75,0.75,0.75]},"fixed":{"rotation":[-91.25,0,0],"translation":[0,0,-5.5],"scale":[1.3,1.3,1.3]}}}