{"credit":"MadewithBlockbench","texture_size":[64,64],"textures":{"0":"politmine/item/custom_items/obsidian_shovel","particle":"politmine/item/custom_items/obsidian_shovel"},"elements":[{"from":[6.5,20,6.75],"to":[9.5,21,9.75],"rotation":{"angle":0,"axis":"y","origin":[8.5,7.5,7.5]},"faces":{"north":{"uv":[0.75,8.25,1.5,8.5],"texture":"#0"},"east":{"uv":[0,8.25,0.75,8.5],"texture":"#0"},"south":{"uv":[2.25,8.25,3,8.5],"texture":"#0"},"west":{"uv":[1.5,8.25,2.25,8.5],"texture":"#0"},"up":{"uv":[1.5,8.25,0.75,7.5],"texture":"#0"},"down":{"uv":[2.25,7.5,1.5,8.25],"texture":"#0"}}},{"from":[6.48,16.98,5.73],"to":[9.52,20.02,7.77],"rotation":{"angle":0,"axis":"y","origin":[8.5,7.5,7.5]},"faces":{"north":{"uv":[8.25,8,9,8.75],"texture":"#0"},"east":{"uv":[7.75,8,8.25,8.75],"texture":"#0"},"south":{"uv":[9.5,8,10.25,8.75],"texture":"#0"},"west":{"uv":[9,8,9.5,8.75],"texture":"#0"},"up":{"uv":[9,8,8.25,7.5],"texture":"#0"},"down":{"uv":[9.75,7.5,9,8],"texture":"#0"}}},{"from":[6.5,16,6.75],"to":[9.5,17,9.75],"rotation":{"angle":0,"axis":"y","origin":[8.5,7.5,7.5]},"faces":{"north":{"uv":[5.75,7.5,6.5,7.75],"texture":"#0"},"east":{"uv":[5,7.5,5.75,7.75],"texture":"#0"},"south":{"uv":[7.25,7.5,8,7.75],"texture":"#0"},"west":{"uv":[6.5,7.5,7.25,7.75],"texture":"#0"},"up":{"uv":[6.5,7.5,5.75,6.75],"texture":"#0"},"down":{"uv":[7.25,6.75,6.5,7.5],"texture":"#0"}}},{"from":[7.11,21.91,0.51],"to":[9.09,22.89,4.49],"rotation":{"angle":45,"axis":"x","origin":[8,19,3.5]},"faces":{"north":{"uv":[7.5,3.25,8,3.5],"texture":"#0"},"east":{"uv":[6.5,3.25,7.5,3.5],"texture":"#0"},"south":{"uv":[9,3.25,9.5,3.5],"texture":"#0"},"west":{"uv":[8,3.25,9,3.5],"texture":"#0"},"up":{"uv":[8,3.25,7.5,2.25],"texture":"#0"},"down":{"uv":[8.5,2.25,8,3.25],"texture":"#0"}}},{"from":[7.09,20.02627,5.93706],"to":[9.11,21.04627,9.95706],"rotation":{"angle":0,"axis":"y","origin":[8.1,21.11127,5.19706]},"faces":{"north":{"uv":[7.5,3.25,8,3.5],"texture":"#0"},"east":{"uv":[6.5,3.25,7.5,3.5],"texture":"#0"},"south":{"uv":[9,3.25,9.5,3.5],"texture":"#0"},"west":{"uv":[8,3.25,9,3.5],"texture":"#0"},"up":{"uv":[8,3.25,7.5,2.25],"texture":"#0"},"down":{"uv":[8.5,2.25,8,3.25],"texture":"#0"}}},{"from":[7.11,21.935,11.51],"to":[9.09,22.915,15.49],"rotation":{"angle":-45,"axis":"x","origin":[8,19,12.5]},"faces":{"north":{"uv":[6.75,1.75,7.25,2],"texture":"#0"},"east":{"uv":[5.75,1.75,6.75,2],"texture":"#0"},"south":{"uv":[8.25,1.75,8.75,2],"texture":"#0"},"west":{"uv":[7.25,1.75,8.25,2],"texture":"#0"},"up":{"uv":[7.25,1.75,6.75,0.75],"texture":"#0"},"down":{"uv":[7.75,0.75,7.25,1.75],"texture":"#0"}}},{"from":[7.5,0,7.5],"to":[8.5,21,8.5],"rotation":{"angle":45,"axis":"y","origin":[8,13,8]},"faces":{"north":{"uv":[4,5.25,4.25,10.5],"texture":"#0"},"east":{"uv":[3.75,5.25,4,10.5],"texture":"#0"},"south":{"uv":[4.5,5.25,4.75,10.5],"texture":"#0"},"west":{"uv":[4.25,5.25,4.5,10.5],"texture":"#0"},"up":{"uv":[4.25,5.25,4,5],"texture":"#0"},"down":{"uv":[4.5,5,4.25,5.25],"texture":"#0"}}},{"from":[7.99,20.99,3.49],"to":[9.01,28.01,12.51],"rotation":{"angle":0,"axis":"y","origin":[7,6,6.5]},"faces":{"north":{"uv":[2.25,2.25,2.5,4],"texture":"#0"},"east":{"uv":[0,2.25,2.25,4],"texture":"#0"},"south":{"uv":[4.75,2.25,5,4],"texture":"#0"},"west":{"uv":[2.5,2.25,4.75,4],"texture":"#0"},"up":{"uv":[2.5,2.25,2.25,0],"texture":"#0"},"down":{"uv":[2.75,0,2.5,2.25],"texture":"#0"}}},{"from":[8,22.05,2.76777],"to":[9,23.05,3.76777],"rotation":{"angle":45,"axis":"x","origin":[8,26,9.76777]},"faces":{"north":{"uv":[3.25,0.25,3.5,0.5],"texture":"#0"},"east":{"uv":[3,0.25,3.25,0.5],"texture":"#0"},"south":{"uv":[3.75,0.25,4,0.5],"texture":"#0"},"west":{"uv":[3.5,0.25,3.75,0.5],"texture":"#0"},"up":{"uv":[3.5,0.25,3.25,0],"texture":"#0"},"down":{"uv":[3.75,0,3.5,0.25],"texture":"#0"}}},{"from":[8,29.5,10.34277],"to":[9,30.5,11.34277],"rotation":{"angle":45,"axis":"x","origin":[8,26,9.76777]},"faces":{"north":{"uv":[1.25,1.75,1.5,2],"texture":"#0"},"east":{"uv":[1,1.75,1.25,2],"texture":"#0"},"south":{"uv":[1.75,1.75,2,2],"texture":"#0"},"west":{"uv":[1.5,1.75,1.75,2],"texture":"#0"},"up":{"uv":[1.5,1.75,1.25,1.5],"texture":"#0"},"down":{"uv":[1.75,1.5,1.5,1.75],"texture":"#0"}}},{"from":[8,29.5,2.76777],"to":[9,30.5,3.76777],"rotation":{"angle":45,"axis":"x","origin":[8,26,9.76777]},"faces":{"north":{"uv":[0.25,1.25,0.5,1.5],"texture":"#0"},"east":{"uv":[0,1.25,0.25,1.5],"texture":"#0"},"south":{"uv":[0.75,1.25,1,1.5],"texture":"#0"},"west":{"uv":[0.5,1.25,0.75,1.5],"texture":"#0"},"up":{"uv":[0.5,1.25,0.25,1],"texture":"#0"},"down":{"uv":[0.75,1,0.5,1.25],"texture":"#0"}}},{"from":[8,23,4.26777],"to":[9,29,10.26777],"rotation":{"angle":45,"axis":"x","origin":[8,26,9.76777]},"faces":{"north":{"uv":[1.5,5.75,1.75,7.25],"texture":"#0"},"east":{"uv":[0,5.75,1.5,7.25],"texture":"#0"},"south":{"uv":[3.25,5.75,3.5,7.25],"texture":"#0"},"west":{"uv":[1.75,5.75,3.25,7.25],"texture":"#0"},"up":{"uv":[1.75,5.75,1.5,4.25],"texture":"#0"},"down":{"uv":[2,4.25,1.75,5.75],"texture":"#0"}}},{"from":[7.48,22.26972,10.78353],"to":[8.48,28.26972,11.78353],"rotation":{"angle":-45,"axis":"x","origin":[8.005,25.51972,6.38353]},"faces":{"north":{"uv":[1.5,9,1.75,10.5],"texture":"#0"},"east":{"uv":[1.25,9,1.5,10.5],"texture":"#0"},"south":{"uv":[2,9,2.25,10.5],"texture":"#0"},"west":{"uv":[1.75,9,2,10.5],"texture":"#0"},"up":{"uv":[1.75,9,1.5,8.75],"texture":"#0"},"down":{"uv":[2,8.75,1.75,9],"texture":"#0"}}},{"from":[7.47,22.25972,4.20647],"to":[8.49,28.27972,5.22647],"rotation":{"angle":45,"axis":"x","origin":[8.005,25.51972,9.61647]},"faces":{"north":{"uv":[0.25,9,0.5,10.5],"texture":"#0"},"east":{"uv":[0,9,0.25,10.5],"texture":"#0"},"south":{"uv":[0.75,9,1,10.5],"texture":"#0"},"west":{"uv":[0.5,9,0.75,10.5],"texture":"#0"},"up":{"uv":[0.5,9,0.25,8.75],"texture":"#0"},"down":{"uv":[0.75,8.75,0.5,9],"texture":"#0"}}},{"from":[7.48,21,3.5],"to":[8.52,27.04,4.54],"rotation":{"angle":0,"axis":"y","origin":[7.5,6.02,6.095]},"faces":{"north":{"uv":[6.5,8.25,6.75,9.75],"texture":"#0"},"east":{"uv":[6.25,8.25,6.5,9.75],"texture":"#0"},"south":{"uv":[7,8.25,7.25,9.75],"texture":"#0"},"west":{"uv":[6.75,8.25,7,9.75],"texture":"#0"},"up":{"uv":[6.75,8.25,6.5,8],"texture":"#0"},"down":{"uv":[7,8,6.75,8.25],"texture":"#0"}}},{"from":[7.49,21,11.48],"to":[8.51,27.02,12.5],"rotation":{"angle":0,"axis":"y","origin":[7.5,7.01,6.24]},"faces":{"north":{"uv":[5.25,8.25,5.5,9.75],"texture":"#0"},"east":{"uv":[5,8.25,5.25,9.75],"texture":"#0"},"south":{"uv":[5.75,8.25,6,9.75],"texture":"#0"},"west":{"uv":[5.5,8.25,5.75,9.75],"texture":"#0"},"up":{"uv":[5.5,8.25,5.25,8],"texture":"#0"},"down":{"uv":[5.75,8,5.5,8.25],"texture":"#0"}}},{"name":"handle_bauble","from":[6.5,-1,7.5],"to":[9.5,2,9.5],"rotation":{"angle":45,"axis":"x","origin":[7,0.5,8]},"faces":{"north":{"uv":[8.25,5,9,5.75],"texture":"#0"},"east":{"uv":[7.75,5,8.25,5.75],"texture":"#0"},"south":{"uv":[9.5,5,10.25,5.75],"texture":"#0"},"west":{"uv":[9,5,9.5,5.75],"texture":"#0"},"up":{"uv":[9,5,8.25,4.5],"texture":"#0"},"down":{"uv":[9.75,4.5,9,5],"texture":"#0"}}},{"name":"handle_bauble","from":[6.5,-1.37123,6.34623],"to":[9.5,0.62877,7.34623],"rotation":{"angle":45,"axis":"x","origin":[8,0.12877,8.37123]},"faces":{"north":{"uv":[0.25,0.25,1,0.75],"texture":"#0"},"east":{"uv":[0,0.25,0.25,0.75],"texture":"#0"},"south":{"uv":[1.25,0.25,2,0.75],"texture":"#0"},"west":{"uv":[1,0.25,1.25,0.75],"texture":"#0"},"up":{"uv":[1,0.25,0.25,0],"texture":"#0"},"down":{"uv":[1.75,0,1,0.25],"texture":"#0"}}},{"name":"handle_bauble","from":[7,-0.5,5.5],"to":[9,0.5,10.5],"rotation":{"angle":45,"axis":"x","origin":[6.5,0.5,8]},"faces":{"north":{"uv":[6.25,6.25,6.75,6.5],"texture":"#0"},"east":{"uv":[5,6.25,6.25,6.5],"texture":"#0"},"south":{"uv":[8,6.25,8.5,6.5],"texture":"#0"},"west":{"uv":[6.75,6.25,8,6.5],"texture":"#0"},"up":{"uv":[6.75,6.25,6.25,5],"texture":"#0"},"down":{"uv":[7.25,5,6.75,6.25],"texture":"#0"}}},{"name":"handle_bauble","from":[7,-0.5,5.5],"to":[9,0.5,10.5],"rotation":{"angle":-45,"axis":"x","origin":[6.5,0.5,8]},"faces":{"north":{"uv":[4.25,1.25,4.75,1.5],"texture":"#0"},"east":{"uv":[3,1.25,4.25,1.5],"texture":"#0"},"south":{"uv":[6,1.25,6.5,1.5],"texture":"#0"},"west":{"uv":[4.75,1.25,6,1.5],"texture":"#0"},"up":{"uv":[4.75,1.25,4.25,0],"texture":"#0"},"down":{"uv":[5.25,0,4.75,1.25],"texture":"#0"}}}],"gui_light":"front","display":{"thirdperson_righthand":{"translation":[0,-2.5,0],"scale":[0.81,0.81,0.81]},"thirdperson_lefthand":{"rotation":[0,-180,0],"translation":[0,-2.5,0],"scale":[0.81,0.81,0.81]},"firstperson_righthand":{"translation":[5.75,-14,-6]},"firstperson_lefthand":{"rotation":[0,-180,0],"translation":[5.75,-14,-6]},"ground":{"rotation":[-45,0,0],"translation":[0,3.25,0],"scale":[0.5,0.5,0.5]},"gui":{"rotation":[90,45,-90],"translation":[-2.75,-3,-2],"scale":[0.56,0.56,0.56]},"head":{"rotation":[90,-38,-90],"translation":[-3.25,-9,3.75]},"fixed":{"rotation":[90,-45,89],"translation":[4.5,-4.75,-2]}}}