{"format_version":"1.21.6","credit":"Made with Blockbench","texture_size":[64,64],"textures":{"1":"politmine/item/weapons/textures/thompson","particle":"politmine/item/weapons/textures/thompson"},"elements":[{"name":"mag_type_default","from":[6.9375,-0.0009,7.31304],"to":[8.9375,9.7491,9.31304],"faces":{"north":{"uv":[2.5,5,3,8],"texture":"#1"},"east":{"uv":[3,5,3.5,8],"texture":"#1"},"south":{"uv":[1.5,5,2,8],"texture":"#1"},"west":{"uv":[2,5,2.5,8],"texture":"#1"},"up":{"uv":[5.5,4.25,6,4.75],"texture":"#1"},"down":{"uv":[8.25,7.25,8.75,6.75],"texture":"#1"}}},{"name":"mag_type_default","from":[8.9375,5.8,7.31304],"to":[9.0875,11.55,9.31304],"rotation":{"angle":0,"axis":"y","origin":[0,2,0]},"faces":{"north":{"uv":[2.5,5,3,8],"texture":"#1"},"east":{"uv":[3,5,3.5,8],"texture":"#1"},"south":{"uv":[1.5,5,2,8],"texture":"#1"},"west":{"uv":[2,5,2.5,8],"texture":"#1"},"up":{"uv":[5.5,4.25,6,4.75],"texture":"#1"},"down":{"uv":[8.25,7.25,8.75,6.75],"texture":"#1"}}},{"name":"mag_type_default","from":[6.9375,5.8,7.31304],"to":[7.0875,11.55,9.31304],"rotation":{"angle":0,"axis":"y","origin":[-2,2,0]},"faces":{"north":{"uv":[2.5,5,3,8],"texture":"#1"},"east":{"uv":[3,5,3.5,8],"texture":"#1"},"south":{"uv":[1.5,5,2,8],"texture":"#1"},"west":{"uv":[2,5,2.5,8],"texture":"#1"},"up":{"uv":[5.5,4.25,6,4.75],"texture":"#1"},"down":{"uv":[8.25,7.25,8.75,6.75],"texture":"#1"}}},{"name":"mag_type_default","from":[6.9375,5.8,9.31304],"to":[9.0875,11.55,9.46304],"rotation":{"angle":0,"axis":"y","origin":[-2,2,1]},"faces":{"north":{"uv":[2.5,5,3,8],"texture":"#1"},"east":{"uv":[3,5,3.5,8],"texture":"#1"},"south":{"uv":[1.5,5,2,8],"texture":"#1"},"west":{"uv":[2,5,2.5,8],"texture":"#1"},"up":{"uv":[5.5,4.25,6,4.75],"texture":"#1"},"down":{"uv":[8.25,7.25,8.75,6.75],"texture":"#1"}}},{"name":"mag_type_default","from":[6.9375,5.8,7.31304],"to":[9.0875,11.55,7.46304],"rotation":{"angle":0,"axis":"y","origin":[-2,2,-1]},"faces":{"north":{"uv":[2.5,5,3,8],"texture":"#1"},"east":{"uv":[3,5,3.5,8],"texture":"#1"},"south":{"uv":[1.5,5,2,8],"texture":"#1"},"west":{"uv":[2,5,2.5,8],"texture":"#1"},"up":{"uv":[5.5,4.25,6,4.75],"texture":"#1"},"down":{"uv":[8.25,7.25,8.75,6.75],"texture":"#1"}}},{"name":"mag_type_drum","from":[3.9375,2.9991,7.31304],"to":[11.9375,10.7491,9.31304],"faces":{"north":{"uv":[2.125,9.5,4.125,11.5],"texture":"#1"},"east":{"uv":[4.25,9.5,4.75,11.5],"texture":"#1"},"south":{"uv":[0,9.5,2,11.5],"texture":"#1"},"west":{"uv":[4.875,9.5,5.375,11.5],"texture":"#1"},"up":{"uv":[2.125,11.625,4.125,12.125],"texture":"#1"},"down":{"uv":[0,12.125,2,11.625],"texture":"#1"}}},{"from":[8.30781,10.86875,7.45],"to":[8.62031,11.18125,8.2],"rotation":{"angle":0,"axis":"y","origin":[8.46406,11.025,8.55844]},"faces":{"north":{"uv":[3,11.625,3.25,11.75],"texture":"#1"},"east":{"uv":[3,11.625,3.25,11.75],"texture":"#1"},"south":{"uv":[3,11.625,3.25,11.75],"texture":"#1"},"west":{"uv":[3,11.625,3.25,11.75],"texture":"#1"},"up":{"uv":[3,11.625,3.25,11.75],"rotation":90,"texture":"#1"},"down":{"uv":[3,11.625,3.25,11.75],"rotation":270,"texture":"#1"}}},{"from":[8.27656,10.8375,7.6],"to":[8.65156,11.2125,8.35],"rotation":{"angle":0,"axis":"y","origin":[8.46406,11.025,8.55844]},"faces":{"north":{"uv":[3,11.625,3.25,11.75],"texture":"#1"},"east":{"uv":[3,11.625,3.25,11.75],"texture":"#1"},"south":{"uv":[3,11.625,3.25,11.75],"texture":"#1"},"west":{"uv":[3,11.625,3.25,11.75],"texture":"#1"},"up":{"uv":[3,11.625,3.25,11.75],"rotation":90,"texture":"#1"},"down":{"uv":[3,11.625,3.25,11.75],"rotation":270,"texture":"#1"}}},{"from":[8.24531,10.80625,7.75],"to":[8.68281,11.24375,8.5],"rotation":{"angle":0,"axis":"y","origin":[8.46406,11.025,8.55844]},"faces":{"north":{"uv":[3,11.625,3.25,11.75],"texture":"#1"},"east":{"uv":[3,11.625,3.25,11.75],"texture":"#1"},"south":{"uv":[3,11.625,3.25,11.75],"texture":"#1"},"west":{"uv":[3,11.625,3.25,11.75],"texture":"#1"},"up":{"uv":[3,11.625,3.25,11.75],"rotation":90,"texture":"#1"},"down":{"uv":[3,11.625,3.25,11.75],"rotation":270,"texture":"#1"}}},{"from":[8.21406,10.775,7.9],"to":[8.71406,11.275,9.11875],"rotation":{"angle":0,"axis":"y","origin":[8.46406,11.025,8.55844]},"faces":{"north":{"uv":[3,11.75,3.25,12.0625],"texture":"#1"},"east":{"uv":[3,11.75,3.25,12.0625],"texture":"#1"},"south":{"uv":[3.125,11.75,3.25,11.9375],"texture":"#1"},"west":{"uv":[3.125,11.75,3.25,11.9375],"texture":"#1"},"up":{"uv":[3.125,11.75,3.25,11.9375],"rotation":90,"texture":"#1"},"down":{"uv":[3,11.75,3.125,11.9375],"rotation":270,"texture":"#1"}}},{"from":[8.27656,10.8375,8.6],"to":[8.65156,11.2125,9.225],"rotation":{"angle":0,"axis":"y","origin":[8.46406,11.025,8.55844]},"faces":{"north":{"uv":[3,12,3.25,12.125],"texture":"#1"},"east":{"uv":[3,12,3.25,12.125],"texture":"#1"},"south":{"uv":[3,12,3.25,12.125],"texture":"#1"},"west":{"uv":[3,12,3.25,12.125],"texture":"#1"},"up":{"uv":[3,12,3.25,12.125],"rotation":90,"texture":"#1"},"down":{"uv":[3,12,3.25,12.125],"rotation":270,"texture":"#1"}}},{"from":[8.21406,10.775,9.245],"to":[8.71406,11.275,9.33875],"rotation":{"angle":0,"axis":"y","origin":[8.46406,11.025,8.55844]},"faces":{"north":{"uv":[3,12,3.25,12.125],"texture":"#1"},"east":{"uv":[3,12,3.25,12.125],"texture":"#1"},"south":{"uv":[3,12,3.25,12.125],"texture":"#1"},"west":{"uv":[3,12,3.25,12.125],"texture":"#1"},"up":{"uv":[3,12,3.25,12.125],"rotation":90,"texture":"#1"},"down":{"uv":[3,12,3.25,12.125],"rotation":270,"texture":"#1"}}}],"display":{"thirdperson_righthand":{"rotation":[-54.26,-82.66,-34.59],"translation":[0,0.25,-1.25],"scale":[0.5,0.65,0.65]},"thirdperson_lefthand":{"rotation":[-20.76,-76.34,-3.9],"translation":[0,1,-1.25],"scale":[0.5,0.65,0.65]},"firstperson_righthand":{"rotation":[17.25,-16.5,12.5],"translation":[-3,2.5,-2]},"firstperson_lefthand":{"rotation":[17.67,-27.14,22.2],"translation":[-3,2.5,-2]},"ground":{"rotation":[-16.68,2.86,-19.37],"translation":[0,1.75,0]},"gui":{"rotation":[44,42,-21],"translation":[0.5,1.25,0]},"head":{"rotation":[0,0,-30],"translation":[0,-21.5,4.5],"scale":[0.8,0.8,0.8]},"fixed":{"rotation":[-10,0,-33.25],"translation":[0.75,0.75,-0.75]},"on_shelf":{"rotation":[15,31,0],"scale":[1.5,1.5,1.5]}},"groups":[{"name":"main","origin":[7.9375,11.02622,8.27796],"color":0,"children":[{"name":"mag","origin":[7.9125,10.7491,2.18696],"color":5,"children":[{"name":"mag_type_default","origin":[7.9625,10.7491,2.18696],"color":6,"children":[0,1,2,3,4]},{"name":"mag_type_drum","origin":[8,10.75,2.25],"color":7,"children":[5,{"name":"group","origin":[7.425,8,8.375],"color":0,"children":[6,7,8,9,10,11]}]}]}]}]}