{"format_version":"1.21.6","credit":"Made with Blockbench","textures":{"1":"ttp/qualityarmory/7.62x51mm","3":"ttp/qualityarmory/kr690","particle":"ttp/qualityarmory/7.62x51mm"},"elements":[{"from":[7.25,5.29375,8.475],"to":[9.25,10.25,8.6],"rotation":{"angle":0,"axis":"y","origin":[3.44329,6.60624,8.0513]},"faces":{"north":{"uv":[6.25,5.5,4.75,7],"texture":"#3"},"east":{"uv":[6.75,5,5,6.5],"texture":"#3"},"south":{"uv":[7,5.25,5,6.75],"texture":"#3"},"west":{"uv":[6.75,5.25,5.25,6.25],"texture":"#3"},"up":{"uv":[5,6.25,7,4.75],"texture":"#3"},"down":{"uv":[4.5,6.75,6.5,5],"texture":"#3"}}},{"from":[7.15,5.19688,7.5],"to":[7.325,10.25,8.5],"rotation":{"angle":0,"axis":"z","origin":[3.44329,6.60624,7.96875]},"faces":{"north":{"uv":[5,5.25,7,6.75],"texture":"#3"},"east":{"uv":[5,5,6.75,6.5],"texture":"#3"},"south":{"uv":[4.75,5.5,6.25,7],"texture":"#3"},"west":{"uv":[5.25,5.25,6.75,6.25],"texture":"#3"},"up":{"uv":[5,4.75,7,6.25],"texture":"#3"},"down":{"uv":[4.5,5,6.5,6.75],"texture":"#3"}}},{"from":[6.8,5.19688,7.5],"to":[9.175,5.69688,8.5],"rotation":{"angle":0,"axis":"y","origin":[3.44329,6.60624,7.96875]},"faces":{"north":{"uv":[5,5.25,7,6.75],"texture":"#3"},"east":{"uv":[5,5,6.75,6.5],"texture":"#3"},"south":{"uv":[4.75,5.5,6.25,7],"texture":"#3"},"west":{"uv":[5.25,5.25,6.75,6.25],"texture":"#3"},"up":{"uv":[5,4.75,7,6.25],"texture":"#3"},"down":{"uv":[4.5,5,6.5,6.75],"texture":"#3"}}},{"from":[9.18,5.19688,7.5],"to":[9.355,10.25,8.5],"rotation":{"angle":0,"axis":"z","origin":[3.44329,6.60624,7.96875]},"faces":{"north":{"uv":[5,5.25,7,6.75],"texture":"#3"},"east":{"uv":[5,5,6.75,6.5],"texture":"#3"},"south":{"uv":[4.75,5.5,6.25,7],"texture":"#3"},"west":{"uv":[5.25,5.25,6.75,6.25],"texture":"#3"},"up":{"uv":[5,4.75,7,6.25],"texture":"#3"},"down":{"uv":[4.5,5,6.5,6.75],"texture":"#3"}}},{"from":[7.25,5.29375,7.375],"to":[9.25,10.25,7.5],"rotation":{"angle":0,"axis":"z","origin":[3.44329,6.60624,8.03125]},"faces":{"north":{"uv":[6.25,5.5,4.75,7],"texture":"#3"},"east":{"uv":[6.75,5,5,6.5],"texture":"#3"},"south":{"uv":[7,5.25,5,6.75],"texture":"#3"},"west":{"uv":[6.75,5.25,5.25,6.25],"texture":"#3"},"up":{"uv":[5,6.25,7,4.75],"texture":"#3"},"down":{"uv":[4.5,6.75,6.5,5],"texture":"#3"}}},{"from":[9.08125,9.2125,8],"to":[9.175,9.7125,8.5],"rotation":{"angle":0,"axis":"y","origin":[8.46406,9.4625,8.25]},"faces":{"north":{"uv":[3.5,4,5.5,5.75],"texture":"#1"},"east":{"uv":[3.5,4,5.5,5.75],"texture":"#1"},"south":{"uv":[3.5,4,5.5,5.75],"texture":"#1"},"west":{"uv":[3.5,4,5.5,5.75],"texture":"#1"},"up":{"uv":[3.5,4,5.5,5.75],"texture":"#1"},"down":{"uv":[3.5,4,5.5,5.75],"texture":"#1"}}},{"from":[8.45625,9.275,8.0625],"to":[9.08125,9.65,8.4375],"rotation":{"angle":0,"axis":"y","origin":[8.46406,9.4625,8.25]},"faces":{"north":{"uv":[3.5,4,5.5,5.75],"texture":"#1"},"east":{"uv":[3.5,4,5.5,5.75],"texture":"#1"},"south":{"uv":[3.5,4,5.5,5.75],"texture":"#1"},"west":{"uv":[3.5,4,5.5,5.75],"texture":"#1"},"up":{"uv":[3.5,4,5.5,5.75],"texture":"#1"},"down":{"uv":[3.5,4,5.5,5.75],"texture":"#1"}}},{"from":[7.8,9.2125,8],"to":[9.01875,9.7125,8.5],"rotation":{"angle":0,"axis":"y","origin":[8.46406,9.4625,8.25]},"faces":{"north":{"uv":[3.5,4,5.5,5.75],"texture":"#1"},"east":{"uv":[3.5,4,5.5,5.75],"texture":"#1"},"south":{"uv":[3.5,4,5.5,5.75],"texture":"#1"},"west":{"uv":[3.5,4,5.5,5.75],"texture":"#1"},"up":{"uv":[3.5,4,5.5,5.75],"texture":"#1"},"down":{"uv":[3.5,4,5.5,5.75],"texture":"#1"}}},{"from":[7.675,9.24375,8.03125],"to":[8.425,9.68125,8.46875],"rotation":{"angle":0,"axis":"y","origin":[8.46406,9.4625,8.25]},"faces":{"north":{"uv":[10.5,4,12.5,5.75],"texture":"#1"},"east":{"uv":[10.5,4,12.5,5.75],"texture":"#1"},"south":{"uv":[10.5,4,12.5,5.75],"texture":"#1"},"west":{"uv":[10.5,4,12.5,5.75],"texture":"#1"},"up":{"uv":[10.5,4,12.5,5.75],"texture":"#1"},"down":{"uv":[10.5,4,12.5,5.75],"texture":"#1"}}},{"from":[7.55,9.275,8.0625],"to":[8.3,9.65,8.4375],"rotation":{"angle":0,"axis":"y","origin":[8.46406,9.4625,8.25]},"faces":{"north":{"uv":[10.5,4,12.5,5.75],"texture":"#1"},"east":{"uv":[10.5,4,12.5,5.75],"texture":"#1"},"south":{"uv":[10.5,4,12.5,5.75],"texture":"#1"},"west":{"uv":[10.5,4,12.5,5.75],"texture":"#1"},"up":{"uv":[10.5,4,12.5,5.75],"texture":"#1"},"down":{"uv":[10.5,4,12.5,5.75],"texture":"#1"}}},{"from":[7.425,9.30625,8.09375],"to":[8.175,9.61875,8.40625],"rotation":{"angle":0,"axis":"y","origin":[8.46406,9.4625,8.25]},"faces":{"north":{"uv":[10.5,4,12.5,5.75],"texture":"#1"},"east":{"uv":[10.5,4,12.5,5.75],"texture":"#1"},"south":{"uv":[10.5,4,12.5,5.75],"texture":"#1"},"west":{"uv":[10.5,4,12.5,5.75],"texture":"#1"},"up":{"uv":[10.5,4,12.5,5.75],"texture":"#1"},"down":{"uv":[10.5,4,12.5,5.75],"texture":"#1"}}},{"from":[7.25,6.29375,7.3],"to":[9.25,6.54375,7.425],"rotation":{"angle":45,"axis":"z","origin":[8.25,6.41875,6.5375]},"faces":{"north":{"uv":[2.25,6,0.75,7.5],"texture":"#3"},"east":{"uv":[2.75,5.5,1,7],"texture":"#3"},"south":{"uv":[3,5.75,1,7.25],"texture":"#3"},"west":{"uv":[2.75,5.75,1.25,6.75],"texture":"#3"},"up":{"uv":[1,6.75,3,5.25],"texture":"#3"},"down":{"uv":[0.5,7.25,2.5,5.5],"texture":"#3"}}},{"from":[7.25,9.29375,7.3],"to":[9.25,9.54375,7.425],"rotation":{"angle":45,"axis":"z","origin":[8.25,9.41875,6.5375]},"faces":{"north":{"uv":[2.25,6,0.75,7.5],"texture":"#3"},"east":{"uv":[2.75,5.5,1,7],"texture":"#3"},"south":{"uv":[3,5.75,1,7.25],"texture":"#3"},"west":{"uv":[2.75,5.75,1.25,6.75],"texture":"#3"},"up":{"uv":[1,6.75,3,5.25],"texture":"#3"},"down":{"uv":[0.5,7.25,2.5,5.5],"texture":"#3"}}},{"from":[7.25,8.29375,7.3],"to":[9.25,8.54375,7.425],"rotation":{"angle":45,"axis":"z","origin":[8.25,8.41875,6.5375]},"faces":{"north":{"uv":[2.25,6,0.75,7.5],"texture":"#3"},"east":{"uv":[2.75,5.5,1,7],"texture":"#3"},"south":{"uv":[3,5.75,1,7.25],"texture":"#3"},"west":{"uv":[2.75,5.75,1.25,6.75],"texture":"#3"},"up":{"uv":[1,6.75,3,5.25],"texture":"#3"},"down":{"uv":[0.5,7.25,2.5,5.5],"texture":"#3"}}},{"from":[7.25,7.29375,7.3],"to":[9.25,7.54375,7.425],"rotation":{"angle":45,"axis":"z","origin":[8.25,7.41875,6.5375]},"faces":{"north":{"uv":[2.25,6,0.75,7.5],"texture":"#3"},"east":{"uv":[2.75,5.5,1,7],"texture":"#3"},"south":{"uv":[3,5.75,1,7.25],"texture":"#3"},"west":{"uv":[2.75,5.75,1.25,6.75],"texture":"#3"},"up":{"uv":[1,6.75,3,5.25],"texture":"#3"},"down":{"uv":[0.5,7.25,2.5,5.5],"texture":"#3"}}},{"from":[7.25,9.29375,7.3],"to":[9.25,9.54375,7.425],"rotation":{"angle":45,"axis":"z","origin":[8.25,9.41875,6.5375]},"faces":{"north":{"uv":[2.25,5.5,0.75,7],"texture":"#3"},"east":{"uv":[2.25,5.5,0.5,7],"texture":"#3"},"south":{"uv":[3,5.75,1,7.25],"texture":"#3"},"west":{"uv":[2.25,5.75,0.75,6.75],"texture":"#3"},"up":{"uv":[0.5,7.25,2.5,5.75],"texture":"#3"},"down":{"uv":[0.5,7.25,2.5,5.5],"texture":"#3"}}},{"from":[7.25,6.29375,8.55],"to":[9.25,6.54375,8.675],"rotation":{"angle":45,"axis":"z","origin":[8.25,6.41875,7.5375]},"faces":{"north":{"uv":[2.25,5.5,0.75,7],"texture":"#3"},"east":{"uv":[2.75,5,1,6.5],"texture":"#3"},"south":{"uv":[3,5.25,1,6.75],"texture":"#3"},"west":{"uv":[2.75,5.25,1.25,6.25],"texture":"#3"},"up":{"uv":[1,6.25,3,4.75],"texture":"#3"},"down":{"uv":[0.5,6.75,2.5,5],"texture":"#3"}}},{"from":[7.25,9.29375,8.55],"to":[9.25,9.54375,8.675],"rotation":{"angle":45,"axis":"z","origin":[8.25,9.41875,7.5375]},"faces":{"north":{"uv":[2.25,5.5,0.75,7],"texture":"#3"},"east":{"uv":[2.75,5,1,6.5],"texture":"#3"},"south":{"uv":[3,5.25,1,6.75],"texture":"#3"},"west":{"uv":[2.75,5.25,1.25,6.25],"texture":"#3"},"up":{"uv":[1,6.25,3,4.75],"texture":"#3"},"down":{"uv":[0.5,6.75,2.5,5],"texture":"#3"}}},{"from":[7.25,8.29375,8.55],"to":[9.25,8.54375,8.675],"rotation":{"angle":45,"axis":"z","origin":[8.25,8.41875,7.5375]},"faces":{"north":{"uv":[2.25,5.5,0.75,7],"texture":"#3"},"east":{"uv":[2.75,5,1,6.5],"texture":"#3"},"south":{"uv":[3,5.25,1,6.75],"texture":"#3"},"west":{"uv":[2.75,5.25,1.25,6.25],"texture":"#3"},"up":{"uv":[1,6.25,3,4.75],"texture":"#3"},"down":{"uv":[0.5,6.75,2.5,5],"texture":"#3"}}},{"from":[7.25,7.29375,8.55],"to":[9.25,7.54375,8.675],"rotation":{"angle":45,"axis":"z","origin":[8.25,7.41875,7.5375]},"faces":{"north":{"uv":[2.25,5.5,0.75,7],"texture":"#3"},"east":{"uv":[2.75,5,1,6.5],"texture":"#3"},"south":{"uv":[3,5.25,1,6.75],"texture":"#3"},"west":{"uv":[2.75,5.25,1.25,6.25],"texture":"#3"},"up":{"uv":[1,6.25,3,4.75],"texture":"#3"},"down":{"uv":[0.5,6.75,2.5,5],"texture":"#3"}}},{"from":[7.25,9.29375,8.55],"to":[9.25,9.54375,8.675],"rotation":{"angle":45,"axis":"z","origin":[8.25,9.41875,7.5375]},"faces":{"north":{"uv":[2.25,5.5,0.75,7],"texture":"#3"},"east":{"uv":[2.75,5,1,6.5],"texture":"#3"},"south":{"uv":[2.5,5.25,0.5,6.75],"texture":"#3"},"west":{"uv":[2.25,5.25,0.75,6.25],"texture":"#3"},"up":{"uv":[1,6.75,3,5.25],"texture":"#3"},"down":{"uv":[0.5,6.75,2.5,5],"texture":"#3"}}},{"from":[7.425,9.86875,7.59375],"to":[8.175,10.18125,7.90625],"rotation":{"angle":0,"axis":"y","origin":[8.46406,10.025,7.75]},"faces":{"north":{"uv":[10.5,4,12.5,5.75],"texture":"#1"},"east":{"uv":[10.5,4,12.5,5.75],"texture":"#1"},"south":{"uv":[10.5,4,12.5,5.75],"texture":"#1"},"west":{"uv":[10.5,4,12.5,5.75],"texture":"#1"},"up":{"uv":[10.5,4,12.5,5.75],"texture":"#1"},"down":{"uv":[10.5,4,12.5,5.75],"texture":"#1"}}},{"from":[7.55,9.8375,7.5625],"to":[8.3,10.2125,7.9375],"rotation":{"angle":0,"axis":"y","origin":[8.46406,10.025,7.75]},"faces":{"north":{"uv":[10.5,4,12.5,5.75],"texture":"#1"},"east":{"uv":[10.5,4,12.5,5.75],"texture":"#1"},"south":{"uv":[10.5,4,12.5,5.75],"texture":"#1"},"west":{"uv":[10.5,4,12.5,5.75],"texture":"#1"},"up":{"uv":[10.5,4,12.5,5.75],"texture":"#1"},"down":{"uv":[10.5,4,12.5,5.75],"texture":"#1"}}},{"from":[7.675,9.80625,7.53125],"to":[8.425,10.24375,7.96875],"rotation":{"angle":0,"axis":"y","origin":[8.46406,10.025,7.75]},"faces":{"north":{"uv":[10.5,4,12.5,5.75],"texture":"#1"},"east":{"uv":[10.5,4,12.5,5.75],"texture":"#1"},"south":{"uv":[10.5,4,12.5,5.75],"texture":"#1"},"west":{"uv":[10.5,4,12.5,5.75],"texture":"#1"},"up":{"uv":[10.5,4,12.5,5.75],"texture":"#1"},"down":{"uv":[10.5,4,12.5,5.75],"texture":"#1"}}},{"from":[7.8,9.775,7.5],"to":[9.01875,10.275,8],"rotation":{"angle":0,"axis":"y","origin":[8.46406,10.025,7.75]},"faces":{"north":{"uv":[3.5,4,5.5,5.75],"texture":"#1"},"east":{"uv":[3.5,4,5.5,5.75],"texture":"#1"},"south":{"uv":[3.5,4,5.5,5.75],"texture":"#1"},"west":{"uv":[3.5,4,5.5,5.75],"texture":"#1"},"up":{"uv":[3.5,4,5.5,5.75],"texture":"#1"},"down":{"uv":[3.5,4,5.5,5.75],"texture":"#1"}}},{"from":[8.45625,9.8375,7.5625],"to":[9.08125,10.2125,7.9375],"rotation":{"angle":0,"axis":"y","origin":[8.46406,10.025,7.75]},"faces":{"north":{"uv":[3.5,4,5.5,5.75],"texture":"#1"},"east":{"uv":[3.5,4,5.5,5.75],"texture":"#1"},"south":{"uv":[3.5,4,5.5,5.75],"texture":"#1"},"west":{"uv":[3.5,4,5.5,5.75],"texture":"#1"},"up":{"uv":[3.5,4,5.5,5.75],"texture":"#1"},"down":{"uv":[3.5,4,5.5,5.75],"texture":"#1"}}},{"from":[9.08125,9.775,7.5],"to":[9.175,10.275,8],"rotation":{"angle":0,"axis":"y","origin":[8.46406,10.025,7.75]},"faces":{"north":{"uv":[3.5,4,5.5,5.75],"texture":"#1"},"east":{"uv":[3.5,4,5.5,5.75],"texture":"#1"},"south":{"uv":[3.5,4,5.5,5.75],"texture":"#1"},"west":{"uv":[3.5,4,5.5,5.75],"texture":"#1"},"up":{"uv":[3.5,4,5.5,5.75],"texture":"#1"},"down":{"uv":[3.5,4,5.5,5.75],"texture":"#1"}}}],"display":{"thirdperson_righthand":{"rotation":[5,-90,0],"translation":[0,0.25,-0.25],"scale":[0.85,0.85,0.85]},"thirdperson_lefthand":{"rotation":[5,-90,0],"translation":[0,0.25,0.25],"scale":[0.85,0.85,0.85]},"firstperson_righthand":{"rotation":[5,-90,0],"translation":[-3.5,3.5,4]},"firstperson_lefthand":{"rotation":[5,-90,0],"translation":[-3.5,3.5,4]},"ground":{"translation":[0.5,2,0]},"gui":{"rotation":[32,43,-3],"translation":[0,0.75,0],"scale":[2,2,2]},"head":{"scale":[0,0,0]},"fixed":{"rotation":[0,-180,0],"translation":[0.25,-0.25,-1.5],"scale":[1.5,1.5,1.5]},"on_shelf":{"scale":[1.5,1.5,1.5]}},"groups":[{"name":"group","origin":[3.44329,6.60624,8.0513],"color":0,"children":[0,1,2,3,4]},{"name":"group","origin":[8.675,8,8.375],"color":0,"children":[5,6,7,8,9,10]},{"name":"group","origin":[8.25,6.41875,8.5375],"color":0,"children":[{"name":"group","origin":[8.25,6.41875,8.5375],"color":0,"children":[11,12,13,14,15]},{"name":"group","origin":[8.25,6.41875,8.5375],"color":0,"children":[16,17,18,19,20]}]},{"name":"group","origin":[7.425,8,8.375],"color":0,"children":[21,22,23,24,25,26]}]}