{"format_version":"1.21.6","credit":"Made with Blockbench","textures":{"0":"ttp/qualityarmory/rgbsheet1","particle":"ttp/qualityarmory/rgbsheet1"},"elements":[{"name":"front","from":[7,0,5],"to":[10,10,5.3],"faces":{"north":{"uv":[7,10,9,14],"texture":"#0"},"east":{"uv":[7,10,9,14],"texture":"#0"},"south":{"uv":[7,10,9,14],"texture":"#0"},"west":{"uv":[7,10,9,14],"texture":"#0"},"up":{"uv":[7,10,9,14],"texture":"#0"},"down":{"uv":[7,10,9,14],"texture":"#0"}}},{"name":"Cube","from":[7,0,12],"to":[10,10,12.3],"faces":{"north":{"uv":[7,10,9,14],"texture":"#0"},"east":{"uv":[7,10,9,14],"texture":"#0"},"south":{"uv":[7,10,9,14],"texture":"#0"},"west":{"uv":[7,10,9,14],"texture":"#0"},"up":{"uv":[7,10,9,14],"texture":"#0"},"down":{"uv":[7,10,9,14],"texture":"#0"}}},{"name":"bottom","from":[7.3,0,5.1],"to":[10.1,1,11.9],"faces":{"north":{"uv":[4,9,6.8,10],"texture":"#0"},"east":{"uv":[3,9,3.3,13],"texture":"#0"},"south":{"uv":[2,9,5,13],"texture":"#0"},"west":{"uv":[4,9,4.3,12],"texture":"#0"},"up":{"uv":[3,9,5.8,9.8],"texture":"#0"},"down":{"uv":[4,10,6.8,10.8],"texture":"#0"}}},{"name":"Cube","from":[7,0,5],"to":[7.3,10,12],"faces":{"north":{"uv":[7,10,9,14],"texture":"#0"},"east":{"uv":[7,10,9,14],"texture":"#0"},"south":{"uv":[7,10,9,14],"texture":"#0"},"west":{"uv":[7,10,9,14],"texture":"#0"},"up":{"uv":[7,10,9,14],"texture":"#0"},"down":{"uv":[7,10,9,14],"texture":"#0"}}},{"name":"Cube","from":[10,0,5],"to":[10.3,10,12],"faces":{"north":{"uv":[7,10,9,14],"texture":"#0"},"east":{"uv":[7,10,9,14],"texture":"#0"},"south":{"uv":[7,10,9,14],"texture":"#0"},"west":{"uv":[7,10,9,14],"texture":"#0"},"up":{"uv":[7,10,9,14],"texture":"#0"},"down":{"uv":[7,10,9,14],"texture":"#0"}}},{"name":"Cube","from":[8.9,9,7.25],"to":[9.4,10,11.25],"rotation":{"angle":0,"axis":"y","origin":[9,7.5,8.25]},"faces":{"north":{"uv":[10,14,11,15],"texture":"#0"},"east":{"uv":[10,14,11,15],"texture":"#0"},"south":{"uv":[10,14,11,15],"texture":"#0"},"west":{"uv":[10,14,11,15],"texture":"#0"},"up":{"uv":[10,14,11,15],"texture":"#0"},"down":{"uv":[10,14,11,15],"texture":"#0"}}},{"name":"Cube","from":[8.9,9,7.25],"to":[9.4,10,11.25],"rotation":{"angle":45,"axis":"z","origin":[9.15,9.5,8]},"faces":{"north":{"uv":[10,14,11,15],"texture":"#0"},"east":{"uv":[10,14,11,15],"texture":"#0"},"south":{"uv":[10,14,11,15],"texture":"#0"},"west":{"uv":[10,14,11,15],"texture":"#0"},"up":{"uv":[10,14,11,15],"texture":"#0"},"down":{"uv":[10,14,11,15],"texture":"#0"}}},{"name":"Cube","from":[8.65,9.25,7.25],"to":[9.65,9.75,11.25],"rotation":{"angle":0,"axis":"y","origin":[9.15,9.5,8]},"faces":{"north":{"uv":[10,14,11,15],"rotation":270,"texture":"#0"},"east":{"uv":[10,14,11,15],"rotation":270,"texture":"#0"},"south":{"uv":[10,14,11,15],"rotation":270,"texture":"#0"},"west":{"uv":[10,14,11,15],"rotation":270,"texture":"#0"},"up":{"uv":[10,14,11,15],"rotation":270,"texture":"#0"},"down":{"uv":[10,14,11,15],"rotation":270,"texture":"#0"}}},{"name":"Cube","from":[8.65,9.25,7.25],"to":[9.65,9.75,11.25],"rotation":{"angle":45,"axis":"z","origin":[9.15,9.5,8]},"faces":{"north":{"uv":[10,14,11,15],"rotation":270,"texture":"#0"},"east":{"uv":[10,14,11,15],"rotation":270,"texture":"#0"},"south":{"uv":[10,14,11,15],"rotation":270,"texture":"#0"},"west":{"uv":[10,14,11,15],"rotation":270,"texture":"#0"},"up":{"uv":[10,14,11,15],"rotation":270,"texture":"#0"},"down":{"uv":[10,14,11,15],"rotation":270,"texture":"#0"}}},{"name":"Cube","from":[8.9,9,6.25],"to":[9.4,10,7.25],"rotation":{"angle":0,"axis":"y","origin":[9,7.5,4.25]},"faces":{"north":{"uv":[12,14,13,15],"texture":"#0"},"east":{"uv":[12,14,13,15],"texture":"#0"},"south":{"uv":[12,14,13,15],"texture":"#0"},"west":{"uv":[12,14,13,15],"texture":"#0"},"up":{"uv":[12,14,13,15],"texture":"#0"},"down":{"uv":[12,14,13,15],"texture":"#0"}}},{"name":"Cube","from":[8.9,9,6.25],"to":[9.4,10,7.25],"rotation":{"angle":45,"axis":"z","origin":[9.15,9.5,8]},"faces":{"north":{"uv":[12,14,13,15],"texture":"#0"},"east":{"uv":[12,14,13,15],"texture":"#0"},"south":{"uv":[12,14,13,15],"texture":"#0"},"west":{"uv":[12,14,13,15],"texture":"#0"},"up":{"uv":[12,14,13,15],"texture":"#0"},"down":{"uv":[12,14,13,15],"texture":"#0"}}},{"name":"Cube","from":[8.65,9.25,6.25],"to":[9.65,9.75,7.25],"rotation":{"angle":0,"axis":"y","origin":[9.15,9.5,8]},"faces":{"north":{"uv":[12,14,13,15],"rotation":270,"texture":"#0"},"east":{"uv":[12,14,13,15],"rotation":270,"texture":"#0"},"south":{"uv":[12,14,13,15],"rotation":270,"texture":"#0"},"west":{"uv":[12,14,13,15],"rotation":270,"texture":"#0"},"up":{"uv":[12,14,13,15],"rotation":270,"texture":"#0"},"down":{"uv":[12,14,13,15],"rotation":270,"texture":"#0"}}},{"name":"Cube","from":[8.65,9.25,6.25],"to":[9.65,9.75,7.25],"rotation":{"angle":45,"axis":"z","origin":[9.15,9.5,8]},"faces":{"north":{"uv":[12,14,13,15],"rotation":270,"texture":"#0"},"east":{"uv":[12,14,13,15],"rotation":270,"texture":"#0"},"south":{"uv":[12,14,13,15],"rotation":270,"texture":"#0"},"west":{"uv":[12,14,13,15],"rotation":270,"texture":"#0"},"up":{"uv":[12,14,13,15],"rotation":270,"texture":"#0"},"down":{"uv":[12,14,13,15],"rotation":270,"texture":"#0"}}},{"name":"Cube","from":[7.9,9.5,7.25],"to":[8.4,10.5,11.25],"rotation":{"angle":0,"axis":"y","origin":[8,8,8.25]},"faces":{"north":{"uv":[10,14,11,15],"texture":"#0"},"east":{"uv":[10,14,11,15],"texture":"#0"},"south":{"uv":[10,14,11,15],"texture":"#0"},"west":{"uv":[10,14,11,15],"texture":"#0"},"up":{"uv":[10,14,11,15],"texture":"#0"},"down":{"uv":[10,14,11,15],"texture":"#0"}}},{"name":"Cube","from":[7.9,9.5,7.25],"to":[8.4,10.5,11.25],"rotation":{"angle":45,"axis":"z","origin":[8.15,10,8]},"faces":{"north":{"uv":[10,14,11,15],"texture":"#0"},"east":{"uv":[10,14,11,15],"texture":"#0"},"south":{"uv":[10,14,11,15],"texture":"#0"},"west":{"uv":[10,14,11,15],"texture":"#0"},"up":{"uv":[10,14,11,15],"texture":"#0"},"down":{"uv":[10,14,11,15],"texture":"#0"}}},{"name":"Cube","from":[7.65,9.75,7.25],"to":[8.65,10.25,11.25],"rotation":{"angle":0,"axis":"y","origin":[8.15,10,8]},"faces":{"north":{"uv":[10,14,11,15],"rotation":270,"texture":"#0"},"east":{"uv":[10,14,11,15],"rotation":270,"texture":"#0"},"south":{"uv":[10,14,11,15],"rotation":270,"texture":"#0"},"west":{"uv":[10,14,11,15],"rotation":270,"texture":"#0"},"up":{"uv":[10,14,11,15],"rotation":270,"texture":"#0"},"down":{"uv":[10,14,11,15],"rotation":270,"texture":"#0"}}},{"name":"Cube","from":[7.65,9.75,7.25],"to":[8.65,10.25,11.25],"rotation":{"angle":45,"axis":"z","origin":[8.15,10,8]},"faces":{"north":{"uv":[10,14,11,15],"rotation":270,"texture":"#0"},"east":{"uv":[10,14,11,15],"rotation":270,"texture":"#0"},"south":{"uv":[10,14,11,15],"rotation":270,"texture":"#0"},"west":{"uv":[10,14,11,15],"rotation":270,"texture":"#0"},"up":{"uv":[10,14,11,15],"rotation":270,"texture":"#0"},"down":{"uv":[10,14,11,15],"rotation":270,"texture":"#0"}}},{"name":"Cube","from":[7.9,9.5,6.25],"to":[8.4,10.5,7.25],"rotation":{"angle":0,"axis":"y","origin":[8,8,4.25]},"faces":{"north":{"uv":[12,14,13,15],"texture":"#0"},"east":{"uv":[12,14,13,15],"texture":"#0"},"south":{"uv":[12,14,13,15],"texture":"#0"},"west":{"uv":[12,14,13,15],"texture":"#0"},"up":{"uv":[12,14,13,15],"texture":"#0"},"down":{"uv":[12,14,13,15],"texture":"#0"}}},{"name":"Cube","from":[7.9,9.5,6.25],"to":[8.4,10.5,7.25],"rotation":{"angle":45,"axis":"z","origin":[8.15,10,8]},"faces":{"north":{"uv":[12,14,13,15],"texture":"#0"},"east":{"uv":[12,14,13,15],"texture":"#0"},"south":{"uv":[12,14,13,15],"texture":"#0"},"west":{"uv":[12,14,13,15],"texture":"#0"},"up":{"uv":[12,14,13,15],"texture":"#0"},"down":{"uv":[12,14,13,15],"texture":"#0"}}},{"name":"Cube","from":[7.65,9.75,6.25],"to":[8.65,10.25,7.25],"rotation":{"angle":0,"axis":"y","origin":[8.15,10,8]},"faces":{"north":{"uv":[12,14,13,15],"rotation":270,"texture":"#0"},"east":{"uv":[12,14,13,15],"rotation":270,"texture":"#0"},"south":{"uv":[12,14,13,15],"rotation":270,"texture":"#0"},"west":{"uv":[12,14,13,15],"rotation":270,"texture":"#0"},"up":{"uv":[12,14,13,15],"rotation":270,"texture":"#0"},"down":{"uv":[12,14,13,15],"rotation":270,"texture":"#0"}}},{"name":"Cube","from":[7.65,9.75,6.25],"to":[8.65,10.25,7.25],"rotation":{"angle":45,"axis":"z","origin":[8.15,10,8]},"faces":{"north":{"uv":[12,14,13,15],"rotation":270,"texture":"#0"},"east":{"uv":[12,14,13,15],"rotation":270,"texture":"#0"},"south":{"uv":[12,14,13,15],"rotation":270,"texture":"#0"},"west":{"uv":[12,14,13,15],"rotation":270,"texture":"#0"},"up":{"uv":[12,14,13,15],"rotation":270,"texture":"#0"},"down":{"uv":[12,14,13,15],"rotation":270,"texture":"#0"}}},{"name":"Cube","from":[7.9,8.25,7.25],"to":[8.4,9.25,11.25],"rotation":{"angle":0,"axis":"y","origin":[8,6.75,8.25]},"faces":{"north":{"uv":[10,14,11,15],"texture":"#0"},"east":{"uv":[10,14,11,15],"texture":"#0"},"south":{"uv":[10,14,11,15],"texture":"#0"},"west":{"uv":[10,14,11,15],"texture":"#0"},"up":{"uv":[10,14,11,15],"texture":"#0"},"down":{"uv":[10,14,11,15],"texture":"#0"}}},{"name":"Cube","from":[7.9,8.25,7.25],"to":[8.4,9.25,11.25],"rotation":{"angle":45,"axis":"z","origin":[8.15,8.75,8]},"faces":{"north":{"uv":[10,14,11,15],"texture":"#0"},"east":{"uv":[10,14,11,15],"texture":"#0"},"south":{"uv":[10,14,11,15],"texture":"#0"},"west":{"uv":[10,14,11,15],"texture":"#0"},"up":{"uv":[10,14,11,15],"texture":"#0"},"down":{"uv":[10,14,11,15],"texture":"#0"}}},{"name":"Cube","from":[7.65,8.5,7.25],"to":[8.65,9,11.25],"rotation":{"angle":0,"axis":"y","origin":[8.15,8.75,8]},"faces":{"north":{"uv":[10,14,11,15],"rotation":270,"texture":"#0"},"east":{"uv":[10,14,11,15],"rotation":270,"texture":"#0"},"south":{"uv":[10,14,11,15],"rotation":270,"texture":"#0"},"west":{"uv":[10,14,11,15],"rotation":270,"texture":"#0"},"up":{"uv":[10,14,11,15],"rotation":270,"texture":"#0"},"down":{"uv":[10,14,11,15],"rotation":270,"texture":"#0"}}},{"name":"Cube","from":[7.65,8.5,7.25],"to":[8.65,9,11.25],"rotation":{"angle":45,"axis":"z","origin":[8.15,8.75,8]},"faces":{"north":{"uv":[10,14,11,15],"rotation":270,"texture":"#0"},"east":{"uv":[10,14,11,15],"rotation":270,"texture":"#0"},"south":{"uv":[10,14,11,15],"rotation":270,"texture":"#0"},"west":{"uv":[10,14,11,15],"rotation":270,"texture":"#0"},"up":{"uv":[10,14,11,15],"rotation":270,"texture":"#0"},"down":{"uv":[10,14,11,15],"rotation":270,"texture":"#0"}}},{"name":"Cube","from":[7.9,8.25,6.25],"to":[8.4,9.25,7.25],"rotation":{"angle":0,"axis":"y","origin":[8,6.75,4.25]},"faces":{"north":{"uv":[12,14,13,15],"texture":"#0"},"east":{"uv":[12,14,13,15],"texture":"#0"},"south":{"uv":[12,14,13,15],"texture":"#0"},"west":{"uv":[12,14,13,15],"texture":"#0"},"up":{"uv":[12,14,13,15],"texture":"#0"},"down":{"uv":[12,14,13,15],"texture":"#0"}}},{"name":"Cube","from":[7.9,8.25,6.25],"to":[8.4,9.25,7.25],"rotation":{"angle":45,"axis":"z","origin":[8.15,8.75,8]},"faces":{"north":{"uv":[12,14,13,15],"texture":"#0"},"east":{"uv":[12,14,13,15],"texture":"#0"},"south":{"uv":[12,14,13,15],"texture":"#0"},"west":{"uv":[12,14,13,15],"texture":"#0"},"up":{"uv":[12,14,13,15],"texture":"#0"},"down":{"uv":[12,14,13,15],"texture":"#0"}}},{"name":"Cube","from":[7.65,8.5,6.25],"to":[8.65,9,7.25],"rotation":{"angle":0,"axis":"y","origin":[8.15,8.75,8]},"faces":{"north":{"uv":[12,14,13,15],"rotation":270,"texture":"#0"},"east":{"uv":[12,14,13,15],"rotation":270,"texture":"#0"},"south":{"uv":[12,14,13,15],"rotation":270,"texture":"#0"},"west":{"uv":[12,14,13,15],"rotation":270,"texture":"#0"},"up":{"uv":[12,14,13,15],"rotation":270,"texture":"#0"},"down":{"uv":[12,14,13,15],"rotation":270,"texture":"#0"}}},{"name":"Cube","from":[7.65,8.5,6.25],"to":[8.65,9,7.25],"rotation":{"angle":45,"axis":"z","origin":[8.15,8.75,8]},"faces":{"north":{"uv":[12,14,13,15],"rotation":270,"texture":"#0"},"east":{"uv":[12,14,13,15],"rotation":270,"texture":"#0"},"south":{"uv":[12,14,13,15],"rotation":270,"texture":"#0"},"west":{"uv":[12,14,13,15],"rotation":270,"texture":"#0"},"up":{"uv":[12,14,13,15],"rotation":270,"texture":"#0"},"down":{"uv":[12,14,13,15],"rotation":270,"texture":"#0"}}}],"display":{"thirdperson_righthand":{"rotation":[-7,-2,-10],"translation":[0,0,-0.75],"scale":[0.2,0.6,0.2]},"thirdperson_lefthand":{"rotation":[-7,1,11],"translation":[0.25,0,-0.75],"scale":[0.2,0.6,0.2]},"firstperson_righthand":{"rotation":[0,3,0],"translation":[0,3,0]},"firstperson_lefthand":{"rotation":[0,3,0],"translation":[0,3,0]},"ground":{"rotation":[0,0,-15],"translation":[0,8,0],"scale":[0.25,0.75,0.25]},"gui":{"rotation":[23.66,-43.13,-11.82],"translation":[0.5,3.25,0],"scale":[0.5,1.3,0.5]},"head":{"translation":[0,-21,0.75],"scale":[0,0,0]},"fixed":{"rotation":[90,52.5,-90],"translation":[2.25,4,-0.5],"scale":[1,2.07,1]},"on_shelf":{"scale":[1,2.12,1]}},"groups":[{"name":"group","origin":[8,8,8],"color":0,"children":[0,1,2,3,4]},{"name":"group","origin":[8,8,8],"color":0,"children":[5,6,7,8,9,10,11,12]},{"name":"group","origin":[8,8,8],"color":0,"children":[13,14,15,16,17,18,19,20]},{"name":"group","origin":[8,8,8],"color":0,"children":[21,22,23,24,25,26,27,28]}]}