{"credit":"Made with Blockbench","textures":{"1":"politmine/item/qualityarmory/healthcross","2":"politmine/item/qualityarmory/texturedmaterials2","particle":"politmine/item/qualityarmory/texturedmaterials2"},"elements":[{"name":"Sidepuch","from":[2,7.25,6],"to":[4,13.75,10],"faces":{"north":{"uv":[0,0,8,4],"texture":"#2"},"east":{"uv":[0,0,8,4],"texture":"#2"},"south":{"uv":[0,0,8,4],"texture":"#2"},"west":{"uv":[0,0,8,4],"texture":"#2"},"up":{"uv":[0,0,8,4],"texture":"#2"},"down":{"uv":[0,0,8,4],"texture":"#2"}}},{"name":"Sidepuch","from":[12,7.25,6],"to":[14,13.75,10],"faces":{"north":{"uv":[0,0,8,4],"texture":"#2"},"east":{"uv":[0,0,8,4],"texture":"#2"},"south":{"uv":[0,0,8,4],"texture":"#2"},"west":{"uv":[0,0,8,4],"texture":"#2"},"up":{"uv":[0,0,8,4],"texture":"#2"},"down":{"uv":[0,0,8,4],"texture":"#2"}}},{"name":"top","from":[3.25,13.25,5.25],"to":[12.75,14.5,10.75],"faces":{"north":{"uv":[0,0,8,4],"texture":"#2"},"east":{"uv":[0,0,8,4],"texture":"#2"},"south":{"uv":[0,0,8,4],"texture":"#2"},"west":{"uv":[0,0,8,4],"texture":"#2"},"up":{"uv":[0,0,8,4],"texture":"#2"},"down":{"uv":[0,0,8,4],"texture":"#2"}}},{"from":[3,7,5],"to":[13,14,11],"faces":{"north":{"uv":[0,0,8,4],"texture":"#2"},"east":{"uv":[0,0,8,4],"texture":"#2"},"south":{"uv":[0,0,8,4],"texture":"#2"},"west":{"uv":[0,0,8,4],"texture":"#2"},"up":{"uv":[0,0,8,4],"texture":"#2"},"down":{"uv":[0,0,8,4],"texture":"#2"}}},{"from":[3.25,9.5,10.25],"to":[12.75,13.75,11.25],"faces":{"north":{"uv":[0,0,8,4],"texture":"#2"},"east":{"uv":[0,0,8,4],"texture":"#2"},"south":{"uv":[0,0,8,4],"texture":"#2"},"west":{"uv":[0,0,8,4],"texture":"#2"},"up":{"uv":[0,0,8,4],"texture":"#2"},"down":{"uv":[0,0,8,4],"texture":"#2"}}},{"from":[6,9.75,11.26],"to":[10,13.75,11.26],"faces":{"north":{"uv":[0,14,1,16],"texture":"#2"},"east":{"uv":[0,14,1,16],"texture":"#2"},"south":{"uv":[0,0,16,16],"texture":"#1"},"west":{"uv":[0,14,1,16],"texture":"#2"},"up":{"uv":[0,14,1,16],"texture":"#2"},"down":{"uv":[0,14,1,16],"texture":"#2"}}},{"from":[4,9.25,11.26],"to":[4.3,14,11.26],"faces":{"north":{"uv":[0,14,1,16],"texture":"#2"},"east":{"uv":[0,14,1,16],"texture":"#2"},"south":{"uv":[0,14,1,16],"texture":"#2"},"west":{"uv":[0,14,1,16],"texture":"#2"},"up":{"uv":[0,14,1,16],"texture":"#2"},"down":{"uv":[0,14,1,16],"texture":"#2"}}},{"from":[12,9.25,11.26],"to":[12.3,14,11.26],"faces":{"north":{"uv":[0,14,1,16],"texture":"#2"},"east":{"uv":[0,14,1,16],"texture":"#2"},"south":{"uv":[0,14,1,16],"texture":"#2"},"west":{"uv":[0,14,1,16],"texture":"#2"},"up":{"uv":[0,14,1,16],"texture":"#2"},"down":{"uv":[0,14,1,16],"texture":"#2"}}},{"from":[4,9.25,11.26],"to":[12.3,9.5,11.26],"faces":{"north":{"uv":[0,14,1,16],"texture":"#2"},"east":{"uv":[0,14,1,16],"texture":"#2"},"south":{"uv":[0,14,1,16],"texture":"#2"},"west":{"uv":[0,14,1,16],"texture":"#2"},"up":{"uv":[0,14,1,16],"texture":"#2"},"down":{"uv":[0,14,1,16],"texture":"#2"}}},{"from":[4,7,11.06],"to":[4.3,10,11.06],"faces":{"north":{"uv":[0,14,1,16],"texture":"#2"},"east":{"uv":[0,14,1,16],"texture":"#2"},"south":{"uv":[0,14,1,16],"texture":"#2"},"west":{"uv":[0,14,1,16],"texture":"#2"},"up":{"uv":[0,14,1,16],"texture":"#2"},"down":{"uv":[0,14,1,16],"texture":"#2"}}},{"from":[12,7,4.99],"to":[12.3,10,4.99],"faces":{"north":{"uv":[0,14,1,16],"texture":"#2"},"east":{"uv":[0,14,1,16],"texture":"#2"},"south":{"uv":[0,14,1,16],"texture":"#2"},"west":{"uv":[0,14,1,16],"texture":"#2"},"up":{"uv":[0,14,1,16],"texture":"#2"},"down":{"uv":[0,14,1,16],"texture":"#2"}}},{"name":"Front","from":[3.25,9.5,4.75],"to":[12.75,13.75,5.75],"faces":{"north":{"uv":[0,0,8,4],"texture":"#2"},"east":{"uv":[0,0,8,4],"texture":"#2"},"south":{"uv":[0,0,8,4],"texture":"#2"},"west":{"uv":[0,0,8,4],"texture":"#2"},"up":{"uv":[0,0,8,4],"texture":"#2"},"down":{"uv":[0,0,8,4],"texture":"#2"}}},{"from":[6,9.75,4.74],"to":[10,13.75,4.74],"faces":{"north":{"uv":[0,0,16,16],"texture":"#1"},"east":{"uv":[0,0,16,16],"texture":"#1"},"south":{"uv":[0,0,16,16],"texture":"#1"},"west":{"uv":[0,0,16,16],"texture":"#1"},"up":{"uv":[0,0,16,16],"texture":"#1"},"down":{"uv":[0,0,16,16],"texture":"#1"}}},{"from":[4,9.25,4.74],"to":[4.3,14,4.74],"faces":{"north":{"uv":[1,14,2,16],"texture":"#2"},"east":{"uv":[1,14,2,16],"texture":"#2"},"south":{"uv":[1,14,2,16],"texture":"#2"},"west":{"uv":[1,14,2,16],"texture":"#2"},"up":{"uv":[1,14,2,16],"texture":"#2"},"down":{"uv":[1,14,2,16],"texture":"#2"}}},{"from":[12,9.25,4.74],"to":[12.3,14,4.74],"faces":{"north":{"uv":[0,14,1,16],"texture":"#2"},"east":{"uv":[0,14,1,16],"texture":"#2"},"south":{"uv":[0,14,1,16],"texture":"#2"},"west":{"uv":[0,14,1,16],"texture":"#2"},"up":{"uv":[0,14,1,16],"texture":"#2"},"down":{"uv":[0,14,1,16],"texture":"#2"}}},{"from":[4,9.25,4.74],"to":[12.3,9.5,4.74],"faces":{"north":{"uv":[0,14,1,16],"texture":"#2"},"east":{"uv":[0,14,1,16],"texture":"#2"},"south":{"uv":[0,14,1,16],"texture":"#2"},"west":{"uv":[0,14,1,16],"texture":"#2"},"up":{"uv":[0,14,1,16],"texture":"#2"},"down":{"uv":[0,14,1,16],"texture":"#2"}}},{"from":[12,7,11.06],"to":[12.3,10,11.06],"faces":{"north":{"uv":[0,14,1,16],"texture":"#2"},"east":{"uv":[0,14,1,16],"texture":"#2"},"south":{"uv":[0,14,1,16],"texture":"#2"},"west":{"uv":[0,14,1,16],"texture":"#2"},"up":{"uv":[0,14,1,16],"texture":"#2"},"down":{"uv":[0,14,1,16],"texture":"#2"}}},{"from":[4,7,4.99],"to":[4.3,10,4.99],"faces":{"north":{"uv":[0,14,1,16],"texture":"#2"},"east":{"uv":[0,14,1,16],"texture":"#2"},"south":{"uv":[0,14,1,16],"texture":"#2"},"west":{"uv":[0,14,1,16],"texture":"#2"},"up":{"uv":[0,14,1,16],"texture":"#2"},"down":{"uv":[0,14,1,16],"texture":"#2"}}}]}