{"format_version":"1.21.6","credit":"Made with Blockbench","textures":{"0":"ttp/qualityarmory/rgbsheet1","particle":"ttp/qualityarmory/rgbsheet1"},"elements":[{"name":"base","from":[7,1,11],"to":[9,5,13],"faces":{"north":{"uv":[8,5,9,6],"texture":"#0"},"east":{"uv":[8,5,9,6],"texture":"#0"},"south":{"uv":[8,5,9,6],"texture":"#0"},"west":{"uv":[8,5,9,6],"texture":"#0"},"up":{"uv":[8,5,9,6],"texture":"#0"},"down":{"uv":[8,5,9,6],"texture":"#0"}}},{"name":"handle","from":[7.2,5,11.2],"to":[8.7,7,12.7],"faces":{"north":{"uv":[9,14,10,15],"texture":"#0"},"east":{"uv":[9,14,10,15],"texture":"#0"},"south":{"uv":[9,14,10,15],"texture":"#0"},"west":{"uv":[9,14,10,15],"texture":"#0"},"up":{"uv":[9,14,10,15],"texture":"#0"},"down":{"uv":[9,14,10,15],"texture":"#0"}}},{"name":"Cube","from":[8.5,5.2,12.2],"to":[8.9,7,14.2],"faces":{"north":{"uv":[9,14,10,15],"texture":"#0"},"east":{"uv":[9,14,10,15],"texture":"#0"},"south":{"uv":[9,14,10,15],"texture":"#0"},"west":{"uv":[9,14,10,15],"texture":"#0"},"up":{"uv":[9,14,10,15],"texture":"#0"},"down":{"uv":[9,14,10,15],"texture":"#0"}}},{"name":"Cube","from":[8.5,2.2,14.2],"to":[8.9,7,14.7],"faces":{"north":{"uv":[9,14,10,15],"texture":"#0"},"east":{"uv":[9,14,10,15],"texture":"#0"},"south":{"uv":[9,14,10,15],"texture":"#0"},"west":{"uv":[9,14,10,15],"texture":"#0"},"up":{"uv":[9,14,10,15],"texture":"#0"},"down":{"uv":[9,14,10,15],"texture":"#0"}}},{"name":"mid","from":[6,2.5,11.25],"to":[10,3.65,12.75],"rotation":{"angle":0,"axis":"y","origin":[8,3.075,12]},"faces":{"north":{"uv":[8,5,9,6],"texture":"#0"},"east":{"uv":[8,5,9,6],"texture":"#0"},"south":{"uv":[8,5,9,6],"texture":"#0"},"west":{"uv":[8,5,9,6],"texture":"#0"},"up":{"uv":[8,5,9,6],"texture":"#0"},"down":{"uv":[8,5,9,6],"texture":"#0"}}},{"name":"mid","from":[6.25,1.25,11.25],"to":[9.75,2.15,12.75],"rotation":{"angle":0,"axis":"y","origin":[8,3.075,12]},"faces":{"north":{"uv":[8,5,9,6],"texture":"#0"},"east":{"uv":[8,5,9,6],"texture":"#0"},"south":{"uv":[8,5,9,6],"texture":"#0"},"west":{"uv":[8,5,9,6],"texture":"#0"},"up":{"uv":[8,5,9,6],"texture":"#0"},"down":{"uv":[8,5,9,6],"texture":"#0"}}},{"name":"mid","from":[6,4,11.25],"to":[10,4.9,12.75],"rotation":{"angle":0,"axis":"y","origin":[8,3.075,12]},"faces":{"north":{"uv":[8,5,9,6],"texture":"#0"},"east":{"uv":[8,5,9,6],"texture":"#0"},"south":{"uv":[8,5,9,6],"texture":"#0"},"west":{"uv":[8,5,9,6],"texture":"#0"},"up":{"uv":[8,5,9,6],"texture":"#0"},"down":{"uv":[8,5,9,6],"texture":"#0"}}},{"name":"mid","from":[6,2.5,11.25],"to":[10,3.65,12.75],"rotation":{"angle":45,"axis":"y","origin":[8,3.075,12]},"faces":{"north":{"uv":[8,5,9,6],"texture":"#0"},"east":{"uv":[8,5,9,6],"texture":"#0"},"south":{"uv":[8,5,9,6],"texture":"#0"},"west":{"uv":[8,5,9,6],"texture":"#0"},"up":{"uv":[8,5,9,6],"texture":"#0"},"down":{"uv":[8,5,9,6],"texture":"#0"}}},{"name":"mid","from":[6.25,1.25,11.25],"to":[9.75,2.15,12.75],"rotation":{"angle":45,"axis":"y","origin":[8,3.075,12]},"faces":{"north":{"uv":[8,5,9,6],"texture":"#0"},"east":{"uv":[8,5,9,6],"texture":"#0"},"south":{"uv":[8,5,9,6],"texture":"#0"},"west":{"uv":[8,5,9,6],"texture":"#0"},"up":{"uv":[8,5,9,6],"texture":"#0"},"down":{"uv":[8,5,9,6],"texture":"#0"}}},{"name":"mid","from":[6,4,11.25],"to":[10,4.9,12.75],"rotation":{"angle":45,"axis":"y","origin":[8,3.075,12]},"faces":{"north":{"uv":[8,5,9,6],"texture":"#0"},"east":{"uv":[8,5,9,6],"texture":"#0"},"south":{"uv":[8,5,9,6],"texture":"#0"},"west":{"uv":[8,5,9,6],"texture":"#0"},"up":{"uv":[8,5,9,6],"texture":"#0"},"down":{"uv":[8,5,9,6],"texture":"#0"}}},{"name":"mid","from":[7.25,2.5,10],"to":[8.75,3.65,14],"rotation":{"angle":0,"axis":"y","origin":[8,3.075,12]},"faces":{"north":{"uv":[8,5,9,6],"texture":"#0"},"east":{"uv":[8,5,9,6],"texture":"#0"},"south":{"uv":[8,5,9,6],"texture":"#0"},"west":{"uv":[8,5,9,6],"texture":"#0"},"up":{"uv":[8,5,9,6],"rotation":270,"texture":"#0"},"down":{"uv":[8,5,9,6],"rotation":90,"texture":"#0"}}},{"name":"mid","from":[7.25,1.25,10.25],"to":[8.75,2.15,13.75],"rotation":{"angle":0,"axis":"y","origin":[8,3.075,12]},"faces":{"north":{"uv":[8,5,9,6],"texture":"#0"},"east":{"uv":[8,5,9,6],"texture":"#0"},"south":{"uv":[8,5,9,6],"texture":"#0"},"west":{"uv":[8,5,9,6],"texture":"#0"},"up":{"uv":[8,5,9,6],"rotation":270,"texture":"#0"},"down":{"uv":[8,5,9,6],"rotation":90,"texture":"#0"}}},{"name":"mid","from":[7.25,4,10],"to":[8.75,4.9,14],"rotation":{"angle":0,"axis":"y","origin":[8,3.075,12]},"faces":{"north":{"uv":[8,5,9,6],"texture":"#0"},"east":{"uv":[8,5,9,6],"texture":"#0"},"south":{"uv":[8,5,9,6],"texture":"#0"},"west":{"uv":[8,5,9,6],"texture":"#0"},"up":{"uv":[8,5,9,6],"rotation":270,"texture":"#0"},"down":{"uv":[8,5,9,6],"rotation":90,"texture":"#0"}}},{"name":"mid","from":[7.25,2.5,10],"to":[8.75,3.65,14],"rotation":{"angle":45,"axis":"y","origin":[8,3.075,12]},"faces":{"north":{"uv":[8,5,9,6],"texture":"#0"},"east":{"uv":[8,5,9,6],"texture":"#0"},"south":{"uv":[8,5,9,6],"texture":"#0"},"west":{"uv":[8,5,9,6],"texture":"#0"},"up":{"uv":[8,5,9,6],"rotation":270,"texture":"#0"},"down":{"uv":[8,5,9,6],"rotation":90,"texture":"#0"}}},{"name":"mid","from":[7.25,1.25,10.25],"to":[8.75,2.15,13.75],"rotation":{"angle":45,"axis":"y","origin":[8,3.075,12]},"faces":{"north":{"uv":[8,5,9,6],"texture":"#0"},"east":{"uv":[8,5,9,6],"texture":"#0"},"south":{"uv":[8,5,9,6],"texture":"#0"},"west":{"uv":[8,5,9,6],"texture":"#0"},"up":{"uv":[8,5,9,6],"rotation":270,"texture":"#0"},"down":{"uv":[8,5,9,6],"rotation":90,"texture":"#0"}}},{"name":"mid","from":[7.25,4,10],"to":[8.75,4.9,14],"rotation":{"angle":45,"axis":"y","origin":[8,3.075,12]},"faces":{"north":{"uv":[8,5,9,6],"texture":"#0"},"east":{"uv":[8,5,9,6],"texture":"#0"},"south":{"uv":[8,5,9,6],"texture":"#0"},"west":{"uv":[8,5,9,6],"texture":"#0"},"up":{"uv":[8,5,9,6],"rotation":270,"texture":"#0"},"down":{"uv":[8,5,9,6],"rotation":90,"texture":"#0"}}}],"display":{"thirdperson_righthand":{"rotation":[-7,-2,-10],"translation":[0,4,-2],"scale":[0.7,0.7,0.7]},"thirdperson_lefthand":{"rotation":[-7,1,11],"translation":[-15,5,-2],"scale":[0.7,0.7,0.7]},"firstperson_righthand":{"rotation":[0,-2,0],"translation":[-1.75,7.25,-1]},"firstperson_lefthand":{"translation":[-2.5,8,0]},"ground":{"rotation":[0,0,-23],"translation":[3.59,-0.94,6.05]},"gui":{"rotation":[35,70,-14],"translation":[-7,8.25,5.5],"scale":[2,2,2]},"fixed":{"rotation":[-1,3,-41],"translation":[12.28,3.4,10.39],"scale":[3.37,3.37,3.4]}},"groups":[0,1,2,3,{"name":"group","origin":[8,8,8],"color":0,"children":[4,5,6]},{"name":"group","origin":[8,8,8],"color":0,"children":[7,8,9]},{"name":"group","origin":[8,8,8],"color":0,"children":[10,11,12]},{"name":"group","origin":[8,8,8],"color":0,"children":[13,14,15]}]}