{"credit":"Made with Blockbench, a free, modern block model editor by JannisX11","textures":{"0":"ttp/qualityarmory/rgbsheet1","particle":"ttp/qualityarmory/rgbsheet1"},"elements":[{"from":[6.5,13.75,7.5],"to":[9,14.5,9.5],"rotation":{"angle":22.5,"axis":"y","origin":[8,19.75,8.5]},"faces":{"north":{"uv":[11,14,12,15],"texture":"#0","rotation":270},"east":{"uv":[11,14,12,15],"texture":"#0","rotation":270},"south":{"uv":[11,14,12,15],"texture":"#0","rotation":270},"west":{"uv":[11,14,12,15],"texture":"#0","rotation":270},"up":{"uv":[11,14,12,15],"texture":"#0","rotation":270},"down":{"uv":[11,14,12,15],"texture":"#0","rotation":270}}},{"from":[6.5,13,7.5],"to":[12.25,13.75,9.5],"rotation":{"angle":22.5,"axis":"y","origin":[8,19,8.5]},"faces":{"north":{"uv":[11,14,12,15],"texture":"#0","rotation":270},"east":{"uv":[11,14,12,15],"texture":"#0","rotation":270},"south":{"uv":[11,14,12,15],"texture":"#0","rotation":270},"west":{"uv":[11,14,12,15],"texture":"#0","rotation":270},"up":{"uv":[11,14,12,15],"texture":"#0","rotation":270},"down":{"uv":[11,14,12,15],"texture":"#0","rotation":270}}},{"from":[7,12,4],"to":[9,13,13],"rotation":{"angle":22.5,"axis":"y","origin":[8,18,8.5]},"faces":{"north":{"uv":[9,15,10,16],"texture":"#0"},"east":{"uv":[9,15,10,16],"texture":"#0"},"south":{"uv":[9,15,10,16],"texture":"#0"},"west":{"uv":[9,15,10,16],"texture":"#0"},"up":{"uv":[9,15,10,16],"texture":"#0"},"down":{"uv":[9,15,10,16],"texture":"#0"}}},{"from":[7,12,4],"to":[9,13,13],"rotation":{"angle":45,"axis":"y","origin":[8,18,8.5]},"faces":{"north":{"uv":[9,15,10,16],"texture":"#0"},"east":{"uv":[9,15,10,16],"texture":"#0"},"south":{"uv":[9,15,10,16],"texture":"#0"},"west":{"uv":[9,15,10,16],"texture":"#0"},"up":{"uv":[9,15,10,16],"texture":"#0"},"down":{"uv":[9,15,10,16],"texture":"#0"}}},{"from":[3.5,12,7.5],"to":[12.5,13,9.5],"rotation":{"angle":-22.5,"axis":"y","origin":[8,18,8.5]},"faces":{"north":{"uv":[9,15,10,16],"texture":"#0","rotation":270},"east":{"uv":[9,15,10,16],"texture":"#0","rotation":270},"south":{"uv":[9,15,10,16],"texture":"#0","rotation":270},"west":{"uv":[9,15,10,16],"texture":"#0","rotation":270},"up":{"uv":[9,15,10,16],"texture":"#0","rotation":270},"down":{"uv":[9,15,10,16],"texture":"#0","rotation":270}}},{"from":[3.5,12,7.5],"to":[12.5,13,9.5],"rotation":{"angle":0,"axis":"y","origin":[8,18,8.5]},"faces":{"north":{"uv":[9,15,10,16],"texture":"#0","rotation":270},"east":{"uv":[9,15,10,16],"texture":"#0","rotation":270},"south":{"uv":[9,15,10,16],"texture":"#0","rotation":270},"west":{"uv":[9,15,10,16],"texture":"#0","rotation":270},"up":{"uv":[9,15,10,16],"texture":"#0","rotation":270},"down":{"uv":[9,15,10,16],"texture":"#0","rotation":270}}},{"from":[7,12,4],"to":[9,13,13],"rotation":{"angle":-22.5,"axis":"y","origin":[8,18,8.5]},"faces":{"north":{"uv":[9,15,10,16],"texture":"#0","rotation":180},"east":{"uv":[9,15,10,16],"texture":"#0","rotation":180},"south":{"uv":[9,15,10,16],"texture":"#0","rotation":180},"west":{"uv":[9,15,10,16],"texture":"#0","rotation":180},"up":{"uv":[9,15,10,16],"texture":"#0","rotation":180},"down":{"uv":[9,15,10,16],"texture":"#0","rotation":180}}},{"from":[7,12,4],"to":[9,13,13],"faces":{"north":{"uv":[9,15,10,16],"texture":"#0"},"east":{"uv":[9,15,10,16],"texture":"#0"},"south":{"uv":[9,15,10,16],"texture":"#0"},"west":{"uv":[9,15,10,16],"texture":"#0"},"up":{"uv":[9,15,10,16],"texture":"#0"},"down":{"uv":[9,15,10,16],"texture":"#0"}}},{"from":[3.5,12,7.5],"to":[12.5,13,9.5],"rotation":{"angle":45,"axis":"y","origin":[8,18,8.5]},"faces":{"north":{"uv":[9,15,10,16],"texture":"#0","rotation":270},"east":{"uv":[9,15,10,16],"texture":"#0","rotation":270},"south":{"uv":[9,15,10,16],"texture":"#0","rotation":270},"west":{"uv":[9,15,10,16],"texture":"#0","rotation":270},"up":{"uv":[9,15,10,16],"texture":"#0","rotation":270},"down":{"uv":[9,15,10,16],"texture":"#0","rotation":270}}},{"from":[3.5,12,7.5],"to":[12.5,13,9.5],"rotation":{"angle":22.5,"axis":"y","origin":[8,18,8.5]},"faces":{"north":{"uv":[9,15,10,16],"texture":"#0","rotation":270},"east":{"uv":[9,15,10,16],"texture":"#0","rotation":270},"south":{"uv":[9,15,10,16],"texture":"#0","rotation":270},"west":{"uv":[9,15,10,16],"texture":"#0","rotation":270},"up":{"uv":[9,15,10,16],"texture":"#0","rotation":270},"down":{"uv":[9,15,10,16],"texture":"#0","rotation":270}}},{"from":[7,0,4],"to":[9,12,13],"rotation":{"angle":45,"axis":"y","origin":[8,6,8.5]},"faces":{"north":{"uv":[4,6,5,7],"texture":"#0"},"east":{"uv":[4,6,5,7],"texture":"#0"},"south":{"uv":[4,6,5,7],"texture":"#0"},"west":{"uv":[4,6,5,7],"texture":"#0"},"up":{"uv":[4,6,5,7],"texture":"#0"},"down":{"uv":[4,6,5,7],"texture":"#0"}}},{"from":[7,0,4],"to":[9,12,13],"faces":{"north":{"uv":[4,6,5,7],"texture":"#0"},"east":{"uv":[4,6,5,7],"texture":"#0"},"south":{"uv":[4,6,5,7],"texture":"#0"},"west":{"uv":[4,6,5,7],"texture":"#0"},"up":{"uv":[4,6,5,7],"texture":"#0"},"down":{"uv":[4,6,5,7],"texture":"#0"}}},{"from":[7,0,4],"to":[9,12,13],"faces":{"north":{"uv":[4,6,5,7],"texture":"#0"},"east":{"uv":[4,6,5,7],"texture":"#0"},"south":{"uv":[4,6,5,7],"texture":"#0"},"west":{"uv":[4,6,5,7],"texture":"#0"},"up":{"uv":[4,6,5,7],"texture":"#0"},"down":{"uv":[4,6,5,7],"texture":"#0"}}},{"from":[7,0,4],"to":[9,12,13],"rotation":{"angle":22.5,"axis":"y","origin":[8,6,8.5]},"faces":{"north":{"uv":[4,6,5,7],"texture":"#0"},"east":{"uv":[4,6,5,7],"texture":"#0"},"south":{"uv":[4,6,5,7],"texture":"#0"},"west":{"uv":[4,6,5,7],"texture":"#0"},"up":{"uv":[4,6,5,7],"texture":"#0"},"down":{"uv":[4,6,5,7],"texture":"#0"}}},{"from":[7,0,4],"to":[9,12,13],"rotation":{"angle":-22.5,"axis":"y","origin":[8,6,8.5]},"faces":{"north":{"uv":[4,6,5,7],"texture":"#0","rotation":180},"east":{"uv":[4,6,5,7],"texture":"#0","rotation":180},"south":{"uv":[4,6,5,7],"texture":"#0","rotation":180},"west":{"uv":[4,6,5,7],"texture":"#0","rotation":180},"up":{"uv":[4,6,5,7],"texture":"#0","rotation":180},"down":{"uv":[4,6,5,7],"texture":"#0","rotation":180}}},{"from":[3.5,0,7.5],"to":[12.5,12,9.5],"rotation":{"angle":45,"axis":"y","origin":[8,6,8.5]},"faces":{"north":{"uv":[4,6,5,7],"texture":"#0","rotation":270},"east":{"uv":[4,6,5,7],"texture":"#0","rotation":270},"south":{"uv":[4,6,5,7],"texture":"#0","rotation":270},"west":{"uv":[4,6,5,7],"texture":"#0","rotation":270},"up":{"uv":[4,6,5,7],"texture":"#0","rotation":270},"down":{"uv":[4,6,5,7],"texture":"#0","rotation":270}}},{"from":[3.5,0,7.5],"to":[12.5,12,9.5],"rotation":{"angle":22.5,"axis":"y","origin":[8,6,8.5]},"faces":{"north":{"uv":[4,6,5,7],"texture":"#0","rotation":270},"east":{"uv":[4,6,5,7],"texture":"#0","rotation":270},"south":{"uv":[4,6,5,7],"texture":"#0","rotation":270},"west":{"uv":[4,6,5,7],"texture":"#0","rotation":270},"up":{"uv":[4,6,5,7],"texture":"#0","rotation":270},"down":{"uv":[4,6,5,7],"texture":"#0","rotation":270}}},{"from":[3.5,0,7.5],"to":[12.5,12,9.5],"rotation":{"angle":0,"axis":"y","origin":[8,6,8.5]},"faces":{"north":{"uv":[4,6,5,7],"texture":"#0","rotation":270},"east":{"uv":[4,6,5,7],"texture":"#0","rotation":270},"south":{"uv":[4,6,5,7],"texture":"#0","rotation":270},"west":{"uv":[4,6,5,7],"texture":"#0","rotation":270},"up":{"uv":[4,6,5,7],"texture":"#0","rotation":270},"down":{"uv":[4,6,5,7],"texture":"#0","rotation":270}}},{"from":[3.5,0,7.5],"to":[12.5,12,9.5],"rotation":{"angle":-22.5,"axis":"y","origin":[8,6,8.5]},"faces":{"north":{"uv":[4,6,5,7],"texture":"#0","rotation":270},"east":{"uv":[4,6,5,7],"texture":"#0","rotation":270},"south":{"uv":[4,6,5,7],"texture":"#0","rotation":270},"west":{"uv":[4,6,5,7],"texture":"#0","rotation":270},"up":{"uv":[4,6,5,7],"texture":"#0","rotation":270},"down":{"uv":[4,6,5,7],"texture":"#0","rotation":270}}}],"display":{"ground":{"scale":[0.5,0.5,0.5]},"thirdperson_righthand":{"scale":[0.3,0.3,0.3]},"firstperson_righthand":{"scale":[0.7,0.7,0.7]},"fixed":{"translation":[0,0.5,0]}},"groups":[0,1,{"name":"group","isOpen":true,"shade":true,"display":{"visibility":true,"autouv":true},"children":[2,3,4,5,6,7,8,9]},{"name":"group","isOpen":true,"shade":true,"display":{"visibility":true,"autouv":true},"children":[10,11,12,13,14,15,16,17,18]}]}