{"credit":"Made with Blockbench","texture_size":[32,32],"textures":{"0":"politmine/item/brewery/axe_porridge/texture","4":"politmine/item/brewery/axe_porridge/texture2","5":"politmine/item/brewery/axe_porridge/texture6","6":"politmine/item/brewery/axe_porridge/texture7","particle":"politmine/item/brewery/axe_porridge/texture"},"elements":[{"from":[4.75,0.25,4.3],"to":[11,4.5,10.95],"faces":{"north":{"uv":[3.5,0,6.75,2.5],"texture":"#6"},"east":{"uv":[3.5,2.5,6.75,5],"texture":"#6"},"south":{"uv":[3.5,5,6.75,7.5],"texture":"#6"},"west":{"uv":[0,7,3.25,9.5],"texture":"#6"},"up":{"uv":[3.25,3.25,0,0],"texture":"#6"},"down":{"uv":[3.25,3.5,0,6.75],"texture":"#6"}}},{"from":[4.25,-0.25,5.4],"to":[5.25,0.75,9.95],"faces":{"north":{"uv":[4,6.5,4.5,7],"texture":"#0"},"east":{"uv":[13,4.5,15.5,5],"texture":"#0"},"south":{"uv":[4.5,6.5,5,7],"texture":"#0"},"west":{"uv":[13,5,15.5,5.5],"texture":"#0"},"up":{"uv":[13.5,8,13,5.5],"texture":"#0"},"down":{"uv":[13.5,8,13,10.5],"texture":"#0"}}},{"from":[9.65,-0.25,4.25],"to":[11.05,6.4,5.55],"faces":{"north":{"uv":[8.5,11,9,14.5],"texture":"#0"},"east":{"uv":[9,11,9.5,14.5],"texture":"#0"},"south":{"uv":[9.5,11,10,14.5],"texture":"#0"},"west":{"uv":[11,10,11.5,13.5],"texture":"#0"},"up":{"uv":[14.5,2.5,14,2],"texture":"#0"},"down":{"uv":[3,14,2.5,14.5],"texture":"#0"}}},{"from":[9.65,-0.25,9.5],"to":[11.05,6.4,11.05],"faces":{"north":{"uv":[11.5,7,12,10.5],"texture":"#0"},"east":{"uv":[3,10,4,13.5],"texture":"#0"},"south":{"uv":[10,11.5,10.5,15],"texture":"#0"},"west":{"uv":[4,10,5,13.5],"texture":"#0"},"up":{"uv":[6.5,8,6,7],"texture":"#0"},"down":{"uv":[7,7,6.5,8],"texture":"#0"}}},{"from":[4.65,-0.25,9.5],"to":[6.05,6.4,11.05],"faces":{"north":{"uv":[10.5,11.5,11,15],"texture":"#0"},"east":{"uv":[5,10,6,13.5],"texture":"#0"},"south":{"uv":[11.5,10.5,12,14],"texture":"#0"},"west":{"uv":[10,8,11,11.5],"texture":"#0"},"up":{"uv":[11,7.5,10.5,6.5],"texture":"#0"},"down":{"uv":[14,13,13.5,14],"texture":"#0"}}},{"from":[4.65,-0.25,4.25],"to":[6.05,6.4,5.8],"faces":{"north":{"uv":[12,0,12.5,3.5],"texture":"#0"},"east":{"uv":[10.5,3,11.5,6.5],"texture":"#0"},"south":{"uv":[12,3.5,12.5,7],"texture":"#0"},"west":{"uv":[6,11,7,14.5],"texture":"#0"},"up":{"uv":[14.5,1,14,0],"texture":"#0"},"down":{"uv":[1,14,0.5,15],"texture":"#0"}}},{"from":[10,-0.25,5.45],"to":[11,0.75,9.7],"faces":{"north":{"uv":[10.5,7.5,11,8],"texture":"#0"},"east":{"uv":[0.5,13.5,2.5,14],"texture":"#0"},"south":{"uv":[1,14,1.5,14.5],"texture":"#0"},"west":{"uv":[2.5,13.5,4.5,14],"texture":"#0"},"up":{"uv":[10,5,9.5,3],"texture":"#0"},"down":{"uv":[10.5,3,10,5],"texture":"#0"}}},{"from":[11,0,5.4],"to":[11.5,6.5,9.95],"faces":{"north":{"uv":[11,6.5,11.5,10],"texture":"#0"},"east":{"uv":[0,0,2.5,3.5],"texture":"#0"},"south":{"uv":[7,11,7.5,14.5],"texture":"#0"},"west":{"uv":[2.5,0,5,3.5],"texture":"#0"},"up":{"uv":[13.5,13,13,10.5],"texture":"#0"},"down":{"uv":[12.5,13,12,15.5],"texture":"#0"}}},{"from":[4.25,0.75,5.4],"to":[4.75,6.5,9.95],"faces":{"north":{"uv":[12,10,12.5,13],"texture":"#0"},"east":{"uv":[0,3.5,2.5,6.5],"texture":"#0"},"south":{"uv":[12.5,0,13,3],"texture":"#0"},"west":{"uv":[2.5,3.5,5,6.5],"texture":"#0"},"up":{"uv":[13.5,15.5,13,13],"texture":"#0"},"down":{"uv":[14,0,13.5,2.5],"texture":"#0"}}},{"from":[7.5,4,7.65],"to":[8,4.6,8.2],"faces":{"north":{"uv":[0,4,1,5],"texture":"#5"},"east":{"uv":[0,1,1,2],"texture":"#5"},"south":{"uv":[1,0,2,1],"texture":"#5"},"west":{"uv":[1,1,2,2],"texture":"#5"},"up":{"uv":[1,3,0,2],"texture":"#5"},"down":{"uv":[3,0,2,1],"texture":"#5"}}},{"from":[8.5,4,4.65],"to":[9,4.6,5.2],"faces":{"north":{"uv":[0,4,1,5],"texture":"#5"},"east":{"uv":[0,1,1,2],"texture":"#5"},"south":{"uv":[1,0,2,1],"texture":"#5"},"west":{"uv":[1,1,2,2],"texture":"#5"},"up":{"uv":[1,3,0,2],"texture":"#5"},"down":{"uv":[3,0,2,1],"texture":"#5"}}},{"from":[6.5,4,9.65],"to":[7,4.6,10.2],"faces":{"north":{"uv":[0,4,1,5],"texture":"#5"},"east":{"uv":[0,1,1,2],"texture":"#5"},"south":{"uv":[1,0,2,1],"texture":"#5"},"west":{"uv":[1,1,2,2],"texture":"#5"},"up":{"uv":[1,3,0,2],"texture":"#5"},"down":{"uv":[3,0,2,1],"texture":"#5"}}},{"from":[6.5,4,5.65],"to":[7,4.6,6.2],"faces":{"north":{"uv":[0,4,1,5],"texture":"#5"},"east":{"uv":[0,1,1,2],"texture":"#5"},"south":{"uv":[1,0,2,1],"texture":"#5"},"west":{"uv":[1,1,2,2],"texture":"#5"},"up":{"uv":[1,3,0,2],"texture":"#5"},"down":{"uv":[3,0,2,1],"texture":"#5"}}},{"from":[9.5,4,7.65],"to":[10,4.6,8.2],"faces":{"north":{"uv":[0,4,1,5],"texture":"#5"},"east":{"uv":[0,1,1,2],"texture":"#5"},"south":{"uv":[1,0,2,1],"texture":"#5"},"west":{"uv":[1,1,2,2],"texture":"#5"},"up":{"uv":[1,3,0,2],"texture":"#5"},"down":{"uv":[3,0,2,1],"texture":"#5"}}},{"from":[3.75,-0.05,5.7],"to":[4.25,6,9.45],"faces":{"north":{"uv":[11,0,11.5,3],"texture":"#0"},"east":{"uv":[4,7,6,10],"texture":"#0"},"south":{"uv":[12,7,12.5,10],"texture":"#0"},"west":{"uv":[7,5,9,8],"texture":"#0"},"up":{"uv":[5,15.5,4.5,13.5],"texture":"#0"},"down":{"uv":[5.5,13.5,5,15.5],"texture":"#0"}}},{"from":[11.5,0.25,5.7],"to":[12,6,9.45],"faces":{"north":{"uv":[12.5,3,13,6],"texture":"#0"},"east":{"uv":[6,8,8,11],"texture":"#0"},"south":{"uv":[12.5,6,13,9],"texture":"#0"},"west":{"uv":[8,8,10,11],"texture":"#0"},"up":{"uv":[6,15.5,5.5,13.5],"texture":"#0"},"down":{"uv":[11.5,13.5,11,15.5],"texture":"#0"}}},{"from":[5.75,0,3.75],"to":[9.8,6.5,4.25],"faces":{"north":{"uv":[5,0,7,3.5],"texture":"#0"},"east":{"uv":[7.5,11,8,14.5],"texture":"#0"},"south":{"uv":[5,3.5,7,7],"texture":"#0"},"west":{"uv":[8,11,8.5,14.5],"texture":"#0"},"up":{"uv":[15.5,9.5,13.5,9],"texture":"#0"},"down":{"uv":[15.5,9.5,13.5,10],"texture":"#0"}}},{"from":[6.05,0.35,3.25],"to":[9.5,6,3.75],"faces":{"north":{"uv":[9,5,10.5,8],"texture":"#0"},"east":{"uv":[12.5,9,13,12],"texture":"#0"},"south":{"uv":[9.5,0,11,3],"texture":"#0"},"west":{"uv":[12.5,12,13,15],"texture":"#0"},"up":{"uv":[15,11.5,13.5,11],"texture":"#0"},"down":{"uv":[15,11.5,13.5,12],"texture":"#0"}}},{"from":[6.05,0.35,11.5],"to":[9.5,6,12],"faces":{"north":{"uv":[0,10,1.5,13],"texture":"#0"},"east":{"uv":[0,13,0.5,16],"texture":"#0"},"south":{"uv":[1.5,10,3,13],"texture":"#0"},"west":{"uv":[13,0,13.5,3],"texture":"#0"},"up":{"uv":[15,12.5,13.5,12],"texture":"#0"},"down":{"uv":[15,12.5,13.5,13],"texture":"#0"}}},{"from":[5.75,-0.05,11],"to":[10,6.5,11.5],"faces":{"north":{"uv":[0,6.5,2,10],"texture":"#0"},"east":{"uv":[11.5,0,12,3.5],"texture":"#0"},"south":{"uv":[2,6.5,4,10],"texture":"#0"},"west":{"uv":[11.5,3.5,12,7],"texture":"#0"},"up":{"uv":[15.5,10.5,13.5,10],"texture":"#0"},"down":{"uv":[15.5,10.5,13.5,11],"texture":"#0"}}},{"from":[5.05,-0.25,4.25],"to":[9.95,0.75,10],"faces":{"north":{"uv":[13.5,2.5,15.5,3],"texture":"#0"},"east":{"uv":[14,1,14.5,1.5],"texture":"#0"},"south":{"uv":[13.5,5.5,15.5,6],"texture":"#0"},"west":{"uv":[1.5,14,2,14.5],"texture":"#0"},"up":{"uv":[15.5,6.5,13.5,6],"texture":"#0"},"down":{"uv":[15.5,6.5,13.5,7],"texture":"#0"}}},{"from":[5.7,-0.25,10],"to":[9.7,0.75,11],"faces":{"north":{"uv":[13.5,7,15.5,7.5],"texture":"#0"},"east":{"uv":[14,1.5,14.5,2],"texture":"#0"},"south":{"uv":[13.5,7.5,15.5,8],"texture":"#0"},"west":{"uv":[2,14,2.5,14.5],"texture":"#0"},"up":{"uv":[15.5,8.5,13.5,8],"texture":"#0"},"down":{"uv":[15.5,8.5,13.5,9],"texture":"#0"}}},{"from":[10,-3.35,7.1],"to":[10.5,3.6,8.1],"rotation":{"angle":45,"axis":"z","origin":[0,0,0]},"faces":{"north":{"uv":[12,10,12.5,13],"texture":"#4"},"east":{"uv":[12,10,12.5,13],"texture":"#4"},"south":{"uv":[12,10,12.5,13],"texture":"#4"},"west":{"uv":[12,10,12.5,13],"texture":"#4"},"up":{"uv":[12,10,12.5,13],"texture":"#4"},"down":{"uv":[12,10,12.5,13],"texture":"#4"}}},{"from":[10.5,-3.15,7.1],"to":[10.6,3.5,8.1],"rotation":{"angle":45,"axis":"z","origin":[0,0,0]},"faces":{"north":{"uv":[12,10,12.5,13],"texture":"#4"},"east":{"uv":[12,10,12.5,13],"texture":"#4"},"south":{"uv":[12,10,12.5,13],"texture":"#4"},"west":{"uv":[12,10,12.5,13],"texture":"#4"},"up":{"uv":[12,10,12.5,13],"texture":"#4"},"down":{"uv":[12,10,12.5,13],"texture":"#4"}}},{"from":[9.4,-3.15,7.1],"to":[10,-0.3,8.1],"rotation":{"angle":45,"axis":"z","origin":[0,0,0]},"faces":{"north":{"uv":[12,10,12.5,13],"texture":"#0"},"east":{"uv":[0,3.5,2.5,6.5],"texture":"#0"},"south":{"uv":[12.5,0,13,3],"texture":"#0"},"west":{"uv":[2.5,3.5,5,6.5],"texture":"#0"},"up":{"uv":[13.5,15.5,13,13],"texture":"#0"},"down":{"uv":[14,0,13.5,2.5],"texture":"#0"}}},{"from":[9,-2.95,7.2],"to":[9.4,-0.6,8],"rotation":{"angle":45,"axis":"z","origin":[0,0,0]},"faces":{"north":{"uv":[12,10,12.5,13],"texture":"#0"},"east":{"uv":[0,3.5,2.5,6.5],"texture":"#0"},"south":{"uv":[12.5,0,13,3],"texture":"#0"},"west":{"uv":[2.5,3.5,5,6.5],"texture":"#0"},"up":{"uv":[13.5,15.5,13,13],"texture":"#0"},"down":{"uv":[14,0,13.5,2.5],"texture":"#0"}}},{"from":[8.2,-2.45,7.2],"to":[8.6,-1.3,8],"rotation":{"angle":45,"axis":"z","origin":[0,0,0]},"faces":{"north":{"uv":[12,10,12.5,13],"texture":"#0"},"east":{"uv":[0,3.5,2.5,6.5],"texture":"#0"},"south":{"uv":[12.5,0,13,3],"texture":"#0"},"west":{"uv":[2.5,3.5,5,6.5],"texture":"#0"},"up":{"uv":[13.5,15.5,13,13],"texture":"#0"},"down":{"uv":[14,0,13.5,2.5],"texture":"#0"}}},{"from":[8.6,-2.65,7.2],"to":[9,-1.1,8],"rotation":{"angle":45,"axis":"z","origin":[0,0,0]},"faces":{"north":{"uv":[12,10,12.5,13],"texture":"#0"},"east":{"uv":[0,3.5,2.5,6.5],"texture":"#0"},"south":{"uv":[12.5,0,13,3],"texture":"#0"},"west":{"uv":[2.5,3.5,5,6.5],"texture":"#0"},"up":{"uv":[13.5,15.5,13,13],"texture":"#0"},"down":{"uv":[14,0,13.5,2.5],"texture":"#0"}}},{"from":[9.9,-0.25,7.1],"to":[10,3.5,8.1],"rotation":{"angle":45,"axis":"z","origin":[0,0,0]},"faces":{"north":{"uv":[12,10,12.5,13],"texture":"#4"},"east":{"uv":[12,10,12.5,13],"texture":"#4"},"south":{"uv":[12,10,12.5,13],"texture":"#4"},"west":{"uv":[12,10,12.5,13],"texture":"#4"},"up":{"uv":[12,10,12.5,13],"texture":"#4"},"down":{"uv":[12,10,12.5,13],"texture":"#4"}}}],"display":{"thirdperson_righthand":{"rotation":[44,0,0],"translation":[-6,4,3.5]},"thirdperson_lefthand":{"translation":[-6,4.75,0]},"firstperson_righthand":{"translation":[0,5,0]},"firstperson_lefthand":{"translation":[0,5,0]},"ground":{"translation":[0,6,0],"scale":[1.13,1.13,1.13]},"gui":{"rotation":[38,31,1],"translation":[0.25,2.75,0],"scale":[1,0.99,1]},"fixed":{"rotation":[-89,0,0],"translation":[0,0.5,-16],"scale":[2.05,2.05,2.05]}},"groups":[0,1,2,3,4,5,6,7,8,9,10,11,12,13,14,15,16,17,18,19,20,21,{"name":"group","origin":[0,0,0],"color":0,"children":[22,23,24,25,26,27,28]}]}