{"credit":"Made with Blockbench","textures":{"0":"politmine/item/brewery/black_tea/steklozeleniychai","1":"politmine/item/brewery/black_tea/zhidkostcherniychai","particle":"politmine/item/brewery/black_tea/zhidkostcherniychai"},"elements":[{"from":[7.15,1.75,7.15],"to":[8.85,2.15,8.85],"rotation":{"angle":0,"axis":"y","origin":[8,0,8]},"faces":{"north":{"uv":[8,6,9.75,6.375],"texture":"#1"},"east":{"uv":[7,8,8.75,8.375],"texture":"#1"},"south":{"uv":[8,7,9.75,7.375],"texture":"#1"},"west":{"uv":[0,9,1.75,9.375],"texture":"#1"},"up":{"uv":[1.75,1.75,0,0],"texture":"#1"},"down":{"uv":[1.75,2,0,3.75],"texture":"#1"}}},{"from":[8.85,1.75,7.15],"to":[9.1,2.15,8.85],"rotation":{"angle":0,"axis":"y","origin":[8,0,8]},"faces":{"north":{"uv":[15,6,15.25,6.375],"texture":"#1"},"east":{"uv":[2,9,3.75,9.375],"texture":"#1"},"south":{"uv":[7,15,7.25,15.375],"texture":"#1"},"west":{"uv":[4,9,5.75,9.375],"texture":"#1"},"up":{"uv":[0.25,12.75,0,11],"texture":"#1"},"down":{"uv":[1.25,11,1,12.75],"texture":"#1"}}},{"from":[7.15,1.75,6.9],"to":[8.85,2.15,7.15],"rotation":{"angle":0,"axis":"y","origin":[8,0,8]},"faces":{"north":{"uv":[9,5,10.75,5.375],"texture":"#1"},"east":{"uv":[15,7,15.25,7.375],"texture":"#1"},"south":{"uv":[6,9,7.75,9.375],"texture":"#1"},"west":{"uv":[8,15,8.25,15.375],"texture":"#1"},"up":{"uv":[3.75,11.25,2,11],"texture":"#1"},"down":{"uv":[5.75,11,4,11.25],"texture":"#1"}}},{"from":[6.9,1.75,7.15],"to":[7.15,2.15,8.85],"rotation":{"angle":0,"axis":"y","origin":[8,0,8]},"faces":{"north":{"uv":[15,8,15.25,8.375],"texture":"#1"},"east":{"uv":[8,9,9.75,9.375],"texture":"#1"},"south":{"uv":[9,15,9.25,15.375],"texture":"#1"},"west":{"uv":[9,8,10.75,8.375],"texture":"#1"},"up":{"uv":[6.25,12.75,6,11],"texture":"#1"},"down":{"uv":[7.25,11,7,12.75],"texture":"#1"}}},{"from":[7.15,1.75,8.85],"to":[8.85,2.15,9.1],"rotation":{"angle":0,"axis":"y","origin":[8,0,8]},"faces":{"north":{"uv":[0,10,1.75,10.375],"texture":"#1"},"east":{"uv":[15,9,15.25,9.375],"texture":"#1"},"south":{"uv":[10,0,11.75,0.375],"texture":"#1"},"west":{"uv":[10,15,10.25,15.375],"texture":"#1"},"up":{"uv":[12.75,5.25,11,5],"texture":"#1"},"down":{"uv":[9.75,11,8,11.25],"texture":"#1"}}},{"from":[7.25,1.25,7.25],"to":[8.75,2,8.75],"rotation":{"angle":0,"axis":"y","origin":[8,0,8]},"faces":{"north":{"uv":[4,4,5.5,4.625],"texture":"#1"},"east":{"uv":[4,5,5.5,5.625],"texture":"#1"},"south":{"uv":[0,6,1.5,6.625],"texture":"#1"},"west":{"uv":[6,0,7.5,0.625],"texture":"#1"},"up":{"uv":[3.5,1.5,2,0],"texture":"#1"},"down":{"uv":[3.5,2,2,3.5],"texture":"#1"}}},{"from":[8.75,1.25,7.25],"to":[9,2,8.75],"rotation":{"angle":0,"axis":"y","origin":[8,0,8]},"faces":{"north":{"uv":[14,12,14.25,12.625],"texture":"#1"},"east":{"uv":[6,1,7.5,1.625],"texture":"#1"},"south":{"uv":[13,14,13.25,14.625],"texture":"#1"},"west":{"uv":[2,6,3.5,6.625],"texture":"#1"},"up":{"uv":[10.25,12.5,10,11],"texture":"#1"},"down":{"uv":[11.25,11,11,12.5],"texture":"#1"}}},{"from":[7.25,1.25,7],"to":[8.75,2,7.25],"rotation":{"angle":0,"axis":"y","origin":[8,0,8]},"faces":{"north":{"uv":[6,2,7.5,2.625],"texture":"#1"},"east":{"uv":[14,14,14.25,14.625],"texture":"#1"},"south":{"uv":[6,3,7.5,3.625],"texture":"#1"},"west":{"uv":[0,15,0.25,15.625],"texture":"#1"},"up":{"uv":[12.5,8.25,11,8],"texture":"#1"},"down":{"uv":[13.5,0,12,0.25],"texture":"#1"}}},{"from":[7,1.25,7.25],"to":[7.25,2,8.75],"rotation":{"angle":0,"axis":"y","origin":[8,0,8]},"faces":{"north":{"uv":[15,0,15.25,0.625],"texture":"#1"},"east":{"uv":[4,6,5.5,6.625],"texture":"#1"},"south":{"uv":[1,15,1.25,15.625],"texture":"#1"},"west":{"uv":[6,4,7.5,4.625],"texture":"#1"},"up":{"uv":[12.25,2.5,12,1],"texture":"#1"},"down":{"uv":[2.25,12,2,13.5],"texture":"#1"}}},{"from":[7.25,1.25,8.75],"to":[8.75,2,9],"rotation":{"angle":0,"axis":"y","origin":[8,0,8]},"faces":{"north":{"uv":[6,5,7.5,5.625],"texture":"#1"},"east":{"uv":[15,1,15.25,1.625],"texture":"#1"},"south":{"uv":[6,6,7.5,6.625],"texture":"#1"},"west":{"uv":[2,15,2.25,15.625],"texture":"#1"},"up":{"uv":[4.5,12.25,3,12],"texture":"#1"},"down":{"uv":[13.5,3,12,3.25],"texture":"#1"}}},{"from":[7.35,0.75,7.35],"to":[8.65,1.5,8.65],"rotation":{"angle":0,"axis":"y","origin":[8,0,8]},"faces":{"north":{"uv":[0,7,1.25,7.625],"texture":"#1"},"east":{"uv":[2,7,3.25,7.625],"texture":"#1"},"south":{"uv":[4,7,5.25,7.625],"texture":"#1"},"west":{"uv":[6,7,7.25,7.625],"texture":"#1"},"up":{"uv":[1.25,5.25,0,4],"texture":"#1"},"down":{"uv":[5.25,0,4,1.25],"texture":"#1"}}},{"from":[8.65,0.75,7.35],"to":[8.9,1.5,8.65],"rotation":{"angle":0,"axis":"y","origin":[8,0,8]},"faces":{"north":{"uv":[14,6,14.25,6.625],"texture":"#1"},"east":{"uv":[0,8,1.25,8.625],"texture":"#1"},"south":{"uv":[7,14,7.25,14.625],"texture":"#1"},"west":{"uv":[8,0,9.25,0.625],"texture":"#1"},"up":{"uv":[13.25,2.25,13,1],"texture":"#1"},"down":{"uv":[3.25,13,3,14.25],"texture":"#1"}}},{"from":[7.35,0.75,7.1],"to":[8.65,1.5,7.35],"rotation":{"angle":0,"axis":"y","origin":[8,0,8]},"faces":{"north":{"uv":[8,1,9.25,1.625],"texture":"#1"},"east":{"uv":[8,14,8.25,14.625],"texture":"#1"},"south":{"uv":[2,8,3.25,8.625],"texture":"#1"},"west":{"uv":[14,8,14.25,8.625],"texture":"#1"},"up":{"uv":[5.25,13.25,4,13],"texture":"#1"},"down":{"uv":[14.25,4,13,4.25],"texture":"#1"}}},{"from":[7.1,0.75,7.35],"to":[7.35,1.5,8.65],"rotation":{"angle":0,"axis":"y","origin":[8,0,8]},"faces":{"north":{"uv":[14,9,14.25,9.625],"texture":"#1"},"east":{"uv":[8,2,9.25,2.625],"texture":"#1"},"south":{"uv":[10,14,10.25,14.625],"texture":"#1"},"west":{"uv":[8,3,9.25,3.625],"texture":"#1"},"up":{"uv":[13.25,6.25,13,5],"texture":"#1"},"down":{"uv":[6.25,13,6,14.25],"texture":"#1"}}},{"from":[7.35,0.75,8.65],"to":[8.65,1.5,8.9],"rotation":{"angle":0,"axis":"y","origin":[8,0,8]},"faces":{"north":{"uv":[4,8,5.25,8.625],"texture":"#1"},"east":{"uv":[11,14,11.25,14.625],"texture":"#1"},"south":{"uv":[8,4,9.25,4.625],"texture":"#1"},"west":{"uv":[14,11,14.25,11.625],"texture":"#1"},"up":{"uv":[8.25,13.25,7,13],"texture":"#1"},"down":{"uv":[14.25,7,13,7.25],"texture":"#1"}}},{"from":[8.55,0.35,7.45],"to":[8.8,1,8.55],"rotation":{"angle":0,"axis":"y","origin":[8,0,8]},"faces":{"north":{"uv":[15,2,15.25,2.5],"texture":"#1"},"east":{"uv":[10,1,11.125,1.5],"texture":"#1"},"south":{"uv":[3,15,3.25,15.5],"texture":"#1"},"west":{"uv":[2,10,3.125,10.5],"texture":"#1"},"up":{"uv":[13.25,9.125,13,8],"texture":"#1"},"down":{"uv":[9.25,13,9,14.125],"texture":"#1"}}},{"from":[7.45,0.35,7.2],"to":[8.55,1,7.45],"rotation":{"angle":0,"axis":"y","origin":[8,0,8]},"faces":{"north":{"uv":[10,2,11.125,2.5],"texture":"#1"},"east":{"uv":[15,3,15.25,3.5],"texture":"#1"},"south":{"uv":[10,3,11.125,3.5],"texture":"#1"},"west":{"uv":[4,15,4.25,15.5],"texture":"#1"},"up":{"uv":[11.125,13.25,10,13],"texture":"#1"},"down":{"uv":[14.125,10,13,10.25],"texture":"#1"}}},{"from":[7.2,0.35,7.45],"to":[7.45,1,8.55],"rotation":{"angle":0,"axis":"y","origin":[8,0,8]},"faces":{"north":{"uv":[15,4,15.25,4.5],"texture":"#1"},"east":{"uv":[4,10,5.125,10.5],"texture":"#1"},"south":{"uv":[5,15,5.25,15.5],"texture":"#1"},"west":{"uv":[10,4,11.125,4.5],"texture":"#1"},"up":{"uv":[13.25,12.125,13,11],"texture":"#1"},"down":{"uv":[12.25,13,12,14.125],"texture":"#1"}}},{"from":[7.45,0.35,8.55],"to":[8.55,1,8.8],"rotation":{"angle":0,"axis":"y","origin":[8,0,8]},"faces":{"north":{"uv":[6,10,7.125,10.5],"texture":"#1"},"east":{"uv":[15,5,15.25,5.5],"texture":"#1"},"south":{"uv":[10,6,11.125,6.5],"texture":"#1"},"west":{"uv":[6,15,6.25,15.5],"texture":"#1"},"up":{"uv":[14.125,13.25,13,13],"texture":"#1"},"down":{"uv":[1.125,14,0,14.25],"texture":"#1"}}},{"from":[7.45,0.35,7.45],"to":[8.55,1,8.55],"rotation":{"angle":0,"axis":"y","origin":[8,0,8]},"faces":{"north":{"uv":[10,7,11.125,7.5],"texture":"#1"},"east":{"uv":[8,10,9.125,10.5],"texture":"#1"},"south":{"uv":[10,9,11.125,9.5],"texture":"#1"},"west":{"uv":[10,10,11.125,10.5],"texture":"#1"},"up":{"uv":[3.125,5.125,2,4],"texture":"#1"},"down":{"uv":[5.125,2,4,3.125],"texture":"#1"}}},{"from":[7.55,0.1,7.55],"to":[8.45,0.6,8.45],"rotation":{"angle":0,"axis":"y","origin":[8,0,8]},"faces":{"north":{"uv":[12,4,12.875,4.375],"texture":"#1"},"east":{"uv":[5,12,5.875,12.375],"texture":"#1"},"south":{"uv":[12,6,12.875,6.375],"texture":"#1"},"west":{"uv":[12,7,12.875,7.375],"texture":"#1"},"up":{"uv":[8.875,5.875,8,5],"texture":"#1"},"down":{"uv":[6.875,8,6,8.875],"texture":"#1"}}},{"from":[7.55,0.1,7.3],"to":[8.45,0.6,7.55],"rotation":{"angle":0,"axis":"y","origin":[8,0,8]},"faces":{"north":{"uv":[8,12,8.875,12.375],"texture":"#1"},"east":{"uv":[15,10,15.25,10.375],"texture":"#1"},"south":{"uv":[9,12,9.875,12.375],"texture":"#1"},"west":{"uv":[11,15,11.25,15.375],"texture":"#1"},"up":{"uv":[14.875,0.25,14,0],"texture":"#1"},"down":{"uv":[14.875,1,14,1.25],"texture":"#1"}}},{"from":[8.45,0.1,7.55],"to":[8.7,0.6,8.45],"rotation":{"angle":0,"axis":"y","origin":[8,0,8]},"faces":{"north":{"uv":[15,11,15.25,11.375],"texture":"#1"},"east":{"uv":[12,9,12.875,9.375],"texture":"#1"},"south":{"uv":[12,15,12.25,15.375],"texture":"#1"},"west":{"uv":[12,10,12.875,10.375],"texture":"#1"},"up":{"uv":[2.25,14.875,2,14],"texture":"#1"},"down":{"uv":[14.25,2,14,2.875],"texture":"#1"}}},{"from":[7.55,0.1,8.45],"to":[8.45,0.6,8.7],"rotation":{"angle":0,"axis":"y","origin":[8,0,8]},"faces":{"north":{"uv":[12,11,12.875,11.375],"texture":"#1"},"east":{"uv":[15,12,15.25,12.375],"texture":"#1"},"south":{"uv":[12,12,12.875,12.375],"texture":"#1"},"west":{"uv":[13,15,13.25,15.375],"texture":"#1"},"up":{"uv":[14.875,3.25,14,3],"texture":"#1"},"down":{"uv":[4.875,14,4,14.25],"texture":"#1"}}},{"from":[7.3,0.1,7.55],"to":[7.55,0.6,8.45],"rotation":{"angle":0,"axis":"y","origin":[8,0,8]},"faces":{"north":{"uv":[15,13,15.25,13.375],"texture":"#1"},"east":{"uv":[0,13,0.875,13.375],"texture":"#1"},"south":{"uv":[14,15,14.25,15.375],"texture":"#1"},"west":{"uv":[1,13,1.875,13.375],"texture":"#1"},"up":{"uv":[5.25,14.875,5,14],"texture":"#1"},"down":{"uv":[14.25,5,14,5.875],"texture":"#1"}}},{"from":[9.1,1.75,7.05],"to":[9.25,2.25,8.95],"rotation":{"angle":0,"axis":"y","origin":[8,0,8]},"faces":{"north":{"uv":[7.5,6,7.5625,6.25],"texture":"#0"},"east":{"uv":[1,0,1.9375,0.25],"texture":"#0"},"south":{"uv":[6.5,7.5,6.5625,7.75],"texture":"#0"},"west":{"uv":[1,0.5,1.9375,0.75],"texture":"#0"},"up":{"uv":[3.0625,4.9375,3,4],"texture":"#0"},"down":{"uv":[4.0625,3,4,3.9375],"texture":"#0"}}},{"from":[6.75,1.75,7.05],"to":[6.9,2.25,8.95],"rotation":{"angle":0,"axis":"y","origin":[8,0,8]},"faces":{"north":{"uv":[7.5,6.5,7.5625,6.75],"texture":"#0"},"east":{"uv":[1,1,1.9375,1.25],"texture":"#0"},"south":{"uv":[7,7.5,7.0625,7.75],"texture":"#0"},"west":{"uv":[1,1.5,1.9375,1.75],"texture":"#0"},"up":{"uv":[3.5625,4.9375,3.5,4],"texture":"#0"},"down":{"uv":[4.0625,4,4,4.9375],"texture":"#0"}}},{"from":[7.05,1.75,9.1],"to":[8.95,2.25,9.25],"rotation":{"angle":0,"axis":"y","origin":[8,0,8]},"faces":{"north":{"uv":[0,2,0.9375,2.25],"texture":"#0"},"east":{"uv":[7.5,7,7.5625,7.25],"texture":"#0"},"south":{"uv":[2,0,2.9375,0.25],"texture":"#0"},"west":{"uv":[7.5,7.5,7.5625,7.75],"texture":"#0"},"up":{"uv":[0.9375,4.5625,0,4.5],"texture":"#0"},"down":{"uv":[1.9375,4.5,1,4.5625],"texture":"#0"}}},{"from":[6.9,1.75,8.85],"to":[7.15,2.25,9.1],"rotation":{"angle":0,"axis":"y","origin":[8,0,8]},"faces":{"north":{"uv":[6.5,2.5,6.625,2.75],"texture":"#0"},"east":{"uv":[6.5,3,6.625,3.25],"texture":"#0"},"south":{"uv":[3.5,6.5,3.625,6.75],"texture":"#0"},"west":{"uv":[6.5,3.5,6.625,3.75],"texture":"#0"},"up":{"uv":[0.125,8.125,0,8],"texture":"#0"},"down":{"uv":[8.125,0,8,0.125],"texture":"#0"}}},{"from":[8.85,1.75,6.9],"to":[9.1,2.25,7.15],"rotation":{"angle":0,"axis":"y","origin":[8,0,8]},"faces":{"north":{"uv":[4,6.5,4.125,6.75],"texture":"#0"},"east":{"uv":[4.5,6.5,4.625,6.75],"texture":"#0"},"south":{"uv":[5,6.5,5.125,6.75],"texture":"#0"},"west":{"uv":[6.5,5,6.625,5.25],"texture":"#0"},"up":{"uv":[0.625,8.125,0.5,8],"texture":"#0"},"down":{"uv":[8.125,0.5,8,0.625],"texture":"#0"}}},{"from":[6.9,1.75,6.9],"to":[7.15,2.25,7.15],"rotation":{"angle":0,"axis":"y","origin":[8,0,8]},"faces":{"north":{"uv":[5.5,6.5,5.625,6.75],"texture":"#0"},"east":{"uv":[6.5,5.5,6.625,5.75],"texture":"#0"},"south":{"uv":[6,6.5,6.125,6.75],"texture":"#0"},"west":{"uv":[6.5,6,6.625,6.25],"texture":"#0"},"up":{"uv":[1.125,8.125,1,8],"texture":"#0"},"down":{"uv":[8.125,1,8,1.125],"texture":"#0"}}},{"from":[8.85,1.75,8.85],"to":[9.1,2.25,9.1],"rotation":{"angle":0,"axis":"y","origin":[8,0,8]},"faces":{"north":{"uv":[6.5,6.5,6.625,6.75],"texture":"#0"},"east":{"uv":[0,7,0.125,7.25],"texture":"#0"},"south":{"uv":[7,0,7.125,0.25],"texture":"#0"},"west":{"uv":[0.5,7,0.625,7.25],"texture":"#0"},"up":{"uv":[1.625,8.125,1.5,8],"texture":"#0"},"down":{"uv":[8.125,1.5,8,1.625],"texture":"#0"}}},{"from":[7.05,1.75,6.75],"to":[8.95,2.25,6.9],"rotation":{"angle":0,"axis":"y","origin":[8,0,8]},"faces":{"north":{"uv":[2,0.5,2.9375,0.75],"texture":"#0"},"east":{"uv":[2,8,2.0625,8.25],"texture":"#0"},"south":{"uv":[1,2,1.9375,2.25],"texture":"#0"},"west":{"uv":[8,2,8.0625,2.25],"texture":"#0"},"up":{"uv":[5.4375,1.0625,4.5,1],"texture":"#0"},"down":{"uv":[5.4375,1.5,4.5,1.5625],"texture":"#0"}}},{"from":[9,1.25,7.15],"to":[9.15,1.75,8.85],"rotation":{"angle":0,"axis":"y","origin":[8,0,8]},"faces":{"north":{"uv":[5,9,5.0625,9.1875],"texture":"#0"},"east":{"uv":[2,1,2.875,1.1875],"texture":"#0"},"south":{"uv":[9,5,9.0625,5.1875],"texture":"#0"},"west":{"uv":[2,1.5,2.875,1.6875],"texture":"#0"},"up":{"uv":[4.5625,2.875,4.5,2],"texture":"#0"},"down":{"uv":[4.5625,3,4.5,3.875],"texture":"#0"}}},{"from":[6.85,1.25,7.15],"to":[7,1.75,8.85],"rotation":{"angle":0,"axis":"y","origin":[8,0,8]},"faces":{"north":{"uv":[5.5,9,5.5625,9.1875],"texture":"#0"},"east":{"uv":[2,2,2.875,2.1875],"texture":"#0"},"south":{"uv":[9,5.5,9.0625,5.6875],"texture":"#0"},"west":{"uv":[0,2.5,0.875,2.6875],"texture":"#0"},"up":{"uv":[4.5625,4.875,4.5,4],"texture":"#0"},"down":{"uv":[0.0625,5,0,5.875],"texture":"#0"}}},{"from":[8.75,1.25,8.75],"to":[9,1.75,9],"rotation":{"angle":0,"axis":"y","origin":[8,0,8]},"faces":{"north":{"uv":[5,7,5.125,7.1875],"texture":"#0"},"east":{"uv":[7,5,7.125,5.1875],"texture":"#0"},"south":{"uv":[5.5,7,5.625,7.1875],"texture":"#0"},"west":{"uv":[7,5.5,7.125,5.6875],"texture":"#0"},"up":{"uv":[2.625,8.125,2.5,8],"texture":"#0"},"down":{"uv":[8.125,2.5,8,2.625],"texture":"#0"}}},{"from":[7,1.25,8.75],"to":[7.25,1.75,9],"rotation":{"angle":0,"axis":"y","origin":[8,0,8]},"faces":{"north":{"uv":[6,7,6.125,7.1875],"texture":"#0"},"east":{"uv":[7,6,7.125,6.1875],"texture":"#0"},"south":{"uv":[6.5,7,6.625,7.1875],"texture":"#0"},"west":{"uv":[7,6.5,7.125,6.6875],"texture":"#0"},"up":{"uv":[3.125,8.125,3,8],"texture":"#0"},"down":{"uv":[8.125,3,8,3.125],"texture":"#0"}}},{"from":[7,1.25,7],"to":[7.25,1.75,7.25],"rotation":{"angle":0,"axis":"y","origin":[8,0,8]},"faces":{"north":{"uv":[7,7,7.125,7.1875],"texture":"#0"},"east":{"uv":[0,7.5,0.125,7.6875],"texture":"#0"},"south":{"uv":[7.5,0,7.625,0.1875],"texture":"#0"},"west":{"uv":[0.5,7.5,0.625,7.6875],"texture":"#0"},"up":{"uv":[3.625,8.125,3.5,8],"texture":"#0"},"down":{"uv":[8.125,3.5,8,3.625],"texture":"#0"}}},{"from":[8.75,1.25,7],"to":[9,1.75,7.25],"rotation":{"angle":0,"axis":"y","origin":[8,0,8]},"faces":{"north":{"uv":[7.5,0.5,7.625,0.6875],"texture":"#0"},"east":{"uv":[1,7.5,1.125,7.6875],"texture":"#0"},"south":{"uv":[7.5,1,7.625,1.1875],"texture":"#0"},"west":{"uv":[1.5,7.5,1.625,7.6875],"texture":"#0"},"up":{"uv":[4.125,8.125,4,8],"texture":"#0"},"down":{"uv":[8.125,4,8,4.125],"texture":"#0"}}},{"from":[7.15,1.25,9],"to":[8.85,1.75,9.15],"rotation":{"angle":0,"axis":"y","origin":[8,0,8]},"faces":{"north":{"uv":[1,2.5,1.875,2.6875],"texture":"#0"},"east":{"uv":[6,9,6.0625,9.1875],"texture":"#0"},"south":{"uv":[2,2.5,2.875,2.6875],"texture":"#0"},"west":{"uv":[9,6,9.0625,6.1875],"texture":"#0"},"up":{"uv":[5.875,0.0625,5,0],"texture":"#0"},"down":{"uv":[1.375,5,0.5,5.0625],"texture":"#0"}}},{"from":[7.15,1.25,6.85],"to":[8.85,1.75,7],"rotation":{"angle":0,"axis":"y","origin":[8,0,8]},"faces":{"north":{"uv":[0,3,0.875,3.1875],"texture":"#0"},"east":{"uv":[6.5,9,6.5625,9.1875],"texture":"#0"},"south":{"uv":[3,0,3.875,0.1875],"texture":"#0"},"west":{"uv":[9,6.5,9.0625,6.6875],"texture":"#0"},"up":{"uv":[5.875,0.5625,5,0.5],"texture":"#0"},"down":{"uv":[2.375,5,1.5,5.0625],"texture":"#0"}}},{"from":[8.9,0.75,7.25],"to":[9.05,1.25,8.75],"rotation":{"angle":0,"axis":"y","origin":[8,0,8]},"faces":{"north":{"uv":[7,9,7.0625,9.1875],"texture":"#0"},"east":{"uv":[3,0.5,3.75,0.6875],"texture":"#0"},"south":{"uv":[9,7,9.0625,7.1875],"texture":"#0"},"west":{"uv":[1,3,1.75,3.1875],"texture":"#0"},"up":{"uv":[5.0625,2.75,5,2],"texture":"#0"},"down":{"uv":[2.5625,5,2.5,5.75],"texture":"#0"}}},{"from":[6.95,0.75,7.25],"to":[7.1,1.25,8.75],"rotation":{"angle":0,"axis":"y","origin":[8,0,8]},"faces":{"north":{"uv":[7.5,9,7.5625,9.1875],"texture":"#0"},"east":{"uv":[3,1,3.75,1.1875],"texture":"#0"},"south":{"uv":[9,7.5,9.0625,7.6875],"texture":"#0"},"west":{"uv":[3,1.5,3.75,1.6875],"texture":"#0"},"up":{"uv":[3.0625,5.75,3,5],"texture":"#0"},"down":{"uv":[5.0625,3,5,3.75],"texture":"#0"}}},{"from":[7.1,0.75,7.1],"to":[7.35,1.25,7.35],"rotation":{"angle":0,"axis":"y","origin":[8,0,8]},"faces":{"north":{"uv":[7.5,1.5,7.625,1.6875],"texture":"#0"},"east":{"uv":[2,7.5,2.125,7.6875],"texture":"#0"},"south":{"uv":[7.5,2,7.625,2.1875],"texture":"#0"},"west":{"uv":[2.5,7.5,2.625,7.6875],"texture":"#0"},"up":{"uv":[4.625,8.125,4.5,8],"texture":"#0"},"down":{"uv":[8.125,4.5,8,4.625],"texture":"#0"}}},{"from":[8.65,0.75,7.1],"to":[8.9,1.25,7.35],"rotation":{"angle":0,"axis":"y","origin":[8,0,8]},"faces":{"north":{"uv":[7.5,2.5,7.625,2.6875],"texture":"#0"},"east":{"uv":[3,7.5,3.125,7.6875],"texture":"#0"},"south":{"uv":[7.5,3,7.625,3.1875],"texture":"#0"},"west":{"uv":[3.5,7.5,3.625,7.6875],"texture":"#0"},"up":{"uv":[5.125,8.125,5,8],"texture":"#0"},"down":{"uv":[8.125,5,8,5.125],"texture":"#0"}}},{"from":[8.65,0.75,8.65],"to":[8.9,1.25,8.9],"rotation":{"angle":0,"axis":"y","origin":[8,0,8]},"faces":{"north":{"uv":[7.5,3.5,7.625,3.6875],"texture":"#0"},"east":{"uv":[4,7.5,4.125,7.6875],"texture":"#0"},"south":{"uv":[7.5,4,7.625,4.1875],"texture":"#0"},"west":{"uv":[4.5,7.5,4.625,7.6875],"texture":"#0"},"up":{"uv":[5.625,8.125,5.5,8],"texture":"#0"},"down":{"uv":[8.125,5.5,8,5.625],"texture":"#0"}}},{"from":[7.1,0.75,8.65],"to":[7.35,1.25,8.9],"rotation":{"angle":0,"axis":"y","origin":[8,0,8]},"faces":{"north":{"uv":[7.5,4.5,7.625,4.6875],"texture":"#0"},"east":{"uv":[5,7.5,5.125,7.6875],"texture":"#0"},"south":{"uv":[7.5,5,7.625,5.1875],"texture":"#0"},"west":{"uv":[5.5,7.5,5.625,7.6875],"texture":"#0"},"up":{"uv":[6.125,8.125,6,8],"texture":"#0"},"down":{"uv":[8.125,6,8,6.125],"texture":"#0"}}},{"from":[7.25,0.75,8.9],"to":[8.75,1.25,9.05],"rotation":{"angle":0,"axis":"y","origin":[8,0,8]},"faces":{"north":{"uv":[2,3,2.75,3.1875],"texture":"#0"},"east":{"uv":[8,9,8.0625,9.1875],"texture":"#0"},"south":{"uv":[3,2,3.75,2.1875],"texture":"#0"},"west":{"uv":[9,8,9.0625,8.1875],"texture":"#0"},"up":{"uv":[4.25,5.0625,3.5,5],"texture":"#0"},"down":{"uv":[5.75,4,5,4.0625],"texture":"#0"}}},{"from":[7.25,0.75,6.95],"to":[8.75,1.25,7.1],"rotation":{"angle":0,"axis":"y","origin":[8,0,8]},"faces":{"north":{"uv":[3,2.5,3.75,2.6875],"texture":"#0"},"east":{"uv":[8.5,9,8.5625,9.1875],"texture":"#0"},"south":{"uv":[3,3,3.75,3.1875],"texture":"#0"},"west":{"uv":[9,8.5,9.0625,8.6875],"texture":"#0"},"up":{"uv":[5.25,5.0625,4.5,5],"texture":"#0"},"down":{"uv":[5.75,4.5,5,4.5625],"texture":"#0"}}},{"from":[8.8,0.35,7.35],"to":[8.95,0.75,8.65],"rotation":{"angle":0,"axis":"y","origin":[8,0,8]},"faces":{"north":{"uv":[9.5,0,9.5625,0.125],"texture":"#0"},"east":{"uv":[0,3.5,0.625,3.625],"texture":"#0"},"south":{"uv":[0.5,9.5,0.5625,9.625],"texture":"#0"},"west":{"uv":[1,3.5,1.625,3.625],"texture":"#0"},"up":{"uv":[0.5625,6.125,0.5,5.5],"texture":"#0"},"down":{"uv":[1.0625,5.5,1,6.125],"texture":"#0"}}},{"from":[7.05,0.35,7.35],"to":[7.2,0.75,8.65],"rotation":{"angle":0,"axis":"y","origin":[8,0,8]},"faces":{"north":{"uv":[9.5,0.5,9.5625,0.625],"texture":"#0"},"east":{"uv":[2,3.5,2.625,3.625],"texture":"#0"},"south":{"uv":[1,9.5,1.0625,9.625],"texture":"#0"},"west":{"uv":[3,3.5,3.625,3.625],"texture":"#0"},"up":{"uv":[5.5625,1.625,5.5,1],"texture":"#0"},"down":{"uv":[1.5625,5.5,1.5,6.125],"texture":"#0"}}},{"from":[7.2,0.35,7.2],"to":[7.45,0.75,7.45],"rotation":{"angle":0,"axis":"y","origin":[8,0,8]},"faces":{"north":{"uv":[6.5,8,6.625,8.125],"texture":"#0"},"east":{"uv":[8,6.5,8.125,6.625],"texture":"#0"},"south":{"uv":[7,8,7.125,8.125],"texture":"#0"},"west":{"uv":[8,7,8.125,7.125],"texture":"#0"},"up":{"uv":[7.625,8.125,7.5,8],"texture":"#0"},"down":{"uv":[8.125,7.5,8,7.625],"texture":"#0"}}},{"from":[8.55,0.35,7.2],"to":[8.8,0.75,7.45],"rotation":{"angle":0,"axis":"y","origin":[8,0,8]},"faces":{"north":{"uv":[8,8,8.125,8.125],"texture":"#0"},"east":{"uv":[0,8.5,0.125,8.625],"texture":"#0"},"south":{"uv":[8.5,0,8.625,0.125],"texture":"#0"},"west":{"uv":[0.5,8.5,0.625,8.625],"texture":"#0"},"up":{"uv":[8.625,0.625,8.5,0.5],"texture":"#0"},"down":{"uv":[1.125,8.5,1,8.625],"texture":"#0"}}},{"from":[8.55,0.35,8.55],"to":[8.8,0.75,8.8],"rotation":{"angle":0,"axis":"y","origin":[8,0,8]},"faces":{"north":{"uv":[8.5,1,8.625,1.125],"texture":"#0"},"east":{"uv":[1.5,8.5,1.625,8.625],"texture":"#0"},"south":{"uv":[8.5,1.5,8.625,1.625],"texture":"#0"},"west":{"uv":[2,8.5,2.125,8.625],"texture":"#0"},"up":{"uv":[8.625,2.125,8.5,2],"texture":"#0"},"down":{"uv":[2.625,8.5,2.5,8.625],"texture":"#0"}}},{"from":[7.2,0.35,8.55],"to":[7.45,0.75,8.8],"rotation":{"angle":0,"axis":"y","origin":[8,0,8]},"faces":{"north":{"uv":[8.5,2.5,8.625,2.625],"texture":"#0"},"east":{"uv":[3,8.5,3.125,8.625],"texture":"#0"},"south":{"uv":[8.5,3,8.625,3.125],"texture":"#0"},"west":{"uv":[3.5,8.5,3.625,8.625],"texture":"#0"},"up":{"uv":[8.625,3.625,8.5,3.5],"texture":"#0"},"down":{"uv":[4.125,8.5,4,8.625],"texture":"#0"}}},{"from":[7.35,0.35,8.8],"to":[8.65,0.75,8.95],"rotation":{"angle":0,"axis":"y","origin":[8,0,8]},"faces":{"north":{"uv":[0,4,0.625,4.125],"texture":"#0"},"east":{"uv":[9.5,1,9.5625,1.125],"texture":"#0"},"south":{"uv":[4,0,4.625,0.125],"texture":"#0"},"west":{"uv":[1.5,9.5,1.5625,9.625],"texture":"#0"},"up":{"uv":[6.125,2.0625,5.5,2],"texture":"#0"},"down":{"uv":[6.125,2.5,5.5,2.5625],"texture":"#0"}}},{"from":[7.35,0.35,7.05],"to":[8.65,0.75,7.2],"rotation":{"angle":0,"axis":"y","origin":[8,0,8]},"faces":{"north":{"uv":[4,0.5,4.625,0.625],"texture":"#0"},"east":{"uv":[9.5,1.5,9.5625,1.625],"texture":"#0"},"south":{"uv":[1,4,1.625,4.125],"texture":"#0"},"west":{"uv":[2,9.5,2.0625,9.625],"texture":"#0"},"up":{"uv":[6.125,3.0625,5.5,3],"texture":"#0"},"down":{"uv":[4.125,5.5,3.5,5.5625],"texture":"#0"}}},{"from":[8.7,0.1,7.45],"to":[8.85,0.35,8.55],"rotation":{"angle":0,"axis":"y","origin":[8,0,8]},"faces":{"north":{"uv":[2,10,2.0625,10.0625],"texture":"#0"},"east":{"uv":[6,0,6.5625,0.0625],"texture":"#0"},"south":{"uv":[10,2,10.0625,2.0625],"texture":"#0"},"west":{"uv":[6,0.5,6.5625,0.5625],"texture":"#0"},"up":{"uv":[2.0625,6.0625,2,5.5],"texture":"#0"},"down":{"uv":[0.0625,6,0,6.5625],"texture":"#0"}}},{"from":[7.15,0.1,7.45],"to":[7.3,0.35,8.55],"rotation":{"angle":0,"axis":"y","origin":[8,0,8]},"faces":{"north":{"uv":[2.5,10,2.5625,10.0625],"texture":"#0"},"east":{"uv":[6,1,6.5625,1.0625],"texture":"#0"},"south":{"uv":[10,2.5,10.0625,2.5625],"texture":"#0"},"west":{"uv":[6,1.5,6.5625,1.5625],"texture":"#0"},"up":{"uv":[2.5625,6.5625,2.5,6],"texture":"#0"},"down":{"uv":[3.0625,6,3,6.5625],"texture":"#0"}}},{"from":[8.45,0.1,8.45],"to":[8.7,0.35,8.7],"rotation":{"angle":0,"axis":"y","origin":[8,0,8]},"faces":{"north":{"uv":[9.5,2,9.625,2.0625],"texture":"#0"},"east":{"uv":[2.5,9.5,2.625,9.5625],"texture":"#0"},"south":{"uv":[9.5,2.5,9.625,2.5625],"texture":"#0"},"west":{"uv":[3,9.5,3.125,9.5625],"texture":"#0"},"up":{"uv":[8.625,4.125,8.5,4],"texture":"#0"},"down":{"uv":[4.625,8.5,4.5,8.625],"texture":"#0"}}},{"from":[7.3,0.1,8.45],"to":[7.55,0.35,8.7],"rotation":{"angle":0,"axis":"y","origin":[8,0,8]},"faces":{"north":{"uv":[9.5,3,9.625,3.0625],"texture":"#0"},"east":{"uv":[3.5,9.5,3.625,9.5625],"texture":"#0"},"south":{"uv":[9.5,3.5,9.625,3.5625],"texture":"#0"},"west":{"uv":[4,9.5,4.125,9.5625],"texture":"#0"},"up":{"uv":[8.625,4.625,8.5,4.5],"texture":"#0"},"down":{"uv":[5.125,8.5,5,8.625],"texture":"#0"}}},{"from":[7.3,0.1,7.3],"to":[7.55,0.35,7.55],"rotation":{"angle":0,"axis":"y","origin":[8,0,8]},"faces":{"north":{"uv":[9.5,4,9.625,4.0625],"texture":"#0"},"east":{"uv":[4.5,9.5,4.625,9.5625],"texture":"#0"},"south":{"uv":[9.5,4.5,9.625,4.5625],"texture":"#0"},"west":{"uv":[5,9.5,5.125,9.5625],"texture":"#0"},"up":{"uv":[8.625,5.125,8.5,5],"texture":"#0"},"down":{"uv":[5.625,8.5,5.5,8.625],"texture":"#0"}}},{"from":[8.45,0.1,7.3],"to":[8.7,0.35,7.55],"rotation":{"angle":0,"axis":"y","origin":[8,0,8]},"faces":{"north":{"uv":[9.5,5,9.625,5.0625],"texture":"#0"},"east":{"uv":[5.5,9.5,5.625,9.5625],"texture":"#0"},"south":{"uv":[9.5,5.5,9.625,5.5625],"texture":"#0"},"west":{"uv":[6,9.5,6.125,9.5625],"texture":"#0"},"up":{"uv":[8.625,5.625,8.5,5.5],"texture":"#0"},"down":{"uv":[6.125,8.5,6,8.625],"texture":"#0"}}},{"from":[7.45,0.1,8.7],"to":[8.55,0.35,8.85],"rotation":{"angle":0,"axis":"y","origin":[8,0,8]},"faces":{"north":{"uv":[3.5,6,4.0625,6.0625],"texture":"#0"},"east":{"uv":[3,10,3.0625,10.0625],"texture":"#0"},"south":{"uv":[6,4,6.5625,4.0625],"texture":"#0"},"west":{"uv":[10,3,10.0625,3.0625],"texture":"#0"},"up":{"uv":[5.0625,6.0625,4.5,6],"texture":"#0"},"down":{"uv":[6.5625,4.5,6,4.5625],"texture":"#0"}}},{"from":[7.45,0.1,7.15],"to":[8.55,0.35,7.3],"rotation":{"angle":0,"axis":"y","origin":[8,0,8]},"faces":{"north":{"uv":[5.5,6,6.0625,6.0625],"texture":"#0"},"east":{"uv":[3.5,10,3.5625,10.0625],"texture":"#0"},"south":{"uv":[0.5,6.5,1.0625,6.5625],"texture":"#0"},"west":{"uv":[10,3.5,10.0625,3.5625],"texture":"#0"},"up":{"uv":[2.0625,6.5625,1.5,6.5],"texture":"#0"},"down":{"uv":[7.0625,2,6.5,2.0625],"texture":"#0"}}},{"from":[8.6,0.05,7.55],"to":[8.75,0.1,8.45],"rotation":{"angle":0,"axis":"y","origin":[8,0,8]},"faces":{"north":{"uv":[4,10,4.0625,10.0625],"texture":"#0"},"east":{"uv":[7,0.5,7.4375,0.5625],"texture":"#0"},"south":{"uv":[10,4,10.0625,4.0625],"texture":"#0"},"west":{"uv":[1,7,1.4375,7.0625],"texture":"#0"},"up":{"uv":[7.0625,1.4375,7,1],"texture":"#0"},"down":{"uv":[1.5625,7,1.5,7.4375],"texture":"#0"}}},{"from":[7.25,0.05,7.55],"to":[7.4,0.1,8.45],"rotation":{"angle":0,"axis":"y","origin":[8,0,8]},"faces":{"north":{"uv":[4.5,10,4.5625,10.0625],"texture":"#0"},"east":{"uv":[7,1.5,7.4375,1.5625],"texture":"#0"},"south":{"uv":[10,4.5,10.0625,4.5625],"texture":"#0"},"west":{"uv":[2,7,2.4375,7.0625],"texture":"#0"},"up":{"uv":[2.5625,7.4375,2.5,7],"texture":"#0"},"down":{"uv":[7.0625,2.5,7,2.9375],"texture":"#0"}}},{"from":[7.4,0.05,7.4],"to":[8.6,0.1,8.6],"rotation":{"angle":0,"axis":"y","origin":[8,0,8]},"faces":{"north":{"uv":[5.5,3.5,6.125,3.5625],"texture":"#0"},"east":{"uv":[4.5,5.5,5.125,5.5625],"texture":"#0"},"south":{"uv":[5.5,5,6.125,5.0625],"texture":"#0"},"west":{"uv":[5.5,5.5,6.125,5.5625],"texture":"#0"},"up":{"uv":[0.625,0.625,0,0],"texture":"#0"},"down":{"uv":[0.625,1,0,1.625],"texture":"#0"}}},{"from":[7.55,0.05,8.6],"to":[8.45,0.1,8.75],"rotation":{"angle":0,"axis":"y","origin":[8,0,8]},"faces":{"north":{"uv":[3,7,3.4375,7.0625],"texture":"#0"},"east":{"uv":[5,10,5.0625,10.0625],"texture":"#0"},"south":{"uv":[7,3,7.4375,3.0625],"texture":"#0"},"west":{"uv":[10,5,10.0625,5.0625],"texture":"#0"},"up":{"uv":[3.9375,7.0625,3.5,7],"texture":"#0"},"down":{"uv":[7.4375,3.5,7,3.5625],"texture":"#0"}}},{"from":[7.55,0.05,7.25],"to":[8.45,0.1,7.4],"rotation":{"angle":0,"axis":"y","origin":[8,0,8]},"faces":{"north":{"uv":[4,7,4.4375,7.0625],"texture":"#0"},"east":{"uv":[5.5,10,5.5625,10.0625],"texture":"#0"},"south":{"uv":[7,4,7.4375,4.0625],"texture":"#0"},"west":{"uv":[10,5.5,10.0625,5.5625],"texture":"#0"},"up":{"uv":[4.9375,7.0625,4.5,7],"texture":"#0"},"down":{"uv":[7.4375,4.5,7,4.5625],"texture":"#0"}}},{"from":[9.25,1.75,7.85],"to":[9.55,2.05,8.15],"faces":{"north":{"uv":[8.5,6,8.625,6.125],"texture":"#0"},"east":{"uv":[6.5,8.5,6.625,8.625],"texture":"#0"},"south":{"uv":[8.5,6.5,8.625,6.625],"texture":"#0"},"west":{"uv":[7,8.5,7.125,8.625],"texture":"#0"},"up":{"uv":[8.625,7.125,8.5,7],"texture":"#0"},"down":{"uv":[7.625,8.5,7.5,8.625],"texture":"#0"}}},{"from":[8.95,0.35,7.85],"to":[9.25,0.65,8.15],"faces":{"north":{"uv":[8.5,7.5,8.625,7.625],"texture":"#0"},"east":{"uv":[8,8.5,8.125,8.625],"texture":"#0"},"south":{"uv":[8.5,8,8.625,8.125],"texture":"#0"},"west":{"uv":[8.5,8.5,8.625,8.625],"texture":"#0"},"up":{"uv":[0.125,9.125,0,9],"texture":"#0"},"down":{"uv":[9.125,0,9,0.125],"texture":"#0"}}},{"from":[9.25,0.45,7.85],"to":[9.55,0.75,8.15],"faces":{"north":{"uv":[0.5,9,0.625,9.125],"texture":"#0"},"east":{"uv":[9,0.5,9.125,0.625],"texture":"#0"},"south":{"uv":[1,9,1.125,9.125],"texture":"#0"},"west":{"uv":[9,1,9.125,1.125],"texture":"#0"},"up":{"uv":[1.625,9.125,1.5,9],"texture":"#0"},"down":{"uv":[9.125,1.5,9,1.625],"texture":"#0"}}},{"from":[9.55,0.55,7.85],"to":[9.75,0.65,8.15],"faces":{"north":{"uv":[9.5,6,9.625,6.0625],"texture":"#0"},"east":{"uv":[6.5,9.5,6.625,9.5625],"texture":"#0"},"south":{"uv":[9.5,6.5,9.625,6.5625],"texture":"#0"},"west":{"uv":[7,9.5,7.125,9.5625],"texture":"#0"},"up":{"uv":[2.125,9.125,2,9],"texture":"#0"},"down":{"uv":[9.125,2,9,2.125],"texture":"#0"}}},{"from":[9.55,1.95,7.85],"to":[9.75,2.05,8.15],"faces":{"north":{"uv":[9.5,7,9.625,7.0625],"texture":"#0"},"east":{"uv":[7.5,9.5,7.625,9.5625],"texture":"#0"},"south":{"uv":[9.5,7.5,9.625,7.5625],"texture":"#0"},"west":{"uv":[8,9.5,8.125,9.5625],"texture":"#0"},"up":{"uv":[2.625,9.125,2.5,9],"texture":"#0"},"down":{"uv":[9.125,2.5,9,2.625],"texture":"#0"}}},{"from":[9.25,0.35,7.85],"to":[9.45,0.45,8.15],"faces":{"north":{"uv":[9.5,8,9.625,8.0625],"texture":"#0"},"east":{"uv":[8.5,9.5,8.625,9.5625],"texture":"#0"},"south":{"uv":[9.5,8.5,9.625,8.5625],"texture":"#0"},"west":{"uv":[9,9.5,9.125,9.5625],"texture":"#0"},"up":{"uv":[3.125,9.125,3,9],"texture":"#0"},"down":{"uv":[9.125,3,9,3.125],"texture":"#0"}}},{"from":[9.35,0.75,7.85],"to":[9.55,0.85,8.15],"faces":{"north":{"uv":[9.5,9,9.625,9.0625],"texture":"#0"},"east":{"uv":[9.5,9.5,9.625,9.5625],"texture":"#0"},"south":{"uv":[0,10,0.125,10.0625],"texture":"#0"},"west":{"uv":[10,0,10.125,0.0625],"texture":"#0"},"up":{"uv":[3.625,9.125,3.5,9],"texture":"#0"},"down":{"uv":[9.125,3.5,9,3.625],"texture":"#0"}}},{"from":[9.35,1.65,7.85],"to":[9.55,1.75,8.15],"faces":{"north":{"uv":[0.5,10,0.625,10.0625],"texture":"#0"},"east":{"uv":[10,0.5,10.125,0.5625],"texture":"#0"},"south":{"uv":[1,10,1.125,10.0625],"texture":"#0"},"west":{"uv":[10,1,10.125,1.0625],"texture":"#0"},"up":{"uv":[4.125,9.125,4,9],"texture":"#0"},"down":{"uv":[9.125,4,9,4.125],"texture":"#0"}}},{"from":[8.85,0.25,7.85],"to":[9.25,0.35,8.15],"faces":{"north":{"uv":[9,9,9.1875,9.0625],"texture":"#0"},"east":{"uv":[1.5,10,1.625,10.0625],"texture":"#0"},"south":{"uv":[0,9.5,0.1875,9.5625],"texture":"#0"},"west":{"uv":[10,1.5,10.125,1.5625],"texture":"#0"},"up":{"uv":[7.6875,5.625,7.5,5.5],"texture":"#0"},"down":{"uv":[6.1875,7.5,6,7.625],"texture":"#0"}}},{"from":[9.55,0.65,7.85],"to":[9.85,1.95,8.15],"faces":{"north":{"uv":[4,1,4.125,1.5625],"texture":"#0"},"east":{"uv":[2,4,2.125,4.5625],"texture":"#0"},"south":{"uv":[4,2,4.125,2.5625],"texture":"#0"},"west":{"uv":[2.5,4,2.625,4.5625],"texture":"#0"},"up":{"uv":[4.625,9.125,4.5,9],"texture":"#0"},"down":{"uv":[9.125,4.5,9,4.625],"texture":"#0"}}}],"display":{"thirdperson_righthand":{"rotation":[57.75,-90,0],"translation":[0,8,8.25],"scale":[1.65,1.65,1.65]},"thirdperson_lefthand":{"rotation":[57.75,90,0],"translation":[0,8,8.25],"scale":[1.65,1.65,1.65]},"firstperson_righthand":{"rotation":[180,-97,180],"translation":[-4.5,19.5,3.75],"scale":[2.26,2.26,2.26]},"firstperson_lefthand":{"rotation":[180,83,180],"translation":[-4.5,19.5,3.75],"scale":[2.26,2.26,2.26]},"ground":{"translation":[0,9.25,0],"scale":[2.12,2.12,2.12]},"gui":{"rotation":[31,-16,0],"translation":[-0.75,23.25,0],"scale":[4,4,4]},"head":{"translation":[0,30.75,0],"scale":[3.06,3.06,3.06]},"fixed":{"rotation":[90,-141,-180],"translation":[0,0,-31.75],"scale":[4,4,4]}},"groups":[{"name":"group","origin":[8,8,8],"color":0,"children":[{"name":"group","origin":[8,0,8],"color":0,"children":[0,1,2,3,4]},{"name":"group","origin":[8,0,8],"color":0,"children":[5,6,7,8,9]},{"name":"group","origin":[8,0,8],"color":0,"children":[10,11,12,13,14]},{"name":"group","origin":[8,0,8],"color":0,"children":[15,16,17,18,19]},{"name":"group","origin":[8,8,8],"color":0,"children":[20,21,22,23,24]}]},{"name":"group","origin":[8,8,8],"color":0,"children":[{"name":"group","origin":[8,8,8],"color":0,"children":[{"name":"group","origin":[8,0,8],"color":0,"children":[25,26,27,28,29,30,31,32]},{"name":"group","origin":[8,0,8],"color":0,"children":[33,34,35,36,37,38,39,40]},{"name":"group","origin":[8,0,8],"color":0,"children":[41,42,43,44,45,46,47,48]},{"name":"group","origin":[8,0,8],"color":0,"children":[49,50,51,52,53,54,55,56]},{"name":"group","origin":[8,0,8],"color":0,"children":[57,58,59,60,61,62,63,64]},{"name":"group","origin":[8,0,8],"color":0,"children":[65,66,67,68,69]}]},{"name":"group","origin":[8,8,8],"color":0,"children":[70,71,72,73,74,75,76,77,78,79]}]},{"name":"group","origin":[8,8,8],"color":0,"children":[{"name":"group","origin":[7.9,0,8.1],"color":0,"children":[]},{"name":"group","origin":[7.9,0,8.1],"color":0,"children":[]}]}]}