{"credit":"Made with Blockbench","textures":{"1":"politmine/item/brewery/brain_in_a_jar/texture2","2":"politmine/item/brewery/brain_in_a_jar/texture","3":"politmine/item/brewery/brain_in_a_jar/texture3","particle":"politmine/item/brewery/brain_in_a_jar/texture"},"elements":[{"from":[6.2,5.45,6.2],"to":[9.8,6.45,9.8],"faces":{"north":{"uv":[4,0,8,1],"texture":"#3"},"east":{"uv":[4,1,8,2],"texture":"#3"},"south":{"uv":[4,2,8,3],"texture":"#3"},"west":{"uv":[4,3,8,4],"texture":"#3"},"up":{"uv":[4,4,0,0],"texture":"#3"},"down":{"uv":[4,4,0,8],"texture":"#3"}}},{"from":[6.3,1.55,6.3],"to":[9.7,5.45,9.7],"faces":{"north":{"uv":[0,0,3,4],"texture":"#2"},"east":{"uv":[3,0,6,4],"texture":"#2"},"south":{"uv":[0,4,3,8],"texture":"#2"},"west":{"uv":[3,4,6,8],"texture":"#2"},"up":{"uv":[9,3,6,0],"texture":"#2"},"down":{"uv":[9,3,6,6],"texture":"#2"}}},{"from":[6.5,1.35,6.5],"to":[9.5,1.55,9.5],"faces":{"north":{"uv":[7,1,3,4],"texture":"#2"},"east":{"uv":[7,1,3,4],"texture":"#2"},"south":{"uv":[7,1,3,4],"texture":"#2"},"west":{"uv":[4,1,0,4],"texture":"#2"},"up":{"uv":[7,1,3,4],"texture":"#2"},"down":{"uv":[5,1,1,4],"texture":"#2"}}},{"from":[6.5,3.05,8.05],"to":[9.5,4.05,9.25],"faces":{"north":{"uv":[0,9,3,10],"texture":"#1"},"east":{"uv":[9,0,12,1],"texture":"#1"},"south":{"uv":[9,1,12,2],"texture":"#1"},"west":{"uv":[9,2,12,3],"texture":"#1"},"up":{"uv":[3,3,0,0],"texture":"#1"},"down":{"uv":[3,3,0,6],"texture":"#1"}}},{"from":[6.5,3.05,6.75],"to":[9.5,4.05,7.95],"faces":{"north":{"uv":[0,9,3,10],"texture":"#1"},"east":{"uv":[9,0,12,1],"texture":"#1"},"south":{"uv":[9,1,12,2],"texture":"#1"},"west":{"uv":[9,2,12,3],"texture":"#1"},"up":{"uv":[3,3,0,0],"texture":"#1"},"down":{"uv":[3,3,0,6],"texture":"#1"}}},{"from":[6.7,4.05,8.05],"to":[9.3,4.35,9.25],"faces":{"north":{"uv":[10,4,12,5],"texture":"#1"},"east":{"uv":[6,10,8,11],"texture":"#1"},"south":{"uv":[8,10,10,11],"texture":"#1"},"west":{"uv":[10,9,12,10],"texture":"#1"},"up":{"uv":[5,8,3,6],"texture":"#1"},"down":{"uv":[8,3,6,5],"texture":"#1"}}},{"from":[6.7,4.05,6.75],"to":[9.3,4.35,7.95],"faces":{"north":{"uv":[10,4,12,5],"texture":"#1"},"east":{"uv":[6,10,8,11],"texture":"#1"},"south":{"uv":[8,10,10,11],"texture":"#1"},"west":{"uv":[10,9,12,10],"texture":"#1"},"up":{"uv":[5,8,3,6],"texture":"#1"},"down":{"uv":[8,3,6,5],"texture":"#1"}}},{"from":[6.8,4.05,7.95],"to":[9.3,4.25,8.05],"faces":{"north":{"uv":[10,4,12,5],"texture":"#1"},"east":{"uv":[6,10,8,11],"texture":"#1"},"south":{"uv":[8,10,10,11],"texture":"#1"},"west":{"uv":[10,9,12,10],"texture":"#1"},"up":{"uv":[5,8,3,6],"texture":"#1"},"down":{"uv":[8,3,6,5],"texture":"#1"}}},{"from":[6.6,3.05,6.65],"to":[9.4,4.15,9.45],"faces":{"north":{"uv":[9,5,12,6],"texture":"#1"},"east":{"uv":[9,6,12,7],"texture":"#1"},"south":{"uv":[7,9,10,10],"texture":"#1"},"west":{"uv":[9,7,12,8],"texture":"#1"},"up":{"uv":[6,3,3,0],"texture":"#1"},"down":{"uv":[6,3,3,6],"texture":"#1"}}},{"from":[6.7,3.15,6.55],"to":[9.3,4.05,9.55],"faces":{"north":{"uv":[9,8,12,9],"texture":"#1"},"east":{"uv":[0,10,3,11],"texture":"#1"},"south":{"uv":[3,10,6,11],"texture":"#1"},"west":{"uv":[10,3,13,4],"texture":"#1"},"up":{"uv":[3,9,0,6],"texture":"#1"},"down":{"uv":[9,0,6,3],"texture":"#1"}}},{"from":[6.7,2.85,6.95],"to":[8.8,3.15,9.15],"faces":{"north":{"uv":[10,10,12,11],"texture":"#1"},"east":{"uv":[0,11,2,12],"texture":"#1"},"south":{"uv":[2,11,4,12],"texture":"#1"},"west":{"uv":[4,11,6,12],"texture":"#1"},"up":{"uv":[7,8,5,6],"texture":"#1"},"down":{"uv":[9,5,7,7],"texture":"#1"}}},{"from":[8.8,2.85,8.05],"to":[9.3,3.15,9.15],"faces":{"north":{"uv":[10,10,12,11],"texture":"#1"},"east":{"uv":[0,11,2,12],"texture":"#1"},"south":{"uv":[2,11,4,12],"texture":"#1"},"west":{"uv":[4,11,6,12],"texture":"#1"},"up":{"uv":[7,8,5,6],"texture":"#1"},"down":{"uv":[9,5,7,7],"texture":"#1"}}},{"from":[8.8,2.85,6.95],"to":[9.3,3.15,7.95],"faces":{"north":{"uv":[10,10,12,11],"texture":"#1"},"east":{"uv":[0,11,2,12],"texture":"#1"},"south":{"uv":[2,11,4,12],"texture":"#1"},"west":{"uv":[4,11,6,12],"texture":"#1"},"up":{"uv":[7,8,5,6],"texture":"#1"},"down":{"uv":[9,5,7,7],"texture":"#1"}}},{"from":[6.9,2.75,7.05],"to":[8.7,2.85,9.05],"faces":{"north":{"uv":[6,11,8,12],"texture":"#1"},"east":{"uv":[8,11,10,12],"texture":"#1"},"south":{"uv":[10,11,12,12],"texture":"#1"},"west":{"uv":[0,12,2,13],"texture":"#1"},"up":{"uv":[9,9,7,7],"texture":"#1"},"down":{"uv":[5,8,3,10],"texture":"#1"}}},{"from":[7.3,2.55,7.55],"to":[7.9,2.75,8.35],"faces":{"north":{"uv":[6,11,8,12],"texture":"#1"},"east":{"uv":[8,11,10,12],"texture":"#1"},"south":{"uv":[10,11,12,12],"texture":"#1"},"west":{"uv":[0,12,2,13],"texture":"#1"},"up":{"uv":[9,9,7,7],"texture":"#1"},"down":{"uv":[5,8,3,10],"texture":"#1"}}},{"from":[7.3,2.35,7.55],"to":[7.9,2.55,8.35],"faces":{"north":{"uv":[6,11,8,12],"texture":"#1"},"east":{"uv":[8,11,10,12],"texture":"#1"},"south":{"uv":[10,11,12,12],"texture":"#1"},"west":{"uv":[0,12,2,13],"texture":"#1"},"up":{"uv":[9,9,7,7],"texture":"#1"},"down":{"uv":[5,8,3,10],"texture":"#1"}}},{"from":[7.2,2.25,7.55],"to":[7.6,2.45,8.35],"faces":{"north":{"uv":[6,11,8,12],"texture":"#1"},"east":{"uv":[8,11,10,12],"texture":"#1"},"south":{"uv":[10,11,12,12],"texture":"#1"},"west":{"uv":[0,12,2,13],"texture":"#1"},"up":{"uv":[9,9,7,7],"texture":"#1"},"down":{"uv":[5,8,3,10],"texture":"#1"}}},{"from":[7.2,2.45,7.45],"to":[7.8,2.85,8.45],"faces":{"north":{"uv":[6,11,8,12],"texture":"#1"},"east":{"uv":[8,11,10,12],"texture":"#1"},"south":{"uv":[10,11,12,12],"texture":"#1"},"west":{"uv":[0,12,2,13],"texture":"#1"},"up":{"uv":[9,9,7,7],"texture":"#1"},"down":{"uv":[5,8,3,10],"texture":"#1"}}},{"from":[6.9,2.05,7.55],"to":[7.2,2.45,8.35],"faces":{"north":{"uv":[6,11,8,12],"texture":"#1"},"east":{"uv":[8,11,10,12],"texture":"#1"},"south":{"uv":[10,11,12,12],"texture":"#1"},"west":{"uv":[0,12,2,13],"texture":"#1"},"up":{"uv":[9,9,7,7],"texture":"#1"},"down":{"uv":[5,8,3,10],"texture":"#1"}}},{"from":[6.9,2.35,7.55],"to":[7.3,2.75,8.35],"faces":{"north":{"uv":[6,11,8,12],"texture":"#1"},"east":{"uv":[8,11,10,12],"texture":"#1"},"south":{"uv":[10,11,12,12],"texture":"#1"},"west":{"uv":[0,12,2,13],"texture":"#1"},"up":{"uv":[9,9,7,7],"texture":"#1"},"down":{"uv":[5,8,3,10],"texture":"#1"}}},{"from":[6.8,2.35,7.65],"to":[7.1,2.75,8.25],"faces":{"north":{"uv":[6,11,8,12],"texture":"#1"},"east":{"uv":[8,11,10,12],"texture":"#1"},"south":{"uv":[10,11,12,12],"texture":"#1"},"west":{"uv":[0,12,2,13],"texture":"#1"},"up":{"uv":[9,9,7,7],"texture":"#1"},"down":{"uv":[5,8,3,10],"texture":"#1"}}},{"from":[6.9,4.35,8.05],"to":[9.1,4.55,9.05],"faces":{"north":{"uv":[12,0,14,1],"texture":"#1"},"east":{"uv":[12,1,14,2],"texture":"#1"},"south":{"uv":[2,12,4,13],"texture":"#1"},"west":{"uv":[12,2,14,3],"texture":"#1"},"up":{"uv":[10,5,8,3],"texture":"#1"},"down":{"uv":[7,8,5,10],"texture":"#1"}}},{"from":[6.9,4.35,6.95],"to":[9.1,4.55,7.95],"faces":{"north":{"uv":[12,0,14,1],"texture":"#1"},"east":{"uv":[12,1,14,2],"texture":"#1"},"south":{"uv":[2,12,4,13],"texture":"#1"},"west":{"uv":[12,2,14,3],"texture":"#1"},"up":{"uv":[10,5,8,3],"texture":"#1"},"down":{"uv":[7,8,5,10],"texture":"#1"}}}],"gui_light":"front","display":{"thirdperson_righthand":{"rotation":[77,90,0],"translation":[-6,2.75,11.75],"scale":[1.98,1.98,1.98]},"thirdperson_lefthand":{"rotation":[77,90,0],"translation":[-6.25,2,12.5],"scale":[1.98,1.98,1.98]},"firstperson_righthand":{"rotation":[0,180,0],"translation":[0,8.5,0],"scale":[1.47,1.47,1.47]},"firstperson_lefthand":{"rotation":[0,180,0],"translation":[0.5,8.25,0],"scale":[1.47,1.47,1.47]},"ground":{"translation":[0,10.5,0],"scale":[1.96,1.96,1.96]},"gui":{"translation":[-0.25,10.25,-3],"scale":[2.52,2.52,2.52]},"head":{"translation":[0,17.25,0],"scale":[4,4,4]},"fixed":{"rotation":[-90,90,0],"translation":[0,0,-25.5],"scale":[4,4,4]}},"groups":[0,1,2,{"name":"group","origin":[0,0,0],"color":0,"children":[3,4,5,6,7,8,9,10,11,12,13,14,15,16,17,18,19,20,21,22]}]}