{"credit":"Made with Blockbench","texture_size":[32,32],"textures":{"0":"politmine/item/brewery/cachaca/kasashaetiketka","1":"politmine/item/brewery/cachaca/krishkakasasha","2":"politmine/item/brewery/cachaca/steklokasasha","3":"politmine/item/brewery/cachaca/zhidkostkasasha","particle":"politmine/item/brewery/cachaca/kasashaetiketka"},"elements":[{"from":[8.35,9.9,7.8],"to":[8.5,10.05,8.2],"rotation":{"angle":0,"axis":"y","origin":[8,0,8]},"faces":{"north":{"uv":[9,10,9.15625,10.15625],"texture":"#1"},"east":{"uv":[3,8,3.40625,8.15625],"texture":"#1"},"south":{"uv":[10,9,10.15625,9.15625],"texture":"#1"},"west":{"uv":[8,3,8.40625,3.15625],"texture":"#1"},"up":{"uv":[4.15625,8.40625,4,8],"texture":"#1"},"down":{"uv":[8.15625,4,8,4.40625],"texture":"#1"}}},{"from":[7.5,9.9,7.8],"to":[7.65,10.05,8.2],"rotation":{"angle":0,"axis":"y","origin":[8,0,8]},"faces":{"north":{"uv":[10,10,10.15625,10.15625],"texture":"#1"},"east":{"uv":[5,8,5.40625,8.15625],"texture":"#1"},"south":{"uv":[0,11,0.15625,11.15625],"texture":"#1"},"west":{"uv":[8,5,8.40625,5.15625],"texture":"#1"},"up":{"uv":[6.15625,8.40625,6,8],"texture":"#1"},"down":{"uv":[8.15625,6,8,6.40625],"texture":"#1"}}},{"from":[7.65,9.9,8.1],"to":[7.9,10.05,8.35],"rotation":{"angle":0,"axis":"y","origin":[8,0,8]},"faces":{"north":{"uv":[1,10,1.25,10.15625],"texture":"#1"},"east":{"uv":[10,1,10.25,1.15625],"texture":"#1"},"south":{"uv":[2,10,2.25,10.15625],"texture":"#1"},"west":{"uv":[10,2,10.25,2.15625],"texture":"#1"},"up":{"uv":[9.25,2.25,9,2],"texture":"#1"},"down":{"uv":[3.25,9,3,9.25],"texture":"#1"}}},{"from":[8.1,9.9,8.1],"to":[8.35,10.05,8.35],"rotation":{"angle":0,"axis":"y","origin":[8,0,8]},"faces":{"north":{"uv":[3,10,3.25,10.15625],"texture":"#1"},"east":{"uv":[10,3,10.25,3.15625],"texture":"#1"},"south":{"uv":[4,10,4.25,10.15625],"texture":"#1"},"west":{"uv":[10,4,10.25,4.15625],"texture":"#1"},"up":{"uv":[9.25,3.25,9,3],"texture":"#1"},"down":{"uv":[4.25,9,4,9.25],"texture":"#1"}}},{"from":[8.1,9.9,7.65],"to":[8.35,10.05,7.9],"rotation":{"angle":0,"axis":"y","origin":[8,0,8]},"faces":{"north":{"uv":[5,10,5.25,10.15625],"texture":"#1"},"east":{"uv":[10,5,10.25,5.15625],"texture":"#1"},"south":{"uv":[6,10,6.25,10.15625],"texture":"#1"},"west":{"uv":[10,6,10.25,6.15625],"texture":"#1"},"up":{"uv":[9.25,4.25,9,4],"texture":"#1"},"down":{"uv":[5.25,9,5,9.25],"texture":"#1"}}},{"from":[7.65,9.9,7.65],"to":[7.9,10.05,7.9],"rotation":{"angle":0,"axis":"y","origin":[8,0,8]},"faces":{"north":{"uv":[7,10,7.25,10.15625],"texture":"#1"},"east":{"uv":[10,7,10.25,7.15625],"texture":"#1"},"south":{"uv":[8,10,8.25,10.15625],"texture":"#1"},"west":{"uv":[10,8,10.25,8.15625],"texture":"#1"},"up":{"uv":[9.25,5.25,9,5],"texture":"#1"},"down":{"uv":[6.25,9,6,9.25],"texture":"#1"}}},{"from":[7.8,9.9,7.5],"to":[8.2,10.05,7.65],"rotation":{"angle":0,"axis":"y","origin":[8,0,8]},"faces":{"north":{"uv":[7,8,7.40625,8.15625],"texture":"#1"},"east":{"uv":[11,0,11.15625,0.15625],"texture":"#1"},"south":{"uv":[8,7,8.40625,7.15625],"texture":"#1"},"west":{"uv":[1,11,1.15625,11.15625],"texture":"#1"},"up":{"uv":[8.40625,8.15625,8,8],"texture":"#1"},"down":{"uv":[0.40625,9,0,9.15625],"texture":"#1"}}},{"from":[7.8,9.9,8.35],"to":[8.2,10.05,8.5],"rotation":{"angle":0,"axis":"y","origin":[8,0,8]},"faces":{"north":{"uv":[9,0,9.40625,0.15625],"texture":"#1"},"east":{"uv":[11,1,11.15625,1.15625],"texture":"#1"},"south":{"uv":[1,9,1.40625,9.15625],"texture":"#1"},"west":{"uv":[2,11,2.15625,11.15625],"texture":"#1"},"up":{"uv":[9.40625,1.15625,9,1],"texture":"#1"},"down":{"uv":[2.40625,9,2,9.15625],"texture":"#1"}}},{"from":[8.4,10.05,7.75],"to":[8.55,10.55,8.25],"rotation":{"angle":0,"axis":"y","origin":[8,0,8]},"faces":{"north":{"uv":[1,6,1.15625,6.5],"texture":"#1"},"east":{"uv":[1,2,1.5,2.5],"texture":"#1"},"south":{"uv":[6,1,6.15625,1.5],"texture":"#1"},"west":{"uv":[2,1,2.5,1.5],"texture":"#1"},"up":{"uv":[2.15625,6.5,2,6],"texture":"#1"},"down":{"uv":[6.15625,2,6,2.5],"texture":"#1"}}},{"from":[7.45,10.05,7.75],"to":[7.6,10.55,8.25],"rotation":{"angle":0,"axis":"y","origin":[8,0,8]},"faces":{"north":{"uv":[3,6,3.15625,6.5],"texture":"#1"},"east":{"uv":[2,2,2.5,2.5],"texture":"#1"},"south":{"uv":[6,3,6.15625,3.5],"texture":"#1"},"west":{"uv":[0,3,0.5,3.5],"texture":"#1"},"up":{"uv":[4.15625,6.5,4,6],"texture":"#1"},"down":{"uv":[6.15625,4,6,4.5],"texture":"#1"}}},{"from":[7.6,10.05,7.6],"to":[8.4,10.55,8.4],"rotation":{"angle":0,"axis":"y","origin":[8,0,8]},"faces":{"north":{"uv":[1,0,1.8125,0.5],"texture":"#1"},"east":{"uv":[1,1,1.8125,1.5],"texture":"#1"},"south":{"uv":[0,2,0.8125,2.5],"texture":"#1"},"west":{"uv":[2,0,2.8125,0.5],"texture":"#1"},"up":{"uv":[0.8125,0.8125,0,0],"texture":"#1"},"down":{"uv":[0.8125,1,0,1.8125],"texture":"#1"}}},{"from":[7.75,10.05,7.45],"to":[8.25,10.55,7.6],"rotation":{"angle":0,"axis":"y","origin":[8,0,8]},"faces":{"north":{"uv":[3,0,3.5,0.5],"texture":"#1"},"east":{"uv":[5,6,5.15625,6.5],"texture":"#1"},"south":{"uv":[1,3,1.5,3.5],"texture":"#1"},"west":{"uv":[6,5,6.15625,5.5],"texture":"#1"},"up":{"uv":[6.5,6.15625,6,6],"texture":"#1"},"down":{"uv":[0.5,7,0,7.15625],"texture":"#1"}}},{"from":[7.75,10.05,8.4],"to":[8.25,10.55,8.55],"rotation":{"angle":0,"axis":"y","origin":[8,0,8]},"faces":{"north":{"uv":[3,1,3.5,1.5],"texture":"#1"},"east":{"uv":[7,0,7.15625,0.5],"texture":"#1"},"south":{"uv":[2,3,2.5,3.5],"texture":"#1"},"west":{"uv":[1,7,1.15625,7.5],"texture":"#1"},"up":{"uv":[7.5,1.15625,7,1],"texture":"#1"},"down":{"uv":[2.5,7,2,7.15625],"texture":"#1"}}},{"from":[8.4,9.4,7.75],"to":[8.55,9.9,8.25],"rotation":{"angle":0,"axis":"y","origin":[8,0,8]},"faces":{"north":{"uv":[7,2,7.15625,2.5],"texture":"#1"},"east":{"uv":[3,2,3.5,2.5],"texture":"#1"},"south":{"uv":[3,7,3.15625,7.5],"texture":"#1"},"west":{"uv":[3,3,3.5,3.5],"texture":"#1"},"up":{"uv":[7.15625,3.5,7,3],"texture":"#1"},"down":{"uv":[4.15625,7,4,7.5],"texture":"#1"}}},{"from":[7.45,9.4,7.75],"to":[7.6,9.9,8.25],"rotation":{"angle":0,"axis":"y","origin":[8,0,8]},"faces":{"north":{"uv":[7,4,7.15625,4.5],"texture":"#1"},"east":{"uv":[0,4,0.5,4.5],"texture":"#1"},"south":{"uv":[5,7,5.15625,7.5],"texture":"#1"},"west":{"uv":[4,0,4.5,0.5],"texture":"#1"},"up":{"uv":[7.15625,5.5,7,5],"texture":"#1"},"down":{"uv":[6.15625,7,6,7.5],"texture":"#1"}}},{"from":[7.6,9.4,8.15],"to":[7.85,9.9,8.4],"rotation":{"angle":0,"axis":"y","origin":[8,0,8]},"faces":{"north":{"uv":[3,4,3.25,4.5],"texture":"#1"},"east":{"uv":[4,3,4.25,3.5],"texture":"#1"},"south":{"uv":[4,4,4.25,4.5],"texture":"#1"},"west":{"uv":[0,5,0.25,5.5],"texture":"#1"},"up":{"uv":[9.25,6.25,9,6],"texture":"#1"},"down":{"uv":[7.25,9,7,9.25],"texture":"#1"}}},{"from":[8.15,9.4,8.15],"to":[8.4,9.9,8.4],"rotation":{"angle":0,"axis":"y","origin":[8,0,8]},"faces":{"north":{"uv":[5,0,5.25,0.5],"texture":"#1"},"east":{"uv":[1,5,1.25,5.5],"texture":"#1"},"south":{"uv":[5,1,5.25,1.5],"texture":"#1"},"west":{"uv":[2,5,2.25,5.5],"texture":"#1"},"up":{"uv":[9.25,7.25,9,7],"texture":"#1"},"down":{"uv":[8.25,9,8,9.25],"texture":"#1"}}},{"from":[8.15,9.4,7.6],"to":[8.4,9.9,7.85],"rotation":{"angle":0,"axis":"y","origin":[8,0,8]},"faces":{"north":{"uv":[5,2,5.25,2.5],"texture":"#1"},"east":{"uv":[3,5,3.25,5.5],"texture":"#1"},"south":{"uv":[5,3,5.25,3.5],"texture":"#1"},"west":{"uv":[4,5,4.25,5.5],"texture":"#1"},"up":{"uv":[9.25,8.25,9,8],"texture":"#1"},"down":{"uv":[9.25,9,9,9.25],"texture":"#1"}}},{"from":[7.6,9.4,7.6],"to":[7.85,9.9,7.85],"rotation":{"angle":0,"axis":"y","origin":[8,0,8]},"faces":{"north":{"uv":[5,4,5.25,4.5],"texture":"#1"},"east":{"uv":[5,5,5.25,5.5],"texture":"#1"},"south":{"uv":[0,6,0.25,6.5],"texture":"#1"},"west":{"uv":[6,0,6.25,0.5],"texture":"#1"},"up":{"uv":[0.25,10.25,0,10],"texture":"#1"},"down":{"uv":[10.25,0,10,0.25],"texture":"#1"}}},{"from":[7.75,9.4,7.45],"to":[8.25,9.9,7.6],"rotation":{"angle":0,"axis":"y","origin":[8,0,8]},"faces":{"north":{"uv":[1,4,1.5,4.5],"texture":"#1"},"east":{"uv":[7,6,7.15625,6.5],"texture":"#1"},"south":{"uv":[4,1,4.5,1.5],"texture":"#1"},"west":{"uv":[7,7,7.15625,7.5],"texture":"#1"},"up":{"uv":[0.5,8.15625,0,8],"texture":"#1"},"down":{"uv":[8.5,0,8,0.15625],"texture":"#1"}}},{"from":[7.75,9.4,8.4],"to":[8.25,9.9,8.55],"rotation":{"angle":0,"axis":"y","origin":[8,0,8]},"faces":{"north":{"uv":[2,4,2.5,4.5],"texture":"#1"},"east":{"uv":[1,8,1.15625,8.5],"texture":"#1"},"south":{"uv":[4,2,4.5,2.5],"texture":"#1"},"west":{"uv":[8,1,8.15625,1.5],"texture":"#1"},"up":{"uv":[2.5,8.15625,2,8],"texture":"#1"},"down":{"uv":[8.5,2,8,2.15625],"texture":"#1"}}},{"from":[7,1.3,9.35],"to":[9,5,9.4],"rotation":{"angle":0,"axis":"y","origin":[8,0,8]},"faces":{"north":{"uv":[2.25,0,2.78125,1.15625],"texture":"#0"},"east":{"uv":[5,0,5.03125,1.15625],"texture":"#0"},"south":{"uv":[5.125,3.375,10.09375,12.21875],"texture":"#0"},"west":{"uv":[0.25,5,0.28125,6.15625],"texture":"#0"},"up":{"uv":[6.03125,1.53125,5.5,1.5],"texture":"#0"},"down":{"uv":[2.53125,5.5,2,5.53125],"texture":"#0"}}},{"from":[7.55,7.7,7.55],"to":[8.45,8.1,8.45],"rotation":{"angle":0,"axis":"y","origin":[8,0,8]},"faces":{"north":{"uv":[9,8,9.45313,8.20313],"texture":"#3"},"east":{"uv":[8.5,9,8.95313,9.20313],"texture":"#3"},"south":{"uv":[9,8.5,9.45313,8.70313],"texture":"#3"},"west":{"uv":[9,9,9.45313,9.20313],"texture":"#3"},"up":{"uv":[3.95313,7.45313,3.5,7],"texture":"#3"},"down":{"uv":[4.45313,7,4,7.45313],"texture":"#3"}}},{"from":[7.7,7.7,8.45],"to":[8.3,8.1,8.6],"rotation":{"angle":0,"axis":"y","origin":[8,0,8]},"faces":{"north":{"uv":[5,10,5.29688,10.20313],"texture":"#3"},"east":{"uv":[6.5,11,6.57813,11.20313],"texture":"#3"},"south":{"uv":[5.5,10,5.79688,10.20313],"texture":"#3"},"west":{"uv":[11,6.5,11.07813,6.70313],"texture":"#3"},"up":{"uv":[11.29688,0.57813,11,0.5],"texture":"#3"},"down":{"uv":[1.29688,11,1,11.07813],"texture":"#3"}}},{"from":[8.45,7.7,7.7],"to":[8.6,8.1,8.3],"rotation":{"angle":0,"axis":"y","origin":[8,0,8]},"faces":{"north":{"uv":[7,11,7.07813,11.20313],"texture":"#3"},"east":{"uv":[10,5.5,10.29688,5.70313],"texture":"#3"},"south":{"uv":[11,7,11.07813,7.20313],"texture":"#3"},"west":{"uv":[6,10,6.29688,10.20313],"texture":"#3"},"up":{"uv":[11.07813,2.29688,11,2],"texture":"#3"},"down":{"uv":[11.07813,2.5,11,2.79688],"texture":"#3"}}},{"from":[7.7,7.7,7.4],"to":[8.3,8.1,7.55],"rotation":{"angle":0,"axis":"y","origin":[8,0,8]},"faces":{"north":{"uv":[10,6,10.29688,6.20313],"texture":"#3"},"east":{"uv":[7.5,11,7.57813,11.20313],"texture":"#3"},"south":{"uv":[6.5,10,6.79688,10.20313],"texture":"#3"},"west":{"uv":[11,7.5,11.07813,7.70313],"texture":"#3"},"up":{"uv":[3.29688,11.07813,3,11],"texture":"#3"},"down":{"uv":[11.29688,3.5,11,3.57813],"texture":"#3"}}},{"from":[7.4,7.7,7.7],"to":[7.55,8.1,8.3],"rotation":{"angle":0,"axis":"y","origin":[8,0,8]},"faces":{"north":{"uv":[8,11,8.07813,11.20313],"texture":"#3"},"east":{"uv":[10,6.5,10.29688,6.70313],"texture":"#3"},"south":{"uv":[11,8,11.07813,8.20313],"texture":"#3"},"west":{"uv":[7,10,7.29688,10.20313],"texture":"#3"},"up":{"uv":[4.07813,11.29688,4,11],"texture":"#3"},"down":{"uv":[11.07813,4,11,4.29688],"texture":"#3"}}},{"from":[7.45,7.35,7.45],"to":[8.55,7.7,8.55],"rotation":{"angle":0,"axis":"y","origin":[8,0,8]},"faces":{"north":{"uv":[9,6.5,9.54688,6.67188],"texture":"#3"},"east":{"uv":[9,7,9.54688,7.17188],"texture":"#3"},"south":{"uv":[7.5,9,8.04688,9.17188],"texture":"#3"},"west":{"uv":[9,7.5,9.54688,7.67188],"texture":"#3"},"up":{"uv":[3.04688,7.54688,2.5,7],"texture":"#3"},"down":{"uv":[7.54688,3,7,3.54688],"texture":"#3"}}},{"from":[7.6,7.35,8.55],"to":[8.4,7.7,8.7],"rotation":{"angle":0,"axis":"y","origin":[8,0,8]},"faces":{"north":{"uv":[5,9.5,5.40625,9.67188],"texture":"#3"},"east":{"uv":[8.5,11,8.57813,11.17188],"texture":"#3"},"south":{"uv":[9.5,5,9.90625,5.17188],"texture":"#3"},"west":{"uv":[11,8.5,11.07813,8.67188],"texture":"#3"},"up":{"uv":[10.90625,6.07813,10.5,6],"texture":"#3"},"down":{"uv":[6.90625,10.5,6.5,10.57813],"texture":"#3"}}},{"from":[8.55,7.35,7.6],"to":[8.7,7.7,8.4],"rotation":{"angle":0,"axis":"y","origin":[8,0,8]},"faces":{"north":{"uv":[9,11,9.07813,11.17188],"texture":"#3"},"east":{"uv":[5.5,9.5,5.90625,9.67188],"texture":"#3"},"south":{"uv":[11,9,11.07813,9.17188],"texture":"#3"},"west":{"uv":[6,9.5,6.40625,9.67188],"texture":"#3"},"up":{"uv":[10.57813,6.90625,10.5,6.5],"texture":"#3"},"down":{"uv":[7.07813,10.5,7,10.90625],"texture":"#3"}}},{"from":[7.6,7.35,7.3],"to":[8.4,7.7,7.45],"rotation":{"angle":0,"axis":"y","origin":[8,0,8]},"faces":{"north":{"uv":[6.5,9.5,6.90625,9.67188],"texture":"#3"},"east":{"uv":[9.5,11,9.57813,11.17188],"texture":"#3"},"south":{"uv":[7,9.5,7.40625,9.67188],"texture":"#3"},"west":{"uv":[11,9.5,11.07813,9.67188],"texture":"#3"},"up":{"uv":[7.90625,10.57813,7.5,10.5],"texture":"#3"},"down":{"uv":[8.40625,10.5,8,10.57813],"texture":"#3"}}},{"from":[7.3,7.35,7.6],"to":[7.45,7.7,8.4],"rotation":{"angle":0,"axis":"y","origin":[8,0,8]},"faces":{"north":{"uv":[10,11,10.07813,11.17188],"texture":"#3"},"east":{"uv":[7.5,9.5,7.90625,9.67188],"texture":"#3"},"south":{"uv":[11,10,11.07813,10.17188],"texture":"#3"},"west":{"uv":[8,9.5,8.40625,9.67188],"texture":"#3"},"up":{"uv":[10.57813,8.40625,10.5,8],"texture":"#3"},"down":{"uv":[10.57813,8.5,10.5,8.90625],"texture":"#3"}}},{"from":[7.35,7.05,7.35],"to":[8.65,7.35,8.65],"rotation":{"angle":0,"axis":"y","origin":[8,0,8]},"faces":{"north":{"uv":[5.5,9,6.15625,9.15625],"texture":"#3"},"east":{"uv":[9,5.5,9.65625,5.65625],"texture":"#3"},"south":{"uv":[9,6,9.65625,6.15625],"texture":"#3"},"west":{"uv":[6.5,9,7.15625,9.15625],"texture":"#3"},"up":{"uv":[5.65625,6.65625,5,6],"texture":"#3"},"down":{"uv":[6.65625,5,6,5.65625],"texture":"#3"}}},{"from":[7.5,7.05,8.65],"to":[8.5,7.35,8.8],"rotation":{"angle":0,"axis":"y","origin":[8,0,8]},"faces":{"north":{"uv":[9.5,2,10,2.15625],"texture":"#3"},"east":{"uv":[10.5,11,10.57813,11.15625],"texture":"#3"},"south":{"uv":[9.5,2.5,10,2.65625],"texture":"#3"},"west":{"uv":[11,10.5,11.07813,10.65625],"texture":"#3"},"up":{"uv":[11,3.57813,10.5,3.5],"texture":"#3"},"down":{"uv":[4.5,10.5,4,10.57813],"texture":"#3"}}},{"from":[8.65,7.05,7.5],"to":[8.8,7.35,8.5],"rotation":{"angle":0,"axis":"y","origin":[8,0,8]},"faces":{"north":{"uv":[11,11,11.07813,11.15625],"texture":"#3"},"east":{"uv":[3.5,9.5,4,9.65625],"texture":"#3"},"south":{"uv":[0,11.5,0.07813,11.65625],"texture":"#3"},"west":{"uv":[9.5,3.5,10,3.65625],"texture":"#3"},"up":{"uv":[10.57813,5,10.5,4.5],"texture":"#3"},"down":{"uv":[5.07813,10.5,5,11],"texture":"#3"}}},{"from":[7.5,7.05,7.2],"to":[8.5,7.35,7.35],"rotation":{"angle":0,"axis":"y","origin":[8,0,8]},"faces":{"north":{"uv":[4,9.5,4.5,9.65625],"texture":"#3"},"east":{"uv":[11.5,0,11.57813,0.15625],"texture":"#3"},"south":{"uv":[9.5,4,10,4.15625],"texture":"#3"},"west":{"uv":[0.5,11.5,0.57813,11.65625],"texture":"#3"},"up":{"uv":[11,5.07813,10.5,5],"texture":"#3"},"down":{"uv":[6,10.5,5.5,10.57813],"texture":"#3"}}},{"from":[7.2,7.05,7.5],"to":[7.35,7.35,8.5],"rotation":{"angle":0,"axis":"y","origin":[8,0,8]},"faces":{"north":{"uv":[11.5,0.5,11.57813,0.65625],"texture":"#3"},"east":{"uv":[4.5,9.5,5,9.65625],"texture":"#3"},"south":{"uv":[1,11.5,1.07813,11.65625],"texture":"#3"},"west":{"uv":[9.5,4.5,10,4.65625],"texture":"#3"},"up":{"uv":[10.57813,6,10.5,5.5],"texture":"#3"},"down":{"uv":[6.07813,10.5,6,11],"texture":"#3"}}},{"from":[7.25,6.6,7.25],"to":[8.75,7.05,8.75],"rotation":{"angle":0,"axis":"y","origin":[8,0,8]},"faces":{"north":{"uv":[7.5,2,8.25,2.21875],"texture":"#3"},"east":{"uv":[7.5,2.5,8.25,2.71875],"texture":"#3"},"south":{"uv":[3.5,7.5,4.25,7.71875],"texture":"#3"},"west":{"uv":[4.5,7.5,5.25,7.71875],"texture":"#3"},"up":{"uv":[4.75,6.75,4,6],"texture":"#3"},"down":{"uv":[6.75,4,6,4.75],"texture":"#3"}}},{"from":[7.4,6.6,8.75],"to":[8.6,7.05,8.9],"rotation":{"angle":0,"axis":"y","origin":[8,0,8]},"faces":{"north":{"uv":[8,3.5,8.59375,3.71875],"texture":"#3"},"east":{"uv":[4.5,11,4.57813,11.21875],"texture":"#3"},"south":{"uv":[8,4,8.59375,4.21875],"texture":"#3"},"west":{"uv":[11,4.5,11.07813,4.71875],"texture":"#3"},"up":{"uv":[1.09375,10.57813,0.5,10.5],"texture":"#3"},"down":{"uv":[11.09375,1,10.5,1.07813],"texture":"#3"}}},{"from":[8.75,6.6,7.4],"to":[8.9,7.05,8.6],"rotation":{"angle":0,"axis":"y","origin":[8,0,8]},"faces":{"north":{"uv":[5,11,5.07813,11.21875],"texture":"#3"},"east":{"uv":[4.5,8,5.09375,8.21875],"texture":"#3"},"south":{"uv":[11,5,11.07813,5.21875],"texture":"#3"},"west":{"uv":[8,4.5,8.59375,4.71875],"texture":"#3"},"up":{"uv":[1.57813,11.09375,1.5,10.5],"texture":"#3"},"down":{"uv":[2.07813,10.5,2,11.09375],"texture":"#3"}}},{"from":[7.4,6.6,7.1],"to":[8.6,7.05,7.25],"rotation":{"angle":0,"axis":"y","origin":[8,0,8]},"faces":{"north":{"uv":[8,5,8.59375,5.21875],"texture":"#3"},"east":{"uv":[5.5,11,5.57813,11.21875],"texture":"#3"},"south":{"uv":[8,5.5,8.59375,5.71875],"texture":"#3"},"west":{"uv":[11,5.5,11.07813,5.71875],"texture":"#3"},"up":{"uv":[11.09375,1.57813,10.5,1.5],"texture":"#3"},"down":{"uv":[11.09375,3,10.5,3.07813],"texture":"#3"}}},{"from":[7.1,6.6,7.4],"to":[7.25,7.05,8.6],"rotation":{"angle":0,"axis":"y","origin":[8,0,8]},"faces":{"north":{"uv":[6,11,6.07813,11.21875],"texture":"#3"},"east":{"uv":[8,6,8.59375,6.21875],"texture":"#3"},"south":{"uv":[11,6,11.07813,6.21875],"texture":"#3"},"west":{"uv":[8,6.5,8.59375,6.71875],"texture":"#3"},"up":{"uv":[2.57813,11.09375,2.5,10.5],"texture":"#3"},"down":{"uv":[3.57813,10.5,3.5,11.09375],"texture":"#3"}}},{"from":[7.15,6.4,7.15],"to":[8.85,6.6,8.85],"rotation":{"angle":0,"axis":"y","origin":[8,0,8]},"faces":{"north":{"uv":[9.5,0,10.34375,0.09375],"texture":"#3"},"east":{"uv":[9.5,0.5,10.34375,0.59375],"texture":"#3"},"south":{"uv":[9.5,1,10.34375,1.09375],"texture":"#3"},"west":{"uv":[9.5,1.5,10.34375,1.59375],"texture":"#3"},"up":{"uv":[3.84375,6.84375,3,6],"texture":"#3"},"down":{"uv":[6.84375,3,6,3.84375],"texture":"#3"}}},{"from":[7.3,6.4,8.85],"to":[8.7,6.6,9],"rotation":{"angle":0,"axis":"y","origin":[8,0,8]},"faces":{"north":{"uv":[9.5,8,10.20313,8.09375],"texture":"#3"},"east":{"uv":[11.5,3,11.57813,3.09375],"texture":"#3"},"south":{"uv":[8.5,9.5,9.20313,9.59375],"texture":"#3"},"west":{"uv":[3.5,11.5,3.57813,11.59375],"texture":"#3"},"up":{"uv":[10.70313,7.07813,10,7],"texture":"#3"},"down":{"uv":[8.20313,10,7.5,10.07813],"texture":"#3"}}},{"from":[8.85,6.4,7.3],"to":[9,6.6,8.7],"rotation":{"angle":0,"axis":"y","origin":[8,0,8]},"faces":{"north":{"uv":[11.5,3.5,11.57813,3.59375],"texture":"#3"},"east":{"uv":[9.5,8.5,10.20313,8.59375],"texture":"#3"},"south":{"uv":[4,11.5,4.07813,11.59375],"texture":"#3"},"west":{"uv":[9.5,9,10.20313,9.09375],"texture":"#3"},"up":{"uv":[8.57813,10.70313,8.5,10],"texture":"#3"},"down":{"uv":[9.07813,10,9,10.70313],"texture":"#3"}}},{"from":[7.3,6.4,7],"to":[8.7,6.6,7.15],"rotation":{"angle":0,"axis":"y","origin":[8,0,8]},"faces":{"north":{"uv":[9.5,9.5,10.20313,9.59375],"texture":"#3"},"east":{"uv":[11.5,4,11.57813,4.09375],"texture":"#3"},"south":{"uv":[0,10,0.70313,10.09375],"texture":"#3"},"west":{"uv":[4.5,11.5,4.57813,11.59375],"texture":"#3"},"up":{"uv":[10.70313,7.57813,10,7.5],"texture":"#3"},"down":{"uv":[10.20313,10,9.5,10.07813],"texture":"#3"}}},{"from":[7,6.4,7.3],"to":[7.15,6.6,8.7],"rotation":{"angle":0,"axis":"y","origin":[8,0,8]},"faces":{"north":{"uv":[11.5,4.5,11.57813,4.59375],"texture":"#3"},"east":{"uv":[1,10,1.70313,10.09375],"texture":"#3"},"south":{"uv":[5,11.5,5.07813,11.59375],"texture":"#3"},"west":{"uv":[2,10,2.70313,10.09375],"texture":"#3"},"up":{"uv":[0.07813,11.20313,0,10.5],"texture":"#3"},"down":{"uv":[10.57813,0,10.5,0.70313],"texture":"#3"}}},{"from":[7.05,6.1,7.05],"to":[8.95,6.4,8.95],"rotation":{"angle":0,"axis":"y","origin":[8,0,8]},"faces":{"north":{"uv":[7,7.5,7.95313,7.65625],"texture":"#3"},"east":{"uv":[2.5,8,3.45313,8.15625],"texture":"#3"},"south":{"uv":[8,3,8.95313,3.15625],"texture":"#3"},"west":{"uv":[3.5,8,4.45313,8.15625],"texture":"#3"},"up":{"uv":[0.95313,6.95313,0,6],"texture":"#3"},"down":{"uv":[6.95313,0,6,0.95313],"texture":"#3"}}},{"from":[7.2,6.1,8.95],"to":[8.8,6.4,9.1],"rotation":{"angle":0,"axis":"y","origin":[8,0,8]},"faces":{"north":{"uv":[7,8,7.79688,8.15625],"texture":"#3"},"east":{"uv":[11.5,1,11.57813,1.15625],"texture":"#3"},"south":{"uv":[8,7,8.79688,7.15625],"texture":"#3"},"west":{"uv":[1.5,11.5,1.57813,11.65625],"texture":"#3"},"up":{"uv":[10.79688,2.07813,10,2],"texture":"#3"},"down":{"uv":[10.79688,2.5,10,2.57813],"texture":"#3"}}},{"from":[8.95,6.1,7.2],"to":[9.1,6.4,8.8],"rotation":{"angle":0,"axis":"y","origin":[8,0,8]},"faces":{"north":{"uv":[11.5,1.5,11.57813,1.65625],"texture":"#3"},"east":{"uv":[8,7.5,8.79688,7.65625],"texture":"#3"},"south":{"uv":[2,11.5,2.07813,11.65625],"texture":"#3"},"west":{"uv":[8,8,8.79688,8.15625],"texture":"#3"},"up":{"uv":[3.07813,10.79688,3,10],"texture":"#3"},"down":{"uv":[10.07813,3,10,3.79688],"texture":"#3"}}},{"from":[7.2,6.1,6.9],"to":[8.8,6.4,7.05],"rotation":{"angle":0,"axis":"y","origin":[8,0,8]},"faces":{"north":{"uv":[8.5,0,9.29688,0.15625],"texture":"#3"},"east":{"uv":[11.5,2,11.57813,2.15625],"texture":"#3"},"south":{"uv":[8.5,0.5,9.29688,0.65625],"texture":"#3"},"west":{"uv":[2.5,11.5,2.57813,11.65625],"texture":"#3"},"up":{"uv":[4.29688,10.07813,3.5,10],"texture":"#3"},"down":{"uv":[10.79688,4,10,4.07813],"texture":"#3"}}},{"from":[6.9,6.1,7.2],"to":[7.05,6.4,8.8],"rotation":{"angle":0,"axis":"y","origin":[8,0,8]},"faces":{"north":{"uv":[11.5,2.5,11.57813,2.65625],"texture":"#3"},"east":{"uv":[8.5,1,9.29688,1.15625],"texture":"#3"},"south":{"uv":[3,11.5,3.07813,11.65625],"texture":"#3"},"west":{"uv":[8.5,1.5,9.29688,1.65625],"texture":"#3"},"up":{"uv":[4.57813,10.79688,4.5,10],"texture":"#3"},"down":{"uv":[10.07813,4.5,10,5.29688],"texture":"#3"}}},{"from":[7.05,5.7,7.05],"to":[8.95,6.1,8.95],"rotation":{"angle":0,"axis":"y","origin":[8,0,8]},"faces":{"north":{"uv":[7,4,7.95313,4.20313],"texture":"#3"},"east":{"uv":[4.5,7,5.45313,7.20313],"texture":"#3"},"south":{"uv":[7,4.5,7.95313,4.70313],"texture":"#3"},"west":{"uv":[7,5,7.95313,5.20313],"texture":"#3"},"up":{"uv":[1.95313,6.95313,1,6],"texture":"#3"},"down":{"uv":[6.95313,1,6,1.95313],"texture":"#3"}}},{"from":[7.1,5.7,8.95],"to":[8.9,6.1,9.2],"rotation":{"angle":0,"axis":"y","origin":[8,0,8]},"faces":{"north":{"uv":[7,5.5,7.90625,5.70313],"texture":"#3"},"east":{"uv":[10.5,9,10.625,9.20313],"texture":"#3"},"south":{"uv":[7,6,7.90625,6.20313],"texture":"#3"},"west":{"uv":[9.5,10.5,9.625,10.70313],"texture":"#3"},"up":{"uv":[7.90625,8.625,7,8.5],"texture":"#3"},"down":{"uv":[8.90625,8.5,8,8.625],"texture":"#3"}}},{"from":[8.95,5.7,7.1],"to":[9.2,6.1,8.9],"rotation":{"angle":0,"axis":"y","origin":[8,0,8]},"faces":{"north":{"uv":[10.5,9.5,10.625,9.70313],"texture":"#3"},"east":{"uv":[7,6.5,7.90625,6.70313],"texture":"#3"},"south":{"uv":[10,10.5,10.125,10.70313],"texture":"#3"},"west":{"uv":[7,7,7.90625,7.20313],"texture":"#3"},"up":{"uv":[2.625,9.90625,2.5,9],"texture":"#3"},"down":{"uv":[3.125,9,3,9.90625],"texture":"#3"}}},{"from":[7.1,5.7,6.8],"to":[8.9,6.1,7.05],"rotation":{"angle":0,"axis":"y","origin":[8,0,8]},"faces":{"north":{"uv":[7.5,0,8.40625,0.20313],"texture":"#3"},"east":{"uv":[10.5,10,10.625,10.20313],"texture":"#3"},"south":{"uv":[7.5,0.5,8.40625,0.70313],"texture":"#3"},"west":{"uv":[10.5,10.5,10.625,10.70313],"texture":"#3"},"up":{"uv":[9.90625,3.125,9,3],"texture":"#3"},"down":{"uv":[4.40625,9,3.5,9.125],"texture":"#3"}}},{"from":[6.8,5.7,7.1],"to":[7.05,6.1,8.9],"rotation":{"angle":0,"axis":"y","origin":[8,0,8]},"faces":{"north":{"uv":[11,0,11.125,0.20313],"texture":"#3"},"east":{"uv":[7.5,1,8.40625,1.20313],"texture":"#3"},"south":{"uv":[0.5,11,0.625,11.20313],"texture":"#3"},"west":{"uv":[7.5,1.5,8.40625,1.70313],"texture":"#3"},"up":{"uv":[9.125,4.40625,9,3.5],"texture":"#3"},"down":{"uv":[9.125,4.5,9,5.40625],"texture":"#3"}}},{"from":[7.05,0.1,7.05],"to":[8.95,5.7,8.95],"rotation":{"angle":0,"axis":"y","origin":[8,0,8]},"faces":{"north":{"uv":[0,0,0.95313,2.79688],"texture":"#3"},"east":{"uv":[1,0,1.95313,2.79688],"texture":"#3"},"south":{"uv":[2,0,2.95313,2.79688],"texture":"#3"},"west":{"uv":[0,3,0.95313,5.79688],"texture":"#3"},"up":{"uv":[2.95313,6.95313,2,6],"texture":"#3"},"down":{"uv":[6.95313,2,6,2.95313],"texture":"#3"}}},{"from":[7.05,0.1,8.95],"to":[8.95,5.7,9.2],"rotation":{"angle":0,"axis":"y","origin":[8,0,8]},"faces":{"north":{"uv":[3,0,3.95313,2.79688],"texture":"#3"},"east":{"uv":[6,6,6.125,8.79688],"texture":"#3"},"south":{"uv":[1,3,1.95313,5.79688],"texture":"#3"},"west":{"uv":[6.5,6,6.625,8.79688],"texture":"#3"},"up":{"uv":[9.45313,2.125,8.5,2],"texture":"#3"},"down":{"uv":[3.45313,8.5,2.5,8.625],"texture":"#3"}}},{"from":[8.95,0.1,7.05],"to":[9.2,5.7,8.95],"rotation":{"angle":0,"axis":"y","origin":[8,0,8]},"faces":{"north":{"uv":[0,7,0.125,9.79688],"texture":"#3"},"east":{"uv":[2,3,2.95313,5.79688],"texture":"#3"},"south":{"uv":[7,0,7.125,2.79688],"texture":"#3"},"west":{"uv":[3,3,3.95313,5.79688],"texture":"#3"},"up":{"uv":[5.625,7.95313,5.5,7],"texture":"#3"},"down":{"uv":[5.625,8,5.5,8.95313],"texture":"#3"}}},{"from":[7.05,0.1,6.8],"to":[8.95,5.7,7.05],"rotation":{"angle":0,"axis":"y","origin":[8,0,8]},"faces":{"north":{"uv":[4,0,4.95313,2.79688],"texture":"#3"},"east":{"uv":[0.5,7,0.625,9.79688],"texture":"#3"},"south":{"uv":[4,3,4.95313,5.79688],"texture":"#3"},"west":{"uv":[1,7,1.125,9.79688],"texture":"#3"},"up":{"uv":[9.45313,2.625,8.5,2.5],"texture":"#3"},"down":{"uv":[4.45313,8.5,3.5,8.625],"texture":"#3"}}},{"from":[6.8,0.1,7.05],"to":[7.05,5.7,8.95],"rotation":{"angle":0,"axis":"y","origin":[8,0,8]},"faces":{"north":{"uv":[1.5,7,1.625,9.79688],"texture":"#3"},"east":{"uv":[5,0,5.95313,2.79688],"texture":"#3"},"south":{"uv":[2,7,2.125,9.79688],"texture":"#3"},"west":{"uv":[5,3,5.95313,5.79688],"texture":"#3"},"up":{"uv":[4.625,9.45313,4.5,8.5],"texture":"#3"},"down":{"uv":[5.125,8.5,5,9.45313],"texture":"#3"}}},{"from":[8.4,8.1,7.75],"to":[8.55,9.4,8.25],"rotation":{"angle":0,"axis":"y","origin":[8,0,8]},"faces":{"north":{"uv":[2,12.5,2.07813,13.25],"texture":"#2"},"east":{"uv":[9.5,9,9.75,9.75],"texture":"#2"},"south":{"uv":[12.5,3.5,12.57813,4.25],"texture":"#2"},"west":{"uv":[10,0,10.25,0.75],"texture":"#2"},"up":{"uv":[0.57813,15.25,0.5,15],"texture":"#2"},"down":{"uv":[15.07813,0.5,15,0.75],"texture":"#2"}}},{"from":[7.45,8.1,7.75],"to":[7.6,9.4,8.25],"rotation":{"angle":0,"axis":"y","origin":[8,0,8]},"faces":{"north":{"uv":[12.5,4.5,12.57813,5.25],"texture":"#2"},"east":{"uv":[0.5,10,0.75,10.75],"texture":"#2"},"south":{"uv":[12.5,5.5,12.57813,6.25],"texture":"#2"},"west":{"uv":[1,10,1.25,10.75],"texture":"#2"},"up":{"uv":[1.07813,15.25,1,15],"texture":"#2"},"down":{"uv":[15.07813,1,15,1.25],"texture":"#2"}}},{"from":[7.6,8.1,8.15],"to":[7.85,9.4,8.4],"rotation":{"angle":0,"axis":"y","origin":[8,0,8]},"faces":{"north":{"uv":[0,10.5,0.125,11.25],"texture":"#2"},"east":{"uv":[10.5,0,10.625,0.75],"texture":"#2"},"south":{"uv":[10.5,1,10.625,1.75],"texture":"#2"},"west":{"uv":[10.5,2,10.625,2.75],"texture":"#2"},"up":{"uv":[2.625,15.125,2.5,15],"texture":"#2"},"down":{"uv":[15.125,2.5,15,2.625],"texture":"#2"}}},{"from":[8.15,8.1,8.15],"to":[8.4,9.4,8.4],"rotation":{"angle":0,"axis":"y","origin":[8,0,8]},"faces":{"north":{"uv":[10.5,3,10.625,3.75],"texture":"#2"},"east":{"uv":[3.5,10.5,3.625,11.25],"texture":"#2"},"south":{"uv":[4,10.5,4.125,11.25],"texture":"#2"},"west":{"uv":[10.5,4,10.625,4.75],"texture":"#2"},"up":{"uv":[3.125,15.125,3,15],"texture":"#2"},"down":{"uv":[15.125,3,15,3.125],"texture":"#2"}}},{"from":[8.15,8.1,7.6],"to":[8.4,9.4,7.85],"rotation":{"angle":0,"axis":"y","origin":[8,0,8]},"faces":{"north":{"uv":[10.5,5,10.625,5.75],"texture":"#2"},"east":{"uv":[6,10.5,6.125,11.25],"texture":"#2"},"south":{"uv":[10.5,6,10.625,6.75],"texture":"#2"},"west":{"uv":[6.5,10.5,6.625,11.25],"texture":"#2"},"up":{"uv":[3.625,15.125,3.5,15],"texture":"#2"},"down":{"uv":[15.125,3.5,15,3.625],"texture":"#2"}}},{"from":[7.6,8.1,7.6],"to":[7.85,9.4,7.85],"rotation":{"angle":0,"axis":"y","origin":[8,0,8]},"faces":{"north":{"uv":[10.5,7,10.625,7.75],"texture":"#2"},"east":{"uv":[8,10.5,8.125,11.25],"texture":"#2"},"south":{"uv":[10.5,8,10.625,8.75],"texture":"#2"},"west":{"uv":[8.5,10.5,8.625,11.25],"texture":"#2"},"up":{"uv":[4.125,15.125,4,15],"texture":"#2"},"down":{"uv":[15.125,4,15,4.125],"texture":"#2"}}},{"from":[7.75,8.1,7.45],"to":[8.25,9.4,7.6],"rotation":{"angle":0,"axis":"y","origin":[8,0,8]},"faces":{"north":{"uv":[10,1,10.25,1.75],"texture":"#2"},"east":{"uv":[6,12.5,6.07813,13.25],"texture":"#2"},"south":{"uv":[10,2,10.25,2.75],"texture":"#2"},"west":{"uv":[6.5,12.5,6.57813,13.25],"texture":"#2"},"up":{"uv":[1.75,15.07813,1.5,15],"texture":"#2"},"down":{"uv":[15.25,1.5,15,1.57813],"texture":"#2"}}},{"from":[7.75,8.1,8.4],"to":[8.25,9.4,8.55],"rotation":{"angle":0,"axis":"y","origin":[8,0,8]},"faces":{"north":{"uv":[2.5,10,2.75,10.75],"texture":"#2"},"east":{"uv":[12.5,6.5,12.57813,7.25],"texture":"#2"},"south":{"uv":[3,10,3.25,10.75],"texture":"#2"},"west":{"uv":[7.5,12.5,7.57813,13.25],"texture":"#2"},"up":{"uv":[2.25,15.07813,2,15],"texture":"#2"},"down":{"uv":[15.25,2,15,2.07813],"texture":"#2"}}},{"from":[8.5,7.75,7.65],"to":[8.65,8.15,8.35],"rotation":{"angle":0,"axis":"y","origin":[8,0,8]},"faces":{"north":{"uv":[12.5,7.5,12.57813,8.25],"texture":"#2"},"east":{"uv":[8,8.5,8.34375,9.25],"texture":"#2"},"south":{"uv":[8,12.5,8.07813,13.25],"texture":"#2"},"west":{"uv":[8.5,8.5,8.84375,9.25],"texture":"#2"},"up":{"uv":[14.57813,9.34375,14.5,9],"texture":"#2"},"down":{"uv":[9.57813,14.5,9.5,14.84375],"texture":"#2"}}},{"from":[7.35,7.75,7.65],"to":[7.5,8.15,8.35],"rotation":{"angle":0,"axis":"y","origin":[8,0,8]},"faces":{"north":{"uv":[8.5,12.5,8.57813,13.25],"texture":"#2"},"east":{"uv":[0.5,9,0.84375,9.75],"texture":"#2"},"south":{"uv":[12.5,8.5,12.57813,9.25],"texture":"#2"},"west":{"uv":[1,9,1.34375,9.75],"texture":"#2"},"up":{"uv":[14.57813,9.84375,14.5,9.5],"texture":"#2"},"down":{"uv":[10.07813,14.5,10,14.84375],"texture":"#2"}}},{"from":[7.5,7.75,8.25],"to":[7.75,8.15,8.5],"rotation":{"angle":0,"axis":"y","origin":[8,0,8]},"faces":{"north":{"uv":[10.5,9.5,10.625,10.25],"texture":"#2"},"east":{"uv":[10,10.5,10.125,11.25],"texture":"#2"},"south":{"uv":[10.5,10.5,10.625,11.25],"texture":"#2"},"west":{"uv":[11,0,11.125,0.75],"texture":"#2"},"up":{"uv":[4.625,15.125,4.5,15],"texture":"#2"},"down":{"uv":[15.125,4.5,15,4.625],"texture":"#2"}}},{"from":[8.25,7.75,8.25],"to":[8.5,8.15,8.5],"rotation":{"angle":0,"axis":"y","origin":[8,0,8]},"faces":{"north":{"uv":[0.5,11,0.625,11.75],"texture":"#2"},"east":{"uv":[1,11,1.125,11.75],"texture":"#2"},"south":{"uv":[11,1,11.125,1.75],"texture":"#2"},"west":{"uv":[11,2,11.125,2.75],"texture":"#2"},"up":{"uv":[5.125,15.125,5,15],"texture":"#2"},"down":{"uv":[15.125,5,15,5.125],"texture":"#2"}}},{"from":[8.25,7.75,7.5],"to":[8.5,8.15,7.75],"rotation":{"angle":0,"axis":"y","origin":[8,0,8]},"faces":{"north":{"uv":[2.5,11,2.625,11.75],"texture":"#2"},"east":{"uv":[3,11,3.125,11.75],"texture":"#2"},"south":{"uv":[11,3,11.125,3.75],"texture":"#2"},"west":{"uv":[11,4,11.125,4.75],"texture":"#2"},"up":{"uv":[5.625,15.125,5.5,15],"texture":"#2"},"down":{"uv":[15.125,5.5,15,5.625],"texture":"#2"}}},{"from":[7.5,7.75,7.5],"to":[7.75,8.15,7.75],"rotation":{"angle":0,"axis":"y","origin":[8,0,8]},"faces":{"north":{"uv":[11,5,11.125,5.75],"texture":"#2"},"east":{"uv":[11,6,11.125,6.75],"texture":"#2"},"south":{"uv":[7,11,7.125,11.75],"texture":"#2"},"west":{"uv":[11,7,11.125,7.75],"texture":"#2"},"up":{"uv":[6.125,15.125,6,15],"texture":"#2"},"down":{"uv":[15.125,6,15,6.125],"texture":"#2"}}},{"from":[7.65,7.75,7.35],"to":[8.35,8.15,7.5],"rotation":{"angle":0,"axis":"y","origin":[8,0,8]},"faces":{"north":{"uv":[9,1,9.34375,1.75],"texture":"#2"},"east":{"uv":[9,12.5,9.07813,13.25],"texture":"#2"},"south":{"uv":[9,2,9.34375,2.75],"texture":"#2"},"west":{"uv":[9.5,12.5,9.57813,13.25],"texture":"#2"},"up":{"uv":[14.84375,10.07813,14.5,10],"texture":"#2"},"down":{"uv":[10.84375,14.5,10.5,14.57813],"texture":"#2"}}},{"from":[7.65,7.75,8.5],"to":[8.35,8.15,8.65],"rotation":{"angle":0,"axis":"y","origin":[8,0,8]},"faces":{"north":{"uv":[9,3,9.34375,3.75],"texture":"#2"},"east":{"uv":[12.5,9.5,12.57813,10.25],"texture":"#2"},"south":{"uv":[9,4,9.34375,4.75],"texture":"#2"},"west":{"uv":[10,12.5,10.07813,13.25],"texture":"#2"},"up":{"uv":[14.84375,10.57813,14.5,10.5],"texture":"#2"},"down":{"uv":[11.34375,14.5,11,14.57813],"texture":"#2"}}},{"from":[8.6,7.4,7.55],"to":[8.75,7.75,8.45],"rotation":{"angle":0,"axis":"y","origin":[8,0,8]},"faces":{"north":{"uv":[4.5,13.5,4.57813,14.125],"texture":"#2"},"east":{"uv":[8.5,1,8.95313,1.625],"texture":"#2"},"south":{"uv":[13.5,4.5,13.57813,5.125],"texture":"#2"},"west":{"uv":[8.5,2,8.95313,2.625],"texture":"#2"},"up":{"uv":[10.07813,14.45313,10,14],"texture":"#2"},"down":{"uv":[14.07813,10,14,10.45313],"texture":"#2"}}},{"from":[7.25,7.4,7.55],"to":[7.4,7.75,8.45],"rotation":{"angle":0,"axis":"y","origin":[8,0,8]},"faces":{"north":{"uv":[5,13.5,5.07813,14.125],"texture":"#2"},"east":{"uv":[8.5,3,8.95313,3.625],"texture":"#2"},"south":{"uv":[5.5,13.5,5.57813,14.125],"texture":"#2"},"west":{"uv":[8.5,4,8.95313,4.625],"texture":"#2"},"up":{"uv":[10.57813,14.45313,10.5,14],"texture":"#2"},"down":{"uv":[14.07813,10.5,14,10.95313],"texture":"#2"}}},{"from":[8.35,7.4,7.4],"to":[8.6,7.75,7.65],"rotation":{"angle":0,"axis":"y","origin":[8,0,8]},"faces":{"north":{"uv":[0,11.5,0.125,12.125],"texture":"#2"},"east":{"uv":[11.5,0,11.625,0.625],"texture":"#2"},"south":{"uv":[11.5,1,11.625,1.625],"texture":"#2"},"west":{"uv":[11.5,2,11.625,2.625],"texture":"#2"},"up":{"uv":[6.625,15.125,6.5,15],"texture":"#2"},"down":{"uv":[15.125,6.5,15,6.625],"texture":"#2"}}},{"from":[7.4,7.4,7.4],"to":[7.65,7.75,7.65],"rotation":{"angle":0,"axis":"y","origin":[8,0,8]},"faces":{"north":{"uv":[11.5,3,11.625,3.625],"texture":"#2"},"east":{"uv":[3.5,11.5,3.625,12.125],"texture":"#2"},"south":{"uv":[4,11.5,4.125,12.125],"texture":"#2"},"west":{"uv":[11.5,4,11.625,4.625],"texture":"#2"},"up":{"uv":[7.125,15.125,7,15],"texture":"#2"},"down":{"uv":[15.125,7,15,7.125],"texture":"#2"}}},{"from":[7.4,7.4,8.35],"to":[7.65,7.75,8.6],"rotation":{"angle":0,"axis":"y","origin":[8,0,8]},"faces":{"north":{"uv":[11.5,5,11.625,5.625],"texture":"#2"},"east":{"uv":[6,11.5,6.125,12.125],"texture":"#2"},"south":{"uv":[11.5,6,11.625,6.625],"texture":"#2"},"west":{"uv":[6.5,11.5,6.625,12.125],"texture":"#2"},"up":{"uv":[7.625,15.125,7.5,15],"texture":"#2"},"down":{"uv":[15.125,7.5,15,7.625],"texture":"#2"}}},{"from":[8.35,7.4,8.35],"to":[8.6,7.75,8.6],"rotation":{"angle":0,"axis":"y","origin":[8,0,8]},"faces":{"north":{"uv":[11.5,7,11.625,7.625],"texture":"#2"},"east":{"uv":[8,11.5,8.125,12.125],"texture":"#2"},"south":{"uv":[11.5,8,11.625,8.625],"texture":"#2"},"west":{"uv":[8.5,11.5,8.625,12.125],"texture":"#2"},"up":{"uv":[8.125,15.125,8,15],"texture":"#2"},"down":{"uv":[15.125,8,15,8.125],"texture":"#2"}}},{"from":[7.55,7.4,7.25],"to":[8.45,7.75,7.4],"rotation":{"angle":0,"axis":"y","origin":[8,0,8]},"faces":{"north":{"uv":[8.5,5,8.95313,5.625],"texture":"#2"},"east":{"uv":[13.5,5.5,13.57813,6.125],"texture":"#2"},"south":{"uv":[8.5,6,8.95313,6.625],"texture":"#2"},"west":{"uv":[6,13.5,6.07813,14.125],"texture":"#2"},"up":{"uv":[11.45313,14.07813,11,14],"texture":"#2"},"down":{"uv":[14.45313,11.5,14,11.57813],"texture":"#2"}}},{"from":[7.55,7.4,8.6],"to":[8.45,7.75,8.75],"rotation":{"angle":0,"axis":"y","origin":[8,0,8]},"faces":{"north":{"uv":[7,8.5,7.45313,9.125],"texture":"#2"},"east":{"uv":[6.5,13.5,6.57813,14.125],"texture":"#2"},"south":{"uv":[7.5,8.5,7.95313,9.125],"texture":"#2"},"west":{"uv":[13.5,6.5,13.57813,7.125],"texture":"#2"},"up":{"uv":[14.45313,12.07813,14,12],"texture":"#2"},"down":{"uv":[14.45313,12.5,14,12.57813],"texture":"#2"}}},{"from":[8.7,7.1,7.45],"to":[8.85,7.4,8.55],"rotation":{"angle":0,"axis":"y","origin":[8,0,8]},"faces":{"north":{"uv":[11.5,13.5,11.57813,14.04688],"texture":"#2"},"east":{"uv":[7.5,3.5,8.04688,4.04688],"texture":"#2"},"south":{"uv":[13.5,11.5,13.57813,12.04688],"texture":"#2"},"west":{"uv":[7.5,4.5,8.04688,5.04688],"texture":"#2"},"up":{"uv":[12.07813,14.04688,12,13.5],"texture":"#2"},"down":{"uv":[12.57813,13.5,12.5,14.04688],"texture":"#2"}}},{"from":[7.15,7.1,7.45],"to":[7.3,7.4,8.55],"rotation":{"angle":0,"axis":"y","origin":[8,0,8]},"faces":{"north":{"uv":[13.5,12.5,13.57813,13.04688],"texture":"#2"},"east":{"uv":[7.5,5.5,8.04688,6.04688],"texture":"#2"},"south":{"uv":[13,13.5,13.07813,14.04688],"texture":"#2"},"west":{"uv":[7.5,6.5,8.04688,7.04688],"texture":"#2"},"up":{"uv":[13.57813,14.04688,13.5,13.5],"texture":"#2"},"down":{"uv":[0.07813,14,0,14.54688],"texture":"#2"}}},{"from":[8.45,7.1,7.3],"to":[8.7,7.4,7.55],"rotation":{"angle":0,"axis":"y","origin":[8,0,8]},"faces":{"north":{"uv":[12,1,12.125,1.54688],"texture":"#2"},"east":{"uv":[12,2,12.125,2.54688],"texture":"#2"},"south":{"uv":[2.5,12,2.625,12.54688],"texture":"#2"},"west":{"uv":[3,12,3.125,12.54688],"texture":"#2"},"up":{"uv":[8.625,15.125,8.5,15],"texture":"#2"},"down":{"uv":[15.125,8.5,15,8.625],"texture":"#2"}}},{"from":[7.3,7.1,7.3],"to":[7.55,7.4,7.55],"rotation":{"angle":0,"axis":"y","origin":[8,0,8]},"faces":{"north":{"uv":[12,3,12.125,3.54688],"texture":"#2"},"east":{"uv":[12,4,12.125,4.54688],"texture":"#2"},"south":{"uv":[4.5,12,4.625,12.54688],"texture":"#2"},"west":{"uv":[5,12,5.125,12.54688],"texture":"#2"},"up":{"uv":[9.125,15.125,9,15],"texture":"#2"},"down":{"uv":[15.125,9,15,9.125],"texture":"#2"}}},{"from":[7.3,7.1,8.45],"to":[7.55,7.4,8.7],"rotation":{"angle":0,"axis":"y","origin":[8,0,8]},"faces":{"north":{"uv":[12,5,12.125,5.54688],"texture":"#2"},"east":{"uv":[5.5,12,5.625,12.54688],"texture":"#2"},"south":{"uv":[12,6,12.125,6.54688],"texture":"#2"},"west":{"uv":[7,12,7.125,12.54688],"texture":"#2"},"up":{"uv":[9.625,15.125,9.5,15],"texture":"#2"},"down":{"uv":[15.125,9.5,15,9.625],"texture":"#2"}}},{"from":[8.45,7.1,8.45],"to":[8.7,7.4,8.7],"rotation":{"angle":0,"axis":"y","origin":[8,0,8]},"faces":{"north":{"uv":[12,7,12.125,7.54688],"texture":"#2"},"east":{"uv":[12,8,12.125,8.54688],"texture":"#2"},"south":{"uv":[12,11.5,12.125,12.04688],"texture":"#2"},"west":{"uv":[0,12.5,0.125,13.04688],"texture":"#2"},"up":{"uv":[10.125,15.125,10,15],"texture":"#2"},"down":{"uv":[15.125,10,15,10.125],"texture":"#2"}}},{"from":[7.45,7.1,7.15],"to":[8.55,7.4,7.3],"rotation":{"angle":0,"axis":"y","origin":[8,0,8]},"faces":{"north":{"uv":[7,7.5,7.54688,8.04688],"texture":"#2"},"east":{"uv":[14,0,14.07813,0.54688],"texture":"#2"},"south":{"uv":[0.5,8,1.04688,8.54688],"texture":"#2"},"west":{"uv":[0.5,14,0.57813,14.54688],"texture":"#2"},"up":{"uv":[1.54688,14.07813,1,14],"texture":"#2"},"down":{"uv":[14.54688,1,14,1.07813],"texture":"#2"}}},{"from":[7.45,7.1,8.7],"to":[8.55,7.4,8.85],"rotation":{"angle":0,"axis":"y","origin":[8,0,8]},"faces":{"north":{"uv":[8,7.5,8.54688,8.04688],"texture":"#2"},"east":{"uv":[14,1.5,14.07813,2.04688],"texture":"#2"},"south":{"uv":[8.5,0,9.04688,0.54688],"texture":"#2"},"west":{"uv":[2,14,2.07813,14.54688],"texture":"#2"},"up":{"uv":[3.04688,14.07813,2.5,14],"texture":"#2"},"down":{"uv":[14.54688,2.5,14,2.57813],"texture":"#2"}}},{"from":[8.8,6.65,7.35],"to":[8.95,7.1,8.65],"rotation":{"angle":0,"axis":"y","origin":[8,0,8]},"faces":{"north":{"uv":[14.5,11,14.57813,11.32813],"texture":"#2"},"east":{"uv":[2.5,9.5,3.15625,9.82813],"texture":"#2"},"south":{"uv":[11.5,14.5,11.57813,14.82813],"texture":"#2"},"west":{"uv":[9.5,3,10.15625,3.32813],"texture":"#2"},"up":{"uv":[13.07813,6.65625,13,6],"texture":"#2"},"down":{"uv":[7.07813,13,7,13.65625],"texture":"#2"}}},{"from":[7.05,6.65,7.35],"to":[7.2,7.1,8.65],"rotation":{"angle":0,"axis":"y","origin":[8,0,8]},"faces":{"north":{"uv":[14.5,11.5,14.57813,11.82813],"texture":"#2"},"east":{"uv":[3.5,9.5,4.15625,9.82813],"texture":"#2"},"south":{"uv":[12,14.5,12.07813,14.82813],"texture":"#2"},"west":{"uv":[9.5,3.5,10.15625,3.82813],"texture":"#2"},"up":{"uv":[13.07813,7.65625,13,7],"texture":"#2"},"down":{"uv":[13.07813,8,13,8.65625],"texture":"#2"}}},{"from":[7.2,6.65,8.55],"to":[7.45,7.1,8.8],"rotation":{"angle":0,"axis":"y","origin":[8,0,8]},"faces":{"north":{"uv":[3.5,14,3.625,14.32813],"texture":"#2"},"east":{"uv":[4,14,4.125,14.32813],"texture":"#2"},"south":{"uv":[14,4.5,14.125,4.82813],"texture":"#2"},"west":{"uv":[14,5,14.125,5.32813],"texture":"#2"},"up":{"uv":[10.625,15.125,10.5,15],"texture":"#2"},"down":{"uv":[15.125,10.5,15,10.625],"texture":"#2"}}},{"from":[8.55,6.65,8.55],"to":[8.8,7.1,8.8],"rotation":{"angle":0,"axis":"y","origin":[8,0,8]},"faces":{"north":{"uv":[14,5.5,14.125,5.82813],"texture":"#2"},"east":{"uv":[14,6,14.125,6.32813],"texture":"#2"},"south":{"uv":[14,6.5,14.125,6.82813],"texture":"#2"},"west":{"uv":[7,14,7.125,14.32813],"texture":"#2"},"up":{"uv":[11.125,15.125,11,15],"texture":"#2"},"down":{"uv":[15.125,11,15,11.125],"texture":"#2"}}},{"from":[8.55,6.65,7.2],"to":[8.8,7.1,7.45],"rotation":{"angle":0,"axis":"y","origin":[8,0,8]},"faces":{"north":{"uv":[14,7,14.125,7.32813],"texture":"#2"},"east":{"uv":[7.5,14,7.625,14.32813],"texture":"#2"},"south":{"uv":[8,14,8.125,14.32813],"texture":"#2"},"west":{"uv":[8.5,14,8.625,14.32813],"texture":"#2"},"up":{"uv":[11.625,15.125,11.5,15],"texture":"#2"},"down":{"uv":[15.125,11.5,15,11.625],"texture":"#2"}}},{"from":[7.2,6.65,7.2],"to":[7.45,7.1,7.45],"rotation":{"angle":0,"axis":"y","origin":[8,0,8]},"faces":{"north":{"uv":[9,14,9.125,14.32813],"texture":"#2"},"east":{"uv":[14,9,14.125,9.32813],"texture":"#2"},"south":{"uv":[9.5,14,9.625,14.32813],"texture":"#2"},"west":{"uv":[14,9.5,14.125,9.82813],"texture":"#2"},"up":{"uv":[12.125,15.125,12,15],"texture":"#2"},"down":{"uv":[15.125,12,15,12.125],"texture":"#2"}}},{"from":[7.35,6.65,7.05],"to":[8.65,7.1,7.2],"rotation":{"angle":0,"axis":"y","origin":[8,0,8]},"faces":{"north":{"uv":[9.5,4,10.15625,4.32813],"texture":"#2"},"east":{"uv":[14.5,12,14.57813,12.32813],"texture":"#2"},"south":{"uv":[9.5,4.5,10.15625,4.82813],"texture":"#2"},"west":{"uv":[12.5,14.5,12.57813,14.82813],"texture":"#2"},"up":{"uv":[13.65625,9.07813,13,9],"texture":"#2"},"down":{"uv":[13.65625,9.5,13,9.57813],"texture":"#2"}}},{"from":[7.35,6.65,8.8],"to":[8.65,7.1,8.95],"rotation":{"angle":0,"axis":"y","origin":[8,0,8]},"faces":{"north":{"uv":[9.5,5,10.15625,5.32813],"texture":"#2"},"east":{"uv":[14.5,12.5,14.57813,12.82813],"texture":"#2"},"south":{"uv":[9.5,5.5,10.15625,5.82813],"texture":"#2"},"west":{"uv":[13,14.5,13.07813,14.82813],"texture":"#2"},"up":{"uv":[13.65625,10.07813,13,10],"texture":"#2"},"down":{"uv":[13.65625,10.5,13,10.57813],"texture":"#2"}}},{"from":[8.9,6.45,7.25],"to":[9.05,6.65,8.75],"rotation":{"angle":0,"axis":"y","origin":[8,0,8]},"faces":{"north":{"uv":[14.5,13,14.57813,13.28125],"texture":"#2"},"east":{"uv":[9.5,6,10.25,6.28125],"texture":"#2"},"south":{"uv":[13.5,14.5,13.57813,14.78125],"texture":"#2"},"west":{"uv":[9.5,6.5,10.25,6.78125],"texture":"#2"},"up":{"uv":[10.57813,13.25,10.5,12.5],"texture":"#2"},"down":{"uv":[12.57813,10.5,12.5,11.25],"texture":"#2"}}},{"from":[6.95,6.45,7.25],"to":[7.1,6.65,8.75],"rotation":{"angle":0,"axis":"y","origin":[8,0,8]},"faces":{"north":{"uv":[14.5,13.5,14.57813,13.78125],"texture":"#2"},"east":{"uv":[7,9.5,7.75,9.78125],"texture":"#2"},"south":{"uv":[14,14.5,14.07813,14.78125],"texture":"#2"},"west":{"uv":[9.5,7,10.25,7.28125],"texture":"#2"},"up":{"uv":[11.07813,13.25,11,12.5],"texture":"#2"},"down":{"uv":[11.57813,12.5,11.5,13.25],"texture":"#2"}}},{"from":[7.1,6.45,8.65],"to":[7.35,6.65,8.9],"rotation":{"angle":0,"axis":"y","origin":[8,0,8]},"faces":{"north":{"uv":[14.5,2,14.625,2.28125],"texture":"#2"},"east":{"uv":[2.5,14.5,2.625,14.78125],"texture":"#2"},"south":{"uv":[3,14.5,3.125,14.78125],"texture":"#2"},"west":{"uv":[3.5,14.5,3.625,14.78125],"texture":"#2"},"up":{"uv":[12.625,15.125,12.5,15],"texture":"#2"},"down":{"uv":[15.125,12.5,15,12.625],"texture":"#2"}}},{"from":[8.65,6.45,8.65],"to":[8.9,6.65,8.9],"rotation":{"angle":0,"axis":"y","origin":[8,0,8]},"faces":{"north":{"uv":[4,14.5,4.125,14.78125],"texture":"#2"},"east":{"uv":[4.5,14.5,4.625,14.78125],"texture":"#2"},"south":{"uv":[14.5,4.5,14.625,4.78125],"texture":"#2"},"west":{"uv":[5,14.5,5.125,14.78125],"texture":"#2"},"up":{"uv":[13.125,15.125,13,15],"texture":"#2"},"down":{"uv":[15.125,13,15,13.125],"texture":"#2"}}},{"from":[8.65,6.45,7.1],"to":[8.9,6.65,7.35],"rotation":{"angle":0,"axis":"y","origin":[8,0,8]},"faces":{"north":{"uv":[14.5,5,14.625,5.28125],"texture":"#2"},"east":{"uv":[5.5,14.5,5.625,14.78125],"texture":"#2"},"south":{"uv":[14.5,5.5,14.625,5.78125],"texture":"#2"},"west":{"uv":[6,14.5,6.125,14.78125],"texture":"#2"},"up":{"uv":[13.625,15.125,13.5,15],"texture":"#2"},"down":{"uv":[15.125,13.5,15,13.625],"texture":"#2"}}},{"from":[7.1,6.45,7.1],"to":[7.35,6.65,7.35],"rotation":{"angle":0,"axis":"y","origin":[8,0,8]},"faces":{"north":{"uv":[14.5,6,14.625,6.28125],"texture":"#2"},"east":{"uv":[6.5,14.5,6.625,14.78125],"texture":"#2"},"south":{"uv":[14.5,6.5,14.625,6.78125],"texture":"#2"},"west":{"uv":[7,14.5,7.125,14.78125],"texture":"#2"},"up":{"uv":[14.125,15.125,14,15],"texture":"#2"},"down":{"uv":[15.125,14,15,14.125],"texture":"#2"}}},{"from":[7.25,6.45,6.95],"to":[8.75,6.65,7.1],"rotation":{"angle":0,"axis":"y","origin":[8,0,8]},"faces":{"north":{"uv":[9.5,7.5,10.25,7.78125],"texture":"#2"},"east":{"uv":[14.5,14,14.57813,14.28125],"texture":"#2"},"south":{"uv":[8,9.5,8.75,9.78125],"texture":"#2"},"west":{"uv":[14.5,14.5,14.57813,14.78125],"texture":"#2"},"up":{"uv":[13.25,11.57813,12.5,11.5],"texture":"#2"},"down":{"uv":[12.75,12.5,12,12.57813],"texture":"#2"}}},{"from":[7.25,6.45,8.9],"to":[8.75,6.65,9.05],"rotation":{"angle":0,"axis":"y","origin":[8,0,8]},"faces":{"north":{"uv":[9.5,8,10.25,8.28125],"texture":"#2"},"east":{"uv":[0,15,0.07813,15.28125],"texture":"#2"},"south":{"uv":[9.5,8.5,10.25,8.78125],"texture":"#2"},"west":{"uv":[15,0,15.07813,0.28125],"texture":"#2"},"up":{"uv":[13.25,12.07813,12.5,12],"texture":"#2"},"down":{"uv":[13.75,0,13,0.07813],"texture":"#2"}}},{"from":[9,6.15,7.15],"to":[9.15,6.45,8.85],"rotation":{"angle":0,"axis":"y","origin":[8,0,8]},"faces":{"north":{"uv":[14.5,7,14.57813,7.40625],"texture":"#2"},"east":{"uv":[7.5,0,8.34375,0.40625],"texture":"#2"},"south":{"uv":[7.5,14.5,7.57813,14.90625],"texture":"#2"},"west":{"uv":[0.5,7.5,1.34375,7.90625],"texture":"#2"},"up":{"uv":[0.57813,13.34375,0.5,12.5],"texture":"#2"},"down":{"uv":[1.07813,12.5,1,13.34375],"texture":"#2"}}},{"from":[6.85,6.15,7.15],"to":[7,6.45,8.85],"rotation":{"angle":0,"axis":"y","origin":[8,0,8]},"faces":{"north":{"uv":[14.5,7.5,14.57813,7.90625],"texture":"#2"},"east":{"uv":[7.5,0.5,8.34375,0.90625],"texture":"#2"},"south":{"uv":[8,14.5,8.07813,14.90625],"texture":"#2"},"west":{"uv":[7.5,1,8.34375,1.40625],"texture":"#2"},"up":{"uv":[12.57813,1.84375,12.5,1],"texture":"#2"},"down":{"uv":[1.57813,12.5,1.5,13.34375],"texture":"#2"}}},{"from":[8.75,6.15,7],"to":[9,6.45,7.25],"rotation":{"angle":0,"axis":"y","origin":[8,0,8]},"faces":{"north":{"uv":[13,11,13.125,11.40625],"texture":"#2"},"east":{"uv":[12,13,12.125,13.40625],"texture":"#2"},"south":{"uv":[12.5,13,12.625,13.40625],"texture":"#2"},"west":{"uv":[13,12.5,13.125,12.90625],"texture":"#2"},"up":{"uv":[14.625,15.125,14.5,15],"texture":"#2"},"down":{"uv":[15.125,14.5,15,14.625],"texture":"#2"}}},{"from":[7,6.15,7],"to":[7.25,6.45,7.25],"rotation":{"angle":0,"axis":"y","origin":[8,0,8]},"faces":{"north":{"uv":[13,13,13.125,13.40625],"texture":"#2"},"east":{"uv":[0,13.5,0.125,13.90625],"texture":"#2"},"south":{"uv":[0.5,13.5,0.625,13.90625],"texture":"#2"},"west":{"uv":[13.5,0.5,13.625,0.90625],"texture":"#2"},"up":{"uv":[15.125,15.125,15,15],"texture":"#2"},"down":{"uv":[0.125,15.5,0,15.625],"texture":"#2"}}},{"from":[7,6.15,8.75],"to":[7.25,6.45,9],"rotation":{"angle":0,"axis":"y","origin":[8,0,8]},"faces":{"north":{"uv":[1,13.5,1.125,13.90625],"texture":"#2"},"east":{"uv":[13.5,1,13.625,1.40625],"texture":"#2"},"south":{"uv":[1.5,13.5,1.625,13.90625],"texture":"#2"},"west":{"uv":[13.5,1.5,13.625,1.90625],"texture":"#2"},"up":{"uv":[15.625,0.125,15.5,0],"texture":"#2"},"down":{"uv":[0.625,15.5,0.5,15.625],"texture":"#2"}}},{"from":[8.75,6.15,8.75],"to":[9,6.45,9],"rotation":{"angle":0,"axis":"y","origin":[8,0,8]},"faces":{"north":{"uv":[2,13.5,2.125,13.90625],"texture":"#2"},"east":{"uv":[13.5,2,13.625,2.40625],"texture":"#2"},"south":{"uv":[2.5,13.5,2.625,13.90625],"texture":"#2"},"west":{"uv":[13.5,2.5,13.625,2.90625],"texture":"#2"},"up":{"uv":[15.625,0.625,15.5,0.5],"texture":"#2"},"down":{"uv":[1.125,15.5,1,15.625],"texture":"#2"}}},{"from":[7.15,6.15,6.85],"to":[8.85,6.45,7],"rotation":{"angle":0,"axis":"y","origin":[8,0,8]},"faces":{"north":{"uv":[7.5,1.5,8.34375,1.90625],"texture":"#2"},"east":{"uv":[14.5,8,14.57813,8.40625],"texture":"#2"},"south":{"uv":[7.5,2,8.34375,2.40625],"texture":"#2"},"west":{"uv":[8.5,14.5,8.57813,14.90625],"texture":"#2"},"up":{"uv":[13.34375,2.07813,12.5,2],"texture":"#2"},"down":{"uv":[13.34375,2.5,12.5,2.57813],"texture":"#2"}}},{"from":[7.15,6.15,9],"to":[8.85,6.45,9.15],"rotation":{"angle":0,"axis":"y","origin":[8,0,8]},"faces":{"north":{"uv":[7.5,2.5,8.34375,2.90625],"texture":"#2"},"east":{"uv":[14.5,8.5,14.57813,8.90625],"texture":"#2"},"south":{"uv":[7.5,3,8.34375,3.40625],"texture":"#2"},"west":{"uv":[9,14.5,9.07813,14.90625],"texture":"#2"},"up":{"uv":[13.34375,3.07813,12.5,3],"texture":"#2"},"down":{"uv":[4.34375,12.5,3.5,12.57813],"texture":"#2"}}},{"from":[9.1,5.7,7.05],"to":[9.25,6.15,8.95],"rotation":{"angle":0,"axis":"y","origin":[8,0,8]},"faces":{"north":{"uv":[14,13,14.07813,13.45313],"texture":"#2"},"east":{"uv":[1.5,6,2.45313,6.45313],"texture":"#2"},"south":{"uv":[14,13.5,14.07813,13.95313],"texture":"#2"},"west":{"uv":[6,1.5,6.95313,1.95313],"texture":"#2"},"up":{"uv":[10.07813,12.45313,10,11.5],"texture":"#2"},"down":{"uv":[10.57813,11.5,10.5,12.45313],"texture":"#2"}}},{"from":[6.75,5.7,7.05],"to":[6.9,6.15,8.95],"rotation":{"angle":0,"axis":"y","origin":[8,0,8]},"faces":{"north":{"uv":[14,14,14.07813,14.45313],"texture":"#2"},"east":{"uv":[6,2,6.95313,2.45313],"texture":"#2"},"south":{"uv":[14.5,0,14.57813,0.45313],"texture":"#2"},"west":{"uv":[2.5,6,3.45313,6.45313],"texture":"#2"},"up":{"uv":[11.07813,12.45313,11,11.5],"texture":"#2"},"down":{"uv":[11.57813,11.5,11.5,12.45313],"texture":"#2"}}},{"from":[7.05,5.7,6.75],"to":[8.95,6.15,6.9],"rotation":{"angle":0,"axis":"y","origin":[8,0,8]},"faces":{"north":{"uv":[6,2.5,6.95313,2.95313],"texture":"#2"},"east":{"uv":[14.5,0.5,14.57813,0.95313],"texture":"#2"},"south":{"uv":[6,3,6.95313,3.45313],"texture":"#2"},"west":{"uv":[1,14.5,1.07813,14.95313],"texture":"#2"},"up":{"uv":[12.45313,9.07813,11.5,9],"texture":"#2"},"down":{"uv":[12.95313,0,12,0.07813],"texture":"#2"}}},{"from":[6.9,5.7,6.9],"to":[7.15,6.15,7.15],"rotation":{"angle":0,"axis":"y","origin":[8,0,8]},"faces":{"north":{"uv":[8.5,7,8.625,7.45313],"texture":"#2"},"east":{"uv":[13,0.5,13.125,0.95313],"texture":"#2"},"south":{"uv":[13,1,13.125,1.45313],"texture":"#2"},"west":{"uv":[13,1.5,13.125,1.95313],"texture":"#2"},"up":{"uv":[15.625,1.125,15.5,1],"texture":"#2"},"down":{"uv":[1.625,15.5,1.5,15.625],"texture":"#2"}}},{"from":[8.85,5.7,8.85],"to":[9.1,6.15,9.1],"rotation":{"angle":0,"axis":"y","origin":[8,0,8]},"faces":{"north":{"uv":[2.5,13,2.625,13.45313],"texture":"#2"},"east":{"uv":[3,13,3.125,13.45313],"texture":"#2"},"south":{"uv":[3.5,13,3.625,13.45313],"texture":"#2"},"west":{"uv":[13,3.5,13.125,3.95313],"texture":"#2"},"up":{"uv":[15.625,1.625,15.5,1.5],"texture":"#2"},"down":{"uv":[2.125,15.5,2,15.625],"texture":"#2"}}},{"from":[6.9,5.7,8.85],"to":[7.15,6.15,9.1],"rotation":{"angle":0,"axis":"y","origin":[8,0,8]},"faces":{"north":{"uv":[4,13,4.125,13.45313],"texture":"#2"},"east":{"uv":[13,4,13.125,4.45313],"texture":"#2"},"south":{"uv":[4.5,13,4.625,13.45313],"texture":"#2"},"west":{"uv":[13,4.5,13.125,4.95313],"texture":"#2"},"up":{"uv":[15.625,2.125,15.5,2],"texture":"#2"},"down":{"uv":[2.625,15.5,2.5,15.625],"texture":"#2"}}},{"from":[8.85,5.7,6.9],"to":[9.1,6.15,7.15],"rotation":{"angle":0,"axis":"y","origin":[8,0,8]},"faces":{"north":{"uv":[5,13,5.125,13.45313],"texture":"#2"},"east":{"uv":[13,5,13.125,5.45313],"texture":"#2"},"south":{"uv":[5.5,13,5.625,13.45313],"texture":"#2"},"west":{"uv":[13,5.5,13.125,5.95313],"texture":"#2"},"up":{"uv":[15.625,2.625,15.5,2.5],"texture":"#2"},"down":{"uv":[3.125,15.5,3,15.625],"texture":"#2"}}},{"from":[7.05,5.7,9.1],"to":[8.95,6.15,9.25],"rotation":{"angle":0,"axis":"y","origin":[8,0,8]},"faces":{"north":{"uv":[3.5,6,4.45313,6.45313],"texture":"#2"},"east":{"uv":[1.5,14.5,1.57813,14.95313],"texture":"#2"},"south":{"uv":[6,3.5,6.95313,3.95313],"texture":"#2"},"west":{"uv":[14.5,1.5,14.57813,1.95313],"texture":"#2"},"up":{"uv":[1.45313,12.07813,0.5,12],"texture":"#2"},"down":{"uv":[12.95313,0.5,12,0.57813],"texture":"#2"}}},{"from":[9.2,0.1,6.95],"to":[9.35,5.7,9.05],"rotation":{"angle":0,"axis":"y","origin":[8,0,8]},"faces":{"north":{"uv":[4.5,9,4.57813,11.79688],"texture":"#2"},"east":{"uv":[0,0,1.04688,2.79688],"texture":"#2"},"south":{"uv":[5,9,5.07813,11.79688],"texture":"#2"},"west":{"uv":[1.5,0,2.54688,2.79688],"texture":"#2"},"up":{"uv":[7.57813,12.04688,7.5,11],"texture":"#2"},"down":{"uv":[11.07813,8,11,9.04688],"texture":"#2"}}},{"from":[6.65,0.1,6.95],"to":[6.8,5.7,9.05],"rotation":{"angle":0,"axis":"y","origin":[8,0,8]},"faces":{"north":{"uv":[9,5,9.07813,7.79688],"texture":"#2"},"east":{"uv":[0,3,1.04688,5.79688],"texture":"#2"},"south":{"uv":[5.5,9,5.57813,11.79688],"texture":"#2"},"west":{"uv":[3,0,4.04688,2.79688],"texture":"#2"},"up":{"uv":[9.07813,12.04688,9,11],"texture":"#2"},"down":{"uv":[9.57813,11,9.5,12.04688],"texture":"#2"}}},{"from":[8.95,0.1,6.8],"to":[9.2,5.7,7.05],"rotation":{"angle":0,"axis":"y","origin":[8,0,8]},"faces":{"north":{"uv":[6,4,6.125,6.79688],"texture":"#2"},"east":{"uv":[4.5,6,4.625,8.79688],"texture":"#2"},"south":{"uv":[5,6,5.125,8.79688],"texture":"#2"},"west":{"uv":[5.5,6,5.625,8.79688],"texture":"#2"},"up":{"uv":[15.625,3.125,15.5,3],"texture":"#2"},"down":{"uv":[3.625,15.5,3.5,15.625],"texture":"#2"}}},{"from":[6.8,0.1,6.8],"to":[7.05,5.7,7.05],"rotation":{"angle":0,"axis":"y","origin":[8,0,8]},"faces":{"north":{"uv":[1.5,6.5,1.625,9.29688],"texture":"#2"},"east":{"uv":[2,6.5,2.125,9.29688],"texture":"#2"},"south":{"uv":[2.5,6.5,2.625,9.29688],"texture":"#2"},"west":{"uv":[3,6.5,3.125,9.29688],"texture":"#2"},"up":{"uv":[15.625,3.625,15.5,3.5],"texture":"#2"},"down":{"uv":[4.125,15.5,4,15.625],"texture":"#2"}}},{"from":[6.8,0.1,8.95],"to":[7.05,5.7,9.2],"rotation":{"angle":0,"axis":"y","origin":[8,0,8]},"faces":{"north":{"uv":[3.5,6.5,3.625,9.29688],"texture":"#2"},"east":{"uv":[4,6.5,4.125,9.29688],"texture":"#2"},"south":{"uv":[6.5,4,6.625,6.79688],"texture":"#2"},"west":{"uv":[7,1.5,7.125,4.29688],"texture":"#2"},"up":{"uv":[15.625,4.125,15.5,4],"texture":"#2"},"down":{"uv":[4.625,15.5,4.5,15.625],"texture":"#2"}}},{"from":[8.95,0.1,8.95],"to":[9.2,5.7,9.2],"rotation":{"angle":0,"axis":"y","origin":[8,0,8]},"faces":{"north":{"uv":[7,4.5,7.125,7.29688],"texture":"#2"},"east":{"uv":[6,7,6.125,9.79688],"texture":"#2"},"south":{"uv":[6.5,7,6.625,9.79688],"texture":"#2"},"west":{"uv":[0,7.5,0.125,10.29688],"texture":"#2"},"up":{"uv":[15.625,4.625,15.5,4.5],"texture":"#2"},"down":{"uv":[5.125,15.5,5,15.625],"texture":"#2"}}},{"from":[6.95,0.1,6.65],"to":[9.05,5.7,6.8],"rotation":{"angle":0,"axis":"y","origin":[8,0,8]},"faces":{"north":{"uv":[1.5,3,2.54688,5.79688],"texture":"#2"},"east":{"uv":[9,8,9.07813,10.79688],"texture":"#2"},"south":{"uv":[3,3,4.04688,5.79688],"texture":"#2"},"west":{"uv":[9.5,0,9.57813,2.79688],"texture":"#2"},"up":{"uv":[12.04688,9.57813,11,9.5],"texture":"#2"},"down":{"uv":[12.04688,10,11,10.07813],"texture":"#2"}}},{"from":[6.95,0.1,9.2],"to":[9.05,5.7,9.35],"rotation":{"angle":0,"axis":"y","origin":[8,0,8]},"faces":{"north":{"uv":[4.5,0,5.54688,2.79688],"texture":"#2"},"east":{"uv":[1.5,9.5,1.57813,12.29688],"texture":"#2"},"south":{"uv":[4.5,3,5.54688,5.79688],"texture":"#2"},"west":{"uv":[2,9.5,2.07813,12.29688],"texture":"#2"},"up":{"uv":[12.04688,10.57813,11,10.5],"texture":"#2"},"down":{"uv":[12.04688,11,11,11.07813],"texture":"#2"}}},{"from":[6.95,0,6.95],"to":[9.05,0.1,9.05],"rotation":{"angle":0,"axis":"y","origin":[8,0,8]},"faces":{"north":{"uv":[3,13.5,4.04688,13.54688],"texture":"#2"},"east":{"uv":[13.5,3,14.54688,3.04688],"texture":"#2"},"south":{"uv":[13.5,3.5,14.54688,3.54688],"texture":"#2"},"west":{"uv":[13.5,4,14.54688,4.04688],"texture":"#2"},"up":{"uv":[1.04688,7.04688,0,6],"texture":"#2"},"down":{"uv":[7.04688,0,6,1.04688],"texture":"#2"}}},{"from":[7.05,0,9.05],"to":[8.95,0.1,9.3],"rotation":{"angle":0,"axis":"y","origin":[8,0,8]},"faces":{"north":{"uv":[7.5,13.5,8.45313,13.54688],"texture":"#2"},"east":{"uv":[15.5,5,15.625,5.04688],"texture":"#2"},"south":{"uv":[13.5,7.5,14.45313,7.54688],"texture":"#2"},"west":{"uv":[5.5,15.5,5.625,15.54688],"texture":"#2"},"up":{"uv":[4.45313,10.125,3.5,10],"texture":"#2"},"down":{"uv":[6.95313,10,6,10.125],"texture":"#2"}}},{"from":[9.05,0,7.05],"to":[9.3,0.1,8.95],"rotation":{"angle":0,"axis":"y","origin":[8,0,8]},"faces":{"north":{"uv":[15.5,5.5,15.625,5.54688],"texture":"#2"},"east":{"uv":[13.5,8,14.45313,8.04688],"texture":"#2"},"south":{"uv":[6,15.5,6.125,15.54688],"texture":"#2"},"west":{"uv":[8.5,13.5,9.45313,13.54688],"texture":"#2"},"up":{"uv":[7.125,10.95313,7,10],"texture":"#2"},"down":{"uv":[7.625,10,7.5,10.95313],"texture":"#2"}}},{"from":[7.05,0,6.7],"to":[8.95,0.1,6.95],"rotation":{"angle":0,"axis":"y","origin":[8,0,8]},"faces":{"north":{"uv":[13.5,8.5,14.45313,8.54688],"texture":"#2"},"east":{"uv":[15.5,6,15.625,6.04688],"texture":"#2"},"south":{"uv":[9.5,13.5,10.45313,13.54688],"texture":"#2"},"west":{"uv":[6.5,15.5,6.625,15.54688],"texture":"#2"},"up":{"uv":[8.95313,10.125,8,10],"texture":"#2"},"down":{"uv":[10.95313,9,10,9.125],"texture":"#2"}}},{"from":[6.7,0,7.05],"to":[6.95,0.1,8.95],"rotation":{"angle":0,"axis":"y","origin":[8,0,8]},"faces":{"north":{"uv":[15.5,6.5,15.625,6.54688],"texture":"#2"},"east":{"uv":[10.5,13.5,11.45313,13.54688],"texture":"#2"},"south":{"uv":[7,15.5,7.125,15.54688],"texture":"#2"},"west":{"uv":[13.5,11,14.45313,11.04688],"texture":"#2"},"up":{"uv":[9.625,10.95313,9.5,10],"texture":"#2"},"down":{"uv":[10.125,9.5,10,10.45313],"texture":"#2"}}}],"display":{"thirdperson_righthand":{"translation":[0,-1.5,1],"scale":[1.28,1.28,1.28]},"thirdperson_lefthand":{"translation":[0,-1.5,1],"scale":[0.99,0.99,0.99]},"firstperson_righthand":{"rotation":[180,-126,180],"translation":[-1.25,10,4],"scale":[0.98,0.98,0.98]},"firstperson_lefthand":{"rotation":[180,-126,180],"translation":[-1.25,10,4],"scale":[0.98,0.98,0.98]},"ground":{"translation":[0,6.75,0],"scale":[1.54,1.54,1.54]},"gui":{"rotation":[-12.78,-23.88,-30.24],"translation":[2.75,3.75,0],"scale":[1.48,1.48,1.48]},"head":{"rotation":[0,180,0],"translation":[0,15,0]},"fixed":{"rotation":[-90,180,0],"translation":[0,-0.5,-24.5],"scale":[3.06,3.06,3.06]}},"groups":[{"name":"group","origin":[8,8,8],"color":0,"children":[{"name":"group","origin":[8,0,8],"color":0,"children":[0,1,2,3,4,5,6,7]},{"name":"group","origin":[8,0,8],"color":0,"children":[8,9,10,11,12]},{"name":"group","origin":[8,0,8],"color":0,"children":[13,14,15,16,17,18,19,20]}]},21,{"name":"group","origin":[8,8,8],"color":0,"children":[{"name":"group","origin":[8,0,8],"color":0,"children":[22,23,24,25,26]},{"name":"group","origin":[8,0,8],"color":0,"children":[27,28,29,30,31]},{"name":"group","origin":[8,0,8],"color":0,"children":[32,33,34,35,36]},{"name":"group","origin":[8,0,8],"color":0,"children":[37,38,39,40,41]},{"name":"group","origin":[8,0,8],"color":0,"children":[42,43,44,45,46]},{"name":"group","origin":[8,0,8],"color":0,"children":[47,48,49,50,51]},{"name":"group","origin":[8,0,8],"color":0,"children":[52,53,54,55,56]},{"name":"group","origin":[8,0,8],"color":0,"children":[57,58,59,60,61]}]},{"name":"group","origin":[8,8,8],"color":0,"children":[{"name":"group","origin":[8,0,8],"color":0,"children":[62,63,64,65,66,67,68,69]},{"name":"group","origin":[8,0,8],"color":0,"children":[70,71,72,73,74,75,76,77]},{"name":"group","origin":[8,0,8],"color":0,"children":[78,79,80,81,82,83,84,85]},{"name":"group","origin":[8,0,8],"color":0,"children":[86,87,88,89,90,91,92,93]},{"name":"group","origin":[8,0,8],"color":0,"children":[94,95,96,97,98,99,100,101]},{"name":"group","origin":[8,0,8],"color":0,"children":[102,103,104,105,106,107,108,109]},{"name":"group","origin":[8,0,8],"color":0,"children":[110,111,112,113,114,115,116,117]},{"name":"group","origin":[8,0,8],"color":0,"children":[118,119,120,121,122,123,124,125]},{"name":"group","origin":[8,0,8],"color":0,"children":[126,127,128,129,130,131,132,133]},{"name":"group","origin":[8,0,8],"color":0,"children":[134,135,136,137,138]}]}]}