{"credit":"Made with Blockbench","textures":{"0":"politmine/item/brewery/grappa/krishkagrappa","1":"politmine/item/brewery/grappa/steklograppa","2":"politmine/item/brewery/grappa/bumagagrappa","3":"politmine/item/brewery/grappa/shidkostgrappa","4":"politmine/item/brewery/grappa/medalgrappa","particle":"politmine/item/brewery/grappa/krishkagrappa"},"elements":[{"from":[8.5,13.75,7.75],"to":[8.55,14.45,8.25],"rotation":{"angle":0,"axis":"y","origin":[8,0,8]},"faces":{"north":{"uv":[5,6,5.25,6.75],"texture":"#0"},"east":{"uv":[4,4,4.5,4.75],"texture":"#0"},"south":{"uv":[6,4,6.25,4.75],"texture":"#0"},"west":{"uv":[4,3,4.5,3.75],"texture":"#0"},"up":{"uv":[11.25,0.5,11,0],"rotation":180,"texture":"#0"},"down":{"uv":[1.25,11,1,11.5],"rotation":180,"texture":"#0"}}},{"from":[7.45,13.75,7.75],"to":[7.5,14.45,8.25],"rotation":{"angle":0,"axis":"y","origin":[8,0,8]},"faces":{"north":{"uv":[6,6,6.25,6.75],"texture":"#0"},"east":{"uv":[5,1,5.5,1.75],"texture":"#0"},"south":{"uv":[6,5,6.25,5.75],"texture":"#0"},"west":{"uv":[5,0,5.5,0.75],"texture":"#0"},"up":{"uv":[11.25,1.5,11,1],"rotation":180,"texture":"#0"},"down":{"uv":[2.25,11,2,11.5],"rotation":180,"texture":"#0"}}},{"from":[7.6,13.75,8.25],"to":[7.65,14.45,8.4],"rotation":{"angle":0,"axis":"y","origin":[8,0,8]},"faces":{"north":{"uv":[7,2,7.25,2.75],"texture":"#0"},"east":{"uv":[7,3,7.25,3.75],"texture":"#0"},"south":{"uv":[7,0,7.25,0.75],"texture":"#0"},"west":{"uv":[7,1,7.25,1.75],"texture":"#0"},"up":{"uv":[11.25,8.25,11,8],"rotation":180,"texture":"#0"},"down":{"uv":[9.25,11,9,11.25],"rotation":180,"texture":"#0"}}},{"from":[8.25,13.75,7.6],"to":[8.35,14.45,7.65],"rotation":{"angle":0,"axis":"y","origin":[8,0,8]},"faces":{"north":{"uv":[7,5,7.25,5.75],"texture":"#0"},"east":{"uv":[6,7,6.25,7.75],"texture":"#0"},"south":{"uv":[7,4,7.25,4.75],"texture":"#0"},"west":{"uv":[5,7,5.25,7.75],"texture":"#0"},"up":{"uv":[11.25,9.25,11,9],"rotation":180,"texture":"#0"},"down":{"uv":[10.25,11,10,11.25],"rotation":180,"texture":"#0"}}},{"from":[7.65,13.75,7.6],"to":[7.75,14.45,7.65],"rotation":{"angle":0,"axis":"y","origin":[8,0,8]},"faces":{"north":{"uv":[0,8,0.25,8.75],"texture":"#0"},"east":{"uv":[8,0,8.25,0.75],"texture":"#0"},"south":{"uv":[7,6,7.25,6.75],"texture":"#0"},"west":{"uv":[7,7,7.25,7.75],"texture":"#0"},"up":{"uv":[11.25,10.25,11,10],"rotation":180,"texture":"#0"},"down":{"uv":[11.25,11,11,11.25],"rotation":180,"texture":"#0"}}},{"from":[7.5,13.75,7.7],"to":[7.6,14.45,7.75],"rotation":{"angle":0,"axis":"y","origin":[8,0,8]},"faces":{"north":{"uv":[2,8,2.25,8.75],"texture":"#0"},"east":{"uv":[8,2,8.25,2.75],"texture":"#0"},"south":{"uv":[1,8,1.25,8.75],"texture":"#0"},"west":{"uv":[8,1,8.25,1.75],"texture":"#0"},"up":{"uv":[0.25,12.25,0,12],"rotation":180,"texture":"#0"},"down":{"uv":[12.25,0,12,0.25],"rotation":180,"texture":"#0"}}},{"from":[7.5,13.75,8.25],"to":[7.6,14.45,8.3],"rotation":{"angle":0,"axis":"y","origin":[8,0,8]},"faces":{"north":{"uv":[4,8,4.25,8.75],"texture":"#0"},"east":{"uv":[8,4,8.25,4.75],"texture":"#0"},"south":{"uv":[3,8,3.25,8.75],"texture":"#0"},"west":{"uv":[8,3,8.25,3.75],"texture":"#0"},"up":{"uv":[1.25,12.25,1,12],"rotation":180,"texture":"#0"},"down":{"uv":[12.25,1,12,1.25],"rotation":180,"texture":"#0"}}},{"from":[8.4,13.75,7.7],"to":[8.5,14.45,7.75],"rotation":{"angle":0,"axis":"y","origin":[8,0,8]},"faces":{"north":{"uv":[6,8,6.25,8.75],"texture":"#0"},"east":{"uv":[8,6,8.25,6.75],"texture":"#0"},"south":{"uv":[5,8,5.25,8.75],"texture":"#0"},"west":{"uv":[8,5,8.25,5.75],"texture":"#0"},"up":{"uv":[2.25,12.25,2,12],"rotation":180,"texture":"#0"},"down":{"uv":[12.25,2,12,2.25],"rotation":180,"texture":"#0"}}},{"from":[8.4,13.75,8.25],"to":[8.5,14.45,8.3],"rotation":{"angle":0,"axis":"y","origin":[8,0,8]},"faces":{"north":{"uv":[8,8,8.25,8.75],"texture":"#0"},"east":{"uv":[0,9,0.25,9.75],"texture":"#0"},"south":{"uv":[7,8,7.25,8.75],"texture":"#0"},"west":{"uv":[8,7,8.25,7.75],"texture":"#0"},"up":{"uv":[3.25,12.25,3,12],"rotation":180,"texture":"#0"},"down":{"uv":[12.25,3,12,3.25],"rotation":180,"texture":"#0"}}},{"from":[8.25,13.75,8.4],"to":[8.3,14.45,8.5],"rotation":{"angle":0,"axis":"y","origin":[8,0,8]},"faces":{"north":{"uv":[9,1,9.25,1.75],"texture":"#0"},"east":{"uv":[2,9,2.25,9.75],"texture":"#0"},"south":{"uv":[9,0,9.25,0.75],"texture":"#0"},"west":{"uv":[1,9,1.25,9.75],"texture":"#0"},"up":{"uv":[4.25,12.25,4,12],"rotation":180,"texture":"#0"},"down":{"uv":[12.25,4,12,4.25],"rotation":180,"texture":"#0"}}},{"from":[7.7,13.75,8.4],"to":[7.75,14.45,8.5],"rotation":{"angle":0,"axis":"y","origin":[8,0,8]},"faces":{"north":{"uv":[9,3,9.25,3.75],"texture":"#0"},"east":{"uv":[4,9,4.25,9.75],"texture":"#0"},"south":{"uv":[9,2,9.25,2.75],"texture":"#0"},"west":{"uv":[3,9,3.25,9.75],"texture":"#0"},"up":{"uv":[5.25,12.25,5,12],"rotation":180,"texture":"#0"},"down":{"uv":[12.25,5,12,5.25],"rotation":180,"texture":"#0"}}},{"from":[7.7,13.75,7.5],"to":[7.75,14.45,7.6],"rotation":{"angle":0,"axis":"y","origin":[8,0,8]},"faces":{"north":{"uv":[9,5,9.25,5.75],"texture":"#0"},"east":{"uv":[6,9,6.25,9.75],"texture":"#0"},"south":{"uv":[9,4,9.25,4.75],"texture":"#0"},"west":{"uv":[5,9,5.25,9.75],"texture":"#0"},"up":{"uv":[6.25,12.25,6,12],"rotation":180,"texture":"#0"},"down":{"uv":[12.25,6,12,6.25],"rotation":180,"texture":"#0"}}},{"from":[8.25,13.75,7.5],"to":[8.3,14.45,7.6],"rotation":{"angle":0,"axis":"y","origin":[8,0,8]},"faces":{"north":{"uv":[9,7,9.25,7.75],"texture":"#0"},"east":{"uv":[8,9,8.25,9.75],"texture":"#0"},"south":{"uv":[9,6,9.25,6.75],"texture":"#0"},"west":{"uv":[7,9,7.25,9.75],"texture":"#0"},"up":{"uv":[7.25,12.25,7,12],"rotation":180,"texture":"#0"},"down":{"uv":[12.25,7,12,7.25],"rotation":180,"texture":"#0"}}},{"from":[7.65,13.75,8.35],"to":[7.75,14.45,8.4],"rotation":{"angle":0,"axis":"y","origin":[8,0,8]},"faces":{"north":{"uv":[0,10,0.25,10.75],"texture":"#0"},"east":{"uv":[10,0,10.25,0.75],"texture":"#0"},"south":{"uv":[9,8,9.25,8.75],"texture":"#0"},"west":{"uv":[9,9,9.25,9.75],"texture":"#0"},"up":{"uv":[8.25,12.25,8,12],"rotation":180,"texture":"#0"},"down":{"uv":[12.25,8,12,8.25],"rotation":180,"texture":"#0"}}},{"from":[8.25,13.75,8.35],"to":[8.35,14.45,8.4],"rotation":{"angle":0,"axis":"y","origin":[8,0,8]},"faces":{"north":{"uv":[2,10,2.25,10.75],"texture":"#0"},"east":{"uv":[10,2,10.25,2.75],"texture":"#0"},"south":{"uv":[1,10,1.25,10.75],"texture":"#0"},"west":{"uv":[10,1,10.25,1.75],"texture":"#0"},"up":{"uv":[9.25,12.25,9,12],"rotation":180,"texture":"#0"},"down":{"uv":[12.25,9,12,9.25],"rotation":180,"texture":"#0"}}},{"from":[8.35,13.75,8.25],"to":[8.4,14.45,8.4],"rotation":{"angle":0,"axis":"y","origin":[8,0,8]},"faces":{"north":{"uv":[4,10,4.25,10.75],"texture":"#0"},"east":{"uv":[10,4,10.25,4.75],"texture":"#0"},"south":{"uv":[3,10,3.25,10.75],"texture":"#0"},"west":{"uv":[10,3,10.25,3.75],"texture":"#0"},"up":{"uv":[10.25,12.25,10,12],"rotation":180,"texture":"#0"},"down":{"uv":[12.25,10,12,10.25],"rotation":180,"texture":"#0"}}},{"from":[8.35,13.75,7.6],"to":[8.4,14.45,7.75],"rotation":{"angle":0,"axis":"y","origin":[8,0,8]},"faces":{"north":{"uv":[6,10,6.25,10.75],"texture":"#0"},"east":{"uv":[10,6,10.25,6.75],"texture":"#0"},"south":{"uv":[5,10,5.25,10.75],"texture":"#0"},"west":{"uv":[10,5,10.25,5.75],"texture":"#0"},"up":{"uv":[11.25,12.25,11,12],"rotation":180,"texture":"#0"},"down":{"uv":[12.25,11,12,11.25],"rotation":180,"texture":"#0"}}},{"from":[7.6,13.75,7.6],"to":[7.65,14.45,7.75],"rotation":{"angle":0,"axis":"y","origin":[8,0,8]},"faces":{"north":{"uv":[8,10,8.25,10.75],"texture":"#0"},"east":{"uv":[10,8,10.25,8.75],"texture":"#0"},"south":{"uv":[7,10,7.25,10.75],"texture":"#0"},"west":{"uv":[10,7,10.25,7.75],"texture":"#0"},"up":{"uv":[12.25,12.25,12,12],"rotation":180,"texture":"#0"},"down":{"uv":[0.25,13,0,13.25],"rotation":180,"texture":"#0"}}},{"from":[7.75,13.75,7.45],"to":[8.25,14.45,7.5],"rotation":{"angle":0,"axis":"y","origin":[8,0,8]},"faces":{"north":{"uv":[3,5,3.5,5.75],"texture":"#0"},"east":{"uv":[10,9,10.25,9.75],"texture":"#0"},"south":{"uv":[5,2,5.5,2.75],"texture":"#0"},"west":{"uv":[9,10,9.25,10.75],"texture":"#0"},"up":{"uv":[11.5,2.25,11,2],"rotation":180,"texture":"#0"},"down":{"uv":[3.5,11,3,11.25],"rotation":180,"texture":"#0"}}},{"from":[7.95,14.05,7.4],"to":[8.05,14.35,7.45],"rotation":{"angle":0,"axis":"y","origin":[8,0,8]},"faces":{"north":{"uv":[3,5,3.5,5.75],"texture":"#0"},"east":{"uv":[10,9,10.25,9.75],"texture":"#0"},"south":{"uv":[5,2,5.5,2.75],"texture":"#0"},"west":{"uv":[9,10,9.25,10.75],"texture":"#0"},"up":{"uv":[11.5,2.25,11,2],"rotation":180,"texture":"#0"},"down":{"uv":[3.5,11,3,11.25],"rotation":180,"texture":"#0"}}},{"from":[7.95,13.9,7.35],"to":[8.05,14.15,7.4],"rotation":{"angle":0,"axis":"y","origin":[8,0,8]},"faces":{"north":{"uv":[3,5,3.5,5.75],"texture":"#0"},"east":{"uv":[10,9,10.25,9.75],"texture":"#0"},"south":{"uv":[5,2,5.5,2.75],"texture":"#0"},"west":{"uv":[9,10,9.25,10.75],"texture":"#0"},"up":{"uv":[11.5,2.25,11,2],"rotation":180,"texture":"#0"},"down":{"uv":[3.5,11,3,11.25],"rotation":180,"texture":"#0"}}},{"from":[7.95,13.8,7.3],"to":[8.05,14.05,7.35],"rotation":{"angle":0,"axis":"y","origin":[8,0,8]},"faces":{"north":{"uv":[3,5,3.5,5.75],"texture":"#0"},"east":{"uv":[10,9,10.25,9.75],"texture":"#0"},"south":{"uv":[5,2,5.5,2.75],"texture":"#0"},"west":{"uv":[9,10,9.25,10.75],"texture":"#0"},"up":{"uv":[11.5,2.25,11,2],"rotation":180,"texture":"#0"},"down":{"uv":[3.5,11,3,11.25],"rotation":180,"texture":"#0"}}},{"from":[7.95,10.75,7.25],"to":[8.05,13.85,7.3],"rotation":{"angle":0,"axis":"y","origin":[8,0,8]},"faces":{"north":{"uv":[3,5,3.5,5.75],"texture":"#0"},"east":{"uv":[10,9,10.25,9.75],"texture":"#0"},"south":{"uv":[5,2,5.5,2.75],"texture":"#0"},"west":{"uv":[9,10,9.25,10.75],"texture":"#0"},"up":{"uv":[11.5,2.25,11,2],"rotation":180,"texture":"#0"},"down":{"uv":[3.5,11,3,11.25],"rotation":180,"texture":"#0"}}},{"from":[7.95,10.5,7.2],"to":[8.05,10.85,7.25],"rotation":{"angle":0,"axis":"y","origin":[8,0,8]},"faces":{"north":{"uv":[3,5,3.5,5.75],"texture":"#0"},"east":{"uv":[10,9,10.25,9.75],"texture":"#0"},"south":{"uv":[5,2,5.5,2.75],"texture":"#0"},"west":{"uv":[9,10,9.25,10.75],"texture":"#0"},"up":{"uv":[11.5,2.25,11,2],"rotation":180,"texture":"#0"},"down":{"uv":[3.5,11,3,11.25],"rotation":180,"texture":"#0"}}},{"from":[7.95,10.25,7.15],"to":[8.05,10.6,7.2],"rotation":{"angle":0,"axis":"y","origin":[8,0,8]},"faces":{"north":{"uv":[3,5,3.5,5.75],"texture":"#0"},"east":{"uv":[10,9,10.25,9.75],"texture":"#0"},"south":{"uv":[5,2,5.5,2.75],"texture":"#0"},"west":{"uv":[9,10,9.25,10.75],"texture":"#0"},"up":{"uv":[11.5,2.25,11,2],"rotation":180,"texture":"#0"},"down":{"uv":[3.5,11,3,11.25],"rotation":180,"texture":"#0"}}},{"from":[7.95,10.2,7.1],"to":[8.05,10.35,7.15],"rotation":{"angle":0,"axis":"y","origin":[8,0,8]},"faces":{"north":{"uv":[3,5,3.5,5.75],"texture":"#0"},"east":{"uv":[10,9,10.25,9.75],"texture":"#0"},"south":{"uv":[5,2,5.5,2.75],"texture":"#0"},"west":{"uv":[9,10,9.25,10.75],"texture":"#0"},"up":{"uv":[11.5,2.25,11,2],"rotation":180,"texture":"#0"},"down":{"uv":[3.5,11,3,11.25],"rotation":180,"texture":"#0"}}},{"from":[7.95,10.05,7.05],"to":[8.05,10.3,7.1],"rotation":{"angle":0,"axis":"y","origin":[8,0,8]},"faces":{"north":{"uv":[3,5,3.5,5.75],"texture":"#0"},"east":{"uv":[10,9,10.25,9.75],"texture":"#0"},"south":{"uv":[5,2,5.5,2.75],"texture":"#0"},"west":{"uv":[9,10,9.25,10.75],"texture":"#0"},"up":{"uv":[11.5,2.25,11,2],"rotation":180,"texture":"#0"},"down":{"uv":[3.5,11,3,11.25],"rotation":180,"texture":"#0"}}},{"from":[7.95,9.9,7],"to":[8.05,10.15,7.05],"rotation":{"angle":0,"axis":"y","origin":[8,0,8]},"faces":{"north":{"uv":[3,5,3.5,5.75],"texture":"#0"},"east":{"uv":[10,9,10.25,9.75],"texture":"#0"},"south":{"uv":[5,2,5.5,2.75],"texture":"#0"},"west":{"uv":[9,10,9.25,10.75],"texture":"#0"},"up":{"uv":[11.5,2.25,11,2],"rotation":180,"texture":"#0"},"down":{"uv":[3.5,11,3,11.25],"rotation":180,"texture":"#0"}}},{"from":[7.95,9.65,6.9],"to":[8.05,9.9,6.95],"rotation":{"angle":0,"axis":"y","origin":[8,0,8]},"faces":{"north":{"uv":[3,5,3.5,5.75],"texture":"#0"},"east":{"uv":[10,9,10.25,9.75],"texture":"#0"},"south":{"uv":[5,2,5.5,2.75],"texture":"#0"},"west":{"uv":[9,10,9.25,10.75],"texture":"#0"},"up":{"uv":[11.5,2.25,11,2],"rotation":180,"texture":"#0"},"down":{"uv":[3.5,11,3,11.25],"rotation":180,"texture":"#0"}}},{"from":[7.95,9.45,6.85],"to":[8.05,9.8,6.9],"rotation":{"angle":0,"axis":"y","origin":[8,0,8]},"faces":{"north":{"uv":[3,5,3.5,5.75],"texture":"#0"},"east":{"uv":[10,9,10.25,9.75],"texture":"#0"},"south":{"uv":[5,2,5.5,2.75],"texture":"#0"},"west":{"uv":[9,10,9.25,10.75],"texture":"#0"},"up":{"uv":[11.5,2.25,11,2],"rotation":180,"texture":"#0"},"down":{"uv":[3.5,11,3,11.25],"rotation":180,"texture":"#0"}}},{"from":[7.95,9.3,6.8],"to":[8.05,9.55,6.85],"rotation":{"angle":0,"axis":"y","origin":[8,0,8]},"faces":{"north":{"uv":[3,5,3.5,5.75],"texture":"#0"},"east":{"uv":[10,9,10.25,9.75],"texture":"#0"},"south":{"uv":[5,2,5.5,2.75],"texture":"#0"},"west":{"uv":[9,10,9.25,10.75],"texture":"#0"},"up":{"uv":[11.5,2.25,11,2],"rotation":180,"texture":"#0"},"down":{"uv":[3.5,11,3,11.25],"rotation":180,"texture":"#0"}}},{"from":[7.95,9.1,6.75],"to":[8.05,9.45,6.8],"rotation":{"angle":0,"axis":"y","origin":[8,0,8]},"faces":{"north":{"uv":[3,5,3.5,5.75],"texture":"#0"},"east":{"uv":[10,9,10.25,9.75],"texture":"#0"},"south":{"uv":[5,2,5.5,2.75],"texture":"#0"},"west":{"uv":[9,10,9.25,10.75],"texture":"#0"},"up":{"uv":[11.5,2.25,11,2],"rotation":180,"texture":"#0"},"down":{"uv":[3.5,11,3,11.25],"rotation":180,"texture":"#0"}}},{"from":[7.95,9,6.7],"to":[8.05,9.15,6.75],"rotation":{"angle":0,"axis":"y","origin":[8,0,8]},"faces":{"north":{"uv":[3,5,3.5,5.75],"texture":"#0"},"east":{"uv":[10,9,10.25,9.75],"texture":"#0"},"south":{"uv":[5,2,5.5,2.75],"texture":"#0"},"west":{"uv":[9,10,9.25,10.75],"texture":"#0"},"up":{"uv":[11.5,2.25,11,2],"rotation":180,"texture":"#0"},"down":{"uv":[3.5,11,3,11.25],"rotation":180,"texture":"#0"}}},{"from":[7.95,8.75,6.65],"to":[8.05,9.05,6.7],"rotation":{"angle":0,"axis":"y","origin":[8,0,8]},"faces":{"north":{"uv":[3,5,3.5,5.75],"texture":"#0"},"east":{"uv":[10,9,10.25,9.75],"texture":"#0"},"south":{"uv":[5,2,5.5,2.75],"texture":"#0"},"west":{"uv":[9,10,9.25,10.75],"texture":"#0"},"up":{"uv":[11.5,2.25,11,2],"rotation":180,"texture":"#0"},"down":{"uv":[3.5,11,3,11.25],"rotation":180,"texture":"#0"}}},{"from":[7.95,8.05,6.6],"to":[8.05,8.85,6.65],"rotation":{"angle":0,"axis":"y","origin":[8,0,8]},"faces":{"north":{"uv":[3,5,3.5,5.75],"texture":"#0"},"east":{"uv":[10,9,10.25,9.75],"texture":"#0"},"south":{"uv":[5,2,5.5,2.75],"texture":"#0"},"west":{"uv":[9,10,9.25,10.75],"texture":"#0"},"up":{"uv":[11.5,2.25,11,2],"rotation":180,"texture":"#0"},"down":{"uv":[3.5,11,3,11.25],"rotation":180,"texture":"#0"}}},{"from":[7.95,7.65,6.55],"to":[8.05,8.25,6.6],"rotation":{"angle":0,"axis":"y","origin":[8,0,8]},"faces":{"north":{"uv":[3,5,3.5,5.75],"texture":"#0"},"east":{"uv":[10,9,10.25,9.75],"texture":"#0"},"south":{"uv":[5,2,5.5,2.75],"texture":"#0"},"west":{"uv":[9,10,9.25,10.75],"texture":"#0"},"up":{"uv":[11.5,2.25,11,2],"rotation":180,"texture":"#0"},"down":{"uv":[3.5,11,3,11.25],"rotation":180,"texture":"#0"}}},{"from":[7.95,7.4,6.5],"to":[8.05,7.8,6.55],"rotation":{"angle":0,"axis":"y","origin":[8,0,8]},"faces":{"north":{"uv":[3,5,3.5,5.75],"texture":"#0"},"east":{"uv":[10,9,10.25,9.75],"texture":"#0"},"south":{"uv":[5,2,5.5,2.75],"texture":"#0"},"west":{"uv":[9,10,9.25,10.75],"texture":"#0"},"up":{"uv":[11.5,2.25,11,2],"rotation":180,"texture":"#0"},"down":{"uv":[3.5,11,3,11.25],"rotation":180,"texture":"#0"}}},{"from":[7.95,7.15,6.45],"to":[8.05,7.55,6.5],"rotation":{"angle":0,"axis":"y","origin":[8,0,8]},"faces":{"north":{"uv":[3,5,3.5,5.75],"texture":"#0"},"east":{"uv":[10,9,10.25,9.75],"texture":"#0"},"south":{"uv":[5,2,5.5,2.75],"texture":"#0"},"west":{"uv":[9,10,9.25,10.75],"texture":"#0"},"up":{"uv":[11.5,2.25,11,2],"rotation":180,"texture":"#0"},"down":{"uv":[3.5,11,3,11.25],"rotation":180,"texture":"#0"}}},{"from":[7.95,7.15,6.4],"to":[8.05,7.25,6.45],"rotation":{"angle":0,"axis":"y","origin":[8,0,8]},"faces":{"north":{"uv":[3,5,3.5,5.75],"texture":"#0"},"east":{"uv":[10,9,10.25,9.75],"texture":"#0"},"south":{"uv":[5,2,5.5,2.75],"texture":"#0"},"west":{"uv":[9,10,9.25,10.75],"texture":"#0"},"up":{"uv":[11.5,2.25,11,2],"rotation":180,"texture":"#0"},"down":{"uv":[3.5,11,3,11.25],"rotation":180,"texture":"#0"}}},{"from":[7.95,9.8,6.95],"to":[8.05,9.95,7],"rotation":{"angle":0,"axis":"y","origin":[8,0,8]},"faces":{"north":{"uv":[3,5,3.5,5.75],"texture":"#0"},"east":{"uv":[10,9,10.25,9.75],"texture":"#0"},"south":{"uv":[5,2,5.5,2.75],"texture":"#0"},"west":{"uv":[9,10,9.25,10.75],"texture":"#0"},"up":{"uv":[11.5,2.25,11,2],"rotation":180,"texture":"#0"},"down":{"uv":[3.5,11,3,11.25],"rotation":180,"texture":"#0"}}},{"from":[7.75,13.75,8.5],"to":[8.25,14.45,8.55],"rotation":{"angle":0,"axis":"y","origin":[8,0,8]},"faces":{"north":{"uv":[4,5,4.5,5.75],"texture":"#0"},"east":{"uv":[0,11,0.25,11.75],"texture":"#0"},"south":{"uv":[5,3,5.5,3.75],"texture":"#0"},"west":{"uv":[10,10,10.25,10.75],"texture":"#0"},"up":{"uv":[11.5,3.25,11,3],"rotation":180,"texture":"#0"},"down":{"uv":[4.5,11,4,11.25],"rotation":180,"texture":"#0"}}},{"from":[7.75,13.25,7.5],"to":[8.25,14.45,7.65],"rotation":{"angle":0,"axis":"y","origin":[8,0,8]},"faces":{"north":{"uv":[2,2,2.5,3.25],"texture":"#0"},"east":{"uv":[0,6,0.25,7.25],"texture":"#0"},"south":{"uv":[1,2,1.5,3.25],"texture":"#0"},"west":{"uv":[5,4,5.25,5.25],"texture":"#0"},"up":{"uv":[11.5,4.25,11,4],"rotation":180,"texture":"#0"},"down":{"uv":[5.5,11,5,11.25],"rotation":180,"texture":"#0"}}},{"from":[8.35,13.25,7.75],"to":[8.5,14.45,8.25],"rotation":{"angle":0,"axis":"y","origin":[8,0,8]},"faces":{"north":{"uv":[1,6,1.25,7.25],"texture":"#0"},"east":{"uv":[3,2,3.5,3.25],"texture":"#0"},"south":{"uv":[6,0,6.25,1.25],"texture":"#0"},"west":{"uv":[3,0,3.5,1.25],"texture":"#0"},"up":{"uv":[11.25,5.5,11,5],"rotation":180,"texture":"#0"},"down":{"uv":[6.25,11,6,11.5],"rotation":180,"texture":"#0"}}},{"from":[7.65,13.25,7.65],"to":[8.35,14.45,8.35],"rotation":{"angle":0,"axis":"y","origin":[8,0,8]},"faces":{"north":{"uv":[0,2,0.75,3.25],"texture":"#0"},"east":{"uv":[2,0,2.75,1.25],"texture":"#0"},"south":{"uv":[0,0,0.75,1.25],"texture":"#0"},"west":{"uv":[1,0,1.75,1.25],"texture":"#0"},"up":{"uv":[4.75,2.75,4,2],"rotation":180,"texture":"#0"},"down":{"uv":[3.75,4,3,4.75],"rotation":180,"texture":"#0"}}},{"from":[7.5,13.25,7.75],"to":[7.65,14.45,8.25],"rotation":{"angle":0,"axis":"y","origin":[8,0,8]},"faces":{"north":{"uv":[6,2,6.25,3.25],"texture":"#0"},"east":{"uv":[4,0,4.5,1.25],"texture":"#0"},"south":{"uv":[2,6,2.25,7.25],"texture":"#0"},"west":{"uv":[0,4,0.5,5.25],"texture":"#0"},"up":{"uv":[11.25,6.5,11,6],"rotation":180,"texture":"#0"},"down":{"uv":[7.25,11,7,11.5],"rotation":180,"texture":"#0"}}},{"from":[7.75,13.25,8.35],"to":[8.25,14.45,8.5],"rotation":{"angle":0,"axis":"y","origin":[8,0,8]},"faces":{"north":{"uv":[2,4,2.5,5.25],"texture":"#0"},"east":{"uv":[4,6,4.25,7.25],"texture":"#0"},"south":{"uv":[1,4,1.5,5.25],"texture":"#0"},"west":{"uv":[3,6,3.25,7.25],"texture":"#0"},"up":{"uv":[11.5,7.25,11,7],"rotation":180,"texture":"#0"},"down":{"uv":[8.5,11,8,11.25],"rotation":180,"texture":"#0"}}},{"from":[8.5,13.5,7.5],"to":[8.55,13.75,7.75],"rotation":{"angle":0,"axis":"y","origin":[8,0,8]},"faces":{"north":{"uv":[6.75,7.5,6.8125,7.5625],"texture":"#1"},"east":{"uv":[7.5,6.75,7.5625,6.8125],"texture":"#1"},"south":{"uv":[6.5,7.5,6.5625,7.5625],"texture":"#1"},"west":{"uv":[7.5,6.5,7.5625,6.5625],"texture":"#1"},"up":{"uv":[7.0625,7.5625,7,7.5],"rotation":180,"texture":"#1"},"down":{"uv":[7.5625,7,7.5,7.0625],"rotation":180,"texture":"#1"}}},{"from":[8.5,13.5,8.25],"to":[8.55,13.75,8.5],"rotation":{"angle":0,"axis":"y","origin":[8,0,8]},"faces":{"north":{"uv":[7.5,7.5,7.5625,7.5625],"texture":"#1"},"east":{"uv":[0,7.75,0.0625,7.8125],"texture":"#1"},"south":{"uv":[7.25,7.5,7.3125,7.5625],"texture":"#1"},"west":{"uv":[7.5,7.25,7.5625,7.3125],"texture":"#1"},"up":{"uv":[7.8125,0.0625,7.75,0],"rotation":180,"texture":"#1"},"down":{"uv":[0.3125,7.75,0.25,7.8125],"rotation":180,"texture":"#1"}}},{"from":[7.45,13.5,7.5],"to":[7.5,13.75,7.75],"rotation":{"angle":0,"axis":"y","origin":[8,0,8]},"faces":{"north":{"uv":[7.75,0.5,7.8125,0.5625],"texture":"#1"},"east":{"uv":[0.75,7.75,0.8125,7.8125],"texture":"#1"},"south":{"uv":[7.75,0.25,7.8125,0.3125],"texture":"#1"},"west":{"uv":[0.5,7.75,0.5625,7.8125],"texture":"#1"},"up":{"uv":[7.8125,0.8125,7.75,0.75],"rotation":180,"texture":"#1"},"down":{"uv":[1.0625,7.75,1,7.8125],"rotation":180,"texture":"#1"}}},{"from":[7.5,13.5,7.45],"to":[7.75,13.75,7.5],"rotation":{"angle":0,"axis":"y","origin":[8,0,8]},"faces":{"north":{"uv":[7.75,1.25,7.8125,1.3125],"texture":"#1"},"east":{"uv":[1.5,7.75,1.5625,7.8125],"texture":"#1"},"south":{"uv":[7.75,1,7.8125,1.0625],"texture":"#1"},"west":{"uv":[1.25,7.75,1.3125,7.8125],"texture":"#1"},"up":{"uv":[7.8125,1.5625,7.75,1.5],"rotation":180,"texture":"#1"},"down":{"uv":[1.8125,7.75,1.75,7.8125],"rotation":180,"texture":"#1"}}},{"from":[8.25,13.5,7.45],"to":[8.5,13.75,7.5],"rotation":{"angle":0,"axis":"y","origin":[8,0,8]},"faces":{"north":{"uv":[7.75,2,7.8125,2.0625],"texture":"#1"},"east":{"uv":[2.25,7.75,2.3125,7.8125],"texture":"#1"},"south":{"uv":[7.75,1.75,7.8125,1.8125],"texture":"#1"},"west":{"uv":[2,7.75,2.0625,7.8125],"texture":"#1"},"up":{"uv":[7.8125,2.3125,7.75,2.25],"rotation":180,"texture":"#1"},"down":{"uv":[2.5625,7.75,2.5,7.8125],"rotation":180,"texture":"#1"}}},{"from":[8.55,13.5,8.25],"to":[8.65,13.75,8.3],"rotation":{"angle":0,"axis":"y","origin":[8,0,8]},"faces":{"north":{"uv":[7.75,2.75,7.8125,2.8125],"texture":"#1"},"east":{"uv":[3,7.75,3.0625,7.8125],"texture":"#1"},"south":{"uv":[7.75,2.5,7.8125,2.5625],"texture":"#1"},"west":{"uv":[2.75,7.75,2.8125,7.8125],"texture":"#1"},"up":{"uv":[7.8125,3.0625,7.75,3],"rotation":180,"texture":"#1"},"down":{"uv":[3.3125,7.75,3.25,7.8125],"rotation":180,"texture":"#1"}}},{"from":[8.55,13.5,7.7],"to":[8.65,13.75,7.75],"rotation":{"angle":0,"axis":"y","origin":[8,0,8]},"faces":{"north":{"uv":[7.75,3.5,7.8125,3.5625],"texture":"#1"},"east":{"uv":[3.75,7.75,3.8125,7.8125],"texture":"#1"},"south":{"uv":[7.75,3.25,7.8125,3.3125],"texture":"#1"},"west":{"uv":[3.5,7.75,3.5625,7.8125],"texture":"#1"},"up":{"uv":[7.8125,3.8125,7.75,3.75],"rotation":180,"texture":"#1"},"down":{"uv":[4.0625,7.75,4,7.8125],"rotation":180,"texture":"#1"}}},{"from":[7.35,13.5,8.25],"to":[7.45,13.75,8.3],"rotation":{"angle":0,"axis":"y","origin":[8,0,8]},"faces":{"north":{"uv":[7.75,4.25,7.8125,4.3125],"texture":"#1"},"east":{"uv":[4.5,7.75,4.5625,7.8125],"texture":"#1"},"south":{"uv":[7.75,4,7.8125,4.0625],"texture":"#1"},"west":{"uv":[4.25,7.75,4.3125,7.8125],"texture":"#1"},"up":{"uv":[7.8125,4.5625,7.75,4.5],"rotation":180,"texture":"#1"},"down":{"uv":[4.8125,7.75,4.75,7.8125],"rotation":180,"texture":"#1"}}},{"from":[7.35,13.5,7.7],"to":[7.45,13.75,7.75],"rotation":{"angle":0,"axis":"y","origin":[8,0,8]},"faces":{"north":{"uv":[7.75,5,7.8125,5.0625],"texture":"#1"},"east":{"uv":[5.25,7.75,5.3125,7.8125],"texture":"#1"},"south":{"uv":[7.75,4.75,7.8125,4.8125],"texture":"#1"},"west":{"uv":[5,7.75,5.0625,7.8125],"texture":"#1"},"up":{"uv":[7.8125,5.3125,7.75,5.25],"rotation":180,"texture":"#1"},"down":{"uv":[5.5625,7.75,5.5,7.8125],"rotation":180,"texture":"#1"}}},{"from":[7.7,13.5,7.35],"to":[7.75,13.75,7.45],"rotation":{"angle":0,"axis":"y","origin":[8,0,8]},"faces":{"north":{"uv":[7.75,5.75,7.8125,5.8125],"texture":"#1"},"east":{"uv":[6,7.75,6.0625,7.8125],"texture":"#1"},"south":{"uv":[7.75,5.5,7.8125,5.5625],"texture":"#1"},"west":{"uv":[5.75,7.75,5.8125,7.8125],"texture":"#1"},"up":{"uv":[7.8125,6.0625,7.75,6],"rotation":180,"texture":"#1"},"down":{"uv":[6.3125,7.75,6.25,7.8125],"rotation":180,"texture":"#1"}}},{"from":[8.25,13.5,7.35],"to":[8.3,13.75,7.45],"rotation":{"angle":0,"axis":"y","origin":[8,0,8]},"faces":{"north":{"uv":[7.75,6.5,7.8125,6.5625],"texture":"#1"},"east":{"uv":[6.75,7.75,6.8125,7.8125],"texture":"#1"},"south":{"uv":[7.75,6.25,7.8125,6.3125],"texture":"#1"},"west":{"uv":[6.5,7.75,6.5625,7.8125],"texture":"#1"},"up":{"uv":[7.8125,6.8125,7.75,6.75],"rotation":180,"texture":"#1"},"down":{"uv":[7.0625,7.75,7,7.8125],"rotation":180,"texture":"#1"}}},{"from":[8.25,13.5,8.55],"to":[8.3,13.75,8.65],"rotation":{"angle":0,"axis":"y","origin":[8,0,8]},"faces":{"north":{"uv":[7.75,7.25,7.8125,7.3125],"texture":"#1"},"east":{"uv":[7.5,7.75,7.5625,7.8125],"texture":"#1"},"south":{"uv":[7.75,7,7.8125,7.0625],"texture":"#1"},"west":{"uv":[7.25,7.75,7.3125,7.8125],"texture":"#1"},"up":{"uv":[7.8125,7.5625,7.75,7.5],"rotation":180,"texture":"#1"},"down":{"uv":[7.8125,7.75,7.75,7.8125],"rotation":180,"texture":"#1"}}},{"from":[7.7,13.5,8.55],"to":[7.75,13.75,8.65],"rotation":{"angle":0,"axis":"y","origin":[8,0,8]},"faces":{"north":{"uv":[0.25,8,0.3125,8.0625],"texture":"#1"},"east":{"uv":[8,0.25,8.0625,0.3125],"texture":"#1"},"south":{"uv":[0,8,0.0625,8.0625],"texture":"#1"},"west":{"uv":[8,0,8.0625,0.0625],"texture":"#1"},"up":{"uv":[0.5625,8.0625,0.5,8],"rotation":180,"texture":"#1"},"down":{"uv":[8.0625,0.5,8,0.5625],"rotation":180,"texture":"#1"}}},{"from":[8.25,13.5,8.5],"to":[8.5,13.75,8.55],"rotation":{"angle":0,"axis":"y","origin":[8,0,8]},"faces":{"north":{"uv":[1,8,1.0625,8.0625],"texture":"#1"},"east":{"uv":[8,1,8.0625,1.0625],"texture":"#1"},"south":{"uv":[0.75,8,0.8125,8.0625],"texture":"#1"},"west":{"uv":[8,0.75,8.0625,0.8125],"texture":"#1"},"up":{"uv":[1.3125,8.0625,1.25,8],"rotation":180,"texture":"#1"},"down":{"uv":[8.0625,1.25,8,1.3125],"rotation":180,"texture":"#1"}}},{"from":[7.5,13.5,8.5],"to":[7.75,13.75,8.55],"rotation":{"angle":0,"axis":"y","origin":[8,0,8]},"faces":{"north":{"uv":[1.75,8,1.8125,8.0625],"texture":"#1"},"east":{"uv":[8,1.75,8.0625,1.8125],"texture":"#1"},"south":{"uv":[1.5,8,1.5625,8.0625],"texture":"#1"},"west":{"uv":[8,1.5,8.0625,1.5625],"texture":"#1"},"up":{"uv":[2.0625,8.0625,2,8],"rotation":180,"texture":"#1"},"down":{"uv":[8.0625,2,8,2.0625],"rotation":180,"texture":"#1"}}},{"from":[7.45,13.5,8.25],"to":[7.5,13.75,8.5],"rotation":{"angle":0,"axis":"y","origin":[8,0,8]},"faces":{"north":{"uv":[2.5,8,2.5625,8.0625],"texture":"#1"},"east":{"uv":[8,2.5,8.0625,2.5625],"texture":"#1"},"south":{"uv":[2.25,8,2.3125,8.0625],"texture":"#1"},"west":{"uv":[8,2.25,8.0625,2.3125],"texture":"#1"},"up":{"uv":[2.8125,8.0625,2.75,8],"rotation":180,"texture":"#1"},"down":{"uv":[8.0625,2.75,8,2.8125],"rotation":180,"texture":"#1"}}},{"from":[7.75,13.5,8.65],"to":[8.25,13.75,8.7],"rotation":{"angle":0,"axis":"y","origin":[8,0,8]},"faces":{"north":{"uv":[7,6,7.125,6.0625],"texture":"#1"},"east":{"uv":[8,3,8.0625,3.0625],"texture":"#1"},"south":{"uv":[6,7,6.125,7.0625],"texture":"#1"},"west":{"uv":[3,8,3.0625,8.0625],"texture":"#1"},"up":{"uv":[6.375,7.0625,6.25,7],"rotation":180,"texture":"#1"},"down":{"uv":[7.125,6.25,7,6.3125],"rotation":180,"texture":"#1"}}},{"from":[7.3,13.5,7.75],"to":[7.35,13.75,8.25],"rotation":{"angle":0,"axis":"y","origin":[8,0,8]},"faces":{"north":{"uv":[8,3.25,8.0625,3.3125],"texture":"#1"},"east":{"uv":[7,6.5,7.125,6.5625],"texture":"#1"},"south":{"uv":[3.25,8,3.3125,8.0625],"texture":"#1"},"west":{"uv":[6.5,7,6.625,7.0625],"texture":"#1"},"up":{"uv":[6.8125,7.125,6.75,7],"rotation":180,"texture":"#1"},"down":{"uv":[7.0625,6.75,7,6.875],"rotation":180,"texture":"#1"}}},{"from":[8.65,13.5,7.75],"to":[8.7,13.75,8.25],"rotation":{"angle":0,"axis":"y","origin":[8,0,8]},"faces":{"north":{"uv":[8,3.5,8.0625,3.5625],"texture":"#1"},"east":{"uv":[0,7.25,0.125,7.3125],"texture":"#1"},"south":{"uv":[3.5,8,3.5625,8.0625],"texture":"#1"},"west":{"uv":[7,7,7.125,7.0625],"texture":"#1"},"up":{"uv":[7.3125,0.125,7.25,0],"rotation":180,"texture":"#1"},"down":{"uv":[0.3125,7.25,0.25,7.375],"rotation":180,"texture":"#1"}}},{"from":[7.75,13.5,7.3],"to":[8.25,13.75,7.35],"rotation":{"angle":0,"axis":"y","origin":[8,0,8]},"faces":{"north":{"uv":[0.5,7.25,0.625,7.3125],"texture":"#1"},"east":{"uv":[8,3.75,8.0625,3.8125],"texture":"#1"},"south":{"uv":[7.25,0.25,7.375,0.3125],"texture":"#1"},"west":{"uv":[3.75,8,3.8125,8.0625],"texture":"#1"},"up":{"uv":[7.375,0.5625,7.25,0.5],"rotation":180,"texture":"#1"},"down":{"uv":[0.875,7.25,0.75,7.3125],"rotation":180,"texture":"#1"}}},{"from":[8.5,10,7.75],"to":[8.65,13.75,8.25],"rotation":{"angle":0,"axis":"y","origin":[8,0,8]},"faces":{"north":{"uv":[3.5,4.5,3.5625,5.5],"texture":"#1"},"east":{"uv":[1,4.5,1.125,5.5],"texture":"#1"},"south":{"uv":[4.5,3.25,4.5625,4.25],"texture":"#1"},"west":{"uv":[0.75,4.5,0.875,5.5],"texture":"#1"},"up":{"uv":[7.3125,0.875,7.25,0.75],"rotation":180,"texture":"#1"},"down":{"uv":[1.0625,7.25,1,7.375],"rotation":180,"texture":"#1"}}},{"from":[7.35,10,7.75],"to":[7.5,13.75,8.25],"rotation":{"angle":0,"axis":"y","origin":[8,0,8]},"faces":{"north":{"uv":[4,4.5,4.0625,5.5],"texture":"#1"},"east":{"uv":[1.5,4.5,1.625,5.5],"texture":"#1"},"south":{"uv":[3.75,4.5,3.8125,5.5],"texture":"#1"},"west":{"uv":[1.25,4.5,1.375,5.5],"texture":"#1"},"up":{"uv":[7.3125,1.125,7.25,1],"rotation":180,"texture":"#1"},"down":{"uv":[1.3125,7.25,1.25,7.375],"rotation":180,"texture":"#1"}}},{"from":[7.5,10,8.25],"to":[7.75,13.75,8.5],"rotation":{"angle":0,"axis":"y","origin":[8,0,8]},"faces":{"north":{"uv":[4.75,0,4.8125,1],"texture":"#1"},"east":{"uv":[4.75,1,4.8125,2],"texture":"#1"},"south":{"uv":[4.25,4.5,4.3125,5.5],"texture":"#1"},"west":{"uv":[4.5,4.25,4.5625,5.25],"texture":"#1"},"up":{"uv":[4.0625,8.0625,4,8],"rotation":180,"texture":"#1"},"down":{"uv":[8.0625,4,8,4.0625],"rotation":180,"texture":"#1"}}},{"from":[8.25,10,8.25],"to":[8.5,13.75,8.5],"rotation":{"angle":0,"axis":"y","origin":[8,0,8]},"faces":{"north":{"uv":[4.75,4,4.8125,5],"texture":"#1"},"east":{"uv":[5,0,5.0625,1],"texture":"#1"},"south":{"uv":[4.75,2,4.8125,3],"texture":"#1"},"west":{"uv":[4.75,3,4.8125,4],"texture":"#1"},"up":{"uv":[4.3125,8.0625,4.25,8],"rotation":180,"texture":"#1"},"down":{"uv":[8.0625,4.25,8,4.3125],"rotation":180,"texture":"#1"}}},{"from":[8.25,10,7.5],"to":[8.5,13.75,7.75],"rotation":{"angle":0,"axis":"y","origin":[8,0,8]},"faces":{"north":{"uv":[2.5,5,2.5625,6],"texture":"#1"},"east":{"uv":[2.75,5,2.8125,6],"texture":"#1"},"south":{"uv":[5,1,5.0625,2],"texture":"#1"},"west":{"uv":[5,2,5.0625,3],"texture":"#1"},"up":{"uv":[4.5625,8.0625,4.5,8],"rotation":180,"texture":"#1"},"down":{"uv":[8.0625,4.5,8,4.5625],"rotation":180,"texture":"#1"}}},{"from":[7.5,10,7.5],"to":[7.75,13.75,7.75],"rotation":{"angle":0,"axis":"y","origin":[8,0,8]},"faces":{"north":{"uv":[3.25,5,3.3125,6],"texture":"#1"},"east":{"uv":[5,4,5.0625,5],"texture":"#1"},"south":{"uv":[3,5,3.0625,6],"texture":"#1"},"west":{"uv":[5,3,5.0625,4],"texture":"#1"},"up":{"uv":[4.8125,8.0625,4.75,8],"rotation":180,"texture":"#1"},"down":{"uv":[8.0625,4.75,8,4.8125],"rotation":180,"texture":"#1"}}},{"from":[7.75,10,7.35],"to":[8.25,13.75,7.5],"rotation":{"angle":0,"axis":"y","origin":[8,0,8]},"faces":{"north":{"uv":[2,4.5,2.125,5.5],"texture":"#1"},"east":{"uv":[5,5,5.0625,6],"texture":"#1"},"south":{"uv":[1.75,4.5,1.875,5.5],"texture":"#1"},"west":{"uv":[4.75,5,4.8125,6],"texture":"#1"},"up":{"uv":[7.375,1.3125,7.25,1.25],"rotation":180,"texture":"#1"},"down":{"uv":[1.625,7.25,1.5,7.3125],"rotation":180,"texture":"#1"}}},{"from":[7.75,10,8.5],"to":[8.25,13.75,8.65],"rotation":{"angle":0,"axis":"y","origin":[8,0,8]},"faces":{"north":{"uv":[4.5,2.25,4.625,3.25],"texture":"#1"},"east":{"uv":[5.25,1,5.3125,2],"texture":"#1"},"south":{"uv":[2.25,4.5,2.375,5.5],"texture":"#1"},"west":{"uv":[5.25,0,5.3125,1],"texture":"#1"},"up":{"uv":[7.375,1.5625,7.25,1.5],"rotation":180,"texture":"#1"},"down":{"uv":[1.875,7.25,1.75,7.3125],"rotation":180,"texture":"#1"}}},{"from":[8.6,9.8,7.55],"to":[8.75,10.05,8.45],"rotation":{"angle":0,"axis":"y","origin":[8,0,8]},"faces":{"north":{"uv":[8,5,8.0625,5.0625],"texture":"#1"},"east":{"uv":[6.75,3.75,7,3.8125],"texture":"#1"},"south":{"uv":[5,8,5.0625,8.0625],"texture":"#1"},"west":{"uv":[3.75,6.75,4,6.8125],"texture":"#1"},"up":{"uv":[4.0625,7,4,6.75],"rotation":180,"texture":"#1"},"down":{"uv":[4.3125,6.75,4.25,7],"rotation":180,"texture":"#1"}}},{"from":[7.25,9.8,7.55],"to":[7.4,10.05,8.45],"rotation":{"angle":0,"axis":"y","origin":[8,0,8]},"faces":{"north":{"uv":[8,5.25,8.0625,5.3125],"texture":"#1"},"east":{"uv":[4.75,6.75,5,6.8125],"texture":"#1"},"south":{"uv":[5.25,8,5.3125,8.0625],"texture":"#1"},"west":{"uv":[4.5,6.75,4.75,6.8125],"texture":"#1"},"up":{"uv":[5.0625,7,5,6.75],"rotation":180,"texture":"#1"},"down":{"uv":[6.8125,5,6.75,5.25],"rotation":180,"texture":"#1"}}},{"from":[8.35,9.8,7.4],"to":[8.6,10.05,7.65],"rotation":{"angle":0,"axis":"y","origin":[8,0,8]},"faces":{"north":{"uv":[5.75,8,5.8125,8.0625],"texture":"#1"},"east":{"uv":[8,5.75,8.0625,5.8125],"texture":"#1"},"south":{"uv":[5.5,8,5.5625,8.0625],"texture":"#1"},"west":{"uv":[8,5.5,8.0625,5.5625],"texture":"#1"},"up":{"uv":[6.0625,8.0625,6,8],"rotation":180,"texture":"#1"},"down":{"uv":[8.0625,6,8,6.0625],"rotation":180,"texture":"#1"}}},{"from":[7.4,9.8,7.4],"to":[7.65,10.05,7.65],"rotation":{"angle":0,"axis":"y","origin":[8,0,8]},"faces":{"north":{"uv":[6.5,8,6.5625,8.0625],"texture":"#1"},"east":{"uv":[8,6.5,8.0625,6.5625],"texture":"#1"},"south":{"uv":[6.25,8,6.3125,8.0625],"texture":"#1"},"west":{"uv":[8,6.25,8.0625,6.3125],"texture":"#1"},"up":{"uv":[6.8125,8.0625,6.75,8],"rotation":180,"texture":"#1"},"down":{"uv":[8.0625,6.75,8,6.8125],"rotation":180,"texture":"#1"}}},{"from":[7.4,9.8,8.35],"to":[7.65,10.05,8.6],"rotation":{"angle":0,"axis":"y","origin":[8,0,8]},"faces":{"north":{"uv":[7.25,8,7.3125,8.0625],"texture":"#1"},"east":{"uv":[8,7.25,8.0625,7.3125],"texture":"#1"},"south":{"uv":[7,8,7.0625,8.0625],"texture":"#1"},"west":{"uv":[8,7,8.0625,7.0625],"texture":"#1"},"up":{"uv":[7.5625,8.0625,7.5,8],"rotation":180,"texture":"#1"},"down":{"uv":[8.0625,7.5,8,7.5625],"rotation":180,"texture":"#1"}}},{"from":[8.35,9.8,8.35],"to":[8.6,10.05,8.6],"rotation":{"angle":0,"axis":"y","origin":[8,0,8]},"faces":{"north":{"uv":[8,8,8.0625,8.0625],"texture":"#1"},"east":{"uv":[0,8.25,0.0625,8.3125],"texture":"#1"},"south":{"uv":[7.75,8,7.8125,8.0625],"texture":"#1"},"west":{"uv":[8,7.75,8.0625,7.8125],"texture":"#1"},"up":{"uv":[8.3125,0.0625,8.25,0],"rotation":180,"texture":"#1"},"down":{"uv":[0.3125,8.25,0.25,8.3125],"rotation":180,"texture":"#1"}}},{"from":[7.55,9.8,7.25],"to":[8.45,10.05,7.4],"rotation":{"angle":0,"axis":"y","origin":[8,0,8]},"faces":{"north":{"uv":[5.75,6.75,6,6.8125],"texture":"#1"},"east":{"uv":[0.5,8.25,0.5625,8.3125],"texture":"#1"},"south":{"uv":[5.5,6.75,5.75,6.8125],"texture":"#1"},"west":{"uv":[8.25,0.25,8.3125,0.3125],"texture":"#1"},"up":{"uv":[7,6.0625,6.75,6],"rotation":180,"texture":"#1"},"down":{"uv":[6.5,6.75,6.25,6.8125],"rotation":180,"texture":"#1"}}},{"from":[7.55,9.8,8.6],"to":[8.45,10.05,8.75],"rotation":{"angle":0,"axis":"y","origin":[8,0,8]},"faces":{"north":{"uv":[6.5,6.75,6.75,6.8125],"texture":"#1"},"east":{"uv":[0.75,8.25,0.8125,8.3125],"texture":"#1"},"south":{"uv":[6.75,6.25,7,6.3125],"texture":"#1"},"west":{"uv":[8.25,0.5,8.3125,0.5625],"texture":"#1"},"up":{"uv":[7,6.5625,6.75,6.5],"rotation":180,"texture":"#1"},"down":{"uv":[7,6.75,6.75,6.8125],"rotation":180,"texture":"#1"}}},{"from":[8.7,9.7,7.45],"to":[8.85,9.95,8.55],"rotation":{"angle":0,"axis":"y","origin":[8,0,8]},"faces":{"north":{"uv":[1,8.25,1.0625,8.3125],"texture":"#1"},"east":{"uv":[7,0,7.25,0.0625],"texture":"#1"},"south":{"uv":[8.25,0.75,8.3125,0.8125],"texture":"#1"},"west":{"uv":[0,7,0.25,7.0625],"texture":"#1"},"up":{"uv":[0.3125,7.25,0.25,7],"rotation":180,"texture":"#1"},"down":{"uv":[7.0625,0.25,7,0.5],"rotation":180,"texture":"#1"}}},{"from":[7.15,9.7,7.45],"to":[7.3,9.95,8.55],"rotation":{"angle":0,"axis":"y","origin":[8,0,8]},"faces":{"north":{"uv":[1.25,8.25,1.3125,8.3125],"texture":"#1"},"east":{"uv":[0.75,7,1,7.0625],"texture":"#1"},"south":{"uv":[8.25,1,8.3125,1.0625],"texture":"#1"},"west":{"uv":[7,0.5,7.25,0.5625],"texture":"#1"},"up":{"uv":[7.0625,1,7,0.75],"rotation":180,"texture":"#1"},"down":{"uv":[1.0625,7,1,7.25],"rotation":180,"texture":"#1"}}},{"from":[8.45,9.7,7.3],"to":[8.7,9.95,7.55],"rotation":{"angle":0,"axis":"y","origin":[8,0,8]},"faces":{"north":{"uv":[8.25,1.5,8.3125,1.5625],"texture":"#1"},"east":{"uv":[1.75,8.25,1.8125,8.3125],"texture":"#1"},"south":{"uv":[8.25,1.25,8.3125,1.3125],"texture":"#1"},"west":{"uv":[1.5,8.25,1.5625,8.3125],"texture":"#1"},"up":{"uv":[8.3125,1.8125,8.25,1.75],"rotation":180,"texture":"#1"},"down":{"uv":[2.0625,8.25,2,8.3125],"rotation":180,"texture":"#1"}}},{"from":[7.3,9.7,7.3],"to":[7.55,9.95,7.55],"rotation":{"angle":0,"axis":"y","origin":[8,0,8]},"faces":{"north":{"uv":[8.25,2.25,8.3125,2.3125],"texture":"#1"},"east":{"uv":[2.5,8.25,2.5625,8.3125],"texture":"#1"},"south":{"uv":[8.25,2,8.3125,2.0625],"texture":"#1"},"west":{"uv":[2.25,8.25,2.3125,8.3125],"texture":"#1"},"up":{"uv":[8.3125,2.5625,8.25,2.5],"rotation":180,"texture":"#1"},"down":{"uv":[2.8125,8.25,2.75,8.3125],"rotation":180,"texture":"#1"}}},{"from":[7.3,9.7,8.45],"to":[7.55,9.95,8.7],"rotation":{"angle":0,"axis":"y","origin":[8,0,8]},"faces":{"north":{"uv":[8.25,3,8.3125,3.0625],"texture":"#1"},"east":{"uv":[3.25,8.25,3.3125,8.3125],"texture":"#1"},"south":{"uv":[8.25,2.75,8.3125,2.8125],"texture":"#1"},"west":{"uv":[3,8.25,3.0625,8.3125],"texture":"#1"},"up":{"uv":[8.3125,3.3125,8.25,3.25],"rotation":180,"texture":"#1"},"down":{"uv":[3.5625,8.25,3.5,8.3125],"rotation":180,"texture":"#1"}}},{"from":[8.45,9.7,8.45],"to":[8.7,9.95,8.7],"rotation":{"angle":0,"axis":"y","origin":[8,0,8]},"faces":{"north":{"uv":[8.25,3.75,8.3125,3.8125],"texture":"#1"},"east":{"uv":[4,8.25,4.0625,8.3125],"texture":"#1"},"south":{"uv":[8.25,3.5,8.3125,3.5625],"texture":"#1"},"west":{"uv":[3.75,8.25,3.8125,8.3125],"texture":"#1"},"up":{"uv":[8.3125,4.0625,8.25,4],"rotation":180,"texture":"#1"},"down":{"uv":[4.3125,8.25,4.25,8.3125],"rotation":180,"texture":"#1"}}},{"from":[7.45,9.7,7.15],"to":[8.55,9.95,7.3],"rotation":{"angle":0,"axis":"y","origin":[8,0,8]},"faces":{"north":{"uv":[1.25,7,1.5,7.0625],"texture":"#1"},"east":{"uv":[4.5,8.25,4.5625,8.3125],"texture":"#1"},"south":{"uv":[7,1,7.25,1.0625],"texture":"#1"},"west":{"uv":[8.25,4.25,8.3125,4.3125],"texture":"#1"},"up":{"uv":[7.25,1.3125,7,1.25],"rotation":180,"texture":"#1"},"down":{"uv":[1.75,7,1.5,7.0625],"rotation":180,"texture":"#1"}}},{"from":[7.45,9.7,8.7],"to":[8.55,9.95,8.85],"rotation":{"angle":0,"axis":"y","origin":[8,0,8]},"faces":{"north":{"uv":[2,7,2.25,7.0625],"texture":"#1"},"east":{"uv":[4.75,8.25,4.8125,8.3125],"texture":"#1"},"south":{"uv":[1.75,7,2,7.0625],"texture":"#1"},"west":{"uv":[8.25,4.5,8.3125,4.5625],"texture":"#1"},"up":{"uv":[2.5,7.0625,2.25,7],"rotation":180,"texture":"#1"},"down":{"uv":[7.25,2.25,7,2.3125],"rotation":180,"texture":"#1"}}},{"from":[8.8,9.6,7.35],"to":[8.95,9.8,8.65],"rotation":{"angle":0,"axis":"y","origin":[8,0,8]},"faces":{"north":{"uv":[5,8.25,5.0625,8.3125],"texture":"#1"},"east":{"uv":[6.5,2.25,6.8125,2.3125],"texture":"#1"},"south":{"uv":[8.25,4.75,8.3125,4.8125],"texture":"#1"},"west":{"uv":[2.25,6.5,2.5625,6.5625],"texture":"#1"},"up":{"uv":[5.8125,6.5625,5.75,6.25],"rotation":180,"texture":"#1"},"down":{"uv":[6.5625,2.5,6.5,2.8125],"rotation":180,"texture":"#1"}}},{"from":[7.05,9.6,7.35],"to":[7.2,9.8,8.65],"rotation":{"angle":0,"axis":"y","origin":[8,0,8]},"faces":{"north":{"uv":[5.25,8.25,5.3125,8.3125],"texture":"#1"},"east":{"uv":[6.5,3,6.8125,3.0625],"texture":"#1"},"south":{"uv":[8.25,5,8.3125,5.0625],"texture":"#1"},"west":{"uv":[2.75,6.5,3.0625,6.5625],"texture":"#1"},"up":{"uv":[3.3125,6.8125,3.25,6.5],"rotation":180,"texture":"#1"},"down":{"uv":[3.5625,6.5,3.5,6.8125],"rotation":180,"texture":"#1"}}},{"from":[7.2,9.6,8.55],"to":[7.45,9.8,8.8],"rotation":{"angle":0,"axis":"y","origin":[8,0,8]},"faces":{"north":{"uv":[8.25,5.5,8.3125,5.5625],"texture":"#1"},"east":{"uv":[5.75,8.25,5.8125,8.3125],"texture":"#1"},"south":{"uv":[8.25,5.25,8.3125,5.3125],"texture":"#1"},"west":{"uv":[5.5,8.25,5.5625,8.3125],"texture":"#1"},"up":{"uv":[8.3125,5.8125,8.25,5.75],"rotation":180,"texture":"#1"},"down":{"uv":[6.0625,8.25,6,8.3125],"rotation":180,"texture":"#1"}}},{"from":[8.55,9.6,8.55],"to":[8.8,9.8,8.8],"rotation":{"angle":0,"axis":"y","origin":[8,0,8]},"faces":{"north":{"uv":[8.25,6.25,8.3125,6.3125],"texture":"#1"},"east":{"uv":[6.5,8.25,6.5625,8.3125],"texture":"#1"},"south":{"uv":[8.25,6,8.3125,6.0625],"texture":"#1"},"west":{"uv":[6.25,8.25,6.3125,8.3125],"texture":"#1"},"up":{"uv":[8.3125,6.5625,8.25,6.5],"rotation":180,"texture":"#1"},"down":{"uv":[6.8125,8.25,6.75,8.3125],"rotation":180,"texture":"#1"}}},{"from":[8.55,9.6,7.2],"to":[8.8,9.8,7.45],"rotation":{"angle":0,"axis":"y","origin":[8,0,8]},"faces":{"north":{"uv":[8.25,7,8.3125,7.0625],"texture":"#1"},"east":{"uv":[7.25,8.25,7.3125,8.3125],"texture":"#1"},"south":{"uv":[8.25,6.75,8.3125,6.8125],"texture":"#1"},"west":{"uv":[7,8.25,7.0625,8.3125],"texture":"#1"},"up":{"uv":[8.3125,7.3125,8.25,7.25],"rotation":180,"texture":"#1"},"down":{"uv":[7.5625,8.25,7.5,8.3125],"rotation":180,"texture":"#1"}}},{"from":[7.2,9.6,7.2],"to":[7.45,9.8,7.45],"rotation":{"angle":0,"axis":"y","origin":[8,0,8]},"faces":{"north":{"uv":[8.25,7.75,8.3125,7.8125],"texture":"#1"},"east":{"uv":[8,8.25,8.0625,8.3125],"texture":"#1"},"south":{"uv":[8.25,7.5,8.3125,7.5625],"texture":"#1"},"west":{"uv":[7.75,8.25,7.8125,8.3125],"texture":"#1"},"up":{"uv":[8.3125,8.0625,8.25,8],"rotation":180,"texture":"#1"},"down":{"uv":[8.3125,8.25,8.25,8.3125],"rotation":180,"texture":"#1"}}},{"from":[7.35,9.6,7.05],"to":[8.65,9.8,7.2],"rotation":{"angle":0,"axis":"y","origin":[8,0,8]},"faces":{"north":{"uv":[6.5,4,6.8125,4.0625],"texture":"#1"},"east":{"uv":[8.5,0,8.5625,0.0625],"texture":"#1"},"south":{"uv":[3.75,6.5,4.0625,6.5625],"texture":"#1"},"west":{"uv":[0,8.5,0.0625,8.5625],"texture":"#1"},"up":{"uv":[4.5625,6.5625,4.25,6.5],"rotation":180,"texture":"#1"},"down":{"uv":[6.8125,4.25,6.5,4.3125],"rotation":180,"texture":"#1"}}},{"from":[7.35,9.6,8.8],"to":[8.65,9.8,8.95],"rotation":{"angle":0,"axis":"y","origin":[8,0,8]},"faces":{"north":{"uv":[4.75,6.5,5.0625,6.5625],"texture":"#1"},"east":{"uv":[8.5,0.25,8.5625,0.3125],"texture":"#1"},"south":{"uv":[6.5,4.5,6.8125,4.5625],"texture":"#1"},"west":{"uv":[0.25,8.5,0.3125,8.5625],"texture":"#1"},"up":{"uv":[6.8125,4.8125,6.5,4.75],"rotation":180,"texture":"#1"},"down":{"uv":[6.8125,5.25,6.5,5.3125],"rotation":180,"texture":"#1"}}},{"from":[8.9,9.4,7.25],"to":[9.05,9.7,8.75],"rotation":{"angle":0,"axis":"y","origin":[8,0,8]},"faces":{"north":{"uv":[8.5,0.5,8.5625,0.5625],"texture":"#1"},"east":{"uv":[6,5.25,6.375,5.3125],"texture":"#1"},"south":{"uv":[0.5,8.5,0.5625,8.5625],"texture":"#1"},"west":{"uv":[5.25,6,5.625,6.0625],"texture":"#1"},"up":{"uv":[6.0625,5.875,6,5.5],"rotation":180,"texture":"#1"},"down":{"uv":[6.0625,6,6,6.375],"rotation":180,"texture":"#1"}}},{"from":[6.95,9.4,7.25],"to":[7.1,9.7,8.75],"rotation":{"angle":0,"axis":"y","origin":[8,0,8]},"faces":{"north":{"uv":[8.5,0.75,8.5625,0.8125],"texture":"#1"},"east":{"uv":[6.25,0.25,6.625,0.3125],"texture":"#1"},"south":{"uv":[0.75,8.5,0.8125,8.5625],"texture":"#1"},"west":{"uv":[6.25,0,6.625,0.0625],"texture":"#1"},"up":{"uv":[6.3125,0.875,6.25,0.5],"rotation":180,"texture":"#1"},"down":{"uv":[0.8125,6.25,0.75,6.625],"rotation":180,"texture":"#1"}}},{"from":[7.1,9.4,8.65],"to":[7.35,9.7,8.9],"rotation":{"angle":0,"axis":"y","origin":[8,0,8]},"faces":{"north":{"uv":[1.25,8.5,1.3125,8.5625],"texture":"#1"},"east":{"uv":[8.5,1.25,8.5625,1.3125],"texture":"#1"},"south":{"uv":[1,8.5,1.0625,8.5625],"texture":"#1"},"west":{"uv":[8.5,1,8.5625,1.0625],"texture":"#1"},"up":{"uv":[1.5625,8.5625,1.5,8.5],"rotation":180,"texture":"#1"},"down":{"uv":[8.5625,1.5,8.5,1.5625],"rotation":180,"texture":"#1"}}},{"from":[8.65,9.4,8.65],"to":[8.9,9.7,8.9],"rotation":{"angle":0,"axis":"y","origin":[8,0,8]},"faces":{"north":{"uv":[2,8.5,2.0625,8.5625],"texture":"#1"},"east":{"uv":[8.5,2,8.5625,2.0625],"texture":"#1"},"south":{"uv":[1.75,8.5,1.8125,8.5625],"texture":"#1"},"west":{"uv":[8.5,1.75,8.5625,1.8125],"texture":"#1"},"up":{"uv":[2.3125,8.5625,2.25,8.5],"rotation":180,"texture":"#1"},"down":{"uv":[8.5625,2.25,8.5,2.3125],"rotation":180,"texture":"#1"}}},{"from":[8.65,9.4,7.1],"to":[8.9,9.7,7.35],"rotation":{"angle":0,"axis":"y","origin":[8,0,8]},"faces":{"north":{"uv":[2.75,8.5,2.8125,8.5625],"texture":"#1"},"east":{"uv":[8.5,2.75,8.5625,2.8125],"texture":"#1"},"south":{"uv":[2.5,8.5,2.5625,8.5625],"texture":"#1"},"west":{"uv":[8.5,2.5,8.5625,2.5625],"texture":"#1"},"up":{"uv":[3.0625,8.5625,3,8.5],"rotation":180,"texture":"#1"},"down":{"uv":[8.5625,3,8.5,3.0625],"rotation":180,"texture":"#1"}}},{"from":[7.1,9.4,7.1],"to":[7.35,9.7,7.35],"rotation":{"angle":0,"axis":"y","origin":[8,0,8]},"faces":{"north":{"uv":[3.5,8.5,3.5625,8.5625],"texture":"#1"},"east":{"uv":[8.5,3.5,8.5625,3.5625],"texture":"#1"},"south":{"uv":[3.25,8.5,3.3125,8.5625],"texture":"#1"},"west":{"uv":[8.5,3.25,8.5625,3.3125],"texture":"#1"},"up":{"uv":[3.8125,8.5625,3.75,8.5],"rotation":180,"texture":"#1"},"down":{"uv":[8.5625,3.75,8.5,3.8125],"rotation":180,"texture":"#1"}}},{"from":[7.25,9.4,6.95],"to":[8.75,9.7,7.1],"rotation":{"angle":0,"axis":"y","origin":[8,0,8]},"faces":{"north":{"uv":[6.25,1.5,6.625,1.5625],"texture":"#1"},"east":{"uv":[8.5,4,8.5625,4.0625],"texture":"#1"},"south":{"uv":[1,6.25,1.375,6.3125],"texture":"#1"},"west":{"uv":[4,8.5,4.0625,8.5625],"texture":"#1"},"up":{"uv":[6.625,1.8125,6.25,1.75],"rotation":180,"texture":"#1"},"down":{"uv":[6.625,2,6.25,2.0625],"rotation":180,"texture":"#1"}}},{"from":[7.25,9.4,8.9],"to":[8.75,9.7,9.05],"rotation":{"angle":0,"axis":"y","origin":[8,0,8]},"faces":{"north":{"uv":[6.25,3.25,6.625,3.3125],"texture":"#1"},"east":{"uv":[8.5,4.25,8.5625,4.3125],"texture":"#1"},"south":{"uv":[2.5,6.25,2.875,6.3125],"texture":"#1"},"west":{"uv":[4.25,8.5,4.3125,8.5625],"texture":"#1"},"up":{"uv":[6.625,3.5625,6.25,3.5],"rotation":180,"texture":"#1"},"down":{"uv":[6.625,3.75,6.25,3.8125],"rotation":180,"texture":"#1"}}},{"from":[9,9.05,7.15],"to":[9.15,9.45,8.85],"rotation":{"angle":0,"axis":"y","origin":[8,0,8]},"faces":{"north":{"uv":[2,7.25,2.0625,7.375],"texture":"#1"},"east":{"uv":[0.75,5.5,1.1875,5.625],"texture":"#1"},"south":{"uv":[7.25,1.75,7.3125,1.875],"texture":"#1"},"west":{"uv":[5.5,0.5,5.9375,0.625],"texture":"#1"},"up":{"uv":[6.0625,1.9375,6,1.5],"rotation":180,"texture":"#1"},"down":{"uv":[1.8125,6,1.75,6.4375],"rotation":180,"texture":"#1"}}},{"from":[6.85,9.05,7.15],"to":[7,9.45,8.85],"rotation":{"angle":0,"axis":"y","origin":[8,0,8]},"faces":{"north":{"uv":[2.25,7.25,2.3125,7.375],"texture":"#1"},"east":{"uv":[5.5,1,5.9375,1.125],"texture":"#1"},"south":{"uv":[7.25,2,7.3125,2.125],"texture":"#1"},"west":{"uv":[5.5,0.75,5.9375,0.875],"texture":"#1"},"up":{"uv":[2.0625,6.4375,2,6],"rotation":180,"texture":"#1"},"down":{"uv":[2.3125,6,2.25,6.4375],"rotation":180,"texture":"#1"}}},{"from":[8.75,9.05,7],"to":[9,9.45,7.25],"rotation":{"angle":0,"axis":"y","origin":[8,0,8]},"faces":{"north":{"uv":[7.25,2.5,7.3125,2.625],"texture":"#1"},"east":{"uv":[2.75,7.25,2.8125,7.375],"texture":"#1"},"south":{"uv":[7.25,2.25,7.3125,2.375],"texture":"#1"},"west":{"uv":[2.5,7.25,2.5625,7.375],"texture":"#1"},"up":{"uv":[4.5625,8.5625,4.5,8.5],"rotation":180,"texture":"#1"},"down":{"uv":[8.5625,4.5,8.5,4.5625],"rotation":180,"texture":"#1"}}},{"from":[7,9.05,7],"to":[7.25,9.45,7.25],"rotation":{"angle":0,"axis":"y","origin":[8,0,8]},"faces":{"north":{"uv":[7.25,3,7.3125,3.125],"texture":"#1"},"east":{"uv":[3.25,7.25,3.3125,7.375],"texture":"#1"},"south":{"uv":[7.25,2.75,7.3125,2.875],"texture":"#1"},"west":{"uv":[3,7.25,3.0625,7.375],"texture":"#1"},"up":{"uv":[4.8125,8.5625,4.75,8.5],"rotation":180,"texture":"#1"},"down":{"uv":[8.5625,4.75,8.5,4.8125],"rotation":180,"texture":"#1"}}},{"from":[7,9.05,8.75],"to":[7.25,9.45,9],"rotation":{"angle":0,"axis":"y","origin":[8,0,8]},"faces":{"north":{"uv":[7.25,3.5,7.3125,3.625],"texture":"#1"},"east":{"uv":[3.75,7.25,3.8125,7.375],"texture":"#1"},"south":{"uv":[7.25,3.25,7.3125,3.375],"texture":"#1"},"west":{"uv":[3.5,7.25,3.5625,7.375],"texture":"#1"},"up":{"uv":[5.0625,8.5625,5,8.5],"rotation":180,"texture":"#1"},"down":{"uv":[8.5625,5,8.5,5.0625],"rotation":180,"texture":"#1"}}},{"from":[8.75,9.05,8.75],"to":[9,9.45,9],"rotation":{"angle":0,"axis":"y","origin":[8,0,8]},"faces":{"north":{"uv":[7.25,4,7.3125,4.125],"texture":"#1"},"east":{"uv":[4.25,7.25,4.3125,7.375],"texture":"#1"},"south":{"uv":[7.25,3.75,7.3125,3.875],"texture":"#1"},"west":{"uv":[4,7.25,4.0625,7.375],"texture":"#1"},"up":{"uv":[5.3125,8.5625,5.25,8.5],"rotation":180,"texture":"#1"},"down":{"uv":[8.5625,5.25,8.5,5.3125],"rotation":180,"texture":"#1"}}},{"from":[7.15,9.05,6.85],"to":[8.85,9.45,7],"rotation":{"angle":0,"axis":"y","origin":[8,0,8]},"faces":{"north":{"uv":[5.5,1.25,5.9375,1.375],"texture":"#1"},"east":{"uv":[4.5,7.25,4.5625,7.375],"texture":"#1"},"south":{"uv":[1.25,5.5,1.6875,5.625],"texture":"#1"},"west":{"uv":[7.25,4.25,7.3125,4.375],"texture":"#1"},"up":{"uv":[6.4375,2.3125,6,2.25],"rotation":180,"texture":"#1"},"down":{"uv":[2.9375,6,2.5,6.0625],"rotation":180,"texture":"#1"}}},{"from":[7.15,9.05,9],"to":[8.85,9.45,9.15],"rotation":{"angle":0,"axis":"y","origin":[8,0,8]},"faces":{"north":{"uv":[1.75,5.5,2.1875,5.625],"texture":"#1"},"east":{"uv":[4.75,7.25,4.8125,7.375],"texture":"#1"},"south":{"uv":[5.5,1.5,5.9375,1.625],"texture":"#1"},"west":{"uv":[7.25,4.5,7.3125,4.625],"texture":"#1"},"up":{"uv":[6.4375,2.5625,6,2.5],"rotation":180,"texture":"#1"},"down":{"uv":[6.4375,2.75,6,2.8125],"rotation":180,"texture":"#1"}}},{"from":[9.1,8.7,7.05],"to":[9.25,9.1,8.95],"rotation":{"angle":0,"axis":"y","origin":[8,0,8]},"faces":{"north":{"uv":[5,7.25,5.0625,7.375],"texture":"#1"},"east":{"uv":[5.25,2.25,5.75,2.375],"texture":"#1"},"south":{"uv":[7.25,4.75,7.3125,4.875],"texture":"#1"},"west":{"uv":[5.25,2,5.75,2.125],"texture":"#1"},"up":{"uv":[4.5625,5.75,4.5,5.25],"rotation":180,"texture":"#1"},"down":{"uv":[2.3125,5.5,2.25,6],"rotation":180,"texture":"#1"}}},{"from":[6.75,8.7,7.05],"to":[6.9,9.1,8.95],"rotation":{"angle":0,"axis":"y","origin":[8,0,8]},"faces":{"north":{"uv":[5.25,7.25,5.3125,7.375],"texture":"#1"},"east":{"uv":[5.25,2.75,5.75,2.875],"texture":"#1"},"south":{"uv":[7.25,5,7.3125,5.125],"texture":"#1"},"west":{"uv":[5.25,2.5,5.75,2.625],"texture":"#1"},"up":{"uv":[5.8125,2.75,5.75,2.25],"rotation":180,"texture":"#1"},"down":{"uv":[5.8125,2.75,5.75,3.25],"rotation":180,"texture":"#1"}}},{"from":[7.05,8.7,6.75],"to":[8.95,9.1,6.9],"rotation":{"angle":0,"axis":"y","origin":[8,0,8]},"faces":{"north":{"uv":[5.25,3.25,5.75,3.375],"texture":"#1"},"east":{"uv":[5.5,7.25,5.5625,7.375],"texture":"#1"},"south":{"uv":[5.25,3,5.75,3.125],"texture":"#1"},"west":{"uv":[7.25,5.25,7.3125,5.375],"texture":"#1"},"up":{"uv":[6.25,3.3125,5.75,3.25],"rotation":180,"texture":"#1"},"down":{"uv":[4,5.75,3.5,5.8125],"rotation":180,"texture":"#1"}}},{"from":[6.9,8.7,6.9],"to":[7.15,9.1,7.15],"rotation":{"angle":0,"axis":"y","origin":[8,0,8]},"faces":{"north":{"uv":[7.25,5.75,7.3125,5.875],"texture":"#1"},"east":{"uv":[6,7.25,6.0625,7.375],"texture":"#1"},"south":{"uv":[7.25,5.5,7.3125,5.625],"texture":"#1"},"west":{"uv":[5.75,7.25,5.8125,7.375],"texture":"#1"},"up":{"uv":[5.5625,8.5625,5.5,8.5],"rotation":180,"texture":"#1"},"down":{"uv":[8.5625,5.5,8.5,5.5625],"rotation":180,"texture":"#1"}}},{"from":[8.65,8.7,8.85],"to":[9.1,9.1,9.1],"rotation":{"angle":0,"axis":"y","origin":[8,0,8]},"faces":{"north":{"uv":[2.75,7,2.875,7.125],"texture":"#1"},"east":{"uv":[6.25,7.25,6.3125,7.375],"texture":"#1"},"south":{"uv":[2.5,7,2.625,7.125],"texture":"#1"},"west":{"uv":[7.25,6,7.3125,6.125],"texture":"#1"},"up":{"uv":[7.375,6.3125,7.25,6.25],"rotation":180,"texture":"#1"},"down":{"uv":[6.625,7.25,6.5,7.3125],"rotation":180,"texture":"#1"}}},{"from":[6.9,8.7,8.85],"to":[7.15,9.1,9.1],"rotation":{"angle":0,"axis":"y","origin":[8,0,8]},"faces":{"north":{"uv":[7.25,6.75,7.3125,6.875],"texture":"#1"},"east":{"uv":[7,7.25,7.0625,7.375],"texture":"#1"},"south":{"uv":[7.25,6.5,7.3125,6.625],"texture":"#1"},"west":{"uv":[6.75,7.25,6.8125,7.375],"texture":"#1"},"up":{"uv":[5.8125,8.5625,5.75,8.5],"rotation":180,"texture":"#1"},"down":{"uv":[8.5625,5.75,8.5,5.8125],"rotation":180,"texture":"#1"}}},{"from":[8.65,8.7,6.9],"to":[9.1,9.1,7.15],"rotation":{"angle":0,"axis":"y","origin":[8,0,8]},"faces":{"north":{"uv":[7,3,7.125,3.125],"texture":"#1"},"east":{"uv":[7.25,7.25,7.3125,7.375],"texture":"#1"},"south":{"uv":[3,7,3.125,7.125],"texture":"#1"},"west":{"uv":[7.25,7,7.3125,7.125],"texture":"#1"},"up":{"uv":[0.125,7.5625,0,7.5],"rotation":180,"texture":"#1"},"down":{"uv":[7.625,0,7.5,0.0625],"rotation":180,"texture":"#1"}}},{"from":[7.05,8.7,9.1],"to":[8.95,9.1,9.25],"rotation":{"angle":0,"axis":"y","origin":[8,0,8]},"faces":{"north":{"uv":[5.25,3.75,5.75,3.875],"texture":"#1"},"east":{"uv":[7.5,0.25,7.5625,0.375],"texture":"#1"},"south":{"uv":[5.25,3.5,5.75,3.625],"texture":"#1"},"west":{"uv":[0.25,7.5,0.3125,7.625],"texture":"#1"},"up":{"uv":[6.25,3.5625,5.75,3.5],"rotation":180,"texture":"#1"},"down":{"uv":[6.25,3.75,5.75,3.8125],"rotation":180,"texture":"#1"}}},{"from":[9.2,0.1,7.05],"to":[9.35,8.7,8.95],"rotation":{"angle":0,"axis":"y","origin":[8,0,8]},"faces":{"north":{"uv":[1.75,2.25,1.8125,4.375],"texture":"#1"},"east":{"uv":[0.5,0,1,2.125],"texture":"#1"},"south":{"uv":[1.5,2.25,1.5625,4.375],"texture":"#1"},"west":{"uv":[0,0,0.5,2.125],"texture":"#1"},"up":{"uv":[4.0625,6.25,4,5.75],"rotation":180,"texture":"#1"},"down":{"uv":[5.8125,4,5.75,4.5],"rotation":180,"texture":"#1"}}},{"from":[6.65,0.1,7.05],"to":[6.8,8.7,8.95],"rotation":{"angle":0,"axis":"y","origin":[8,0,8]},"faces":{"north":{"uv":[2.25,2.25,2.3125,4.375],"texture":"#1"},"east":{"uv":[1.5,0,2,2.125],"texture":"#1"},"south":{"uv":[2,2.25,2.0625,4.375],"texture":"#1"},"west":{"uv":[1,0,1.5,2.125],"texture":"#1"},"up":{"uv":[4.3125,6.25,4.25,5.75],"rotation":180,"texture":"#1"},"down":{"uv":[4.5625,5.75,4.5,6.25],"rotation":180,"texture":"#1"}}},{"from":[8.95,0.1,6.8],"to":[9.2,8.7,7.05],"rotation":{"angle":0,"axis":"y","origin":[8,0,8]},"faces":{"north":{"uv":[2.75,0,2.8125,2.125],"texture":"#1"},"east":{"uv":[2.75,2.25,2.8125,4.375],"texture":"#1"},"south":{"uv":[2.5,0,2.5625,2.125],"texture":"#1"},"west":{"uv":[2.5,2.25,2.5625,4.375],"texture":"#1"},"up":{"uv":[6.0625,8.5625,6,8.5],"rotation":180,"texture":"#1"},"down":{"uv":[8.5625,6,8.5,6.0625],"rotation":180,"texture":"#1"}}},{"from":[6.8,0.1,6.8],"to":[7.05,8.7,7.05],"rotation":{"angle":0,"axis":"y","origin":[8,0,8]},"faces":{"north":{"uv":[3.25,0,3.3125,2.125],"texture":"#1"},"east":{"uv":[3.25,2.25,3.3125,4.375],"texture":"#1"},"south":{"uv":[3,0,3.0625,2.125],"texture":"#1"},"west":{"uv":[3,2.25,3.0625,4.375],"texture":"#1"},"up":{"uv":[6.3125,8.5625,6.25,8.5],"rotation":180,"texture":"#1"},"down":{"uv":[8.5625,6.25,8.5,6.3125],"rotation":180,"texture":"#1"}}},{"from":[6.8,0.1,8.95],"to":[7.05,8.7,9.2],"rotation":{"angle":0,"axis":"y","origin":[8,0,8]},"faces":{"north":{"uv":[3.75,0,3.8125,2.125],"texture":"#1"},"east":{"uv":[3.75,2.25,3.8125,4.375],"texture":"#1"},"south":{"uv":[3.5,0,3.5625,2.125],"texture":"#1"},"west":{"uv":[3.5,2.25,3.5625,4.375],"texture":"#1"},"up":{"uv":[6.5625,8.5625,6.5,8.5],"rotation":180,"texture":"#1"},"down":{"uv":[8.5625,6.5,8.5,6.5625],"rotation":180,"texture":"#1"}}},{"from":[8.95,0.1,8.95],"to":[9.2,8.7,9.2],"rotation":{"angle":0,"axis":"y","origin":[8,0,8]},"faces":{"north":{"uv":[4.25,0,4.3125,2.125],"texture":"#1"},"east":{"uv":[4.25,2.25,4.3125,4.375],"texture":"#1"},"south":{"uv":[4,0,4.0625,2.125],"texture":"#1"},"west":{"uv":[4,2.25,4.0625,4.375],"texture":"#1"},"up":{"uv":[6.8125,8.5625,6.75,8.5],"rotation":180,"texture":"#1"},"down":{"uv":[8.5625,6.75,8.5,6.8125],"rotation":180,"texture":"#1"}}},{"from":[7.05,0.1,6.65],"to":[8.95,8.7,6.8],"rotation":{"angle":0,"axis":"y","origin":[8,0,8]},"faces":{"north":{"uv":[0,2.25,0.5,4.375],"texture":"#1"},"east":{"uv":[4.5,0,4.5625,2.125],"texture":"#1"},"south":{"uv":[2,0,2.5,2.125],"texture":"#1"},"west":{"uv":[0,4.5,0.0625,6.625],"texture":"#1"},"up":{"uv":[6.25,4.5625,5.75,4.5],"rotation":180,"texture":"#1"},"down":{"uv":[6.25,4.75,5.75,4.8125],"rotation":180,"texture":"#1"}}},{"from":[7.05,0.1,9.2],"to":[8.95,8.7,9.35],"rotation":{"angle":0,"axis":"y","origin":[8,0,8]},"faces":{"north":{"uv":[1,2.25,1.5,4.375],"texture":"#1"},"east":{"uv":[0.5,4.5,0.5625,6.625],"texture":"#1"},"south":{"uv":[0.5,2.25,1,4.375],"texture":"#1"},"west":{"uv":[0.25,4.5,0.3125,6.625],"texture":"#1"},"up":{"uv":[6.25,5.0625,5.75,5],"rotation":180,"texture":"#1"},"down":{"uv":[5.75,5.75,5.25,5.8125],"rotation":180,"texture":"#1"}}},{"from":[7.4,1.2,7.4],"to":[8.6,1.25,8.6],"rotation":{"angle":0,"axis":"y","origin":[8,0,8]},"faces":{"north":{"uv":[6.75,3.25,7.0625,3.3125],"texture":"#1"},"east":{"uv":[6.75,3.5,7.0625,3.5625],"texture":"#1"},"south":{"uv":[2.75,6.75,3.0625,6.8125],"texture":"#1"},"west":{"uv":[6.75,2.75,7.0625,2.8125],"texture":"#1"},"up":{"uv":[2.8125,4.8125,2.5,4.5],"rotation":180,"texture":"#1"},"down":{"uv":[3.3125,4.5,3,4.8125],"rotation":180,"texture":"#1"}}},{"from":[7.45,1.2,7.2],"to":[8.55,1.25,7.4],"rotation":{"angle":0,"axis":"y","origin":[8,0,8]},"faces":{"north":{"uv":[7,4,7.25,4.0625],"texture":"#1"},"east":{"uv":[8,8.75,8.0625,8.8125],"texture":"#1"},"south":{"uv":[4,7,4.25,7.0625],"texture":"#1"},"west":{"uv":[8.75,7.75,8.8125,7.8125],"texture":"#1"},"up":{"uv":[4.5,7.0625,4.25,7],"rotation":180,"texture":"#1"},"down":{"uv":[7.25,4.25,7,4.3125],"rotation":180,"texture":"#1"}}},{"from":[7.45,1.2,8.6],"to":[8.55,1.25,8.8],"rotation":{"angle":0,"axis":"y","origin":[8,0,8]},"faces":{"north":{"uv":[7,4.5,7.25,4.5625],"texture":"#1"},"east":{"uv":[8.25,8.75,8.3125,8.8125],"texture":"#1"},"south":{"uv":[4.5,7,4.75,7.0625],"texture":"#1"},"west":{"uv":[8.75,8,8.8125,8.0625],"texture":"#1"},"up":{"uv":[5,7.0625,4.75,7],"rotation":180,"texture":"#1"},"down":{"uv":[7.25,4.75,7,4.8125],"rotation":180,"texture":"#1"}}},{"from":[7.2,1.2,7.45],"to":[7.4,1.25,8.55],"rotation":{"angle":0,"axis":"y","origin":[8,0,8]},"faces":{"north":{"uv":[8.5,8.75,8.5625,8.8125],"texture":"#1"},"east":{"uv":[7,5,7.25,5.0625],"texture":"#1"},"south":{"uv":[8.75,8.25,8.8125,8.3125],"texture":"#1"},"west":{"uv":[5,7,5.25,7.0625],"texture":"#1"},"up":{"uv":[5.3125,7.25,5.25,7],"rotation":180,"texture":"#1"},"down":{"uv":[7.0625,5.25,7,5.5],"rotation":180,"texture":"#1"}}},{"from":[8.6,1.2,7.45],"to":[8.8,1.25,8.55],"rotation":{"angle":0,"axis":"y","origin":[8,0,8]},"faces":{"north":{"uv":[8.75,8.75,8.8125,8.8125],"texture":"#1"},"east":{"uv":[7,5.5,7.25,5.5625],"texture":"#1"},"south":{"uv":[8.75,8.5,8.8125,8.5625],"texture":"#1"},"west":{"uv":[5.5,7,5.75,7.0625],"texture":"#1"},"up":{"uv":[5.8125,7.25,5.75,7],"rotation":180,"texture":"#1"},"down":{"uv":[7.0625,5.75,7,6],"rotation":180,"texture":"#1"}}},{"from":[8.8,1,7.35],"to":[8.95,1.2,8.65],"rotation":{"angle":0,"axis":"y","origin":[8,0,8]},"faces":{"north":{"uv":[4,8.75,4.0625,8.8125],"texture":"#1"},"east":{"uv":[6.5,5.75,6.8125,5.8125],"texture":"#1"},"south":{"uv":[8.75,3.75,8.8125,3.8125],"texture":"#1"},"west":{"uv":[6.5,5.5,6.8125,5.5625],"texture":"#1"},"up":{"uv":[5.3125,6.8125,5.25,6.5],"rotation":180,"texture":"#1"},"down":{"uv":[6.0625,6.5,6,6.8125],"rotation":180,"texture":"#1"}}},{"from":[7.05,1,7.35],"to":[7.2,1.2,8.65],"rotation":{"angle":0,"axis":"y","origin":[8,0,8]},"faces":{"north":{"uv":[4.25,8.75,4.3125,8.8125],"texture":"#1"},"east":{"uv":[0,6.75,0.3125,6.8125],"texture":"#1"},"south":{"uv":[8.75,4,8.8125,4.0625],"texture":"#1"},"west":{"uv":[6.25,6.5,6.5625,6.5625],"texture":"#1"},"up":{"uv":[6.8125,0.3125,6.75,0],"rotation":180,"texture":"#1"},"down":{"uv":[0.5625,6.75,0.5,7.0625],"rotation":180,"texture":"#1"}}},{"from":[7.2,1,8.55],"to":[7.45,1.2,8.8],"rotation":{"angle":0,"axis":"y","origin":[8,0,8]},"faces":{"north":{"uv":[8.75,4.5,8.8125,4.5625],"texture":"#1"},"east":{"uv":[4.75,8.75,4.8125,8.8125],"texture":"#1"},"south":{"uv":[8.75,4.25,8.8125,4.3125],"texture":"#1"},"west":{"uv":[4.5,8.75,4.5625,8.8125],"texture":"#1"},"up":{"uv":[8.8125,4.8125,8.75,4.75],"rotation":180,"texture":"#1"},"down":{"uv":[5.0625,8.75,5,8.8125],"rotation":180,"texture":"#1"}}},{"from":[8.55,1,8.55],"to":[8.8,1.2,8.8],"rotation":{"angle":0,"axis":"y","origin":[8,0,8]},"faces":{"north":{"uv":[8.75,5.25,8.8125,5.3125],"texture":"#1"},"east":{"uv":[5.5,8.75,5.5625,8.8125],"texture":"#1"},"south":{"uv":[8.75,5,8.8125,5.0625],"texture":"#1"},"west":{"uv":[5.25,8.75,5.3125,8.8125],"texture":"#1"},"up":{"uv":[8.8125,5.5625,8.75,5.5],"rotation":180,"texture":"#1"},"down":{"uv":[5.8125,8.75,5.75,8.8125],"rotation":180,"texture":"#1"}}},{"from":[8.55,1,7.2],"to":[8.8,1.2,7.45],"rotation":{"angle":0,"axis":"y","origin":[8,0,8]},"faces":{"north":{"uv":[8.75,6,8.8125,6.0625],"texture":"#1"},"east":{"uv":[6.25,8.75,6.3125,8.8125],"texture":"#1"},"south":{"uv":[8.75,5.75,8.8125,5.8125],"texture":"#1"},"west":{"uv":[6,8.75,6.0625,8.8125],"texture":"#1"},"up":{"uv":[8.8125,6.3125,8.75,6.25],"rotation":180,"texture":"#1"},"down":{"uv":[6.5625,8.75,6.5,8.8125],"rotation":180,"texture":"#1"}}},{"from":[7.2,1,7.2],"to":[7.45,1.2,7.45],"rotation":{"angle":0,"axis":"y","origin":[8,0,8]},"faces":{"north":{"uv":[8.75,6.75,8.8125,6.8125],"texture":"#1"},"east":{"uv":[7,8.75,7.0625,8.8125],"texture":"#1"},"south":{"uv":[8.75,6.5,8.8125,6.5625],"texture":"#1"},"west":{"uv":[6.75,8.75,6.8125,8.8125],"texture":"#1"},"up":{"uv":[8.8125,7.0625,8.75,7],"rotation":180,"texture":"#1"},"down":{"uv":[7.3125,8.75,7.25,8.8125],"rotation":180,"texture":"#1"}}},{"from":[7.35,1,7.05],"to":[8.65,1.2,7.2],"rotation":{"angle":0,"axis":"y","origin":[8,0,8]},"faces":{"north":{"uv":[1.25,6.75,1.5625,6.8125],"texture":"#1"},"east":{"uv":[7.5,8.75,7.5625,8.8125],"texture":"#1"},"south":{"uv":[0.75,6.75,1.0625,6.8125],"texture":"#1"},"west":{"uv":[8.75,7.25,8.8125,7.3125],"texture":"#1"},"up":{"uv":[7.0625,1.5625,6.75,1.5],"rotation":180,"texture":"#1"},"down":{"uv":[2.0625,6.75,1.75,6.8125],"rotation":180,"texture":"#1"}}},{"from":[7.35,1,8.8],"to":[8.65,1.2,8.95],"rotation":{"angle":0,"axis":"y","origin":[8,0,8]},"faces":{"north":{"uv":[6.75,2,7.0625,2.0625],"texture":"#1"},"east":{"uv":[7.75,8.75,7.8125,8.8125],"texture":"#1"},"south":{"uv":[6.75,1.75,7.0625,1.8125],"texture":"#1"},"west":{"uv":[8.75,7.5,8.8125,7.5625],"texture":"#1"},"up":{"uv":[2.5625,6.8125,2.25,6.75],"rotation":180,"texture":"#1"},"down":{"uv":[7.0625,2.5,6.75,2.5625],"rotation":180,"texture":"#1"}}},{"from":[8.9,0.7,7.25],"to":[9.05,1,8.75],"rotation":{"angle":0,"axis":"y","origin":[8,0,8]},"faces":{"north":{"uv":[0,8.75,0.0625,8.8125],"texture":"#1"},"east":{"uv":[4.5,6.25,4.875,6.3125],"texture":"#1"},"south":{"uv":[8.5,8.5,8.5625,8.5625],"texture":"#1"},"west":{"uv":[4,6.25,4.375,6.3125],"texture":"#1"},"up":{"uv":[1.5625,6.625,1.5,6.25],"rotation":180,"texture":"#1"},"down":{"uv":[6.3125,4.5,6.25,4.875],"rotation":180,"texture":"#1"}}},{"from":[6.95,0.7,7.25],"to":[7.1,1,8.75],"rotation":{"angle":0,"axis":"y","origin":[8,0,8]},"faces":{"north":{"uv":[0.25,8.75,0.3125,8.8125],"texture":"#1"},"east":{"uv":[6.25,5,6.625,5.0625],"texture":"#1"},"south":{"uv":[8.75,0,8.8125,0.0625],"texture":"#1"},"west":{"uv":[5,6.25,5.375,6.3125],"texture":"#1"},"up":{"uv":[5.5625,6.625,5.5,6.25],"rotation":180,"texture":"#1"},"down":{"uv":[6.3125,5.5,6.25,5.875],"rotation":180,"texture":"#1"}}},{"from":[7.1,0.7,8.65],"to":[7.35,1,8.9],"rotation":{"angle":0,"axis":"y","origin":[8,0,8]},"faces":{"north":{"uv":[8.75,0.5,8.8125,0.5625],"texture":"#1"},"east":{"uv":[0.75,8.75,0.8125,8.8125],"texture":"#1"},"south":{"uv":[8.75,0.25,8.8125,0.3125],"texture":"#1"},"west":{"uv":[0.5,8.75,0.5625,8.8125],"texture":"#1"},"up":{"uv":[8.8125,0.8125,8.75,0.75],"rotation":180,"texture":"#1"},"down":{"uv":[1.0625,8.75,1,8.8125],"rotation":180,"texture":"#1"}}},{"from":[8.65,0.7,8.65],"to":[8.9,1,8.9],"rotation":{"angle":0,"axis":"y","origin":[8,0,8]},"faces":{"north":{"uv":[8.75,1.25,8.8125,1.3125],"texture":"#1"},"east":{"uv":[1.5,8.75,1.5625,8.8125],"texture":"#1"},"south":{"uv":[8.75,1,8.8125,1.0625],"texture":"#1"},"west":{"uv":[1.25,8.75,1.3125,8.8125],"texture":"#1"},"up":{"uv":[8.8125,1.5625,8.75,1.5],"rotation":180,"texture":"#1"},"down":{"uv":[1.8125,8.75,1.75,8.8125],"rotation":180,"texture":"#1"}}},{"from":[8.65,0.7,7.1],"to":[8.9,1,7.35],"rotation":{"angle":0,"axis":"y","origin":[8,0,8]},"faces":{"north":{"uv":[8.75,2,8.8125,2.0625],"texture":"#1"},"east":{"uv":[2.25,8.75,2.3125,8.8125],"texture":"#1"},"south":{"uv":[8.75,1.75,8.8125,1.8125],"texture":"#1"},"west":{"uv":[2,8.75,2.0625,8.8125],"texture":"#1"},"up":{"uv":[8.8125,2.3125,8.75,2.25],"rotation":180,"texture":"#1"},"down":{"uv":[2.5625,8.75,2.5,8.8125],"rotation":180,"texture":"#1"}}},{"from":[7.1,0.7,7.1],"to":[7.35,1,7.35],"rotation":{"angle":0,"axis":"y","origin":[8,0,8]},"faces":{"north":{"uv":[8.75,2.75,8.8125,2.8125],"texture":"#1"},"east":{"uv":[3,8.75,3.0625,8.8125],"texture":"#1"},"south":{"uv":[8.75,2.5,8.8125,2.5625],"texture":"#1"},"west":{"uv":[2.75,8.75,2.8125,8.8125],"texture":"#1"},"up":{"uv":[8.8125,3.0625,8.75,3],"rotation":180,"texture":"#1"},"down":{"uv":[3.3125,8.75,3.25,8.8125],"rotation":180,"texture":"#1"}}},{"from":[7.25,0.7,6.95],"to":[8.75,1,7.1],"rotation":{"angle":0,"axis":"y","origin":[8,0,8]},"faces":{"north":{"uv":[6.25,6.25,6.625,6.3125],"texture":"#1"},"east":{"uv":[3.5,8.75,3.5625,8.8125],"texture":"#1"},"south":{"uv":[6.25,6,6.625,6.0625],"texture":"#1"},"west":{"uv":[8.75,3.25,8.8125,3.3125],"texture":"#1"},"up":{"uv":[6.875,0.5625,6.5,0.5],"rotation":180,"texture":"#1"},"down":{"uv":[6.875,0.75,6.5,0.8125],"rotation":180,"texture":"#1"}}},{"from":[7.25,0.7,8.9],"to":[8.75,1,9.05],"rotation":{"angle":0,"axis":"y","origin":[8,0,8]},"faces":{"north":{"uv":[6.5,1,6.875,1.0625],"texture":"#1"},"east":{"uv":[3.75,8.75,3.8125,8.8125],"texture":"#1"},"south":{"uv":[1,6.5,1.375,6.5625],"texture":"#1"},"west":{"uv":[8.75,3.5,8.8125,3.5625],"texture":"#1"},"up":{"uv":[6.875,1.3125,6.5,1.25],"rotation":180,"texture":"#1"},"down":{"uv":[2.125,6.5,1.75,6.5625],"rotation":180,"texture":"#1"}}},{"from":[9,0.35,7.15],"to":[9.15,0.75,8.85],"rotation":{"angle":0,"axis":"y","origin":[8,0,8]},"faces":{"north":{"uv":[7.5,3.5,7.5625,3.625],"texture":"#1"},"east":{"uv":[3.5,5.5,3.9375,5.625],"texture":"#1"},"south":{"uv":[3.5,7.5,3.5625,7.625],"texture":"#1"},"west":{"uv":[5.5,1.75,5.9375,1.875],"texture":"#1"},"up":{"uv":[3.0625,6.4375,3,6],"rotation":180,"texture":"#1"},"down":{"uv":[3.3125,6,3.25,6.4375],"rotation":180,"texture":"#1"}}},{"from":[6.85,0.35,7.15],"to":[7,0.75,8.85],"rotation":{"angle":0,"axis":"y","origin":[8,0,8]},"faces":{"north":{"uv":[7.5,3.75,7.5625,3.875],"texture":"#1"},"east":{"uv":[5.25,5.5,5.6875,5.625],"texture":"#1"},"south":{"uv":[3.75,7.5,3.8125,7.625],"texture":"#1"},"west":{"uv":[4,5.5,4.4375,5.625],"texture":"#1"},"up":{"uv":[3.5625,6.4375,3.5,6],"rotation":180,"texture":"#1"},"down":{"uv":[3.8125,6,3.75,6.4375],"rotation":180,"texture":"#1"}}},{"from":[8.75,0.35,7],"to":[9,0.75,7.25],"rotation":{"angle":0,"axis":"y","origin":[8,0,8]},"faces":{"north":{"uv":[4.25,7.5,4.3125,7.625],"texture":"#1"},"east":{"uv":[7.5,4.25,7.5625,4.375],"texture":"#1"},"south":{"uv":[4,7.5,4.0625,7.625],"texture":"#1"},"west":{"uv":[7.5,4,7.5625,4.125],"texture":"#1"},"up":{"uv":[7.5625,8.5625,7.5,8.5],"rotation":180,"texture":"#1"},"down":{"uv":[8.5625,7.5,8.5,7.5625],"rotation":180,"texture":"#1"}}},{"from":[7,0.35,7],"to":[7.25,0.75,7.25],"rotation":{"angle":0,"axis":"y","origin":[8,0,8]},"faces":{"north":{"uv":[4.75,7.5,4.8125,7.625],"texture":"#1"},"east":{"uv":[7.5,4.75,7.5625,4.875],"texture":"#1"},"south":{"uv":[4.5,7.5,4.5625,7.625],"texture":"#1"},"west":{"uv":[7.5,4.5,7.5625,4.625],"texture":"#1"},"up":{"uv":[7.8125,8.5625,7.75,8.5],"rotation":180,"texture":"#1"},"down":{"uv":[8.5625,7.75,8.5,7.8125],"rotation":180,"texture":"#1"}}},{"from":[7,0.35,8.75],"to":[7.25,0.75,9],"rotation":{"angle":0,"axis":"y","origin":[8,0,8]},"faces":{"north":{"uv":[5.25,7.5,5.3125,7.625],"texture":"#1"},"east":{"uv":[7.5,5.25,7.5625,5.375],"texture":"#1"},"south":{"uv":[5,7.5,5.0625,7.625],"texture":"#1"},"west":{"uv":[7.5,5,7.5625,5.125],"texture":"#1"},"up":{"uv":[8.0625,8.5625,8,8.5],"rotation":180,"texture":"#1"},"down":{"uv":[8.5625,8,8.5,8.0625],"rotation":180,"texture":"#1"}}},{"from":[8.75,0.35,8.75],"to":[9,0.75,9],"rotation":{"angle":0,"axis":"y","origin":[8,0,8]},"faces":{"north":{"uv":[5.75,7.5,5.8125,7.625],"texture":"#1"},"east":{"uv":[7.5,5.75,7.5625,5.875],"texture":"#1"},"south":{"uv":[5.5,7.5,5.5625,7.625],"texture":"#1"},"west":{"uv":[7.5,5.5,7.5625,5.625],"texture":"#1"},"up":{"uv":[8.3125,8.5625,8.25,8.5],"rotation":180,"texture":"#1"},"down":{"uv":[8.5625,8.25,8.5,8.3125],"rotation":180,"texture":"#1"}}},{"from":[7.15,0.35,6.85],"to":[8.85,0.75,7],"rotation":{"angle":0,"axis":"y","origin":[8,0,8]},"faces":{"north":{"uv":[1.25,5.75,1.6875,5.875],"texture":"#1"},"east":{"uv":[7.5,6,7.5625,6.125],"texture":"#1"},"south":{"uv":[0.75,5.75,1.1875,5.875],"texture":"#1"},"west":{"uv":[6,7.5,6.0625,7.625],"texture":"#1"},"up":{"uv":[6.4375,3.0625,6,3],"rotation":180,"texture":"#1"},"down":{"uv":[6.4375,4,6,4.0625],"rotation":180,"texture":"#1"}}},{"from":[7.15,0.35,9],"to":[8.85,0.75,9.15],"rotation":{"angle":0,"axis":"y","origin":[8,0,8]},"faces":{"north":{"uv":[5.75,2,6.1875,2.125],"texture":"#1"},"east":{"uv":[7.5,6.25,7.5625,6.375],"texture":"#1"},"south":{"uv":[1.75,5.75,2.1875,5.875],"texture":"#1"},"west":{"uv":[6.25,7.5,6.3125,7.625],"texture":"#1"},"up":{"uv":[6.4375,4.3125,6,4.25],"rotation":180,"texture":"#1"},"down":{"uv":[5.1875,6,4.75,6.0625],"rotation":180,"texture":"#1"}}},{"from":[9.1,0,7.15],"to":[9.25,0.4,8.85],"rotation":{"angle":0,"axis":"y","origin":[8,0,8]},"faces":{"north":{"uv":[7.5,0.5,7.5625,0.625],"texture":"#1"},"east":{"uv":[5.25,4.25,5.75,4.375],"texture":"#1"},"south":{"uv":[0.5,7.5,0.5625,7.625],"texture":"#1"},"west":{"uv":[5.25,4,5.75,4.125],"texture":"#1"},"up":{"uv":[5.8125,5.75,5.75,5.25],"rotation":180,"texture":"#1"},"down":{"uv":[5.8125,5.75,5.75,6.25],"rotation":180,"texture":"#1"}}},{"from":[6.75,0,7.15],"to":[6.9,0.4,8.85],"rotation":{"angle":0,"axis":"y","origin":[8,0,8]},"faces":{"north":{"uv":[7.5,0.75,7.5625,0.875],"texture":"#1"},"east":{"uv":[5.25,4.75,5.75,4.875],"texture":"#1"},"south":{"uv":[0.75,7.5,0.8125,7.625],"texture":"#1"},"west":{"uv":[5.25,4.5,5.75,4.625],"texture":"#1"},"up":{"uv":[6.0625,0.5,6,0],"rotation":180,"texture":"#1"},"down":{"uv":[6.0625,0.5,6,1],"rotation":180,"texture":"#1"}}},{"from":[7.15,0,6.75],"to":[8.85,0.4,6.9],"rotation":{"angle":0,"axis":"y","origin":[8,0,8]},"faces":{"north":{"uv":[5.25,5.25,5.75,5.375],"texture":"#1"},"east":{"uv":[7.5,1,7.5625,1.125],"texture":"#1"},"south":{"uv":[5.25,5,5.75,5.125],"texture":"#1"},"west":{"uv":[1,7.5,1.0625,7.625],"texture":"#1"},"up":{"uv":[1.25,6.0625,0.75,6],"rotation":180,"texture":"#1"},"down":{"uv":[6.5,1,6,1.0625],"rotation":180,"texture":"#1"}}},{"from":[6.9,0,6.9],"to":[7.15,0.4,7.15],"rotation":{"angle":0,"axis":"y","origin":[8,0,8]},"faces":{"north":{"uv":[1.5,7.5,1.5625,7.625],"texture":"#1"},"east":{"uv":[7.5,1.5,7.5625,1.625],"texture":"#1"},"south":{"uv":[1.25,7.5,1.3125,7.625],"texture":"#1"},"west":{"uv":[7.5,1.25,7.5625,1.375],"texture":"#1"},"up":{"uv":[7.0625,8.5625,7,8.5],"rotation":180,"texture":"#1"},"down":{"uv":[8.5625,7,8.5,7.0625],"rotation":180,"texture":"#1"}}},{"from":[8.75,0,8.85],"to":[9.1,0.4,9.1],"rotation":{"angle":0,"axis":"y","origin":[8,0,8]},"faces":{"north":{"uv":[3.5,7,3.625,7.125],"texture":"#1"},"east":{"uv":[7.5,1.75,7.5625,1.875],"texture":"#1"},"south":{"uv":[3.25,7,3.375,7.125],"texture":"#1"},"west":{"uv":[1.75,7.5,1.8125,7.625],"texture":"#1"},"up":{"uv":[2.125,7.5625,2,7.5],"rotation":180,"texture":"#1"},"down":{"uv":[7.625,2,7.5,2.0625],"rotation":180,"texture":"#1"}}},{"from":[6.9,0,8.85],"to":[7.15,0.4,9.1],"rotation":{"angle":0,"axis":"y","origin":[8,0,8]},"faces":{"north":{"uv":[2.5,7.5,2.5625,7.625],"texture":"#1"},"east":{"uv":[7.5,2.5,7.5625,2.625],"texture":"#1"},"south":{"uv":[2.25,7.5,2.3125,7.625],"texture":"#1"},"west":{"uv":[7.5,2.25,7.5625,2.375],"texture":"#1"},"up":{"uv":[7.3125,8.5625,7.25,8.5],"rotation":180,"texture":"#1"},"down":{"uv":[8.5625,7.25,8.5,7.3125],"rotation":180,"texture":"#1"}}},{"from":[8.75,0,6.9],"to":[9.1,0.4,7.15],"rotation":{"angle":0,"axis":"y","origin":[8,0,8]},"faces":{"north":{"uv":[7,3.75,7.125,3.875],"texture":"#1"},"east":{"uv":[7.5,2.75,7.5625,2.875],"texture":"#1"},"south":{"uv":[3.75,7,3.875,7.125],"texture":"#1"},"west":{"uv":[2.75,7.5,2.8125,7.625],"texture":"#1"},"up":{"uv":[3.125,7.5625,3,7.5],"rotation":180,"texture":"#1"},"down":{"uv":[7.625,3,7.5,3.0625],"rotation":180,"texture":"#1"}}},{"from":[7.15,0,9.1],"to":[8.85,0.4,9.25],"rotation":{"angle":0,"axis":"y","origin":[8,0,8]},"faces":{"north":{"uv":[5.5,0.25,6,0.375],"texture":"#1"},"east":{"uv":[7.5,3.25,7.5625,3.375],"texture":"#1"},"south":{"uv":[5.5,0,6,0.125],"texture":"#1"},"west":{"uv":[3.25,7.5,3.3125,7.625],"texture":"#1"},"up":{"uv":[1.75,6.0625,1.25,6],"rotation":180,"texture":"#1"},"down":{"uv":[6.5,1.25,6,1.3125],"rotation":180,"texture":"#1"}}},{"from":[7.05,2.85,6.5],"to":[8.95,6.95,6.65],"rotation":{"angle":0,"axis":"y","origin":[8,0,8]},"faces":{"north":{"uv":[2,0,3.90625,4.09375],"texture":"#2"},"east":{"uv":[0,5,0.15625,9.09375],"texture":"#2"},"south":{"uv":[0,0,1.90625,4.09375],"texture":"#2"},"west":{"uv":[4,0,4.15625,4.09375],"texture":"#2"},"up":{"uv":[6.90625,0.15625,5,0],"rotation":180,"texture":"#2"},"down":{"uv":[2.90625,5,1,5.15625],"rotation":180,"texture":"#2"}}},{"from":[9.1,0.4,7.15],"to":[9.25,8.7,8.85],"rotation":{"angle":0,"axis":"y","origin":[8,0,8]},"faces":{"north":{"uv":[2,5,3,6],"texture":"#3"},"east":{"uv":[0,1,2,2],"texture":"#3"},"south":{"uv":[0,4,1,5],"texture":"#3"},"west":{"uv":[0,0,2,1],"texture":"#3"},"up":{"uv":[1,4,0,2],"rotation":180,"texture":"#3"},"down":{"uv":[3,0,2,2],"rotation":180,"texture":"#3"}}},{"from":[6.75,0.4,7.15],"to":[6.9,8.7,8.85],"rotation":{"angle":0,"axis":"y","origin":[8,0,8]},"faces":{"north":{"uv":[4,5,5,6],"texture":"#3"},"east":{"uv":[3,0,5,1],"texture":"#3"},"south":{"uv":[3,5,4,6],"texture":"#3"},"west":{"uv":[1,2,3,3],"texture":"#3"},"up":{"uv":[2,5,1,3],"rotation":180,"texture":"#3"},"down":{"uv":[4,1,3,3],"rotation":180,"texture":"#3"}}},{"from":[7.15,0.4,6.75],"to":[8.85,8.7,6.9],"rotation":{"angle":0,"axis":"y","origin":[8,0,8]},"faces":{"north":{"uv":[4,1,6,2],"texture":"#3"},"east":{"uv":[0,6,1,7],"texture":"#3"},"south":{"uv":[2,3,4,4],"texture":"#3"},"west":{"uv":[5,5,6,6],"texture":"#3"},"up":{"uv":[4,5,2,4],"rotation":180,"texture":"#3"},"down":{"uv":[6,2,4,3],"rotation":180,"texture":"#3"}}},{"from":[6.9,1.3,6.9],"to":[8,8.7,7.95],"rotation":{"angle":0,"axis":"y","origin":[8,0,8]},"faces":{"north":{"uv":[2,6,3,7],"texture":"#3"},"east":{"uv":[6,2,7,3],"texture":"#3"},"south":{"uv":[1,6,2,7],"texture":"#3"},"west":{"uv":[6,1,7,2],"texture":"#3"},"up":{"uv":[4,7,3,6],"rotation":180,"texture":"#3"},"down":{"uv":[7,3,6,4],"rotation":180,"texture":"#3"}}},{"from":[8,1.3,7.95],"to":[9.1,8.7,9.1],"rotation":{"angle":0,"axis":"y","origin":[8,0,8]},"faces":{"north":{"uv":[5,6,6,7],"texture":"#3"},"east":{"uv":[6,5,7,6],"texture":"#3"},"south":{"uv":[4,6,5,7],"texture":"#3"},"west":{"uv":[6,4,7,5],"texture":"#3"},"up":{"uv":[7,7,6,6],"rotation":180,"texture":"#3"},"down":{"uv":[1,7,0,8],"rotation":180,"texture":"#3"}}},{"from":[6.9,1.3,7.95],"to":[8,8.7,9.1],"rotation":{"angle":0,"axis":"y","origin":[8,0,8]},"faces":{"north":{"uv":[7,1,8,2],"texture":"#3"},"east":{"uv":[2,7,3,8],"texture":"#3"},"south":{"uv":[7,0,8,1],"texture":"#3"},"west":{"uv":[1,7,2,8],"texture":"#3"},"up":{"uv":[8,3,7,2],"rotation":180,"texture":"#3"},"down":{"uv":[4,7,3,8],"rotation":180,"texture":"#3"}}},{"from":[8,1.3,6.9],"to":[9.1,8.7,7.95],"rotation":{"angle":0,"axis":"y","origin":[8,0,8]},"faces":{"north":{"uv":[7,4,8,5],"texture":"#3"},"east":{"uv":[5,7,6,8],"texture":"#3"},"south":{"uv":[7,3,8,4],"texture":"#3"},"west":{"uv":[4,7,5,8],"texture":"#3"},"up":{"uv":[8,6,7,5],"rotation":180,"texture":"#3"},"down":{"uv":[7,7,6,8],"rotation":180,"texture":"#3"}}},{"from":[7.15,0.4,9.1],"to":[8.85,8.7,9.25],"rotation":{"angle":0,"axis":"y","origin":[8,0,8]},"faces":{"north":{"uv":[4,4,6,5],"texture":"#3"},"east":{"uv":[7,7,8,8],"texture":"#3"},"south":{"uv":[4,3,6,4],"texture":"#3"},"west":{"uv":[7,6,8,7],"texture":"#3"},"up":{"uv":[2,6,0,5],"rotation":180,"texture":"#3"},"down":{"uv":[7,0,5,1],"rotation":180,"texture":"#3"}}},{"from":[7.5,8,6.2],"to":[8.5,8.25,6.45],"rotation":{"angle":0,"axis":"y","origin":[8,0,8]},"faces":{"north":{"uv":[1,1,2,1.25],"texture":"#4"},"east":{"uv":[3,5,3.25,5.25],"texture":"#4"},"south":{"uv":[1,0,2,0.25],"texture":"#4"},"west":{"uv":[5,2,5.25,2.25],"texture":"#4"},"up":{"uv":[1,2.25,0,2],"rotation":180,"texture":"#4"},"down":{"uv":[3,0,2,0.25],"rotation":180,"texture":"#4"}}},{"from":[7.5,7,6.25],"to":[8.5,8,6.4],"rotation":{"angle":0,"axis":"y","origin":[8,0,8]},"faces":{"north":{"uv":[0,1,1,2],"texture":"#4"},"east":{"uv":[2,1,2.25,2],"texture":"#4"},"south":{"uv":[0,0,1,1],"texture":"#4"},"west":{"uv":[1,2,1.25,3],"texture":"#4"},"up":{"uv":[3,2.25,2,2],"rotation":180,"texture":"#4"},"down":{"uv":[1,3,0,3.25],"rotation":180,"texture":"#4"}}},{"from":[7.25,7,6.2],"to":[7.5,8,6.45],"rotation":{"angle":0,"axis":"y","origin":[8,0,8]},"faces":{"north":{"uv":[3,1,3.25,2],"texture":"#4"},"east":{"uv":[2,3,2.25,4],"texture":"#4"},"south":{"uv":[3,0,3.25,1],"texture":"#4"},"west":{"uv":[1,3,1.25,4],"texture":"#4"},"up":{"uv":[5.25,3.25,5,3],"rotation":180,"texture":"#4"},"down":{"uv":[4.25,5,4,5.25],"rotation":180,"texture":"#4"}}},{"from":[7.5,6.75,6.2],"to":[8.5,7,6.45],"rotation":{"angle":0,"axis":"y","origin":[8,0,8]},"faces":{"north":{"uv":[3,3,4,3.25],"texture":"#4"},"east":{"uv":[5,5,5.25,5.25],"texture":"#4"},"south":{"uv":[3,2,4,2.25],"texture":"#4"},"west":{"uv":[5,4,5.25,4.25],"texture":"#4"},"up":{"uv":[1,4.25,0,4],"rotation":180,"texture":"#4"},"down":{"uv":[5,0,4,0.25],"rotation":180,"texture":"#4"}}},{"from":[8.5,7,6.2],"to":[8.75,8,6.45],"rotation":{"angle":0,"axis":"y","origin":[8,0,8]},"faces":{"north":{"uv":[2,4,2.25,5],"texture":"#4"},"east":{"uv":[4,2,4.25,3],"texture":"#4"},"south":{"uv":[1,4,1.25,5],"texture":"#4"},"west":{"uv":[4,1,4.25,2],"texture":"#4"},"up":{"uv":[0.25,6.25,0,6],"rotation":180,"texture":"#4"},"down":{"uv":[6.25,0,6,0.25],"rotation":180,"texture":"#4"}}},{"from":[8.25,7.05,6.2],"to":[8.45,7.95,6.25],"rotation":{"angle":0,"axis":"y","origin":[8,0,8]},"faces":{"north":{"uv":[4,4,4.25,5],"texture":"#4"},"east":{"uv":[0,5,0.25,6],"texture":"#4"},"south":{"uv":[3,4,3.25,5],"texture":"#4"},"west":{"uv":[4,3,4.25,4],"texture":"#4"},"up":{"uv":[1.25,6.25,1,6],"rotation":180,"texture":"#4"},"down":{"uv":[6.25,1,6,1.25],"rotation":180,"texture":"#4"}}},{"from":[7.55,7.05,6.2],"to":[7.75,7.95,6.25],"rotation":{"angle":0,"axis":"y","origin":[8,0,8]},"faces":{"north":{"uv":[5,1,5.25,2],"texture":"#4"},"east":{"uv":[2,5,2.25,6],"texture":"#4"},"south":{"uv":[5,0,5.25,1],"texture":"#4"},"west":{"uv":[1,5,1.25,6],"texture":"#4"},"up":{"uv":[2.25,6.25,2,6],"rotation":180,"texture":"#4"},"down":{"uv":[6.25,2,6,2.25],"rotation":180,"texture":"#4"}}},{"from":[8.15,7.6,6.2],"to":[8.25,7.8,6.25],"rotation":{"angle":0,"axis":"y","origin":[8,0,8]},"faces":{"north":{"uv":[4,6,4.25,6.25],"texture":"#4"},"east":{"uv":[6,4,6.25,4.25],"texture":"#4"},"south":{"uv":[3,6,3.25,6.25],"texture":"#4"},"west":{"uv":[6,3,6.25,3.25],"texture":"#4"},"up":{"uv":[5.25,6.25,5,6],"rotation":180,"texture":"#4"},"down":{"uv":[6.25,5,6,5.25],"rotation":180,"texture":"#4"}}},{"from":[7.75,7.6,6.2],"to":[7.85,7.8,6.25],"rotation":{"angle":0,"axis":"y","origin":[8,0,8]},"faces":{"north":{"uv":[7,0,7.25,0.25],"texture":"#4"},"east":{"uv":[1,7,1.25,7.25],"texture":"#4"},"south":{"uv":[6,6,6.25,6.25],"texture":"#4"},"west":{"uv":[0,7,0.25,7.25],"texture":"#4"},"up":{"uv":[7.25,1.25,7,1],"rotation":180,"texture":"#4"},"down":{"uv":[2.25,7,2,7.25],"rotation":180,"texture":"#4"}}},{"from":[7.85,7.5,6.2],"to":[7.95,7.7,6.25],"rotation":{"angle":0,"axis":"y","origin":[8,0,8]},"faces":{"north":{"uv":[7,3,7.25,3.25],"texture":"#4"},"east":{"uv":[4,7,4.25,7.25],"texture":"#4"},"south":{"uv":[7,2,7.25,2.25],"texture":"#4"},"west":{"uv":[3,7,3.25,7.25],"texture":"#4"},"up":{"uv":[7.25,4.25,7,4],"rotation":180,"texture":"#4"},"down":{"uv":[5.25,7,5,7.25],"rotation":180,"texture":"#4"}}},{"from":[8.05,7.5,6.2],"to":[8.15,7.7,6.25],"rotation":{"angle":0,"axis":"y","origin":[8,0,8]},"faces":{"north":{"uv":[7,6,7.25,6.25],"texture":"#4"},"east":{"uv":[7,7,7.25,7.25],"texture":"#4"},"south":{"uv":[7,5,7.25,5.25],"texture":"#4"},"west":{"uv":[6,7,6.25,7.25],"texture":"#4"},"up":{"uv":[0.25,8.25,0,8],"rotation":180,"texture":"#4"},"down":{"uv":[8.25,0,8,0.25],"rotation":180,"texture":"#4"}}},{"from":[7.95,7.4,6.2],"to":[8.05,7.6,6.25],"rotation":{"angle":0,"axis":"y","origin":[8,0,8]},"faces":{"north":{"uv":[2,8,2.25,8.25],"texture":"#4"},"east":{"uv":[8,2,8.25,2.25],"texture":"#4"},"south":{"uv":[1,8,1.25,8.25],"texture":"#4"},"west":{"uv":[8,1,8.25,1.25],"texture":"#4"},"up":{"uv":[3.25,8.25,3,8],"rotation":180,"texture":"#4"},"down":{"uv":[8.25,3,8,3.25],"rotation":180,"texture":"#4"}}}],"display":{"thirdperson_righthand":{"rotation":[0,-8,0],"translation":[0,-5.5,1.25],"scale":[0.98,0.98,0.98]},"thirdperson_lefthand":{"rotation":[0,-8,0],"translation":[0,-5.5,1.25],"scale":[0.98,0.98,0.98]},"firstperson_righthand":{"rotation":[180,43.75,180],"translation":[-2.75,6.75,5.5],"scale":[0.71,0.71,0.71]},"firstperson_lefthand":{"rotation":[180,43.75,180],"translation":[-2.75,6.75,5.5],"scale":[0.71,0.71,0.71]},"ground":{"translation":[0,4.25,0],"scale":[1.48,1.21,1.48]},"gui":{"rotation":[180,25,-137],"translation":[1.5,1,0],"scale":[1.24,1.24,1.24]},"head":{"rotation":[-48,0,0],"translation":[0,-27.5,6],"scale":[1.68,1.68,1.68]},"fixed":{"rotation":[90,180,-180],"translation":[0,0,-17.5],"scale":[3.03,2.59,3.06]}},"groups":[{"name":"group","origin":[8,0,8],"color":0,"children":[0,1,2,3,4,5,6,7,8,9,10,11,12,13,14,15,16,17,18,19,20,21,22,23,24,25,26,27,28,29,30,31,32,33,34,35,36,37,38,39,40,{"name":"group","origin":[8,0,8],"color":0,"children":[41,42,43,44,45]}]},{"name":"group","origin":[8,8,8],"color":0,"children":[{"name":"group","origin":[8,0,8],"color":0,"children":[46,47,48,49,50,51,52,53,54,55,56,57,58,59,60,61,62,63,64,65]},{"name":"group","origin":[8,0,8],"color":0,"children":[66,67,68,69,70,71,72,73]},{"name":"group","origin":[8,0,8],"color":0,"children":[74,75,76,77,78,79,80,81]},{"name":"group","origin":[8,0,8],"color":0,"children":[82,83,84,85,86,87,88,89]},{"name":"group","origin":[8,0,8],"color":0,"children":[90,91,92,93,94,95,96,97]},{"name":"group","origin":[8,0,8],"color":0,"children":[98,99,100,101,102,103,104,105]},{"name":"group","origin":[8,0,8],"color":0,"children":[106,107,108,109,110,111,112,113]},{"name":"group","origin":[8,0,8],"color":0,"children":[114,115,116,117,118,119,120,121]},{"name":"group","origin":[8,0,8],"color":0,"children":[122,123,124,125,126,127,128,129]},{"name":"group","origin":[8,8,8],"color":0,"children":[{"name":"group","origin":[8,0,8],"color":0,"children":[130,131,132,133,134]},{"name":"group","origin":[8,0,8],"color":0,"children":[135,136,137,138,139,140,141,142]},{"name":"group","origin":[8,0,8],"color":0,"children":[143,144,145,146,147,148,149,150]},{"name":"group","origin":[8,0,8],"color":0,"children":[151,152,153,154,155,156,157,158]},{"name":"group","origin":[8,0,8],"color":0,"children":[159,160,161,162,163,164,165,166]}]}]},167,{"name":"group","origin":[8,0,8],"color":0,"children":[168,169,170,171,172,173,174,175]},{"name":"group","origin":[0,0,0],"color":0,"children":[176,177,178,179,180,{"name":"group","origin":[0,0,0],"color":0,"children":[181,182,183,184,185,186,187]}]}]}