{"credit":"Made with Blockbench","textures":{"0":"politmine/item/brewery/heroin/1","1":"politmine/item/brewery/heroin/2","particle":"politmine/item/brewery/heroin/1"},"elements":[{"name":"potion0","from":[6.5,0,6],"to":[9.5,4.5,10],"faces":{"north":{"uv":[8,0,11,4.5],"texture":"#0"},"east":{"uv":[4,0,8,4.5],"texture":"#0"},"south":{"uv":[8,0,11,4.5],"texture":"#0"},"west":{"uv":[0,0,4,4.5],"texture":"#0"},"up":{"uv":[3,4.5,6,8.5],"texture":"#0"},"down":{"uv":[0,4.5,3,8.5],"texture":"#0","cullface":"down"}}},{"name":"potion1","from":[7.25,4.5,7.25],"to":[8.75,5.5,8.75],"rotation":{"angle":0,"axis":"y","origin":[8,6.5,8]},"faces":{"north":{"uv":[6,4.5,7.5,5.5],"texture":"#0"},"east":{"uv":[6,4.5,7.5,5.5],"texture":"#0"},"south":{"uv":[6,4.5,7.5,5.5],"texture":"#0"},"west":{"uv":[6,4.5,7.5,5.5],"texture":"#0"}}},{"name":"potion3","from":[7,5.5,7],"to":[9,5.75,9],"rotation":{"angle":0,"axis":"y","origin":[8,7,8]},"faces":{"north":{"uv":[14,3.5,16,3.75],"texture":"#0"},"east":{"uv":[14,3.5,16,3.75],"texture":"#0"},"south":{"uv":[14,3.5,16,3.75],"texture":"#0"},"west":{"uv":[14,3.5,16,3.75],"texture":"#0"},"up":{"uv":[14,3.75,16,5.75],"texture":"#0"},"down":{"uv":[14,3.75,16,5.75],"texture":"#0"}}},{"name":"potion4","from":[7.5,5,7.5],"to":[8.5,6.5,8.5],"faces":{"north":{"uv":[10,4.5,11,6],"texture":"#0"},"east":{"uv":[10,4.5,11,6],"texture":"#0"},"south":{"uv":[10,4.5,11,6],"texture":"#0"},"west":{"uv":[10,4.5,11,6],"texture":"#0"},"up":{"uv":[10,4.75,11,5.75],"texture":"#0"},"down":{"uv":[10,4.75,11,5.75],"texture":"#0"}}},{"name":"outline_potion0","from":[9.6,4.6,10.1],"to":[6.4,-0.1,5.9],"faces":{"north":{"uv":[8,0,11,4.5],"rotation":180,"texture":"#0"},"east":{"uv":[0,0,4,4.5],"rotation":180,"texture":"#0"},"south":{"uv":[8,0,11,4.5],"rotation":180,"texture":"#0"},"west":{"uv":[4,0,8,4.5],"rotation":180,"texture":"#0"},"up":{"uv":[0,4.5,3,8.5],"rotation":180,"texture":"#0","cullface":"down"},"down":{"uv":[3,4.5,6,8.5],"rotation":180,"texture":"#0"}}},{"name":"outline_potion1","from":[8.85,5.6,8.85],"to":[7.15,4.4,7.15],"rotation":{"angle":0,"axis":"y","origin":[8,6.5,8]},"faces":{"north":{"uv":[6,4.5,7.5,5.5],"rotation":180,"texture":"#0"},"east":{"uv":[6,4.5,7.5,5.5],"rotation":180,"texture":"#0"},"south":{"uv":[6,4.5,7.5,5.5],"rotation":180,"texture":"#0"},"west":{"uv":[6,4.5,7.5,5.5],"rotation":180,"texture":"#0"}}},{"name":"liquid","from":[6.75,0.25,6.25],"to":[9.25,3.25,9.75],"faces":{"north":{"uv":[11,0,13.5,3],"texture":"#0"},"east":{"uv":[11,3,14,6.5],"rotation":90,"texture":"#0"},"south":{"uv":[11,0,13.5,3],"texture":"#0"},"west":{"uv":[11,3,14,6.5],"rotation":90,"texture":"#0"},"up":{"uv":[13.5,0,16,3.5],"texture":"#0"},"down":{"uv":[13.5,0,16,3.5],"texture":"#0"}}},{"name":"liquid_outline","from":[9.35,3.35,9.85],"to":[6.65,0.15,6.15],"faces":{"north":{"uv":[11,0,13.5,3],"rotation":180,"texture":"#0"},"east":{"uv":[11,3,14,6.5],"rotation":180,"texture":"#0"},"south":{"uv":[11,0,13.5,3],"rotation":180,"texture":"#0"},"west":{"uv":[11,3,14,6.5],"rotation":180,"texture":"#0"},"up":{"uv":[13.5,0,16,3.5],"rotation":180,"texture":"#0"},"down":{"uv":[13.5,0,16,3.5],"rotation":180,"texture":"#0"}}},{"from":[9.525,1.5,6.5],"to":[9.525,4,9.5],"faces":{"north":{"uv":[0,0,0,2.5],"texture":"#1"},"east":{"uv":[0,0,16,16],"texture":"#1"},"south":{"uv":[0,0,0,2.5],"texture":"#1"},"west":{"uv":[0,0,2,2.5],"texture":"#1"},"up":{"uv":[0,0,2,0],"rotation":90,"texture":"#1"},"down":{"uv":[0,0,2,0],"rotation":270,"texture":"#1"}}}],"display":{"thirdperson_righthand":{"rotation":[0,90,0],"translation":[0,3.25,-1.25],"scale":[0.89,0.89,0.89]},"thirdperson_lefthand":{"rotation":[0,90,0],"translation":[0,3.25,-1.25],"scale":[0.89,0.89,0.89]},"firstperson_righthand":{"rotation":[0,-129,0],"translation":[0.75,12,0],"scale":[1.55,1.55,1.55]},"firstperson_lefthand":{"rotation":[0,51,0],"translation":[0.75,12,0],"scale":[1.55,1.55,1.55]},"ground":{"translation":[0,3.75,0],"scale":[1.04,1.04,1.04]},"gui":{"rotation":[13,-97,0],"translation":[0,10.5,0],"scale":[2.15,2.15,2.15]},"head":{"rotation":[0,90,0],"translation":[0,22.75,-0.25],"scale":[3.71,3.71,3.71]},"fixed":{"rotation":[-90,90,0],"translation":[0,0,-16],"scale":[2,2,2]}},"groups":[{"name":"Flackon","origin":[8,8,8],"color":0,"children":[{"name":"potion","origin":[8,8,8],"color":0,"children":[0,1,2,3]},{"name":"outline_potion","origin":[8,8,8],"color":0,"children":[4,5]},{"name":"liquid","origin":[8,8,8],"color":0,"children":[6,7]}]},8]}