{"credit":"Made with Blockbench","textures":{"1":"politmine/item/brewery/ichor/glass","2":"politmine/item/brewery/ichor/dark_oak_log","3":"politmine/item/brewery/ichor/glass_zero","4":"politmine/item/brewery/ichor/golden_blood","7":"politmine/item/brewery/ichor/tag","particle":"politmine/item/brewery/ichor/glass"},"elements":[{"name":"wood","from":[6,14,6],"to":[10,15,10],"faces":{"north":{"uv":[0,16,16,11.5],"texture":"#2"},"east":{"uv":[0,16,16,11.5],"texture":"#2"},"south":{"uv":[0,16,16,11.5],"texture":"#2"},"west":{"uv":[0,16,16,11.5],"texture":"#2"},"up":{"uv":[0,16,16,0],"texture":"#2"},"down":{"uv":[0,16,16,0],"texture":"#2"}}},{"name":"h_glass","from":[4,12,4],"to":[12,13,12],"faces":{"north":{"uv":[0,0,16,2],"texture":"#3"},"east":{"uv":[0,0,16,2],"texture":"#3"},"south":{"uv":[0,0,16,2],"texture":"#3"},"west":{"uv":[0,0,16,2],"texture":"#3"},"up":{"uv":[0,0,16,16],"texture":"#3"},"down":{"uv":[2,12,14,3],"texture":"#3"}}},{"name":"h_glass","from":[5,13,5],"to":[11,14,11],"faces":{"north":{"uv":[0,14,16,16],"rotation":180,"texture":"#1"},"east":{"uv":[0,14,16,16],"rotation":180,"texture":"#1"},"south":{"uv":[0,14,16,16],"rotation":180,"texture":"#1"},"west":{"uv":[0,14,16,16],"rotation":180,"texture":"#1"},"up":{"uv":[0,0,16,16],"texture":"#3"},"down":{"uv":[0.5,7.5,15.5,9.5],"texture":"#1"}}},{"name":"glass","from":[4,0,3],"to":[12,12,4],"faces":{"north":{"uv":[0,0,16,16],"texture":"#1"},"east":{"uv":[14.5,0,16,16],"texture":"#1"},"south":{"uv":[8.5,4.5,11,7.25],"texture":"#1"},"west":{"uv":[0,0,1.5,16],"texture":"#1"},"up":{"uv":[0,0,16,1.25],"texture":"#1"},"down":{"uv":[0,14.5,16,15.75],"texture":"#1"}}},{"name":"glass","from":[3,0,4],"to":[4,12,12],"faces":{"north":{"uv":[14.5,0,16,16],"texture":"#1"},"east":{"uv":[8.5,4.5,11,7.25],"texture":"#1"},"south":{"uv":[0,0,1.5,16],"texture":"#1"},"west":{"uv":[0,0,16,16],"texture":"#1"},"up":{"uv":[0,0,16,1.25],"rotation":270,"texture":"#1"},"down":{"uv":[0,14.5,16,15.75],"rotation":90,"texture":"#1"}}},{"name":"glass","from":[12,0,4],"to":[13,12,12],"faces":{"north":{"uv":[0,0,1.5,16],"texture":"#1"},"east":{"uv":[0,0,16,16],"texture":"#1"},"south":{"uv":[14.5,0,16,16],"texture":"#1"},"west":{"uv":[8.5,4.5,11,7.25],"texture":"#1"},"up":{"uv":[0,0,16,1.25],"rotation":90,"texture":"#1"},"down":{"uv":[0,14.5,16,15.75],"rotation":270,"texture":"#1"}}},{"name":"glass","from":[4,0,12],"to":[12,12,13],"faces":{"north":{"uv":[8.5,4.5,11,7.25],"texture":"#1"},"east":{"uv":[0,0,1.5,16],"texture":"#1"},"south":{"uv":[0,0,16,16],"texture":"#1"},"west":{"uv":[14.5,0,16,16],"texture":"#1"},"up":{"uv":[0,0,16,1.25],"rotation":180,"texture":"#1"},"down":{"uv":[0,14.5,16,15.75],"rotation":180,"texture":"#1"}}},{"name":"glass","from":[4,0,4],"to":[12,1,12],"faces":{"north":{"uv":[0.5,7.5,15.5,9.5],"texture":"#1"},"east":{"uv":[0.5,7.5,15.5,9.5],"texture":"#1"},"south":{"uv":[0.5,7.5,15.5,9.5],"texture":"#1"},"west":{"uv":[0.5,7.5,15.5,9.5],"texture":"#1"},"up":{"uv":[0.5,7.5,15.5,9.5],"texture":"#1"},"down":{"uv":[0.5,7.5,15.5,9.5],"texture":"#1"}}},{"name":"name","from":[3,1,3],"to":[13,12,3],"faces":{"north":{"uv":[2.4375,3,13.625,12.5625],"texture":"#7"},"east":{"uv":[1.0625,1.375,6.25,5.25],"texture":"#7"},"south":{"uv":[1.0625,1.375,6.25,5.25],"texture":"#7"},"west":{"uv":[1.0625,1.375,6.25,5.25],"texture":"#7"},"up":{"uv":[1.0625,1.375,6.25,5.25],"rotation":90,"texture":"#7"},"down":{"uv":[1.0625,1.375,6.25,5.25],"rotation":270,"texture":"#7"}}},{"name":"water","from":[4,1,4],"to":[12,11,12],"faces":{"north":{"uv":[0,16,16,0],"texture":"#4"},"east":{"uv":[0,16,16,0],"texture":"#4"},"south":{"uv":[0,16,16,0],"texture":"#4"},"west":{"uv":[0,16,16,0],"texture":"#4"},"up":{"uv":[0,16,16,0],"texture":"#4"},"down":{"uv":[0,16,16,0],"texture":"#4"}}}],"overrides":[{"model":"Absinthe","predicate":{"custom_model_data":1}},{"model":"Axe_porridge","predicate":{"custom_model_data":2}},{"model":"Berry_ice_cream","predicate":{"custom_model_data":3}},{"model":"Black_caviar","predicate":{"custom_model_data":4}},{"model":"Blue_cheese_bad","predicate":{"custom_model_data":5}},{"model":"Blue_cheese","predicate":{"custom_model_data":6}},{"model":"Borsch","predicate":{"custom_model_data":7}},{"model":"Brain_in_jar","predicate":{"custom_model_data":8}},{"model":"Cactus_jam","predicate":{"custom_model_data":9}},{"model":"Chocolate_ice_Cream","predicate":{"custom_model_data":10}},{"model":"Cognac","predicate":{"custom_model_data":11}},{"model":"Dom_perignon","predicate":{"custom_model_data":12}},{"model":"Green_tea","predicate":{"custom_model_data":13}},{"model":"Ice_cream","predicate":{"custom_model_data":14}},{"model":"Ichor","predicate":{"custom_model_data":15}},{"model":"Kasu_martsu","predicate":{"custom_model_data":16}},{"model":"Krotovyxa","predicate":{"custom_model_data":17}},{"model":"Lava_soda","predicate":{"custom_model_data":18}},{"model":"Milkis_classic","predicate":{"custom_model_data":19}},{"model":"Lava_soda","predicate":{"custom_model_data":20}},{"model":"Oil","predicate":{"custom_model_data":21}},{"model":"Peanut_butter","predicate":{"custom_model_data":22}},{"model":"Pickled_champignons","predicate":{"custom_model_data":23}},{"model":"Pickles","predicate":{"custom_model_data":24}},{"model":"Red_caviar","predicate":{"custom_model_data":25}},{"model":"Red_wine","predicate":{"custom_model_data":26}},{"model":"Soup_with_meatballs","predicate":{"custom_model_data":27}},{"model":"Standart_coffee","predicate":{"custom_model_data":28}},{"model":"Strawberry_juice","predicate":{"custom_model_data":29}},{"model":"Watermelon_jam","predicate":{"custom_model_data":30}},{"model":"White_wine","predicate":{"custom_model_data":31}},{"model":"Yellow_ice_cream","predicate":{"custom_model_data":32}},{"model":"Ship_in_bottle","predicate":{"custom_model_data":33}},{"model":"White_chocolate","predicate":{"custom_model_data":34}},{"model":"Mephedrone ","predicate":{"custom_model_data":36}},{"model":"Amphetamine","predicate":{"custom_model_data":37}},{"model":"Bee_honey","predicate":{"custom_model_data":38}}],"display":{"thirdperson_righthand":{"translation":[0,-0.75,-1.75],"scale":[0.47531,0.47531,0.47531]},"thirdperson_lefthand":{"translation":[0,0,-1.25],"scale":[0.47,0.47,0.47]},"firstperson_righthand":{"rotation":[-6,-1,-1],"translation":[0.25,2.75,0],"scale":[0.64117,0.64117,0.64117]},"firstperson_lefthand":{"translation":[-0.25,3.75,0],"scale":[0.64,0.64,0.64]},"ground":{"translation":[0,3.5,0],"scale":[0.82,0.82,0.82]},"gui":{"rotation":[0,-180,0],"translation":[0,0.5,0],"scale":[0.99,0.99,0.99]},"head":{"rotation":[26.5,0,0],"translation":[0,-9.75,-9],"scale":[0.84727,0.84727,0.84727]},"fixed":{"rotation":[-90,0,0],"translation":[0,0,-9.5],"scale":[1.42078,1.42078,1.42078]}},"groups":[{"name":"bottle","origin":[0,0,0],"color":0,"children":[0,1,2,3,4,5,6,7,{"name":"group","origin":[0,0,0],"color":0,"children":[]},{"name":"group","origin":[0,0,0],"color":0,"children":[]},{"name":"group","origin":[0,0,0],"color":0,"children":[]},{"name":"group","origin":[0,0,0],"color":0,"children":[]}]},{"name":"tag","origin":[8,8,8],"color":0,"children":[8]},9]}