{"credit":"Made with Blockbench","texture_size":[32,32],"textures":{"0":"politmine/item/brewery/kir_royale/texture10","1":"politmine/item/brewery/kir_royale/texture9","particle":"politmine/item/brewery/kir_royale/texture9"},"elements":[{"from":[5,16,5],"to":[11.25,24.25,11],"faces":{"north":{"uv":[0,0,3,5.5],"texture":"#1"},"east":{"uv":[3,0,6,5.5],"texture":"#1"},"south":{"uv":[0,5.5,3,11],"texture":"#1"},"west":{"uv":[3,5.5,6,11],"texture":"#1"},"up":{"uv":[9,3,6,0],"texture":"#1"},"down":{"uv":[9,3,6,6],"texture":"#1"}}},{"from":[10.75,26.5,5],"to":[11.25,27.5,11],"faces":{"north":{"uv":[0,0,0.25,0.5],"texture":"#0"},"east":{"uv":[0,0,3,0.5],"texture":"#0"},"south":{"uv":[0,0,0.25,0.5],"texture":"#0"},"west":{"uv":[0,0,3,0.5],"texture":"#0"},"up":{"uv":[0,0,0.25,3],"texture":"#0"},"down":{"uv":[0,0,0.25,3],"texture":"#0"}}},{"from":[5,26.5,5],"to":[5.5,27.5,11],"faces":{"north":{"uv":[0,0,0.25,0.5],"texture":"#0"},"east":{"uv":[0,0,3,0.5],"texture":"#0"},"south":{"uv":[0,0,0.25,0.5],"texture":"#0"},"west":{"uv":[0,0,3,0.5],"texture":"#0"},"up":{"uv":[0,0,0.25,3],"texture":"#0"},"down":{"uv":[0,0,0.25,3],"texture":"#0"}}},{"from":[5.5,26.5,10.5],"to":[10.75,27.5,11],"faces":{"north":{"uv":[0,0,2.625,0.5],"texture":"#0"},"east":{"uv":[0,0,0.25,0.5],"texture":"#0"},"south":{"uv":[0,0,2.625,0.5],"texture":"#0"},"west":{"uv":[0,0,0.25,0.5],"texture":"#0"},"up":{"uv":[0,0,0.25,2.625],"rotation":270,"texture":"#0"},"down":{"uv":[0,0,0.25,2.625],"rotation":90,"texture":"#0"}}},{"from":[5,16,11],"to":[11.25,22.25,12],"faces":{"north":{"uv":[0,0,6,6],"texture":"#0"},"east":{"uv":[6,0,7,6],"texture":"#0"},"south":{"uv":[0,6,6,12],"texture":"#0"},"west":{"uv":[6,6,7,12],"texture":"#0"},"up":{"uv":[13,1,7,0],"texture":"#0"},"down":{"uv":[13,1,7,2],"texture":"#0"}}},{"from":[5,16,4],"to":[11.25,22.25,5],"faces":{"north":{"uv":[0,5.75,6.25,12],"texture":"#0"},"east":{"uv":[0,0,0.5,6.25],"texture":"#0"},"south":{"uv":[0,0,6.25,6.25],"texture":"#0"},"west":{"uv":[0,0,0.5,6.25],"texture":"#0"},"up":{"uv":[0,0,0.5,6.25],"rotation":270,"texture":"#0"},"down":{"uv":[0,0,0.5,6.25],"rotation":90,"texture":"#0"}}},{"from":[11.25,16,5],"to":[12.25,22.25,11],"faces":{"north":{"uv":[0,0,0.5,3.125],"texture":"#0"},"east":{"uv":[0,0,3,3.125],"texture":"#0"},"south":{"uv":[0,0,0.5,3.125],"texture":"#0"},"west":{"uv":[0,0,3,3.125],"texture":"#0"},"up":{"uv":[0,0,0.5,3],"rotation":180,"texture":"#0"},"down":{"uv":[0,0,0.5,3],"rotation":180,"texture":"#0"}}},{"from":[5,22.25,4.5],"to":[11.25,26.5,5],"faces":{"north":{"uv":[0,0,6,6],"texture":"#0"},"east":{"uv":[6,6,7,12],"texture":"#0"},"south":{"uv":[0,6,6,12],"texture":"#0"},"west":{"uv":[6,0,7,6],"texture":"#0"},"up":{"uv":[13,1,7,0],"rotation":270,"texture":"#0"},"down":{"uv":[13,1,7,2],"rotation":90,"texture":"#0"}}},{"from":[4,16,5],"to":[5,22.25,11],"faces":{"north":{"uv":[6,0,7,6],"texture":"#0"},"east":{"uv":[0,0,6,6],"texture":"#0"},"south":{"uv":[6,6,7,12],"texture":"#0"},"west":{"uv":[0,6,6,12],"texture":"#0"},"up":{"uv":[13,1,7,0],"texture":"#0"},"down":{"uv":[13,1,7,2],"texture":"#0"}}},{"from":[11.25,22.25,5],"to":[11.75,26.5,11],"faces":{"north":{"uv":[6,0,7,6],"texture":"#0"},"east":{"uv":[0,0,6,6],"texture":"#0"},"south":{"uv":[6,6,7,12],"texture":"#0"},"west":{"uv":[0,6,6,12],"texture":"#0"},"up":{"uv":[13,1,7,0],"texture":"#0"},"down":{"uv":[13,1,7,2],"texture":"#0"}}},{"from":[5,22.25,11],"to":[11.25,26.5,11.5],"faces":{"north":{"uv":[0,0,6,6],"texture":"#0"},"east":{"uv":[6,6,7,12],"texture":"#0"},"south":{"uv":[0,6,6,12],"texture":"#0"},"west":{"uv":[6,0,7,6],"texture":"#0"},"up":{"uv":[13,1,7,0],"rotation":270,"texture":"#0"},"down":{"uv":[13,1,7,2],"rotation":90,"texture":"#0"}}},{"from":[4.5,22.25,5],"to":[5,26.5,11],"faces":{"north":{"uv":[6,0,7,6],"texture":"#0"},"east":{"uv":[0,0,6,6],"texture":"#0"},"south":{"uv":[6,6,7,12],"texture":"#0"},"west":{"uv":[0,6,6,12],"texture":"#0"},"up":{"uv":[13,1,7,0],"texture":"#0"},"down":{"uv":[13,1,7,2],"texture":"#0"}}},{"from":[5.5,26.5,5],"to":[10.75,27.5,5.5],"faces":{"north":{"uv":[0,0,2.625,0.5],"texture":"#0"},"east":{"uv":[0,0,0.25,0.5],"texture":"#0"},"south":{"uv":[0,0,2.625,0.5],"texture":"#0"},"west":{"uv":[0,0,0.25,0.5],"texture":"#0"},"up":{"uv":[0,0,0.25,2.625],"rotation":270,"texture":"#0"},"down":{"uv":[0,0,0.25,2.625],"rotation":90,"texture":"#0"}}},{"from":[6.5,14,6.5],"to":[9.5,14.5,9.5],"faces":{"north":{"uv":[0,0,3,0.5],"texture":"#0"},"east":{"uv":[0,0,3,0.5],"texture":"#0"},"south":{"uv":[0,0,3,0.5],"texture":"#0"},"west":{"uv":[0,0,3,0.5],"texture":"#0"},"up":{"uv":[0,0,3,3],"texture":"#0"},"down":{"uv":[0,0,3,3],"texture":"#0"}}},{"from":[6,14.5,6],"to":[10,15,10],"faces":{"north":{"uv":[0,0,4,0.5],"texture":"#0"},"east":{"uv":[0,0,4,0.5],"texture":"#0"},"south":{"uv":[0,0,4,0.5],"texture":"#0"},"west":{"uv":[0,0,4,0.5],"texture":"#0"},"up":{"uv":[0,0,4,4],"texture":"#0"},"down":{"uv":[0,0,4,4],"texture":"#0"}}},{"from":[5,15.5,5],"to":[11.25,16,11],"faces":{"north":{"uv":[0,0,3.125,0.25],"texture":"#0"},"east":{"uv":[0,0,3,0.25],"texture":"#0"},"south":{"uv":[0,0,3.125,0.25],"texture":"#0"},"west":{"uv":[0,0,3,0.25],"texture":"#0"},"up":{"uv":[0,0,3.125,3],"texture":"#0"},"down":{"uv":[0,0,3.125,3],"texture":"#0"}}},{"from":[5.5,15,5.5],"to":[10.75,15.5,10.5],"faces":{"north":{"uv":[0,0,5.25,0.5],"texture":"#0"},"east":{"uv":[0,0,5,0.5],"texture":"#0"},"south":{"uv":[0,0,5.25,0.5],"texture":"#0"},"west":{"uv":[0,0,5,0.5],"texture":"#0"},"up":{"uv":[0,0,5.25,5],"texture":"#0"},"down":{"uv":[0,0,5.25,5],"texture":"#0"}}},{"from":[5.5,0,5.5],"to":[10.5,1,10.5],"faces":{"north":{"uv":[0,0,5,1],"texture":"#0"},"east":{"uv":[0,0,5,1],"texture":"#0"},"south":{"uv":[0,0,5,1],"texture":"#0"},"west":{"uv":[0,0,5,1],"texture":"#0"},"up":{"uv":[0,0,5,5],"texture":"#0"},"down":{"uv":[0,0,5,5],"texture":"#0"}}},{"from":[6.5,1,6.5],"to":[9.5,1.25,9.5],"faces":{"north":{"uv":[0,0,3,0.25],"texture":"#0"},"east":{"uv":[0,0,3,0.25],"texture":"#0"},"south":{"uv":[0,0,3,0.25],"texture":"#0"},"west":{"uv":[0,0,3,0.25],"texture":"#0"},"up":{"uv":[0,0,3,3],"texture":"#0"},"down":{"uv":[0,0,3,3],"texture":"#0"}}},{"from":[7.5,1.25,7.5],"to":[8.5,14,8.5],"faces":{"north":{"uv":[0,0,1,11.75],"texture":"#0"},"east":{"uv":[0,0,1,11.75],"texture":"#0"},"south":{"uv":[0,0,1,11.75],"texture":"#0"},"west":{"uv":[0,0,1,11.75],"texture":"#0"},"up":{"uv":[0,0,1,1],"texture":"#0"},"down":{"uv":[0,0,1,1],"texture":"#0"}}},{"from":[5.5,0,4.75],"to":[10.5,0.75,5.5],"faces":{"north":{"uv":[0,0,5,0.75],"texture":"#0"},"east":{"uv":[0,0,0.75,0.75],"texture":"#0"},"south":{"uv":[0,0,5,0.75],"texture":"#0"},"west":{"uv":[0,0,0.75,0.75],"texture":"#0"},"up":{"uv":[0,0,5,0.75],"texture":"#0"},"down":{"uv":[0,0,5,0.75],"texture":"#0"}}},{"from":[4.75,0,5.5],"to":[5.5,0.75,10.5],"faces":{"north":{"uv":[0,0,0.75,0.75],"texture":"#0"},"east":{"uv":[0,0,5,0.75],"texture":"#0"},"south":{"uv":[0,0,0.75,0.75],"texture":"#0"},"west":{"uv":[0,0,5,0.75],"texture":"#0"},"up":{"uv":[0,0,5,0.75],"rotation":270,"texture":"#0"},"down":{"uv":[0,0,5,0.75],"rotation":90,"texture":"#0"}}},{"from":[5.5,0,11.25],"to":[10.5,0.5,11.5],"faces":{"north":{"uv":[0,0,5,0.5],"texture":"#0"},"east":{"uv":[0,0,0.25,0.5],"texture":"#0"},"south":{"uv":[0,0,5,0.5],"texture":"#0"},"west":{"uv":[0,0,0.25,0.5],"texture":"#0"},"up":{"uv":[0,0,5,0.25],"rotation":180,"texture":"#0"},"down":{"uv":[0,0,5,0.25],"rotation":180,"texture":"#0"}}},{"from":[5.5,0,4.5],"to":[10.5,0.5,4.75],"faces":{"north":{"uv":[0,0,5,0.5],"texture":"#0"},"east":{"uv":[0,0,0.25,0.5],"texture":"#0"},"south":{"uv":[0,0,5,0.5],"texture":"#0"},"west":{"uv":[0,0,0.25,0.5],"texture":"#0"},"up":{"uv":[0,0,5,0.25],"rotation":180,"texture":"#0"},"down":{"uv":[0,0,5,0.25],"rotation":180,"texture":"#0"}}},{"from":[4.5,0,5.5],"to":[4.75,0.5,10.5],"faces":{"north":{"uv":[0,0,0.25,0.5],"texture":"#0"},"east":{"uv":[0,0,5,0.5],"texture":"#0"},"south":{"uv":[0,0,0.25,0.5],"texture":"#0"},"west":{"uv":[0,0,5,0.5],"texture":"#0"},"up":{"uv":[0,0,5,0.25],"rotation":270,"texture":"#0"},"down":{"uv":[0,0,5,0.25],"rotation":90,"texture":"#0"}}},{"from":[11.25,0,5.5],"to":[11.5,0.5,10.5],"faces":{"north":{"uv":[0,0,0.25,0.5],"texture":"#0"},"east":{"uv":[0,0,5,0.5],"texture":"#0"},"south":{"uv":[0,0,0.25,0.5],"texture":"#0"},"west":{"uv":[0,0,5,0.5],"texture":"#0"},"up":{"uv":[0,0,5,0.25],"rotation":270,"texture":"#0"},"down":{"uv":[0,0,5,0.25],"rotation":90,"texture":"#0"}}},{"from":[10.5,0,5.5],"to":[11.25,0.75,10.5],"faces":{"north":{"uv":[0,0,0.75,0.75],"texture":"#0"},"east":{"uv":[0,0,5,0.75],"texture":"#0"},"south":{"uv":[0,0,0.75,0.75],"texture":"#0"},"west":{"uv":[0,0,5,0.75],"texture":"#0"},"up":{"uv":[0,0,5,0.75],"rotation":270,"texture":"#0"},"down":{"uv":[0,0,5,0.75],"rotation":90,"texture":"#0"}}},{"from":[5.5,0,10.5],"to":[10.5,0.75,11.25],"faces":{"north":{"uv":[0,0,5,0.75],"texture":"#0"},"east":{"uv":[0,0,0.75,0.75],"texture":"#0"},"south":{"uv":[0,0,5,0.75],"texture":"#0"},"west":{"uv":[0,0,0.75,0.75],"texture":"#0"},"up":{"uv":[0,0,5,0.75],"texture":"#0"},"down":{"uv":[0,0,5,0.75],"texture":"#0"}}},{"from":[4.75,0,10.5],"to":[5.5,0.5,11.25],"faces":{"north":{"uv":[0,0,0.75,0.5],"texture":"#0"},"east":{"uv":[0,0,0.75,0.5],"texture":"#0"},"south":{"uv":[0,0,0.75,0.5],"texture":"#0"},"west":{"uv":[0,0,0.75,0.5],"texture":"#0"},"up":{"uv":[0,0,0.75,0.75],"texture":"#0"},"down":{"uv":[0,0,0.75,0.75],"texture":"#0"}}},{"from":[4.75,0,4.75],"to":[5.5,0.5,5.5],"faces":{"north":{"uv":[0,0,0.75,0.5],"texture":"#0"},"east":{"uv":[0,0,0.75,0.5],"texture":"#0"},"south":{"uv":[0,0,0.75,0.5],"texture":"#0"},"west":{"uv":[0,0,0.75,0.5],"texture":"#0"},"up":{"uv":[0,0,0.75,0.75],"texture":"#0"},"down":{"uv":[0,0,0.75,0.75],"texture":"#0"}}},{"from":[10.5,0,10.5],"to":[11.25,0.5,11.25],"faces":{"north":{"uv":[0,0,0.75,0.5],"texture":"#0"},"east":{"uv":[0,0,0.75,0.5],"texture":"#0"},"south":{"uv":[0,0,0.75,0.5],"texture":"#0"},"west":{"uv":[0,0,0.75,0.5],"texture":"#0"},"up":{"uv":[0,0,0.75,0.75],"texture":"#0"},"down":{"uv":[0,0,0.75,0.75],"texture":"#0"}}},{"from":[10.5,0,4.75],"to":[11.25,0.5,5.5],"faces":{"north":{"uv":[0,0,0.75,0.5],"texture":"#0"},"east":{"uv":[0,0,0.75,0.5],"texture":"#0"},"south":{"uv":[0,0,0.75,0.5],"texture":"#0"},"west":{"uv":[0,0,0.75,0.5],"texture":"#0"},"up":{"uv":[0,0,0.75,0.75],"texture":"#0"},"down":{"uv":[0,0,0.75,0.75],"texture":"#0"}}},{"from":[5,24.25,5],"to":[9,24.5,11],"faces":{"north":{"uv":[0,0,2,0.125],"texture":"#1"},"east":{"uv":[0,0,3,0.125],"texture":"#1"},"south":{"uv":[0,0,2,0.125],"texture":"#1"},"west":{"uv":[0,0,3,0.125],"texture":"#1"},"up":{"uv":[0,0,2,3],"texture":"#1"},"down":{"uv":[0,0,2,3],"texture":"#1"}}}],"display":{"thirdperson_righthand":{"translation":[0,0,1.25],"scale":[0.29,0.29,0.29]},"thirdperson_lefthand":{"translation":[0,0,1.25],"scale":[0.29,0.29,0.29]},"firstperson_righthand":{"rotation":[10,-25,9],"translation":[2.25,0.75,0],"scale":[0.41,0.41,0.41]},"firstperson_lefthand":{"rotation":[5,14,8],"translation":[2.5,1.5,0],"scale":[0.41,0.41,0.41]},"ground":{"scale":[0.47,0.47,0.47]},"gui":{"rotation":[-1,47,33],"translation":[1,-2.75,0],"scale":[0.57,0.57,0.57]},"head":{"translation":[0,-25.75,0],"scale":[2.43,2.43,2.43]},"fixed":{"rotation":[-90,1,0],"translation":[0,0,-4.75],"scale":[0.7,0.7,0.7]}}}