{"credit":"Made with Blockbench","textures":{"0":"politmine/item/brewery/lava_soda/texture2","particle":"politmine/item/brewery/lava_soda/texture2"},"elements":[{"from":[5,0,5],"to":[11,12,11],"rotation":{"angle":0,"axis":"y","origin":[8,6,8]},"faces":{"north":{"uv":[0,0,0.5,11],"texture":"#0"},"east":{"uv":[0,0,0.5,11],"texture":"#0"},"south":{"uv":[0,0,0.5,11],"texture":"#0"},"west":{"uv":[0,0,0.5,11],"texture":"#0"},"up":{"uv":[4,15.5,1,12.5],"texture":"#0"},"down":{"uv":[11,5.5,10,7],"texture":"#0"}}},{"from":[4,0,6],"to":[5,11,10],"faces":{"north":{"uv":[0,0,0.5,11],"texture":"#0"},"east":{"uv":[0.5,0,4,11.5],"texture":"#missing"},"south":{"uv":[0,0,0.5,11],"texture":"#0"},"west":{"uv":[0,0,4,11],"texture":"#0"},"up":{"uv":[7,5,6,4],"texture":"#0"},"down":{"uv":[11,4,10,8],"texture":"#0"}}},{"from":[11,0,6],"to":[12,11,10],"faces":{"north":{"uv":[0,0,0.5,11],"texture":"#0"},"east":{"uv":[0,0,4,11],"texture":"#0"},"south":{"uv":[0,0,0.5,11],"texture":"#0"},"west":{"uv":[4.5,0,8,11.5],"texture":"#missing"},"up":{"uv":[7,5,6,4],"texture":"#0"},"down":{"uv":[11,4,10,7],"texture":"#0"}}},{"from":[7,14,1.5],"to":[8,15.5,2],"rotation":{"angle":22.5,"axis":"x","origin":[0,0,0]},"faces":{"north":{"uv":[10,8,12,11],"texture":"#0"},"east":{"uv":[11,5,12,8],"texture":"#0"},"south":{"uv":[9.5,11,11.5,14],"texture":"#0"},"west":{"uv":[9.5,11,10.5,13.5],"texture":"#0"},"up":{"uv":[11.5,12,9.5,11],"texture":"#0"},"down":{"uv":[6,4,4,5],"texture":"#missing"}}},{"from":[6,0,4],"to":[10,11,5],"faces":{"north":{"uv":[0,0,4,11],"texture":"#0"},"east":{"uv":[0,0,0.5,11],"texture":"#0"},"south":{"uv":[4,0,8,11],"texture":"#missing"},"west":{"uv":[9.5,0,10,11],"texture":"#0"},"up":{"uv":[7,5,4.5,4],"texture":"#0"},"down":{"uv":[11,4.5,10,7],"texture":"#0"}}},{"from":[6,0,11],"to":[10,11,12],"faces":{"north":{"uv":[0,0,4,11],"texture":"#missing"},"east":{"uv":[0,0,0.5,11],"texture":"#0"},"south":{"uv":[0,0,4,11],"texture":"#0"},"west":{"uv":[0,0,0.5,11],"texture":"#0"},"up":{"uv":[7,5,6,4],"texture":"#0"},"down":{"uv":[11,4,10,7],"texture":"#0"}}},{"from":[6,12,6],"to":[10,12.5,10],"faces":{"north":{"uv":[10,5,10.5,6],"texture":"#0"},"east":{"uv":[10,4.5,11,7],"texture":"#0"},"south":{"uv":[10,4,11,6.5],"texture":"#0"},"west":{"uv":[10,4,11,6],"texture":"#0"},"up":{"uv":[16,16,11.5,11],"texture":"#0"},"down":{"uv":[8,8,0,16],"texture":"#missing"}}},{"from":[4.5,0,5.5],"to":[5,10.5,6],"faces":{"north":{"uv":[0,0,0.5,11],"texture":"#0"},"east":{"uv":[1,0,1.5,10.5],"texture":"#missing"},"south":{"uv":[2,0,2.5,10.5],"texture":"#missing"},"west":{"uv":[3,1,3.5,11],"texture":"#0"},"up":{"uv":[14,1,13.5,0.5],"texture":"#0"},"down":{"uv":[4.5,1,4,1.5],"texture":"#missing"}}},{"from":[5.5,0,4.5],"to":[6,10.5,5],"faces":{"north":{"uv":[0,0,0.5,11],"texture":"#0"},"east":{"uv":[1.5,0,1.5,11],"texture":"#missing"},"south":{"uv":[2,0,2.5,10.5],"texture":"#missing"},"west":{"uv":[8,0.5,8.5,11],"texture":"#0"},"up":{"uv":[14,1,13.5,0.5],"texture":"#0"},"down":{"uv":[4.5,1,4,1.5],"texture":"#missing"}}},{"from":[5.5,0,10.5],"to":[6,10.5,11.5],"faces":{"north":{"uv":[2,0,2.5,10.5],"texture":"#missing"},"east":{"uv":[0,0,1,10.5],"texture":"#missing"},"south":{"uv":[0,0,0.5,11],"texture":"#0"},"west":{"uv":[0,0,0.5,11],"texture":"#0"},"up":{"uv":[14,1,13.5,0.5],"texture":"#0"},"down":{"uv":[4.5,1,4,2],"texture":"#missing"}}},{"from":[4.5,0,9.5],"to":[5,10.5,10.5],"faces":{"north":{"uv":[2,0,2.5,10.5],"texture":"#missing"},"east":{"uv":[0,0,1,10.5],"texture":"#missing"},"south":{"uv":[0,0,0.5,11],"texture":"#0"},"west":{"uv":[0,0,0.5,11],"texture":"#0"},"up":{"uv":[13.5,1,14,0.5],"texture":"#0"},"down":{"uv":[4.5,1,4,2],"texture":"#missing"}}},{"from":[10.5,0,9.5],"to":[11.5,10.5,10.5],"faces":{"north":{"uv":[0,0,1,10.5],"texture":"#missing"},"east":{"uv":[0,0,0.5,11],"texture":"#0"},"south":{"uv":[0,0,0.5,11],"texture":"#0"},"west":{"uv":[3,0,4,10.5],"texture":"#missing"},"up":{"uv":[14,1,13.5,0.5],"texture":"#0"},"down":{"uv":[5,1,4,2],"texture":"#missing"}}},{"from":[9.5,0,10.5],"to":[10.5,10.5,11.5],"faces":{"north":{"uv":[0,0,1,10.5],"texture":"#missing"},"east":{"uv":[0,0,0.5,11],"texture":"#0"},"south":{"uv":[0,0,0.5,11],"texture":"#0"},"west":{"uv":[3,0,4,10.5],"texture":"#missing"},"up":{"uv":[14,1,13.5,0.5],"texture":"#0"},"down":{"uv":[5,1,4,2],"texture":"#missing"}}},{"from":[9.5,0,4.5],"to":[10.5,10.5,5.5],"faces":{"north":{"uv":[0,0,0.5,11],"texture":"#0"},"east":{"uv":[0,0,0.5,11],"texture":"#0"},"south":{"uv":[2,0,3,10.5],"texture":"#missing"},"west":{"uv":[3,0,4,10.5],"texture":"#missing"},"up":{"uv":[14,1,13.5,0.5],"texture":"#0"},"down":{"uv":[5,1,4,2],"texture":"#missing"}}},{"from":[10.5,0,5.5],"to":[11.5,10.5,6.5],"faces":{"north":{"uv":[0,0,0.5,11],"texture":"#0"},"east":{"uv":[0,0,0.5,11],"texture":"#0"},"south":{"uv":[2,0,3,10.5],"texture":"#missing"},"west":{"uv":[3,0,4,10.5],"texture":"#missing"},"up":{"uv":[13.5,1,14,0.5],"texture":"#0"},"down":{"uv":[5,1,4,2],"texture":"#missing"}}},{"from":[4,11,7],"to":[5,11.5,9],"faces":{"north":{"uv":[4,2,6,3],"texture":"#0"},"east":{"uv":[0,4,4,5],"texture":"#missing"},"south":{"uv":[1.5,1.5,3.5,2.5],"texture":"#0"},"west":{"uv":[4,4,7,5],"texture":"#0"},"up":{"uv":[2,4,0,0],"texture":"#0"},"down":{"uv":[4,0,2,4],"texture":"#missing"}}},{"from":[11,11,7],"to":[12,11.5,9],"faces":{"north":{"uv":[4,2,6,3],"texture":"#0"},"east":{"uv":[4,4,8,5],"texture":"#0"},"south":{"uv":[4,4,6,5],"texture":"#0"},"west":{"uv":[4,0,8,1],"texture":"#missing"},"up":{"uv":[2,4,0,0],"texture":"#0"},"down":{"uv":[4,0,2,4],"texture":"#missing"}}},{"from":[7,11,4],"to":[9,11.5,5],"faces":{"north":{"uv":[4,4,7,5],"texture":"#0"},"east":{"uv":[4,2,6,3],"texture":"#0"},"south":{"uv":[4,0,8,1],"texture":"#missing"},"west":{"uv":[4,4,6,5],"texture":"#0"},"up":{"uv":[4,2,0,0],"texture":"#0"},"down":{"uv":[4,2,0,4],"texture":"#missing"}}},{"from":[7,11,11],"to":[9,11.5,12],"faces":{"north":{"uv":[0,4,4,5],"texture":"#missing"},"east":{"uv":[4,2,6,3],"texture":"#0"},"south":{"uv":[4,4,7,5],"texture":"#0"},"west":{"uv":[4,4,6,5],"texture":"#0"},"up":{"uv":[4,2,0,0],"texture":"#0"},"down":{"uv":[4,2,0,4],"texture":"#missing"}}}],"display":{"thirdperson_righthand":{"rotation":[0,-180,0],"translation":[0,0.5,2],"scale":[0.43,0.43,0.43]},"thirdperson_lefthand":{"rotation":[0,-180,0],"translation":[0,0,2],"scale":[0.43,0.43,0.43]},"firstperson_righthand":{"rotation":[0,-180,0],"translation":[0.5,2.25,0],"scale":[1,1,0.67]},"firstperson_lefthand":{"rotation":[0,-180,0],"translation":[0,3.75,0],"scale":[0.84,0.84,0.84]},"ground":{"translation":[0,1.25,0],"scale":[0.79,0.79,0.79]},"gui":{"rotation":[-9.18,54.5,28.67],"translation":[-0.25,2,0],"scale":[1.06922,1.06922,1.06922]},"head":{"translation":[0,14,0]},"fixed":{"rotation":[-90,-43,0],"translation":[0,0,-8.5],"scale":[1.2,1.2,1.2]}}}