{"credit":"Made with Blockbench","textures":{"0":"politmine/item/brewery/spirt/texture_4","1":"politmine/item/brewery/spirt/9620_original","particle":"politmine/item/brewery/spirt/texture_4"},"elements":[{"from":[6,10.5,6],"to":[10,11,10],"faces":{"north":{"uv":[2,0,4,1],"texture":"#0"},"east":{"uv":[2,1,4,2],"texture":"#0"},"south":{"uv":[2,2,4,3],"texture":"#0"},"west":{"uv":[2,3,4,4],"texture":"#0"},"up":{"uv":[2,2,0,0],"texture":"#0"},"down":{"uv":[2,2,0,4],"texture":"#0"}}},{"from":[6,18.5,6],"to":[10,19,10],"faces":{"north":{"uv":[2,0,4,1],"texture":"#0"},"east":{"uv":[2,1,4,2],"texture":"#0"},"south":{"uv":[2,2,4,3],"texture":"#0"},"west":{"uv":[2,3,4,4],"texture":"#0"},"up":{"uv":[2,2,0,0],"texture":"#0"},"down":{"uv":[2,2,0,4],"texture":"#0"}}},{"from":[6,18.5,6],"to":[10,19,10],"faces":{"north":{"uv":[2,0,4,1],"texture":"#0"},"east":{"uv":[2,1,4,2],"texture":"#0"},"south":{"uv":[2,2,4,3],"texture":"#0"},"west":{"uv":[2,3,4,4],"texture":"#0"},"up":{"uv":[2,2,0,0],"texture":"#0"},"down":{"uv":[2,2,0,4],"texture":"#0"}}},{"from":[6.5,19,6.5],"to":[9.5,19.5,9.5],"faces":{"north":{"uv":[2,0,4,1],"texture":"#0"},"east":{"uv":[2,1,4,2],"texture":"#0"},"south":{"uv":[2,2,4,3],"texture":"#0"},"west":{"uv":[2,3,4,4],"texture":"#0"},"up":{"uv":[2,2,0,0],"texture":"#0"},"down":{"uv":[2,2,0,4],"texture":"#0"}}},{"from":[7,19.5,7],"to":[9,20,9],"faces":{"north":{"uv":[2,0,4,1],"texture":"#0"},"east":{"uv":[2,1,4,2],"texture":"#0"},"south":{"uv":[2,2,4,3],"texture":"#0"},"west":{"uv":[2,3,4,4],"texture":"#0"},"up":{"uv":[2,2,0,0],"texture":"#0"},"down":{"uv":[2,2,0,4],"texture":"#0"}}},{"from":[9.5,11,10],"to":[10,18.5,10.5],"faces":{"north":{"uv":[2,0,4,1],"texture":"#0"},"east":{"uv":[2,1,4,2],"texture":"#0"},"south":{"uv":[2,2,4,3],"texture":"#0"},"west":{"uv":[2,3,4,4],"texture":"#0"},"up":{"uv":[2,2,0,0],"texture":"#0"},"down":{"uv":[2,2,0,4],"texture":"#0"}}},{"from":[6,17,5.5],"to":[6.5,18.5,6],"faces":{"north":{"uv":[2,0,4,1],"texture":"#0"},"east":{"uv":[2,1,4,2],"texture":"#0"},"south":{"uv":[2,2,4,3],"texture":"#0"},"west":{"uv":[2,3,4,4],"texture":"#0"},"up":{"uv":[2,2,0,0],"texture":"#0"},"down":{"uv":[2,2,0,4],"texture":"#0"}}},{"from":[6,11,5.5],"to":[6.5,13.5,6],"faces":{"north":{"uv":[2,0,4,1],"texture":"#0"},"east":{"uv":[2,1,4,2],"texture":"#0"},"south":{"uv":[2,2,4,3],"texture":"#0"},"west":{"uv":[2,3,4,4],"texture":"#0"},"up":{"uv":[2,2,0,0],"texture":"#0"},"down":{"uv":[2,2,0,4],"texture":"#0"}}},{"from":[5.5,11,9.5],"to":[6,18.5,10],"faces":{"north":{"uv":[2,1,4,2],"texture":"#0"},"east":{"uv":[2,2,4,3],"texture":"#0"},"south":{"uv":[2,3,4,4],"texture":"#0"},"west":{"uv":[2,0,4,1],"texture":"#0"},"up":{"uv":[2,2,0,0],"rotation":270,"texture":"#0"},"down":{"uv":[2,2,0,4],"rotation":90,"texture":"#0"}}},{"from":[5.5,11,6],"to":[6,18.5,6.5],"faces":{"north":{"uv":[2,1,4,2],"texture":"#0"},"east":{"uv":[2,2,4,3],"texture":"#0"},"south":{"uv":[2,3,4,4],"texture":"#0"},"west":{"uv":[2,0,4,1],"texture":"#0"},"up":{"uv":[2,2,0,0],"rotation":270,"texture":"#0"},"down":{"uv":[2,2,0,4],"rotation":90,"texture":"#0"}}},{"from":[5.25,11,6.5],"to":[5.5,18.5,9.5],"faces":{"north":{"uv":[2,1,4,2],"texture":"#0"},"east":{"uv":[2,2,4,3],"texture":"#0"},"south":{"uv":[2,3,4,4],"texture":"#0"},"west":{"uv":[2,0,4,1],"texture":"#0"},"up":{"uv":[2,2,0,0],"rotation":270,"texture":"#0"},"down":{"uv":[2,2,0,4],"rotation":90,"texture":"#0"}}},{"from":[10.5,11,6.5],"to":[10.75,18.5,9.5],"faces":{"north":{"uv":[2,1,4,2],"texture":"#0"},"east":{"uv":[2,2,4,3],"texture":"#0"},"south":{"uv":[2,3,4,4],"texture":"#0"},"west":{"uv":[2,0,4,1],"texture":"#0"},"up":{"uv":[2,2,0,0],"rotation":270,"texture":"#0"},"down":{"uv":[2,2,0,4],"rotation":90,"texture":"#0"}}},{"from":[6.5,17,5.25],"to":[9.5,18.5,5.5],"faces":{"north":{"uv":[2,2,4,3],"texture":"#0"},"east":{"uv":[2,3,4,4],"texture":"#0"},"south":{"uv":[2,0,4,1],"texture":"#0"},"west":{"uv":[2,1,4,2],"texture":"#0"},"up":{"uv":[2,2,0,0],"rotation":180,"texture":"#0"},"down":{"uv":[2,2,0,4],"rotation":180,"texture":"#0"}}},{"from":[6.5,11,5.25],"to":[9.5,13.5,5.5],"faces":{"north":{"uv":[2,2,4,3],"texture":"#0"},"east":{"uv":[2,3,4,4],"texture":"#0"},"south":{"uv":[2,0,4,1],"texture":"#0"},"west":{"uv":[2,1,4,2],"texture":"#0"},"up":{"uv":[2,2,0,0],"rotation":180,"texture":"#0"},"down":{"uv":[2,2,0,4],"rotation":180,"texture":"#0"}}},{"from":[6,13.5,5.5],"to":[6.5,17,5.75],"faces":{"north":{"uv":[11.88,0.04,13.84,16],"texture":"#1"},"east":{"uv":[6.96,3.48,8.96,4.48],"texture":"#1"},"south":{"uv":[2,0,4,1],"texture":"#1"},"west":{"uv":[14,0,16,16],"texture":"#1"},"up":{"uv":[16,7.2,14.84,5.2],"rotation":180,"texture":"#1"},"down":{"uv":[9.2,9.68,7.2,11.68],"rotation":180,"texture":"#1"}}},{"from":[9.5,13.5,5.5],"to":[10,17,5.75],"faces":{"north":{"uv":[0.56,0.04,2.52,16],"texture":"#1"},"east":{"uv":[6.96,3.48,8.96,4.48],"texture":"#1"},"south":{"uv":[2,0,4,1],"texture":"#1"},"west":{"uv":[14,0,16,16],"texture":"#1"},"up":{"uv":[16,7.2,14.84,5.2],"rotation":180,"texture":"#1"},"down":{"uv":[9.2,9.68,7.2,11.68],"rotation":180,"texture":"#1"}}},{"from":[6.5,13.5,5.25],"to":[9.5,17,5.5],"faces":{"north":{"uv":[2.6,0.04,11.76,16],"texture":"#1"},"east":{"uv":[1.44,0,3.44,16],"texture":"#1"},"south":{"uv":[2,0,4,1],"texture":"#1"},"west":{"uv":[12.48,0,14.52,16],"texture":"#1"},"up":{"uv":[16,7.2,14.84,5.2],"rotation":180,"texture":"#1"},"down":{"uv":[9.2,9.68,7.2,11.68],"rotation":180,"texture":"#1"}}},{"from":[9.5,17,5.5],"to":[10,18.5,6],"faces":{"north":{"uv":[2,2,4,3],"texture":"#0"},"east":{"uv":[2,3,4,4],"texture":"#0"},"south":{"uv":[2,0,4,1],"texture":"#0"},"west":{"uv":[2,1,4,2],"texture":"#0"},"up":{"uv":[2,2,0,0],"rotation":180,"texture":"#0"},"down":{"uv":[2,2,0,4],"rotation":180,"texture":"#0"}}},{"from":[9.5,11,5.5],"to":[10,13.5,6],"faces":{"north":{"uv":[2,2,4,3],"texture":"#0"},"east":{"uv":[2,3,4,4],"texture":"#0"},"south":{"uv":[2,0,4,1],"texture":"#0"},"west":{"uv":[2,1,4,2],"texture":"#0"},"up":{"uv":[2,2,0,0],"rotation":180,"texture":"#0"},"down":{"uv":[2,2,0,4],"rotation":180,"texture":"#0"}}},{"from":[10,11,5.75],"to":[10.25,18.5,6],"faces":{"north":{"uv":[2,2,4,3],"texture":"#0"},"east":{"uv":[2,3,4,4],"texture":"#0"},"south":{"uv":[2,0,4,1],"texture":"#0"},"west":{"uv":[2,1,4,2],"texture":"#0"},"up":{"uv":[2,2,0,0],"rotation":180,"texture":"#0"},"down":{"uv":[2,2,0,4],"rotation":180,"texture":"#0"}}},{"from":[5.75,11,10],"to":[6,18.5,10.25],"faces":{"north":{"uv":[2,2,4,3],"texture":"#0"},"east":{"uv":[2,3,4,4],"texture":"#0"},"south":{"uv":[2,0,4,1],"texture":"#0"},"west":{"uv":[2,1,4,2],"texture":"#0"},"up":{"uv":[2,2,0,0],"rotation":180,"texture":"#0"},"down":{"uv":[2,2,0,4],"rotation":180,"texture":"#0"}}},{"from":[10,11,10],"to":[10.25,18.5,10.25],"faces":{"north":{"uv":[2,2,4,3],"texture":"#0"},"east":{"uv":[2,3,4,4],"texture":"#0"},"south":{"uv":[2,0,4,1],"texture":"#0"},"west":{"uv":[2,1,4,2],"texture":"#0"},"up":{"uv":[2,2,0,0],"rotation":180,"texture":"#0"},"down":{"uv":[2,2,0,4],"rotation":180,"texture":"#0"}}},{"from":[6.5,11,10.5],"to":[9.5,18.5,10.75],"faces":{"north":{"uv":[2,2,4,3],"texture":"#0"},"east":{"uv":[2,3,4,4],"texture":"#0"},"south":{"uv":[2,0,4,1],"texture":"#0"},"west":{"uv":[2,1,4,2],"texture":"#0"},"up":{"uv":[2,2,0,0],"rotation":180,"texture":"#0"},"down":{"uv":[2,2,0,4],"rotation":180,"texture":"#0"}}},{"from":[6,11,10],"to":[6.5,18.5,10.5],"faces":{"north":{"uv":[2,2,4,3],"texture":"#0"},"east":{"uv":[2,3,4,4],"texture":"#0"},"south":{"uv":[2,0,4,1],"texture":"#0"},"west":{"uv":[2,1,4,2],"texture":"#0"},"up":{"uv":[2,2,0,0],"rotation":180,"texture":"#0"},"down":{"uv":[2,2,0,4],"rotation":180,"texture":"#0"}}},{"from":[10,11,6],"to":[10.5,18.5,6.5],"faces":{"north":{"uv":[2,1,4,2],"texture":"#0"},"east":{"uv":[2,2,4,3],"texture":"#0"},"south":{"uv":[2,3,4,4],"texture":"#0"},"west":{"uv":[2,0,4,1],"texture":"#0"},"up":{"uv":[2,2,0,0],"rotation":270,"texture":"#0"},"down":{"uv":[2,2,0,4],"rotation":90,"texture":"#0"}}},{"from":[10,11,9.5],"to":[10.5,18.5,10],"faces":{"north":{"uv":[2,1,4,2],"texture":"#0"},"east":{"uv":[2,2,4,3],"texture":"#0"},"south":{"uv":[2,3,4,4],"texture":"#0"},"west":{"uv":[2,0,4,1],"texture":"#0"},"up":{"uv":[2,2,0,0],"rotation":270,"texture":"#0"},"down":{"uv":[2,2,0,4],"rotation":90,"texture":"#0"}}},{"from":[5.75,11,5.75],"to":[6,18.5,6],"faces":{"north":{"uv":[2,1,4,2],"texture":"#0"},"east":{"uv":[2,2,4,3],"texture":"#0"},"south":{"uv":[2,3,4,4],"texture":"#0"},"west":{"uv":[2,0,4,1],"texture":"#0"},"up":{"uv":[2,2,0,0],"rotation":270,"texture":"#0"},"down":{"uv":[2,2,0,4],"rotation":90,"texture":"#0"}}},{"from":[6,11,6],"to":[10,15.75,10],"faces":{"north":{"uv":[15,0,16,1],"texture":"#0"},"east":{"uv":[15,0,16,1],"texture":"#0"},"south":{"uv":[15,0,16,1],"texture":"#0"},"west":{"uv":[15,0,16,1],"texture":"#0"},"up":{"uv":[15,0,16,1],"texture":"#0"},"down":{"uv":[15,0,16,1],"texture":"#0"}}},{"from":[10,10.5,6.25],"to":[10.25,11,9.75],"faces":{"north":{"uv":[2,1,4,2],"texture":"#0"},"east":{"uv":[2,2,4,3],"texture":"#0"},"south":{"uv":[2,3,4,4],"texture":"#0"},"west":{"uv":[2,0,4,1],"texture":"#0"},"up":{"uv":[2,2,0,0],"rotation":270,"texture":"#0"},"down":{"uv":[2,2,0,4],"rotation":90,"texture":"#0"}}},{"from":[10.25,10.75,6.5],"to":[10.5,11,9.5],"faces":{"north":{"uv":[2,1,4,2],"texture":"#0"},"east":{"uv":[2,2,4,3],"texture":"#0"},"south":{"uv":[2,3,4,4],"texture":"#0"},"west":{"uv":[2,0,4,1],"texture":"#0"},"up":{"uv":[2,2,0,0],"rotation":270,"texture":"#0"},"down":{"uv":[2,2,0,4],"rotation":90,"texture":"#0"}}},{"from":[10.5,10.75,7.5],"to":[10.75,11,8.5],"faces":{"north":{"uv":[2,1,4,2],"texture":"#0"},"east":{"uv":[2,2,4,3],"texture":"#0"},"south":{"uv":[2,3,4,4],"texture":"#0"},"west":{"uv":[2,0,4,1],"texture":"#0"},"up":{"uv":[2,2,0,0],"rotation":270,"texture":"#0"},"down":{"uv":[2,2,0,4],"rotation":90,"texture":"#0"}}},{"from":[5.75,10.5,6.25],"to":[6,11,9.75],"rotation":{"angle":0,"axis":"y","origin":[16,0,0]},"faces":{"north":{"uv":[4,1,2,2],"texture":"#0"},"east":{"uv":[4,0,2,1],"texture":"#0"},"south":{"uv":[4,3,2,4],"texture":"#0"},"west":{"uv":[4,2,2,3],"texture":"#0"},"up":{"uv":[2,0,0,2],"rotation":270,"texture":"#0"},"down":{"uv":[2,4,0,2],"rotation":90,"texture":"#0"}}},{"from":[5.5,10.75,6.5],"to":[5.75,11,9.5],"rotation":{"angle":0,"axis":"y","origin":[16,0,0]},"faces":{"north":{"uv":[4,1,2,2],"texture":"#0"},"east":{"uv":[4,0,2,1],"texture":"#0"},"south":{"uv":[4,3,2,4],"texture":"#0"},"west":{"uv":[4,2,2,3],"texture":"#0"},"up":{"uv":[2,0,0,2],"rotation":270,"texture":"#0"},"down":{"uv":[2,4,0,2],"rotation":90,"texture":"#0"}}},{"from":[5.25,10.75,7.5],"to":[5.5,11,8.5],"rotation":{"angle":0,"axis":"y","origin":[16,0,0]},"faces":{"north":{"uv":[4,1,2,2],"texture":"#0"},"east":{"uv":[4,0,2,1],"texture":"#0"},"south":{"uv":[4,3,2,4],"texture":"#0"},"west":{"uv":[4,2,2,3],"texture":"#0"},"up":{"uv":[2,0,0,2],"rotation":270,"texture":"#0"},"down":{"uv":[2,4,0,2],"rotation":90,"texture":"#0"}}},{"from":[6.25,10.5,10],"to":[9.75,11,10.25],"rotation":{"angle":0,"axis":"y","origin":[16,0,0]},"faces":{"north":{"uv":[4,0,2,1],"texture":"#0"},"east":{"uv":[4,3,2,4],"texture":"#0"},"south":{"uv":[4,2,2,3],"texture":"#0"},"west":{"uv":[4,1,2,2],"texture":"#0"},"up":{"uv":[2,0,0,2],"rotation":180,"texture":"#0"},"down":{"uv":[2,4,0,2],"rotation":180,"texture":"#0"}}},{"from":[6.5,10.75,10.25],"to":[9.5,11,10.5],"rotation":{"angle":0,"axis":"y","origin":[16,0,0]},"faces":{"north":{"uv":[4,0,2,1],"texture":"#0"},"east":{"uv":[4,3,2,4],"texture":"#0"},"south":{"uv":[4,2,2,3],"texture":"#0"},"west":{"uv":[4,1,2,2],"texture":"#0"},"up":{"uv":[2,0,0,2],"rotation":180,"texture":"#0"},"down":{"uv":[2,4,0,2],"rotation":180,"texture":"#0"}}},{"from":[7.5,10.75,10.5],"to":[8.5,11,10.75],"rotation":{"angle":0,"axis":"y","origin":[16,0,0]},"faces":{"north":{"uv":[4,0,2,1],"texture":"#0"},"east":{"uv":[4,3,2,4],"texture":"#0"},"south":{"uv":[4,2,2,3],"texture":"#0"},"west":{"uv":[4,1,2,2],"texture":"#0"},"up":{"uv":[2,0,0,2],"rotation":180,"texture":"#0"},"down":{"uv":[2,4,0,2],"rotation":180,"texture":"#0"}}},{"from":[6.25,10.5,5.75],"to":[9.75,11,6],"rotation":{"angle":0,"axis":"y","origin":[16,0,16]},"faces":{"north":{"uv":[2,2,4,3],"texture":"#0"},"east":{"uv":[2,3,4,4],"texture":"#0"},"south":{"uv":[2,0,4,1],"texture":"#0"},"west":{"uv":[2,1,4,2],"texture":"#0"},"up":{"uv":[2,2,0,0],"rotation":180,"texture":"#0"},"down":{"uv":[2,2,0,4],"rotation":180,"texture":"#0"}}},{"from":[6.5,10.75,5.5],"to":[9.5,11,5.75],"rotation":{"angle":0,"axis":"y","origin":[16,0,16]},"faces":{"north":{"uv":[2,2,4,3],"texture":"#0"},"east":{"uv":[2,3,4,4],"texture":"#0"},"south":{"uv":[2,0,4,1],"texture":"#0"},"west":{"uv":[2,1,4,2],"texture":"#0"},"up":{"uv":[2,2,0,0],"rotation":180,"texture":"#0"},"down":{"uv":[2,2,0,4],"rotation":180,"texture":"#0"}}},{"from":[7.5,10.75,5.25],"to":[8.5,11,5.5],"rotation":{"angle":0,"axis":"y","origin":[16,0,16]},"faces":{"north":{"uv":[2,2,4,3],"texture":"#0"},"east":{"uv":[2,3,4,4],"texture":"#0"},"south":{"uv":[2,0,4,1],"texture":"#0"},"west":{"uv":[2,1,4,2],"texture":"#0"},"up":{"uv":[2,2,0,0],"rotation":180,"texture":"#0"},"down":{"uv":[2,2,0,4],"rotation":180,"texture":"#0"}}},{"from":[10,18.5,6.25],"to":[10.25,19,9.75],"rotation":{"angle":0,"axis":"y","origin":[0,16,0]},"faces":{"north":{"uv":[2,2,4,1],"texture":"#0"},"east":{"uv":[2,3,4,2],"texture":"#0"},"south":{"uv":[2,4,4,3],"texture":"#0"},"west":{"uv":[2,1,4,0],"texture":"#0"},"up":{"uv":[0,2,2,4],"rotation":90,"texture":"#0"},"down":{"uv":[0,2,2,0],"rotation":270,"texture":"#0"}}},{"from":[10.25,18.5,6.5],"to":[10.5,18.75,9.5],"rotation":{"angle":0,"axis":"y","origin":[0,16,0]},"faces":{"north":{"uv":[2,2,4,1],"texture":"#0"},"east":{"uv":[2,3,4,2],"texture":"#0"},"south":{"uv":[2,4,4,3],"texture":"#0"},"west":{"uv":[2,1,4,0],"texture":"#0"},"up":{"uv":[0,2,2,4],"rotation":90,"texture":"#0"},"down":{"uv":[0,2,2,0],"rotation":270,"texture":"#0"}}},{"from":[10.5,18.5,7.5],"to":[10.75,18.75,8.5],"rotation":{"angle":0,"axis":"y","origin":[0,16,0]},"faces":{"north":{"uv":[2,2,4,1],"texture":"#0"},"east":{"uv":[2,3,4,2],"texture":"#0"},"south":{"uv":[2,4,4,3],"texture":"#0"},"west":{"uv":[2,1,4,0],"texture":"#0"},"up":{"uv":[0,2,2,4],"rotation":90,"texture":"#0"},"down":{"uv":[0,2,2,0],"rotation":270,"texture":"#0"}}},{"from":[5.75,18.5,6.25],"to":[6,19,9.75],"rotation":{"angle":0,"axis":"y","origin":[16,16,0]},"faces":{"north":{"uv":[4,2,2,1],"texture":"#0"},"east":{"uv":[4,1,2,0],"texture":"#0"},"south":{"uv":[4,4,2,3],"texture":"#0"},"west":{"uv":[4,3,2,2],"texture":"#0"},"up":{"uv":[0,4,2,2],"rotation":90,"texture":"#0"},"down":{"uv":[0,0,2,2],"rotation":270,"texture":"#0"}}},{"from":[5.5,18.5,6.5],"to":[5.75,18.75,9.5],"rotation":{"angle":0,"axis":"y","origin":[16,16,0]},"faces":{"north":{"uv":[4,2,2,1],"texture":"#0"},"east":{"uv":[4,1,2,0],"texture":"#0"},"south":{"uv":[4,4,2,3],"texture":"#0"},"west":{"uv":[4,3,2,2],"texture":"#0"},"up":{"uv":[0,4,2,2],"rotation":90,"texture":"#0"},"down":{"uv":[0,0,2,2],"rotation":270,"texture":"#0"}}},{"from":[5.25,18.5,7.5],"to":[5.5,18.75,8.5],"rotation":{"angle":0,"axis":"y","origin":[16,16,0]},"faces":{"north":{"uv":[4,2,2,1],"texture":"#0"},"east":{"uv":[4,1,2,0],"texture":"#0"},"south":{"uv":[4,4,2,3],"texture":"#0"},"west":{"uv":[4,3,2,2],"texture":"#0"},"up":{"uv":[0,4,2,2],"rotation":90,"texture":"#0"},"down":{"uv":[0,0,2,2],"rotation":270,"texture":"#0"}}},{"from":[6.25,18.5,10],"to":[9.75,19,10.25],"rotation":{"angle":0,"axis":"y","origin":[16,16,0]},"faces":{"north":{"uv":[4,1,2,0],"texture":"#0"},"east":{"uv":[4,4,2,3],"texture":"#0"},"south":{"uv":[4,3,2,2],"texture":"#0"},"west":{"uv":[4,2,2,1],"texture":"#0"},"up":{"uv":[2,2,0,4],"rotation":180,"texture":"#0"},"down":{"uv":[2,2,0,0],"rotation":180,"texture":"#0"}}},{"from":[6.5,18.5,10.25],"to":[9.5,18.75,10.5],"rotation":{"angle":0,"axis":"y","origin":[16,16,0]},"faces":{"north":{"uv":[4,1,2,0],"texture":"#0"},"east":{"uv":[4,4,2,3],"texture":"#0"},"south":{"uv":[4,3,2,2],"texture":"#0"},"west":{"uv":[4,2,2,1],"texture":"#0"},"up":{"uv":[2,2,0,4],"rotation":180,"texture":"#0"},"down":{"uv":[2,2,0,0],"rotation":180,"texture":"#0"}}},{"from":[7.5,18.5,10.5],"to":[8.5,18.75,10.75],"rotation":{"angle":0,"axis":"y","origin":[16,16,0]},"faces":{"north":{"uv":[4,1,2,0],"texture":"#0"},"east":{"uv":[4,4,2,3],"texture":"#0"},"south":{"uv":[4,3,2,2],"texture":"#0"},"west":{"uv":[4,2,2,1],"texture":"#0"},"up":{"uv":[2,2,0,4],"rotation":180,"texture":"#0"},"down":{"uv":[2,2,0,0],"rotation":180,"texture":"#0"}}},{"from":[6.25,18.5,5.75],"to":[9.75,19,6],"rotation":{"angle":0,"axis":"y","origin":[16,16,16]},"faces":{"north":{"uv":[2,3,4,2],"texture":"#0"},"east":{"uv":[2,4,4,3],"texture":"#0"},"south":{"uv":[2,1,4,0],"texture":"#0"},"west":{"uv":[2,2,4,1],"texture":"#0"},"up":{"uv":[2,4,0,2],"rotation":180,"texture":"#0"},"down":{"uv":[2,0,0,2],"rotation":180,"texture":"#0"}}},{"from":[6.75,19,6],"to":[9.25,19.25,6.5],"rotation":{"angle":0,"axis":"y","origin":[16,16,16]},"faces":{"north":{"uv":[2,3,4,2],"texture":"#0"},"east":{"uv":[2,4,4,3],"texture":"#0"},"south":{"uv":[2,1,4,0],"texture":"#0"},"west":{"uv":[2,2,4,1],"texture":"#0"},"up":{"uv":[2,4,0,2],"rotation":180,"texture":"#0"},"down":{"uv":[2,0,0,2],"rotation":180,"texture":"#0"}}},{"from":[6.75,19,9.5],"to":[9.25,19.25,10],"rotation":{"angle":0,"axis":"y","origin":[16,16,16]},"faces":{"north":{"uv":[2,3,4,2],"texture":"#0"},"east":{"uv":[2,4,4,3],"texture":"#0"},"south":{"uv":[2,1,4,0],"texture":"#0"},"west":{"uv":[2,2,4,1],"texture":"#0"},"up":{"uv":[2,4,0,2],"rotation":180,"texture":"#0"},"down":{"uv":[2,0,0,2],"rotation":180,"texture":"#0"}}},{"from":[9.5,19,6.75],"to":[10,19.25,9.25],"rotation":{"angle":0,"axis":"y","origin":[16,16,16]},"faces":{"north":{"uv":[2,4,4,3],"texture":"#0"},"east":{"uv":[2,1,4,0],"texture":"#0"},"south":{"uv":[2,2,4,1],"texture":"#0"},"west":{"uv":[2,3,4,2],"texture":"#0"},"up":{"uv":[2,4,0,2],"rotation":90,"texture":"#0"},"down":{"uv":[2,0,0,2],"rotation":270,"texture":"#0"}}},{"from":[9,19.5,7],"to":[9.25,19.75,9],"rotation":{"angle":0,"axis":"y","origin":[16,16,16]},"faces":{"north":{"uv":[2,4,4,3],"texture":"#0"},"east":{"uv":[2,1,4,0],"texture":"#0"},"south":{"uv":[2,2,4,1],"texture":"#0"},"west":{"uv":[2,3,4,2],"texture":"#0"},"up":{"uv":[2,4,0,2],"rotation":90,"texture":"#0"},"down":{"uv":[2,0,0,2],"rotation":270,"texture":"#0"}}},{"from":[6.75,19.5,7],"to":[7,19.75,9],"rotation":{"angle":0,"axis":"y","origin":[16,16,16]},"faces":{"north":{"uv":[2,4,4,3],"texture":"#0"},"east":{"uv":[2,1,4,0],"texture":"#0"},"south":{"uv":[2,2,4,1],"texture":"#0"},"west":{"uv":[2,3,4,2],"texture":"#0"},"up":{"uv":[2,4,0,2],"rotation":90,"texture":"#0"},"down":{"uv":[2,0,0,2],"rotation":270,"texture":"#0"}}},{"from":[7,19.5,6.75],"to":[9,19.75,7],"rotation":{"angle":0,"axis":"y","origin":[16,16,16]},"faces":{"north":{"uv":[2,1,4,0],"texture":"#0"},"east":{"uv":[2,2,4,1],"texture":"#0"},"south":{"uv":[2,3,4,2],"texture":"#0"},"west":{"uv":[2,4,4,3],"texture":"#0"},"up":{"uv":[2,4,0,2],"texture":"#0"},"down":{"uv":[2,0,0,2],"texture":"#0"}}},{"from":[7,19.5,9],"to":[9,19.75,9.25],"rotation":{"angle":0,"axis":"y","origin":[16,16,16]},"faces":{"north":{"uv":[2,1,4,0],"texture":"#0"},"east":{"uv":[2,2,4,1],"texture":"#0"},"south":{"uv":[2,3,4,2],"texture":"#0"},"west":{"uv":[2,4,4,3],"texture":"#0"},"up":{"uv":[2,4,0,2],"texture":"#0"},"down":{"uv":[2,0,0,2],"texture":"#0"}}},{"from":[6,19,6.75],"to":[6.5,19.25,9.25],"rotation":{"angle":0,"axis":"y","origin":[16,16,16]},"faces":{"north":{"uv":[2,4,4,3],"texture":"#0"},"east":{"uv":[2,1,4,0],"texture":"#0"},"south":{"uv":[2,2,4,1],"texture":"#0"},"west":{"uv":[2,3,4,2],"texture":"#0"},"up":{"uv":[2,4,0,2],"rotation":90,"texture":"#0"},"down":{"uv":[2,0,0,2],"rotation":270,"texture":"#0"}}},{"from":[6.5,18.5,5.5],"to":[9.5,18.75,5.75],"rotation":{"angle":0,"axis":"y","origin":[16,16,16]},"faces":{"north":{"uv":[2,3,4,2],"texture":"#0"},"east":{"uv":[2,4,4,3],"texture":"#0"},"south":{"uv":[2,1,4,0],"texture":"#0"},"west":{"uv":[2,2,4,1],"texture":"#0"},"up":{"uv":[2,4,0,2],"rotation":180,"texture":"#0"},"down":{"uv":[2,0,0,2],"rotation":180,"texture":"#0"}}},{"from":[7.5,18.5,5.25],"to":[8.5,18.75,5.5],"rotation":{"angle":0,"axis":"y","origin":[16,16,16]},"faces":{"north":{"uv":[2,3,4,2],"texture":"#0"},"east":{"uv":[2,4,4,3],"texture":"#0"},"south":{"uv":[2,1,4,0],"texture":"#0"},"west":{"uv":[2,2,4,1],"texture":"#0"},"up":{"uv":[2,4,0,2],"rotation":180,"texture":"#0"},"down":{"uv":[2,0,0,2],"rotation":180,"texture":"#0"}}},{"from":[7.025,20,7.025],"to":[8.975,21.3,8.975],"rotation":{"angle":0,"axis":"y","origin":[-2.4,0,-2.4]},"faces":{"north":{"uv":[11,12,16,16],"texture":"#0"},"east":{"uv":[11,12,16,16],"texture":"#0"},"south":{"uv":[11,12,16,16],"texture":"#0"},"west":{"uv":[11,12,16,16],"texture":"#0"},"up":{"uv":[11,14,16,15],"texture":"#0"},"down":{"uv":[11,12,16,16],"texture":"#0"}}},{"from":[7.35,20,6.7],"to":[8.65,21.3,7.025],"rotation":{"angle":0,"axis":"y","origin":[-2.4,0,-2.4]},"faces":{"north":{"uv":[11,12,16,16],"texture":"#0"},"east":{"uv":[11,12,16,16],"texture":"#0"},"south":{"uv":[11,12,16,16],"texture":"#0"},"west":{"uv":[11,12,16,16],"texture":"#0"},"up":{"uv":[11,12,12.75,14.75],"texture":"#0"},"down":{"uv":[11,12,16,16],"texture":"#0"}}},{"from":[7.35,20,8.975],"to":[8.65,21.3,9.3],"rotation":{"angle":0,"axis":"y","origin":[-2.4,0,-2.4]},"faces":{"north":{"uv":[11,12,16,16],"texture":"#0"},"east":{"uv":[11,12,16,16],"texture":"#0"},"south":{"uv":[11,12,16,16],"texture":"#0"},"west":{"uv":[11,12,16,16],"texture":"#0"},"up":{"uv":[11,12,12.75,14.25],"texture":"#0"},"down":{"uv":[11,12,16,16],"texture":"#0"}}},{"from":[8.975,20,7.35],"to":[9.3,21.3,8.65],"rotation":{"angle":0,"axis":"y","origin":[-2.4,0,-2.4]},"faces":{"north":{"uv":[11,12,16,16],"texture":"#0"},"east":{"uv":[11,12,16,16],"texture":"#0"},"south":{"uv":[11,12,16,16],"texture":"#0"},"west":{"uv":[11,12,16,16],"texture":"#0"},"up":{"uv":[11,12,12.5,14.5],"rotation":270,"texture":"#0"},"down":{"uv":[11,12,16,16],"rotation":90,"texture":"#0"}}},{"from":[6.7,20,7.35],"to":[7.025,21.3,8.65],"rotation":{"angle":0,"axis":"y","origin":[-2.4,0,-2.4]},"faces":{"north":{"uv":[11,12,16,16],"texture":"#0"},"east":{"uv":[11,12,16,16],"texture":"#0"},"south":{"uv":[11,12,16,16],"texture":"#0"},"west":{"uv":[11,12,16,16],"texture":"#0"},"up":{"uv":[11,12,12.75,14.5],"rotation":270,"texture":"#0"},"down":{"uv":[11,12,16,16],"rotation":90,"texture":"#0"}}}],"display":{"thirdperson_righthand":{"translation":[0,-3,1.75],"scale":[0.42,0.42,0.42]},"thirdperson_lefthand":{"translation":[0,-3,1.75],"scale":[0.42,0.42,0.42]},"firstperson_righthand":{"rotation":[0,148,0],"translation":[1.25,-3.5,0]},"firstperson_lefthand":{"rotation":[0,148,0],"translation":[1.25,-3.5,0]},"ground":{"translation":[0,-6.25,0],"scale":[0.64,0.64,0.64]},"gui":{"rotation":[-2,158,9],"translation":[-1,-10,0],"scale":[1.31,1.31,1.31]},"head":{"translation":[0,3.5,0]},"fixed":{"rotation":[-90,0,0],"translation":[0,0,3],"scale":[1.2,1.2,1.2]}},"groups":[0,1,2,3,4,5,6,7,8,9,10,11,12,13,14,15,16,17,18,19,20,21,22,23,24,25,26,27,{"name":"group","origin":[8,8,8],"color":0,"children":[28,29,30,{"name":"group","origin":[8,8,8],"color":0,"children":[31,32,33,{"name":"group","origin":[8,8,8],"color":0,"children":[34,35,36,{"name":"group","origin":[8,8,8],"color":0,"children":[37,38,39]}]}]}]},{"name":"group","origin":[8,8,8],"color":0,"children":[40,41,42,{"name":"group","origin":[8,8,8],"color":0,"children":[43,44,45,{"name":"group","origin":[8,8,8],"color":0,"children":[46,47,48,{"name":"group","origin":[8,8,8],"color":0,"children":[49,50,51,52,53,54,55,56,57,58,59]}]}]}]},60,61,62,63,64]}