{"credit":"Made with Blockbench","textures":{"0":"politmine/item/brewery/wheatbeer/metal","1":"politmine/item/brewery/wheatbeer/wood","2":"politmine/item/brewery/wheatbeer/beer","particle":"politmine/item/brewery/wheatbeer/metal"},"elements":[{"from":[2.75,1,6],"to":[13.25,3,12.5],"faces":{"north":{"uv":[6,0,12,1],"texture":"#0"},"east":{"uv":[6,1,12,2],"texture":"#0"},"south":{"uv":[6,2,12,3],"texture":"#0"},"west":{"uv":[6,3,12,4],"texture":"#0"},"up":{"uv":[6,6,0,0],"texture":"#0"},"down":{"uv":[6,6,0,12],"texture":"#0"}}},{"from":[4.75,1,4],"to":[11.25,3,14.5],"faces":{"north":{"uv":[6,1,12,2],"texture":"#0"},"east":{"uv":[6,2,12,3],"texture":"#0"},"south":{"uv":[6,3,12,4],"texture":"#0"},"west":{"uv":[6,0,12,1],"texture":"#0"},"up":{"uv":[6,6,0,0],"rotation":270,"texture":"#0"},"down":{"uv":[6,6,0,12],"rotation":90,"texture":"#0"}}},{"from":[5.25,3,4],"to":[10.75,3.25,14.5],"faces":{"north":{"uv":[6,1,12,2],"texture":"#0"},"east":{"uv":[6,2,12,3],"texture":"#0"},"south":{"uv":[6,3,12,4],"texture":"#0"},"west":{"uv":[6,0,12,1],"texture":"#0"},"up":{"uv":[6,6,0,0],"rotation":270,"texture":"#0"},"down":{"uv":[6,6,0,12],"rotation":90,"texture":"#0"}}},{"from":[4,3,5.25],"to":[12,3.25,13.25],"faces":{"north":{"uv":[6,1,12,2],"texture":"#0"},"east":{"uv":[6,2,12,3],"texture":"#0"},"south":{"uv":[6,3,12,4],"texture":"#0"},"west":{"uv":[6,0,12,1],"texture":"#0"},"up":{"uv":[6,6,0,0],"rotation":270,"texture":"#0"},"down":{"uv":[6,6,0,12],"rotation":90,"texture":"#0"}}},{"from":[4.5,3,4.5],"to":[11.5,3.25,5.5],"faces":{"north":{"uv":[6,1,12,2],"texture":"#0"},"east":{"uv":[6,2,12,3],"texture":"#0"},"south":{"uv":[6,3,12,4],"texture":"#0"},"west":{"uv":[6,0,12,1],"texture":"#0"},"up":{"uv":[6,6,0,0],"rotation":270,"texture":"#0"},"down":{"uv":[6,6,0,12],"rotation":90,"texture":"#0"}}},{"from":[3.25,3,5.75],"to":[12.5,3.25,6.5],"faces":{"north":{"uv":[6,1,12,2],"texture":"#0"},"east":{"uv":[6,2,12,3],"texture":"#0"},"south":{"uv":[6,3,12,4],"texture":"#0"},"west":{"uv":[6,0,12,1],"texture":"#0"},"up":{"uv":[6,6,0,0],"rotation":270,"texture":"#0"},"down":{"uv":[6,6,0,12],"rotation":90,"texture":"#0"}}},{"from":[3.25,3,12],"to":[12.5,3.25,12.75],"faces":{"north":{"uv":[6,1,12,2],"texture":"#0"},"east":{"uv":[6,2,12,3],"texture":"#0"},"south":{"uv":[6,3,12,4],"texture":"#0"},"west":{"uv":[6,0,12,1],"texture":"#0"},"up":{"uv":[6,6,0,0],"rotation":270,"texture":"#0"},"down":{"uv":[6,6,0,12],"rotation":90,"texture":"#0"}}},{"from":[4.5,3,13],"to":[11.5,3.25,13.75],"faces":{"north":{"uv":[6,1,12,2],"texture":"#0"},"east":{"uv":[6,2,12,3],"texture":"#0"},"south":{"uv":[6,3,12,4],"texture":"#0"},"west":{"uv":[6,0,12,1],"texture":"#0"},"up":{"uv":[6,6,0,0],"rotation":270,"texture":"#0"},"down":{"uv":[6,6,0,12],"rotation":90,"texture":"#0"}}},{"from":[3,3,6.5],"to":[13.25,3.25,12],"faces":{"north":{"uv":[6,2,12,3],"texture":"#0"},"east":{"uv":[6,3,12,4],"texture":"#0"},"south":{"uv":[6,0,12,1],"texture":"#0"},"west":{"uv":[6,1,12,2],"texture":"#0"},"up":{"uv":[6,6,0,0],"rotation":180,"texture":"#0"},"down":{"uv":[6,6,0,12],"rotation":180,"texture":"#0"}}},{"from":[3.75,0,3],"to":[12.25,1.25,15.5],"faces":{"north":{"uv":[6,0,12,1],"texture":"#0"},"east":{"uv":[6,1,12,2],"texture":"#0"},"south":{"uv":[6,2,12,3],"texture":"#0"},"west":{"uv":[6,3,12,4],"texture":"#0"},"up":{"uv":[6,6,0,0],"texture":"#0"},"down":{"uv":[6,6,0,12],"texture":"#0"}}},{"from":[1.75,0,5],"to":[14.25,1.25,13.5],"faces":{"north":{"uv":[6,1,12,2],"texture":"#0"},"east":{"uv":[6,2,12,3],"texture":"#0"},"south":{"uv":[6,3,12,4],"texture":"#0"},"west":{"uv":[6,0,12,1],"texture":"#0"},"up":{"uv":[6,6,0,0],"rotation":270,"texture":"#0"},"down":{"uv":[6,6,0,12],"rotation":90,"texture":"#0"}}},{"from":[4,4.25,4.25],"to":[12,5.25,14.25],"faces":{"north":{"uv":[6,0,12,1],"texture":"#0"},"east":{"uv":[6,1,12,2],"texture":"#0"},"south":{"uv":[6,2,12,3],"texture":"#0"},"west":{"uv":[6,3,12,4],"texture":"#0"},"up":{"uv":[6,6,0,0],"texture":"#0"},"down":{"uv":[6,6,0,12],"texture":"#0"}}},{"from":[3,10.25,5.25],"to":[5,11.25,13.25],"faces":{"north":{"uv":[6,1,12,2],"texture":"#0"},"east":{"uv":[6,2,12,3],"texture":"#0"},"south":{"uv":[6,3,12,4],"texture":"#0"},"west":{"uv":[6,0,12,1],"texture":"#0"},"up":{"uv":[6,6,0,0],"rotation":270,"texture":"#0"},"down":{"uv":[6,6,0,12],"rotation":90,"texture":"#0"}}},{"from":[4,10.25,4.25],"to":[12,11.25,6.25],"faces":{"north":{"uv":[6,2,12,3],"texture":"#0"},"east":{"uv":[6,3,12,4],"texture":"#0"},"south":{"uv":[6,0,12,1],"texture":"#0"},"west":{"uv":[6,1,12,2],"texture":"#0"},"up":{"uv":[6,6,0,0],"rotation":180,"texture":"#0"},"down":{"uv":[6,6,0,12],"rotation":180,"texture":"#0"}}},{"from":[11,10.25,5.25],"to":[13,11.25,13.25],"faces":{"north":{"uv":[6,3,12,4],"texture":"#0"},"east":{"uv":[6,0,12,1],"texture":"#0"},"south":{"uv":[6,1,12,2],"texture":"#0"},"west":{"uv":[6,2,12,3],"texture":"#0"},"up":{"uv":[6,6,0,0],"rotation":90,"texture":"#0"},"down":{"uv":[6,6,0,12],"rotation":270,"texture":"#0"}}},{"from":[4,10.25,12.25],"to":[12,11.25,14.25],"faces":{"north":{"uv":[6,0,12,1],"texture":"#0"},"east":{"uv":[6,1,12,2],"texture":"#0"},"south":{"uv":[6,2,12,3],"texture":"#0"},"west":{"uv":[6,3,12,4],"texture":"#0"},"up":{"uv":[6,6,0,0],"texture":"#0"},"down":{"uv":[6,6,0,12],"texture":"#0"}}},{"from":[3,4.25,5.25],"to":[13,5.25,13.25],"faces":{"north":{"uv":[6,1,12,2],"texture":"#0"},"east":{"uv":[6,2,12,3],"texture":"#0"},"south":{"uv":[6,3,12,4],"texture":"#0"},"west":{"uv":[6,0,12,1],"texture":"#0"},"up":{"uv":[6,6,0,0],"rotation":270,"texture":"#0"},"down":{"uv":[6,6,0,12],"rotation":90,"texture":"#0"}}},{"from":[4.9,2,12.25],"to":[11.1,13.25,13.25],"faces":{"north":{"uv":[6,6,0,0],"rotation":90,"texture":"#1"},"east":{"uv":[0,0,6,12],"rotation":90,"texture":"#1"},"south":{"uv":[6,0,0,12],"rotation":90,"texture":"#1"},"west":{"uv":[0,0,5,12],"rotation":270,"texture":"#1"},"up":{"uv":[0,0,6,12],"texture":"#1"},"down":{"uv":[6,1,12,2],"rotation":180,"texture":"#1"}}},{"from":[4.9,2,5.25],"to":[11.1,13.25,6.25],"faces":{"north":{"uv":[6,12,0,0],"rotation":90,"texture":"#1"},"east":{"uv":[0,0,6,12],"rotation":90,"texture":"#1"},"south":{"uv":[6,0,0,12],"rotation":90,"texture":"#1"},"west":{"uv":[0,0,6,12],"rotation":270,"texture":"#1"},"up":{"uv":[0,0,6,12],"texture":"#1"},"down":{"uv":[6,1,12,2],"rotation":180,"texture":"#1"}}},{"from":[11,2,6.15],"to":[12,13.25,12.35],"faces":{"north":{"uv":[0,0,6,12],"rotation":270,"texture":"#1"},"east":{"uv":[6,12,0,0],"rotation":90,"texture":"#1"},"south":{"uv":[0,0,6,12],"rotation":90,"texture":"#1"},"west":{"uv":[5,0,0,12],"rotation":90,"texture":"#1"},"up":{"uv":[0,0,6,12],"rotation":90,"texture":"#1"},"down":{"uv":[0,0,6,12],"rotation":90,"texture":"#1"}}},{"from":[4.75,1,6],"to":[11.25,2,12.5],"faces":{"north":{"uv":[6,0,12,1],"texture":"#0"},"east":{"uv":[6,1,12,2],"texture":"#0"},"south":{"uv":[6,2,12,3],"texture":"#0"},"west":{"uv":[6,3,12,4],"texture":"#0"},"up":{"uv":[6,6,0,0],"texture":"#0"},"down":{"uv":[6,6,0,12],"texture":"#0"}}},{"from":[4,2,6.15],"to":[5,13.25,12.35],"faces":{"north":{"uv":[0,0,6,12],"rotation":270,"texture":"#1"},"east":{"uv":[6,12,0,0],"rotation":90,"texture":"#1"},"south":{"uv":[0,0,6,12],"rotation":90,"texture":"#1"},"west":{"uv":[6,0,0,12],"rotation":90,"texture":"#1"},"up":{"uv":[0,0,6,12],"rotation":90,"texture":"#1"},"down":{"uv":[6,1,12,2],"rotation":90,"texture":"#1"}}},{"from":[3.75,1,5],"to":[12.25,3,13.5],"faces":{"north":{"uv":[0,0,8.5,2],"texture":"#0"},"east":{"uv":[0,0,8.5,2],"texture":"#0"},"south":{"uv":[0,0,5.5,2],"texture":"#0"},"west":{"uv":[0,0,8.5,2],"texture":"#0"},"up":{"uv":[0,0,3.5,7.5],"texture":"#0"},"down":{"uv":[0,0,4.5,6.5],"texture":"#0"}}},{"from":[11.5,10.25,4.75],"to":[12.5,11.25,13.75],"faces":{"north":{"uv":[0,0,1,1],"texture":"#0"},"east":{"uv":[0,0,9,1],"texture":"#0"},"south":{"uv":[0,0,1,1],"texture":"#0"},"west":{"uv":[0,0,9,1],"texture":"#0"},"up":{"uv":[0,0,1,9],"texture":"#0"},"down":{"uv":[0,0,1,9],"texture":"#0"}}},{"from":[3.5,4.25,4.75],"to":[4.5,5.25,13.75],"faces":{"north":{"uv":[0,0,1,1],"texture":"#0"},"east":{"uv":[0,0,9,1],"texture":"#0"},"south":{"uv":[0,0,1,1],"texture":"#0"},"west":{"uv":[0,0,9,1],"texture":"#0"},"up":{"uv":[0,0,1,9],"texture":"#0"},"down":{"uv":[0,0,1,9],"texture":"#0"}}},{"from":[4,1.25,4.25],"to":[4.75,3,14],"faces":{"north":{"uv":[0,0,0.75,1.75],"texture":"#0"},"east":{"uv":[0,0,9.75,1.75],"texture":"#0"},"south":{"uv":[0,0,0.75,1.75],"texture":"#0"},"west":{"uv":[0,0,9.75,1.75],"texture":"#0"},"up":{"uv":[0,0,0.75,9.75],"texture":"#0"},"down":{"uv":[0,0,0.75,9.75],"texture":"#0"}}},{"from":[3,1.25,5.25],"to":[3.75,3,13.25],"faces":{"north":{"uv":[2,4,3,6],"texture":"#0"},"east":{"uv":[0,0,8,2],"texture":"#0"},"south":{"uv":[3,4,4,6],"texture":"#0"},"west":{"uv":[0,2,8,4],"texture":"#0"},"up":{"uv":[1,12,0,4],"texture":"#0"},"down":{"uv":[2,4,1,12],"texture":"#0"}}},{"from":[12,1.25,5.25],"to":[12.75,3,13.25],"faces":{"north":{"uv":[0,0,0.75,1.75],"texture":"#0"},"east":{"uv":[0,0,8,1.75],"texture":"#0"},"south":{"uv":[0,0,0.75,1.75],"texture":"#0"},"west":{"uv":[0,0,8,1.75],"texture":"#0"},"up":{"uv":[0,0,0.75,8],"texture":"#0"},"down":{"uv":[0,0,0.75,8],"texture":"#0"}}},{"from":[11.25,1.25,4.25],"to":[12,3,14.25],"faces":{"north":{"uv":[0,0,0.75,1.75],"texture":"#0"},"east":{"uv":[0,0,10,1.75],"texture":"#0"},"south":{"uv":[0,0,0.75,1.75],"texture":"#0"},"west":{"uv":[0,0,10,1.75],"texture":"#0"},"up":{"uv":[0,0,0.75,10],"texture":"#0"},"down":{"uv":[0,0,0.75,10],"texture":"#0"}}},{"from":[12.75,1.25,6.25],"to":[13.75,3,12.25],"faces":{"north":{"uv":[0,0,1,1.75],"texture":"#0"},"east":{"uv":[0,0,6,1.75],"texture":"#0"},"south":{"uv":[0,0,1,1.75],"texture":"#0"},"west":{"uv":[0,0,6,1.75],"texture":"#0"},"up":{"uv":[0,0,1,6],"texture":"#0"},"down":{"uv":[0,0,1,6],"texture":"#0"}}},{"from":[2.25,1.25,6.25],"to":[3.25,3,12.25],"faces":{"north":{"uv":[0,0,1,1.75],"texture":"#0"},"east":{"uv":[0,0,6,1.75],"texture":"#0"},"south":{"uv":[0,0,1,1.75],"texture":"#0"},"west":{"uv":[0,0,6,1.75],"texture":"#0"},"up":{"uv":[0,0,1,6],"texture":"#0"},"down":{"uv":[0,0,1,6],"texture":"#0"}}},{"from":[5,1.25,3.5],"to":[11,3,4.5],"faces":{"north":{"uv":[0,0,6,1.75],"texture":"#0"},"east":{"uv":[0,0,1,1.75],"texture":"#0"},"south":{"uv":[0,0,6,1.75],"texture":"#0"},"west":{"uv":[0,0,1,1.75],"texture":"#0"},"up":{"uv":[0,0,1,6],"rotation":270,"texture":"#0"},"down":{"uv":[0,0,1,6],"rotation":90,"texture":"#0"}}},{"from":[5,1.25,14],"to":[11,3,15],"faces":{"north":{"uv":[0,0,6,1.75],"texture":"#0"},"east":{"uv":[0,0,1,1.75],"texture":"#0"},"south":{"uv":[0,0,6,1.75],"texture":"#0"},"west":{"uv":[0,0,1,1.75],"texture":"#0"},"up":{"uv":[0,0,1,6],"rotation":270,"texture":"#0"},"down":{"uv":[0,0,1,6],"rotation":90,"texture":"#0"}}},{"from":[5.25,1.25,15],"to":[10.75,2.5,15.25],"faces":{"north":{"uv":[0,0,5.5,1.25],"texture":"#0"},"east":{"uv":[0,0,0.25,1.25],"texture":"#0"},"south":{"uv":[0,0,5.5,1.25],"texture":"#0"},"west":{"uv":[0,0,0.25,1.25],"texture":"#0"},"up":{"uv":[0,0,0.25,5.5],"rotation":270,"texture":"#0"},"down":{"uv":[0,0,0.25,5.5],"rotation":90,"texture":"#0"}}},{"from":[5.25,1.25,3.25],"to":[10.75,2.5,3.5],"faces":{"north":{"uv":[0,0,5.5,1.25],"texture":"#0"},"east":{"uv":[0,0,0.25,1.25],"texture":"#0"},"south":{"uv":[0,0,5.5,1.25],"texture":"#0"},"west":{"uv":[0,0,0.25,1.25],"texture":"#0"},"up":{"uv":[0,0,0.25,5.5],"rotation":270,"texture":"#0"},"down":{"uv":[0,0,0.25,5.5],"rotation":90,"texture":"#0"}}},{"from":[2,1.25,6.5],"to":[2.25,2.5,12],"faces":{"north":{"uv":[0,0,0.25,1.25],"texture":"#0"},"east":{"uv":[0,0,5.5,1.25],"texture":"#0"},"south":{"uv":[0,0,0.25,1.25],"texture":"#0"},"west":{"uv":[0,0,5.5,1.25],"texture":"#0"},"up":{"uv":[0,0,0.25,5.5],"rotation":180,"texture":"#0"},"down":{"uv":[0,0,0.25,5.5],"rotation":180,"texture":"#0"}}},{"from":[13.75,1.25,6.5],"to":[14,2.5,12],"faces":{"north":{"uv":[0,0,0.25,1.25],"texture":"#0"},"east":{"uv":[0,0,5.5,1.25],"texture":"#0"},"south":{"uv":[0,0,0.25,1.25],"texture":"#0"},"west":{"uv":[0,0,5.5,1.25],"texture":"#0"},"up":{"uv":[0,0,0.25,5.5],"rotation":180,"texture":"#0"},"down":{"uv":[0,0,0.25,5.5],"rotation":180,"texture":"#0"}}},{"from":[11.5,4.25,4.75],"to":[12.5,5.25,13.75],"faces":{"north":{"uv":[2,2,3,3],"texture":"#0"},"east":{"uv":[0,0,9,1],"texture":"#0"},"south":{"uv":[2,3,3,4],"texture":"#0"},"west":{"uv":[0,1,9,2],"texture":"#0"},"up":{"uv":[1,11,0,2],"texture":"#0"},"down":{"uv":[2,2,1,11],"texture":"#0"}}},{"from":[3.5,10.25,4.75],"to":[4.5,11.25,13.75],"faces":{"north":{"uv":[0,0,1,1],"texture":"#0"},"east":{"uv":[0,0,9,1],"texture":"#0"},"south":{"uv":[0,0,1,1],"texture":"#0"},"west":{"uv":[0,0,9,1],"texture":"#0"},"up":{"uv":[0,0,1,9],"texture":"#0"},"down":{"uv":[0,0,1,9],"texture":"#0"}}},{"from":[2.75,0,4],"to":[4,1.25,5.25],"faces":{"north":{"uv":[0,0,1.25,1.25],"texture":"#0"},"east":{"uv":[0,0,1.25,1.25],"texture":"#0"},"south":{"uv":[0,0,1.25,1.25],"texture":"#0"},"west":{"uv":[0,0,1.25,1.25],"texture":"#0"},"up":{"uv":[0,0,1.25,1.25],"texture":"#0"},"down":{"uv":[0,0,1.25,1.25],"texture":"#0"}}},{"from":[12,0,4],"to":[13.25,1.25,5.25],"faces":{"north":{"uv":[0,0,1.25,1.25],"texture":"#0"},"east":{"uv":[0,0,1.25,1.25],"texture":"#0"},"south":{"uv":[0,0,1.25,1.25],"texture":"#0"},"west":{"uv":[0,0,1.25,1.25],"texture":"#0"},"up":{"uv":[0,0,1.25,1.25],"texture":"#0"},"down":{"uv":[0,0,1.25,1.25],"texture":"#0"}}},{"from":[12,0,13.25],"to":[13.25,1.25,14.5],"faces":{"north":{"uv":[0,0,1.25,1.25],"texture":"#0"},"east":{"uv":[0,0,1.25,1.25],"texture":"#0"},"south":{"uv":[0,0,1.25,1.25],"texture":"#0"},"west":{"uv":[0,0,1.25,1.25],"texture":"#0"},"up":{"uv":[0,0,1.25,1.25],"texture":"#0"},"down":{"uv":[0,0,1.25,1.25],"texture":"#0"}}},{"from":[2.5,0,13.25],"to":[4,1.25,14.75],"faces":{"north":{"uv":[0,0,1.5,1.25],"texture":"#0"},"east":{"uv":[0,0,1.5,1.25],"texture":"#0"},"south":{"uv":[0,0,1.5,1.25],"texture":"#0"},"west":{"uv":[0,0,1.5,1.25],"texture":"#0"},"up":{"uv":[0,0,1.5,1.5],"texture":"#0"},"down":{"uv":[0,0,1.5,1.5],"texture":"#0"}}},{"from":[10.25,4.5,13.5],"to":[10.75,5,14.5],"faces":{"north":{"uv":[0,0,0.5,0.5],"texture":"#0"},"east":{"uv":[0,0,1,0.5],"texture":"#0"},"south":{"uv":[0,0,0.5,0.5],"texture":"#0"},"west":{"uv":[0,0,1,0.5],"texture":"#0"},"up":{"uv":[0,0,0.5,1],"texture":"#0"},"down":{"uv":[0,0,0.5,1],"texture":"#0"}}},{"from":[10.25,10.5,4],"to":[10.75,11,5],"faces":{"north":{"uv":[0,0,0.5,0.5],"texture":"#0"},"east":{"uv":[0,0,1,0.5],"texture":"#0"},"south":{"uv":[0,0,0.5,0.5],"texture":"#0"},"west":{"uv":[0,0,1,0.5],"texture":"#0"},"up":{"uv":[0,0,0.5,1],"texture":"#0"},"down":{"uv":[0,0,0.5,1],"texture":"#0"}}},{"from":[10.25,10.45,4],"to":[10.75,10.7,5],"faces":{"north":{"uv":[0,0,0.5,0.25],"texture":"#0"},"east":{"uv":[0,0,1,0.25],"texture":"#0"},"south":{"uv":[0,0,0.5,0.25],"texture":"#0"},"west":{"uv":[0,0,1,0.25],"texture":"#0"},"up":{"uv":[0,0,0.5,1],"texture":"#0"},"down":{"uv":[0,0,0.5,1],"texture":"#0"}}},{"from":[10.575,10.5,4],"to":[10.825,11,5],"faces":{"north":{"uv":[0,0,0.5,0.25],"rotation":270,"texture":"#0"},"east":{"uv":[0,0,0.5,1],"rotation":90,"texture":"#0"},"south":{"uv":[0,0,0.5,0.25],"rotation":90,"texture":"#0"},"west":{"uv":[0,0,0.5,1],"rotation":90,"texture":"#0"},"up":{"uv":[0,0,1,0.25],"rotation":90,"texture":"#0"},"down":{"uv":[0,0,1,0.25],"rotation":90,"texture":"#0"}}},{"from":[10.25,10.8,4],"to":[10.75,11.05,5],"faces":{"north":{"uv":[0,0,0.5,0.25],"texture":"#0"},"east":{"uv":[0,0,1,0.25],"texture":"#0"},"south":{"uv":[0,0,0.5,0.25],"texture":"#0"},"west":{"uv":[0,0,1,0.25],"texture":"#0"},"up":{"uv":[0,0,0.5,1],"texture":"#0"},"down":{"uv":[0,0,0.5,1],"texture":"#0"}}},{"from":[10.175,10.5,4],"to":[10.425,11,5],"faces":{"north":{"uv":[0,0,0.5,0.25],"rotation":270,"texture":"#0"},"east":{"uv":[0,0,0.5,1],"rotation":90,"texture":"#0"},"south":{"uv":[0,0,0.5,0.25],"rotation":90,"texture":"#0"},"west":{"uv":[0,0,0.5,1],"rotation":90,"texture":"#0"},"up":{"uv":[0,0,1,0.25],"rotation":90,"texture":"#0"},"down":{"uv":[0,0,1,0.25],"rotation":90,"texture":"#0"}}},{"from":[5.25,10.8,4],"to":[5.75,11.05,5],"faces":{"north":{"uv":[0,0,0.5,0.25],"texture":"#0"},"east":{"uv":[0,0,1,0.25],"texture":"#0"},"south":{"uv":[0,0,0.5,0.25],"texture":"#0"},"west":{"uv":[0,0,1,0.25],"texture":"#0"},"up":{"uv":[0,0,0.5,1],"texture":"#0"},"down":{"uv":[0,0,0.5,1],"texture":"#0"}}},{"from":[5.575,10.5,4],"to":[5.825,11,5],"faces":{"north":{"uv":[0,0,0.5,0.25],"rotation":270,"texture":"#0"},"east":{"uv":[0,0,0.5,1],"rotation":90,"texture":"#0"},"south":{"uv":[0,0,0.5,0.25],"rotation":90,"texture":"#0"},"west":{"uv":[0,0,0.5,1],"rotation":90,"texture":"#0"},"up":{"uv":[0,0,1,0.25],"rotation":90,"texture":"#0"},"down":{"uv":[0,0,1,0.25],"rotation":90,"texture":"#0"}}},{"from":[5.25,10.45,4],"to":[5.75,10.7,5],"faces":{"north":{"uv":[0,0,0.5,0.25],"texture":"#0"},"east":{"uv":[0,0,1,0.25],"texture":"#0"},"south":{"uv":[0,0,0.5,0.25],"texture":"#0"},"west":{"uv":[0,0,1,0.25],"texture":"#0"},"up":{"uv":[0,0,0.5,1],"texture":"#0"},"down":{"uv":[0,0,0.5,1],"texture":"#0"}}},{"from":[5.25,10.5,4],"to":[5.75,11,5],"faces":{"north":{"uv":[0,0,0.5,0.5],"texture":"#0"},"east":{"uv":[0,0,1,0.5],"texture":"#0"},"south":{"uv":[0,0,0.5,0.5],"texture":"#0"},"west":{"uv":[0,0,1,0.5],"texture":"#0"},"up":{"uv":[0,0,0.5,1],"texture":"#0"},"down":{"uv":[0,0,0.5,1],"texture":"#0"}}},{"from":[5.175,10.5,4],"to":[5.425,11,5],"faces":{"north":{"uv":[0,0,0.5,0.25],"rotation":270,"texture":"#0"},"east":{"uv":[0,0,0.5,1],"rotation":90,"texture":"#0"},"south":{"uv":[0,0,0.5,0.25],"rotation":90,"texture":"#0"},"west":{"uv":[0,0,0.5,1],"rotation":90,"texture":"#0"},"up":{"uv":[0,0,1,0.25],"rotation":90,"texture":"#0"},"down":{"uv":[0,0,1,0.25],"rotation":90,"texture":"#0"}}},{"from":[5.25,10.8,13.5],"to":[5.75,11.05,14.5],"faces":{"north":{"uv":[0,0,0.5,0.25],"texture":"#0"},"east":{"uv":[0,0,1,0.25],"texture":"#0"},"south":{"uv":[0,0,0.5,0.25],"texture":"#0"},"west":{"uv":[0,0,1,0.25],"texture":"#0"},"up":{"uv":[0,0,0.5,1],"texture":"#0"},"down":{"uv":[0,0,0.5,1],"texture":"#0"}}},{"from":[5.175,10.5,13.5],"to":[5.425,11,14.5],"faces":{"north":{"uv":[0,0,0.5,0.25],"rotation":270,"texture":"#0"},"east":{"uv":[0,0,0.5,1],"rotation":90,"texture":"#0"},"south":{"uv":[0,0,0.5,0.25],"rotation":90,"texture":"#0"},"west":{"uv":[0,0,0.5,1],"rotation":90,"texture":"#0"},"up":{"uv":[0,0,1,0.25],"rotation":90,"texture":"#0"},"down":{"uv":[0,0,1,0.25],"rotation":90,"texture":"#0"}}},{"from":[5.25,10.5,13.5],"to":[5.75,11,14.5],"faces":{"north":{"uv":[0,0,0.5,0.5],"texture":"#0"},"east":{"uv":[0,0,1,0.5],"texture":"#0"},"south":{"uv":[0,0,0.5,0.5],"texture":"#0"},"west":{"uv":[0,0,1,0.5],"texture":"#0"},"up":{"uv":[0,0,0.5,1],"texture":"#0"},"down":{"uv":[0,0,0.5,1],"texture":"#0"}}},{"from":[5.25,10.45,13.5],"to":[5.75,10.7,14.5],"faces":{"north":{"uv":[0,0,0.5,0.25],"texture":"#0"},"east":{"uv":[0,0,1,0.25],"texture":"#0"},"south":{"uv":[0,0,0.5,0.25],"texture":"#0"},"west":{"uv":[0,0,1,0.25],"texture":"#0"},"up":{"uv":[0,0,0.5,1],"texture":"#0"},"down":{"uv":[0,0,0.5,1],"texture":"#0"}}},{"from":[5.575,10.5,13.5],"to":[5.825,11,14.5],"faces":{"north":{"uv":[0,0,0.5,0.25],"rotation":270,"texture":"#0"},"east":{"uv":[0,0,0.5,1],"rotation":90,"texture":"#0"},"south":{"uv":[0,0,0.5,0.25],"rotation":90,"texture":"#0"},"west":{"uv":[0,0,0.5,1],"rotation":90,"texture":"#0"},"up":{"uv":[0,0,1,0.25],"rotation":90,"texture":"#0"},"down":{"uv":[0,0,1,0.25],"rotation":90,"texture":"#0"}}},{"from":[10.175,10.5,13.5],"to":[10.425,11,14.5],"faces":{"north":{"uv":[0,0,0.5,0.25],"rotation":270,"texture":"#0"},"east":{"uv":[0,0,0.5,1],"rotation":90,"texture":"#0"},"south":{"uv":[0,0,0.5,0.25],"rotation":90,"texture":"#0"},"west":{"uv":[0,0,0.5,1],"rotation":90,"texture":"#0"},"up":{"uv":[0,0,1,0.25],"rotation":90,"texture":"#0"},"down":{"uv":[0,0,1,0.25],"rotation":90,"texture":"#0"}}},{"from":[10.25,10.8,13.5],"to":[10.75,11.05,14.5],"faces":{"north":{"uv":[0,0,0.5,0.25],"texture":"#0"},"east":{"uv":[0,0,1,0.25],"texture":"#0"},"south":{"uv":[0,0,0.5,0.25],"texture":"#0"},"west":{"uv":[0,0,1,0.25],"texture":"#0"},"up":{"uv":[0,0,0.5,1],"texture":"#0"},"down":{"uv":[0,0,0.5,1],"texture":"#0"}}},{"from":[10.25,10.45,13.5],"to":[10.75,10.7,14.5],"faces":{"north":{"uv":[0,0,0.5,0.25],"texture":"#0"},"east":{"uv":[0,0,1,0.25],"texture":"#0"},"south":{"uv":[0,0,0.5,0.25],"texture":"#0"},"west":{"uv":[0,0,1,0.25],"texture":"#0"},"up":{"uv":[0,0,0.5,1],"texture":"#0"},"down":{"uv":[0,0,0.5,1],"texture":"#0"}}},{"from":[10.575,10.5,13.5],"to":[10.825,11,14.5],"faces":{"north":{"uv":[0,0,0.5,0.25],"rotation":270,"texture":"#0"},"east":{"uv":[0,0,0.5,1],"rotation":90,"texture":"#0"},"south":{"uv":[0,0,0.5,0.25],"rotation":90,"texture":"#0"},"west":{"uv":[0,0,0.5,1],"rotation":90,"texture":"#0"},"up":{"uv":[0,0,1,0.25],"rotation":90,"texture":"#0"},"down":{"uv":[0,0,1,0.25],"rotation":90,"texture":"#0"}}},{"from":[10.25,10.5,13.5],"to":[10.75,11,14.5],"faces":{"north":{"uv":[0,0,0.5,0.5],"texture":"#0"},"east":{"uv":[0,0,1,0.5],"texture":"#0"},"south":{"uv":[0,0,0.5,0.5],"texture":"#0"},"west":{"uv":[0,0,1,0.5],"texture":"#0"},"up":{"uv":[0,0,0.5,1],"texture":"#0"},"down":{"uv":[0,0,0.5,1],"texture":"#0"}}},{"from":[2.75,10.5,6.5],"to":[3.75,11,7],"faces":{"north":{"uv":[0,0,1,0.5],"texture":"#0"},"east":{"uv":[0,0,0.5,0.5],"texture":"#0"},"south":{"uv":[0,0,1,0.5],"texture":"#0"},"west":{"uv":[0,0,0.5,0.5],"texture":"#0"},"up":{"uv":[0,0,0.5,1],"rotation":270,"texture":"#0"},"down":{"uv":[0,0,0.5,1],"rotation":90,"texture":"#0"}}},{"from":[2.75,10.45,6.5],"to":[3.75,10.7,7],"faces":{"north":{"uv":[0,0,1,0.25],"texture":"#0"},"east":{"uv":[0,0,0.5,0.25],"texture":"#0"},"south":{"uv":[0,0,1,0.25],"texture":"#0"},"west":{"uv":[0,0,0.5,0.25],"texture":"#0"},"up":{"uv":[0,0,0.5,1],"rotation":270,"texture":"#0"},"down":{"uv":[0,0,0.5,1],"rotation":90,"texture":"#0"}}},{"from":[2.75,10.5,6.425],"to":[3.75,11,6.675],"faces":{"north":{"uv":[0,0,0.5,1],"rotation":90,"texture":"#0"},"east":{"uv":[0,0,0.5,0.25],"rotation":90,"texture":"#0"},"south":{"uv":[0,0,0.5,1],"rotation":90,"texture":"#0"},"west":{"uv":[0,0,0.5,0.25],"rotation":270,"texture":"#0"},"up":{"uv":[0,0,1,0.25],"texture":"#0"},"down":{"uv":[0,0,1,0.25],"rotation":180,"texture":"#0"}}},{"from":[2.75,10.8,6.5],"to":[3.75,11.05,7],"faces":{"north":{"uv":[0,0,1,0.25],"texture":"#0"},"east":{"uv":[0,0,0.5,0.25],"texture":"#0"},"south":{"uv":[0,0,1,0.25],"texture":"#0"},"west":{"uv":[0,0,0.5,0.25],"texture":"#0"},"up":{"uv":[0,0,0.5,1],"rotation":270,"texture":"#0"},"down":{"uv":[0,0,0.5,1],"rotation":90,"texture":"#0"}}},{"from":[2.75,10.5,6.825],"to":[3.75,11,7.075],"faces":{"north":{"uv":[0,0,0.5,1],"rotation":90,"texture":"#0"},"east":{"uv":[0,0,0.5,0.25],"rotation":90,"texture":"#0"},"south":{"uv":[0,0,0.5,1],"rotation":90,"texture":"#0"},"west":{"uv":[0,0,0.5,0.25],"rotation":270,"texture":"#0"},"up":{"uv":[0,0,1,0.25],"texture":"#0"},"down":{"uv":[0,0,1,0.25],"rotation":180,"texture":"#0"}}},{"from":[2.75,10.8,11.5],"to":[3.75,11.05,12],"faces":{"north":{"uv":[0,0,1,0.25],"texture":"#0"},"east":{"uv":[0,0,0.5,0.25],"texture":"#0"},"south":{"uv":[0,0,1,0.25],"texture":"#0"},"west":{"uv":[0,0,0.5,0.25],"texture":"#0"},"up":{"uv":[0,0,0.5,1],"rotation":270,"texture":"#0"},"down":{"uv":[0,0,0.5,1],"rotation":90,"texture":"#0"}}},{"from":[2.75,10.5,11.425],"to":[3.75,11,11.675],"faces":{"north":{"uv":[0,0,0.5,1],"rotation":90,"texture":"#0"},"east":{"uv":[0,0,0.5,0.25],"rotation":90,"texture":"#0"},"south":{"uv":[0,0,0.5,1],"rotation":90,"texture":"#0"},"west":{"uv":[0,0,0.5,0.25],"rotation":270,"texture":"#0"},"up":{"uv":[0,0,1,0.25],"texture":"#0"},"down":{"uv":[0,0,1,0.25],"rotation":180,"texture":"#0"}}},{"from":[2.75,10.45,11.5],"to":[3.75,10.7,12],"faces":{"north":{"uv":[0,0,1,0.25],"texture":"#0"},"east":{"uv":[0,0,0.5,0.25],"texture":"#0"},"south":{"uv":[0,0,1,0.25],"texture":"#0"},"west":{"uv":[0,0,0.5,0.25],"texture":"#0"},"up":{"uv":[0,0,0.5,1],"rotation":270,"texture":"#0"},"down":{"uv":[0,0,0.5,1],"rotation":90,"texture":"#0"}}},{"from":[2.75,10.5,11.5],"to":[3.75,11,12],"faces":{"north":{"uv":[0,0,1,0.5],"texture":"#0"},"east":{"uv":[0,0,0.5,0.5],"texture":"#0"},"south":{"uv":[0,0,1,0.5],"texture":"#0"},"west":{"uv":[0,0,0.5,0.5],"texture":"#0"},"up":{"uv":[0,0,0.5,1],"rotation":270,"texture":"#0"},"down":{"uv":[0,0,0.5,1],"rotation":90,"texture":"#0"}}},{"from":[2.75,10.5,11.825],"to":[3.75,11,12.075],"faces":{"north":{"uv":[0,0,0.5,1],"rotation":90,"texture":"#0"},"east":{"uv":[0,0,0.5,0.25],"rotation":90,"texture":"#0"},"south":{"uv":[0,0,0.5,1],"rotation":90,"texture":"#0"},"west":{"uv":[0,0,0.5,0.25],"rotation":270,"texture":"#0"},"up":{"uv":[0,0,1,0.25],"texture":"#0"},"down":{"uv":[0,0,1,0.25],"rotation":180,"texture":"#0"}}},{"from":[12.25,10.8,11.5],"to":[13.25,11.05,12],"faces":{"north":{"uv":[0,0,1,0.25],"texture":"#0"},"east":{"uv":[0,0,0.5,0.25],"texture":"#0"},"south":{"uv":[0,0,1,0.25],"texture":"#0"},"west":{"uv":[0,0,0.5,0.25],"texture":"#0"},"up":{"uv":[0,0,0.5,1],"rotation":270,"texture":"#0"},"down":{"uv":[0,0,0.5,1],"rotation":90,"texture":"#0"}}},{"from":[12.25,10.5,11.825],"to":[13.25,11,12.075],"faces":{"north":{"uv":[0,0,0.5,1],"rotation":90,"texture":"#0"},"east":{"uv":[0,0,0.5,0.25],"rotation":90,"texture":"#0"},"south":{"uv":[0,0,0.5,1],"rotation":90,"texture":"#0"},"west":{"uv":[0,0,0.5,0.25],"rotation":270,"texture":"#0"},"up":{"uv":[0,0,1,0.25],"texture":"#0"},"down":{"uv":[0,0,1,0.25],"rotation":180,"texture":"#0"}}},{"from":[12.25,10.5,11.5],"to":[13.25,11,12],"faces":{"north":{"uv":[0,0,1,0.5],"texture":"#0"},"east":{"uv":[0,0,0.5,0.5],"texture":"#0"},"south":{"uv":[0,0,1,0.5],"texture":"#0"},"west":{"uv":[0,0,0.5,0.5],"texture":"#0"},"up":{"uv":[0,0,0.5,1],"rotation":270,"texture":"#0"},"down":{"uv":[0,0,0.5,1],"rotation":90,"texture":"#0"}}},{"from":[12.25,10.45,11.5],"to":[13.25,10.7,12],"faces":{"north":{"uv":[0,0,1,0.25],"texture":"#0"},"east":{"uv":[0,0,0.5,0.25],"texture":"#0"},"south":{"uv":[0,0,1,0.25],"texture":"#0"},"west":{"uv":[0,0,0.5,0.25],"texture":"#0"},"up":{"uv":[0,0,0.5,1],"rotation":270,"texture":"#0"},"down":{"uv":[0,0,0.5,1],"rotation":90,"texture":"#0"}}},{"from":[12.25,10.5,11.425],"to":[13.25,11,11.675],"faces":{"north":{"uv":[0,0,0.5,1],"rotation":90,"texture":"#0"},"east":{"uv":[0,0,0.5,0.25],"rotation":90,"texture":"#0"},"south":{"uv":[0,0,0.5,1],"rotation":90,"texture":"#0"},"west":{"uv":[0,0,0.5,0.25],"rotation":270,"texture":"#0"},"up":{"uv":[0,0,1,0.25],"texture":"#0"},"down":{"uv":[0,0,1,0.25],"rotation":180,"texture":"#0"}}},{"from":[12.25,10.5,6.825],"to":[13.25,11,7.075],"faces":{"north":{"uv":[0,0,0.5,1],"rotation":90,"texture":"#0"},"east":{"uv":[0,0,0.5,0.25],"rotation":90,"texture":"#0"},"south":{"uv":[0,0,0.5,1],"rotation":90,"texture":"#0"},"west":{"uv":[0,0,0.5,0.25],"rotation":270,"texture":"#0"},"up":{"uv":[0,0,1,0.25],"texture":"#0"},"down":{"uv":[0,0,1,0.25],"rotation":180,"texture":"#0"}}},{"from":[12.25,10.8,6.5],"to":[13.25,11.05,7],"faces":{"north":{"uv":[0,0,1,0.25],"texture":"#0"},"east":{"uv":[0,0,0.5,0.25],"texture":"#0"},"south":{"uv":[0,0,1,0.25],"texture":"#0"},"west":{"uv":[0,0,0.5,0.25],"texture":"#0"},"up":{"uv":[0,0,0.5,1],"rotation":270,"texture":"#0"},"down":{"uv":[0,0,0.5,1],"rotation":90,"texture":"#0"}}},{"from":[12.25,10.45,6.5],"to":[13.25,10.7,7],"faces":{"north":{"uv":[0,0,1,0.25],"texture":"#0"},"east":{"uv":[0,0,0.5,0.25],"texture":"#0"},"south":{"uv":[0,0,1,0.25],"texture":"#0"},"west":{"uv":[0,0,0.5,0.25],"texture":"#0"},"up":{"uv":[0,0,0.5,1],"rotation":270,"texture":"#0"},"down":{"uv":[0,0,0.5,1],"rotation":90,"texture":"#0"}}},{"from":[12.25,10.5,6.425],"to":[13.25,11,6.675],"faces":{"north":{"uv":[0,0,0.5,1],"rotation":90,"texture":"#0"},"east":{"uv":[0,0,0.5,0.25],"rotation":90,"texture":"#0"},"south":{"uv":[0,0,0.5,1],"rotation":90,"texture":"#0"},"west":{"uv":[0,0,0.5,0.25],"rotation":270,"texture":"#0"},"up":{"uv":[0,0,1,0.25],"texture":"#0"},"down":{"uv":[0,0,1,0.25],"rotation":180,"texture":"#0"}}},{"from":[12.25,10.5,6.5],"to":[13.25,11,7],"faces":{"north":{"uv":[0,0,1,0.5],"texture":"#0"},"east":{"uv":[0,0,0.5,0.5],"texture":"#0"},"south":{"uv":[0,0,1,0.5],"texture":"#0"},"west":{"uv":[0,0,0.5,0.5],"texture":"#0"},"up":{"uv":[0,0,0.5,1],"rotation":270,"texture":"#0"},"down":{"uv":[0,0,0.5,1],"rotation":90,"texture":"#0"}}},{"from":[2.75,4.5,6.5],"to":[3.75,5,7],"faces":{"north":{"uv":[0,0,1,0.5],"texture":"#0"},"east":{"uv":[0,0,0.5,0.5],"texture":"#0"},"south":{"uv":[0,0,1,0.5],"texture":"#0"},"west":{"uv":[0,0,0.5,0.5],"texture":"#0"},"up":{"uv":[0,0,0.5,1],"rotation":270,"texture":"#0"},"down":{"uv":[0,0,0.5,1],"rotation":90,"texture":"#0"}}},{"from":[2.75,4.45,6.5],"to":[3.75,4.7,7],"faces":{"north":{"uv":[0,0,1,0.25],"texture":"#0"},"east":{"uv":[0,0,0.5,0.25],"texture":"#0"},"south":{"uv":[0,0,1,0.25],"texture":"#0"},"west":{"uv":[0,0,0.5,0.25],"texture":"#0"},"up":{"uv":[0,0,0.5,1],"rotation":270,"texture":"#0"},"down":{"uv":[0,0,0.5,1],"rotation":90,"texture":"#0"}}},{"from":[2.75,4.5,6.425],"to":[3.75,5,6.675],"faces":{"north":{"uv":[0,0,0.5,1],"rotation":90,"texture":"#0"},"east":{"uv":[0,0,0.5,0.25],"rotation":90,"texture":"#0"},"south":{"uv":[0,0,0.5,1],"rotation":90,"texture":"#0"},"west":{"uv":[0,0,0.5,0.25],"rotation":270,"texture":"#0"},"up":{"uv":[0,0,1,0.25],"texture":"#0"},"down":{"uv":[0,0,1,0.25],"rotation":180,"texture":"#0"}}},{"from":[2.75,4.8,6.5],"to":[3.75,5.05,7],"faces":{"north":{"uv":[0,0,1,0.25],"texture":"#0"},"east":{"uv":[0,0,0.5,0.25],"texture":"#0"},"south":{"uv":[0,0,1,0.25],"texture":"#0"},"west":{"uv":[0,0,0.5,0.25],"texture":"#0"},"up":{"uv":[0,0,0.5,1],"rotation":270,"texture":"#0"},"down":{"uv":[0,0,0.5,1],"rotation":90,"texture":"#0"}}},{"from":[2.75,4.5,6.825],"to":[3.75,5,7.075],"faces":{"north":{"uv":[0,0,0.5,1],"rotation":90,"texture":"#0"},"east":{"uv":[0,0,0.5,0.25],"rotation":90,"texture":"#0"},"south":{"uv":[0,0,0.5,1],"rotation":90,"texture":"#0"},"west":{"uv":[0,0,0.5,0.25],"rotation":270,"texture":"#0"},"up":{"uv":[0,0,1,0.25],"texture":"#0"},"down":{"uv":[0,0,1,0.25],"rotation":180,"texture":"#0"}}},{"from":[2.75,4.8,11.5],"to":[3.75,5.05,12],"faces":{"north":{"uv":[0,0,1,0.25],"texture":"#0"},"east":{"uv":[0,0,0.5,0.25],"texture":"#0"},"south":{"uv":[0,0,1,0.25],"texture":"#0"},"west":{"uv":[0,0,0.5,0.25],"texture":"#0"},"up":{"uv":[0,0,0.5,1],"rotation":270,"texture":"#0"},"down":{"uv":[0,0,0.5,1],"rotation":90,"texture":"#0"}}},{"from":[2.75,4.5,11.425],"to":[3.75,5,11.675],"faces":{"north":{"uv":[0,0,0.5,1],"rotation":90,"texture":"#0"},"east":{"uv":[0,0,0.5,0.25],"rotation":90,"texture":"#0"},"south":{"uv":[0,0,0.5,1],"rotation":90,"texture":"#0"},"west":{"uv":[0,0,0.5,0.25],"rotation":270,"texture":"#0"},"up":{"uv":[0,0,1,0.25],"texture":"#0"},"down":{"uv":[0,0,1,0.25],"rotation":180,"texture":"#0"}}},{"from":[2.75,4.45,11.5],"to":[3.75,4.7,12],"faces":{"north":{"uv":[0,0,1,0.25],"texture":"#0"},"east":{"uv":[0,0,0.5,0.25],"texture":"#0"},"south":{"uv":[0,0,1,0.25],"texture":"#0"},"west":{"uv":[0,0,0.5,0.25],"texture":"#0"},"up":{"uv":[0,0,0.5,1],"rotation":270,"texture":"#0"},"down":{"uv":[0,0,0.5,1],"rotation":90,"texture":"#0"}}},{"from":[2.75,4.5,11.5],"to":[3.75,5,12],"faces":{"north":{"uv":[0,0,1,0.5],"texture":"#0"},"east":{"uv":[0,0,0.5,0.5],"texture":"#0"},"south":{"uv":[0,0,1,0.5],"texture":"#0"},"west":{"uv":[0,0,0.5,0.5],"texture":"#0"},"up":{"uv":[0,0,0.5,1],"rotation":270,"texture":"#0"},"down":{"uv":[0,0,0.5,1],"rotation":90,"texture":"#0"}}},{"from":[2.75,4.5,11.825],"to":[3.75,5,12.075],"faces":{"north":{"uv":[0,0,0.5,1],"rotation":90,"texture":"#0"},"east":{"uv":[0,0,0.5,0.25],"rotation":90,"texture":"#0"},"south":{"uv":[0,0,0.5,1],"rotation":90,"texture":"#0"},"west":{"uv":[0,0,0.5,0.25],"rotation":270,"texture":"#0"},"up":{"uv":[0,0,1,0.25],"texture":"#0"},"down":{"uv":[0,0,1,0.25],"rotation":180,"texture":"#0"}}},{"from":[12.25,4.8,11.5],"to":[13.25,5.05,12],"faces":{"north":{"uv":[0,0,1,0.25],"texture":"#0"},"east":{"uv":[0,0,0.5,0.25],"texture":"#0"},"south":{"uv":[0,0,1,0.25],"texture":"#0"},"west":{"uv":[0,0,0.5,0.25],"texture":"#0"},"up":{"uv":[0,0,0.5,1],"rotation":270,"texture":"#0"},"down":{"uv":[0,0,0.5,1],"rotation":90,"texture":"#0"}}},{"from":[12.25,4.5,11.825],"to":[13.25,5,12.075],"faces":{"north":{"uv":[0,0,0.5,1],"rotation":90,"texture":"#0"},"east":{"uv":[0,0,0.5,0.25],"rotation":90,"texture":"#0"},"south":{"uv":[0,0,0.5,1],"rotation":90,"texture":"#0"},"west":{"uv":[0,0,0.5,0.25],"rotation":270,"texture":"#0"},"up":{"uv":[0,0,1,0.25],"texture":"#0"},"down":{"uv":[0,0,1,0.25],"rotation":180,"texture":"#0"}}},{"from":[12.25,4.5,11.5],"to":[13.25,5,12],"faces":{"north":{"uv":[0,0,1,0.5],"texture":"#0"},"east":{"uv":[0,0,0.5,0.5],"texture":"#0"},"south":{"uv":[0,0,1,0.5],"texture":"#0"},"west":{"uv":[0,0,0.5,0.5],"texture":"#0"},"up":{"uv":[0,0,0.5,1],"rotation":270,"texture":"#0"},"down":{"uv":[0,0,0.5,1],"rotation":90,"texture":"#0"}}},{"from":[12.25,4.45,11.5],"to":[13.25,4.7,12],"faces":{"north":{"uv":[0,0,1,0.25],"texture":"#0"},"east":{"uv":[0,0,0.5,0.25],"texture":"#0"},"south":{"uv":[0,0,1,0.25],"texture":"#0"},"west":{"uv":[0,0,0.5,0.25],"texture":"#0"},"up":{"uv":[0,0,0.5,1],"rotation":270,"texture":"#0"},"down":{"uv":[0,0,0.5,1],"rotation":90,"texture":"#0"}}},{"from":[12.25,4.5,11.425],"to":[13.25,5,11.675],"faces":{"north":{"uv":[0,0,0.5,1],"rotation":90,"texture":"#0"},"east":{"uv":[0,0,0.5,0.25],"rotation":90,"texture":"#0"},"south":{"uv":[0,0,0.5,1],"rotation":90,"texture":"#0"},"west":{"uv":[0,0,0.5,0.25],"rotation":270,"texture":"#0"},"up":{"uv":[0,0,1,0.25],"texture":"#0"},"down":{"uv":[0,0,1,0.25],"rotation":180,"texture":"#0"}}},{"from":[12.25,4.5,6.825],"to":[13.25,5,7.075],"faces":{"north":{"uv":[0,0,0.5,1],"rotation":90,"texture":"#0"},"east":{"uv":[0,0,0.5,0.25],"rotation":90,"texture":"#0"},"south":{"uv":[0,0,0.5,1],"rotation":90,"texture":"#0"},"west":{"uv":[0,0,0.5,0.25],"rotation":270,"texture":"#0"},"up":{"uv":[0,0,1,0.25],"texture":"#0"},"down":{"uv":[0,0,1,0.25],"rotation":180,"texture":"#0"}}},{"from":[12.25,4.8,6.5],"to":[13.25,5.05,7],"faces":{"north":{"uv":[0,0,1,0.25],"texture":"#0"},"east":{"uv":[0,0,0.5,0.25],"texture":"#0"},"south":{"uv":[0,0,1,0.25],"texture":"#0"},"west":{"uv":[0,0,0.5,0.25],"texture":"#0"},"up":{"uv":[0,0,0.5,1],"rotation":270,"texture":"#0"},"down":{"uv":[0,0,0.5,1],"rotation":90,"texture":"#0"}}},{"from":[12.25,4.45,6.5],"to":[13.25,4.7,7],"faces":{"north":{"uv":[0,0,1,0.25],"texture":"#0"},"east":{"uv":[0,0,0.5,0.25],"texture":"#0"},"south":{"uv":[0,0,1,0.25],"texture":"#0"},"west":{"uv":[0,0,0.5,0.25],"texture":"#0"},"up":{"uv":[0,0,0.5,1],"rotation":270,"texture":"#0"},"down":{"uv":[0,0,0.5,1],"rotation":90,"texture":"#0"}}},{"from":[12.25,4.5,6.425],"to":[13.25,5,6.675],"faces":{"north":{"uv":[0,0,0.5,1],"rotation":90,"texture":"#0"},"east":{"uv":[0,0,0.5,0.25],"rotation":90,"texture":"#0"},"south":{"uv":[0,0,0.5,1],"rotation":90,"texture":"#0"},"west":{"uv":[0,0,0.5,0.25],"rotation":270,"texture":"#0"},"up":{"uv":[0,0,1,0.25],"texture":"#0"},"down":{"uv":[0,0,1,0.25],"rotation":180,"texture":"#0"}}},{"from":[12.25,4.5,6.5],"to":[13.25,5,7],"faces":{"north":{"uv":[0,0,1,0.5],"texture":"#0"},"east":{"uv":[0,0,0.5,0.5],"texture":"#0"},"south":{"uv":[0,0,1,0.5],"texture":"#0"},"west":{"uv":[0,0,0.5,0.5],"texture":"#0"},"up":{"uv":[0,0,0.5,1],"rotation":270,"texture":"#0"},"down":{"uv":[0,0,0.5,1],"rotation":90,"texture":"#0"}}},{"from":[5.25,4.8,13.5],"to":[5.75,5.05,14.5],"faces":{"north":{"uv":[0,0,0.5,0.25],"texture":"#0"},"east":{"uv":[0,0,1,0.25],"texture":"#0"},"south":{"uv":[0,0,0.5,0.25],"texture":"#0"},"west":{"uv":[0,0,1,0.25],"texture":"#0"},"up":{"uv":[0,0,0.5,1],"texture":"#0"},"down":{"uv":[0,0,0.5,1],"texture":"#0"}}},{"from":[5.25,4.45,13.5],"to":[5.75,4.7,14.5],"faces":{"north":{"uv":[0,0,0.5,0.25],"texture":"#0"},"east":{"uv":[0,0,1,0.25],"texture":"#0"},"south":{"uv":[0,0,0.5,0.25],"texture":"#0"},"west":{"uv":[0,0,1,0.25],"texture":"#0"},"up":{"uv":[0,0,0.5,1],"texture":"#0"},"down":{"uv":[0,0,0.5,1],"texture":"#0"}}},{"from":[5.575,4.5,13.5],"to":[5.825,5,14.5],"faces":{"north":{"uv":[0,0,0.5,0.25],"rotation":270,"texture":"#0"},"east":{"uv":[0,0,0.5,1],"rotation":90,"texture":"#0"},"south":{"uv":[0,0,0.5,0.25],"rotation":90,"texture":"#0"},"west":{"uv":[0,0,0.5,1],"rotation":90,"texture":"#0"},"up":{"uv":[0,0,1,0.25],"rotation":90,"texture":"#0"},"down":{"uv":[0,0,1,0.25],"rotation":90,"texture":"#0"}}},{"from":[5.175,4.5,13.5],"to":[5.425,5,14.5],"faces":{"north":{"uv":[0,0,0.5,0.25],"rotation":270,"texture":"#0"},"east":{"uv":[0,0,0.5,1],"rotation":90,"texture":"#0"},"south":{"uv":[0,0,0.5,0.25],"rotation":90,"texture":"#0"},"west":{"uv":[0,0,0.5,1],"rotation":90,"texture":"#0"},"up":{"uv":[0,0,1,0.25],"rotation":90,"texture":"#0"},"down":{"uv":[0,0,1,0.25],"rotation":90,"texture":"#0"}}},{"from":[5.25,4.5,13.5],"to":[5.75,5,14.5],"faces":{"north":{"uv":[0,0,0.5,0.5],"texture":"#0"},"east":{"uv":[0,0,1,0.5],"texture":"#0"},"south":{"uv":[0,0,0.5,0.5],"texture":"#0"},"west":{"uv":[0,0,1,0.5],"texture":"#0"},"up":{"uv":[0,0,0.5,1],"texture":"#0"},"down":{"uv":[0,0,0.5,1],"texture":"#0"}}},{"from":[10.25,4.8,4],"to":[10.75,5.05,5],"faces":{"north":{"uv":[0,0,0.5,0.25],"texture":"#0"},"east":{"uv":[0,0,1,0.25],"texture":"#0"},"south":{"uv":[0,0,0.5,0.25],"texture":"#0"},"west":{"uv":[0,0,1,0.25],"texture":"#0"},"up":{"uv":[0,0,0.5,1],"texture":"#0"},"down":{"uv":[0,0,0.5,1],"texture":"#0"}}},{"from":[10.175,4.5,4],"to":[10.425,5,5],"faces":{"north":{"uv":[0,0,0.5,0.25],"rotation":270,"texture":"#0"},"east":{"uv":[0,0,0.5,1],"rotation":90,"texture":"#0"},"south":{"uv":[0,0,0.5,0.25],"rotation":90,"texture":"#0"},"west":{"uv":[0,0,0.5,1],"rotation":90,"texture":"#0"},"up":{"uv":[0,0,1,0.25],"rotation":90,"texture":"#0"},"down":{"uv":[0,0,1,0.25],"rotation":90,"texture":"#0"}}},{"from":[10.25,4.45,4],"to":[10.75,4.7,5],"faces":{"north":{"uv":[0,0,0.5,0.25],"texture":"#0"},"east":{"uv":[0,0,1,0.25],"texture":"#0"},"south":{"uv":[0,0,0.5,0.25],"texture":"#0"},"west":{"uv":[0,0,1,0.25],"texture":"#0"},"up":{"uv":[0,0,0.5,1],"texture":"#0"},"down":{"uv":[0,0,0.5,1],"texture":"#0"}}},{"from":[10.25,4.5,4],"to":[10.75,5,5],"faces":{"north":{"uv":[0,0,0.5,0.5],"texture":"#0"},"east":{"uv":[0,0,1,0.5],"texture":"#0"},"south":{"uv":[0,0,0.5,0.5],"texture":"#0"},"west":{"uv":[0,0,1,0.5],"texture":"#0"},"up":{"uv":[0,0,0.5,1],"texture":"#0"},"down":{"uv":[0,0,0.5,1],"texture":"#0"}}},{"from":[10.575,4.5,4],"to":[10.825,5,5],"faces":{"north":{"uv":[0,0,0.5,0.25],"rotation":270,"texture":"#0"},"east":{"uv":[0,0,0.5,1],"rotation":90,"texture":"#0"},"south":{"uv":[0,0,0.5,0.25],"rotation":90,"texture":"#0"},"west":{"uv":[0,0,0.5,1],"rotation":90,"texture":"#0"},"up":{"uv":[0,0,1,0.25],"rotation":90,"texture":"#0"},"down":{"uv":[0,0,1,0.25],"rotation":90,"texture":"#0"}}},{"from":[5.25,4.8,4],"to":[5.75,5.05,5],"faces":{"north":{"uv":[0,0,0.5,0.25],"texture":"#0"},"east":{"uv":[0,0,1,0.25],"texture":"#0"},"south":{"uv":[0,0,0.5,0.25],"texture":"#0"},"west":{"uv":[0,0,1,0.25],"texture":"#0"},"up":{"uv":[0,0,0.5,1],"texture":"#0"},"down":{"uv":[0,0,0.5,1],"texture":"#0"}}},{"from":[5.25,4.45,4],"to":[5.75,4.7,5],"faces":{"north":{"uv":[0,0,0.5,0.25],"texture":"#0"},"east":{"uv":[0,0,1,0.25],"texture":"#0"},"south":{"uv":[0,0,0.5,0.25],"texture":"#0"},"west":{"uv":[0,0,1,0.25],"texture":"#0"},"up":{"uv":[0,0,0.5,1],"texture":"#0"},"down":{"uv":[0,0,0.5,1],"texture":"#0"}}},{"from":[5.575,4.5,4],"to":[5.825,5,5],"faces":{"north":{"uv":[0,0,0.5,0.25],"rotation":270,"texture":"#0"},"east":{"uv":[0,0,0.5,1],"rotation":90,"texture":"#0"},"south":{"uv":[0,0,0.5,0.25],"rotation":90,"texture":"#0"},"west":{"uv":[0,0,0.5,1],"rotation":90,"texture":"#0"},"up":{"uv":[0,0,1,0.25],"rotation":90,"texture":"#0"},"down":{"uv":[0,0,1,0.25],"rotation":90,"texture":"#0"}}},{"from":[5.175,4.5,4],"to":[5.425,5,5],"faces":{"north":{"uv":[0,0,0.5,0.25],"rotation":270,"texture":"#0"},"east":{"uv":[0,0,0.5,1],"rotation":90,"texture":"#0"},"south":{"uv":[0,0,0.5,0.25],"rotation":90,"texture":"#0"},"west":{"uv":[0,0,0.5,1],"rotation":90,"texture":"#0"},"up":{"uv":[0,0,1,0.25],"rotation":90,"texture":"#0"},"down":{"uv":[0,0,1,0.25],"rotation":90,"texture":"#0"}}},{"from":[5.25,4.5,4],"to":[5.75,5,5],"faces":{"north":{"uv":[0,0,0.5,0.5],"texture":"#0"},"east":{"uv":[0,0,1,0.5],"texture":"#0"},"south":{"uv":[0,0,0.5,0.5],"texture":"#0"},"west":{"uv":[0,0,1,0.5],"texture":"#0"},"up":{"uv":[0,0,0.5,1],"texture":"#0"},"down":{"uv":[0,0,0.5,1],"texture":"#0"}}},{"from":[10.25,4.8,13.5],"to":[10.75,5.05,14.5],"faces":{"north":{"uv":[0,0,0.5,0.25],"texture":"#0"},"east":{"uv":[0,0,1,0.25],"texture":"#0"},"south":{"uv":[0,0,0.5,0.25],"texture":"#0"},"west":{"uv":[0,0,1,0.25],"texture":"#0"},"up":{"uv":[0,0,0.5,1],"texture":"#0"},"down":{"uv":[0,0,0.5,1],"texture":"#0"}}},{"from":[10.175,4.5,13.5],"to":[10.425,5,14.5],"faces":{"north":{"uv":[0,0,0.5,0.25],"rotation":270,"texture":"#0"},"east":{"uv":[0,0,0.5,1],"rotation":90,"texture":"#0"},"south":{"uv":[0,0,0.5,0.25],"rotation":90,"texture":"#0"},"west":{"uv":[0,0,0.5,1],"rotation":90,"texture":"#0"},"up":{"uv":[0,0,1,0.25],"rotation":90,"texture":"#0"},"down":{"uv":[0,0,1,0.25],"rotation":90,"texture":"#0"}}},{"from":[10.575,4.5,13.5],"to":[10.825,5,14.5],"faces":{"north":{"uv":[0,0,0.5,0.25],"rotation":270,"texture":"#0"},"east":{"uv":[0,0,0.5,1],"rotation":90,"texture":"#0"},"south":{"uv":[0,0,0.5,0.25],"rotation":90,"texture":"#0"},"west":{"uv":[0,0,0.5,1],"rotation":90,"texture":"#0"},"up":{"uv":[0,0,1,0.25],"rotation":90,"texture":"#0"},"down":{"uv":[0,0,1,0.25],"rotation":90,"texture":"#0"}}},{"from":[10.25,4.45,13.5],"to":[10.75,4.7,14.5],"faces":{"north":{"uv":[0,0,0.5,0.25],"texture":"#0"},"east":{"uv":[0,0,1,0.25],"texture":"#0"},"south":{"uv":[0,0,0.5,0.25],"texture":"#0"},"west":{"uv":[0,0,1,0.25],"texture":"#0"},"up":{"uv":[0,0,0.5,1],"texture":"#0"},"down":{"uv":[0,0,0.5,1],"texture":"#0"}}},{"from":[7.25,4.25,2.5],"to":[8.75,5.25,6.25],"faces":{"north":{"uv":[0,0,1.5,1],"texture":"#0"},"east":{"uv":[0,0,3.75,1],"texture":"#0"},"south":{"uv":[0,0,1.5,1],"texture":"#0"},"west":{"uv":[0,0,3.75,1],"texture":"#0"},"up":{"uv":[0,0,1.5,3.75],"texture":"#0"},"down":{"uv":[0,0,1.5,3.75],"texture":"#0"}}},{"from":[6.5,4.25,-0.35],"to":[9.5,5.25,3.15],"faces":{"north":{"uv":[0,0,3,1],"rotation":180,"texture":"#0"},"east":{"uv":[0,0,1,3.5],"rotation":270,"texture":"#0"},"south":{"uv":[0,0,3,1],"texture":"#0"},"west":{"uv":[0,0,1,3.5],"rotation":90,"texture":"#0"},"up":{"uv":[0,0,3,3.5],"rotation":180,"texture":"#0"},"down":{"uv":[0,0,3,3.5],"texture":"#0"}}},{"from":[6.25,10.25,-0.5],"to":[9.75,11.25,2],"faces":{"north":{"uv":[0,0,3.5,1],"rotation":180,"texture":"#0"},"east":{"uv":[0,0,1,2.5],"rotation":270,"texture":"#0"},"south":{"uv":[0,0,3.5,1],"texture":"#0"},"west":{"uv":[0,0,1,2.5],"rotation":90,"texture":"#0"},"up":{"uv":[0,0,3.5,2.5],"rotation":180,"texture":"#0"},"down":{"uv":[0,0,3.5,2.5],"texture":"#0"}}},{"from":[6.5,10.25,-1],"to":[9.5,11.25,2.5],"faces":{"north":{"uv":[0,0,3,1],"rotation":180,"texture":"#0"},"east":{"uv":[0,0,1,3.5],"rotation":270,"texture":"#0"},"south":{"uv":[0,0,3,1],"texture":"#0"},"west":{"uv":[0,0,1,3.5],"rotation":90,"texture":"#0"},"up":{"uv":[0,0,3,3.5],"rotation":180,"texture":"#0"},"down":{"uv":[0,0,3,3.5],"texture":"#0"}}},{"from":[6.25,4.25,0.15],"to":[9.75,5.25,2.65],"faces":{"north":{"uv":[4,0,8,1],"texture":"#0"},"east":{"uv":[4,2,7,3],"texture":"#0"},"south":{"uv":[4,1,8,2],"texture":"#0"},"west":{"uv":[4,3,7,4],"texture":"#0"},"up":{"uv":[4,3,0,0],"texture":"#0"},"down":{"uv":[4,3,0,6],"texture":"#0"}}},{"from":[7.25,10.25,2.5],"to":[8.75,11.25,6.25],"faces":{"north":{"uv":[0,0,1.5,1],"texture":"#0"},"east":{"uv":[0,0,3.75,1],"texture":"#0"},"south":{"uv":[0,0,1.5,1],"texture":"#0"},"west":{"uv":[0,0,3.75,1],"texture":"#0"},"up":{"uv":[0,0,1.5,3.75],"texture":"#0"},"down":{"uv":[0,0,1.5,3.75],"texture":"#0"}}},{"from":[7,9.5,-0.25],"to":[9,12.75,1.75],"faces":{"north":{"uv":[0,0,5,9.25],"texture":"#1"},"east":{"uv":[0,0,6,12.25],"texture":"#1"},"south":{"uv":[0,0,5,9],"texture":"#1"},"west":{"uv":[0,0,5,9],"texture":"#1"},"up":{"uv":[0,0,5,9],"texture":"#1"},"down":{"uv":[0,0,5,9],"texture":"#1"}}},{"from":[7,5.025,2.775],"to":[9,7.275,4.775],"rotation":{"angle":-22.5,"axis":"x","origin":[0,0,0]},"faces":{"north":{"uv":[0,0,5,8.25],"texture":"#1"},"east":{"uv":[0,0,6,12.25],"texture":"#1"},"south":{"uv":[0,0,5,7.25],"texture":"#1"},"west":{"uv":[0,0,5,8],"texture":"#1"},"up":{"uv":[0,1,5,8],"texture":"#1"},"down":{"uv":[0,0,5,8],"texture":"#1"}}},{"from":[7,7.75,-0.225],"to":[9,10,1.775],"faces":{"north":{"uv":[0,0,6,11.25],"texture":"#1"},"east":{"uv":[0,0,6,11.25],"texture":"#1"},"south":{"uv":[0,0,6,10.25],"texture":"#1"},"west":{"uv":[0,0,6,11.25],"texture":"#1"},"up":{"uv":[0,0,6,11],"texture":"#1"},"down":{"uv":[0,0,6,11],"texture":"#1"}}},{"from":[7,3.75,0.5],"to":[9,6.5,2.5],"faces":{"north":{"uv":[0,0,5,8.75],"texture":"#1"},"east":{"uv":[0,0,6,10.75],"texture":"#1"},"south":{"uv":[0,0,6,10],"texture":"#1"},"west":{"uv":[0,0,5,9],"texture":"#1"},"up":{"uv":[0,0,6,11],"texture":"#1"},"down":{"uv":[0,0,6,10],"texture":"#1"}}},{"from":[7,2.175,-1.125],"to":[9,4.425,0.875],"rotation":{"angle":22.5,"axis":"x","origin":[0,0,0]},"faces":{"north":{"uv":[0,0,5,8.25],"texture":"#1"},"east":{"uv":[0,0,6,12.25],"texture":"#1"},"south":{"uv":[0,0,6,12],"texture":"#1"},"west":{"uv":[0,0,5,9],"texture":"#1"},"up":{"uv":[0,1,3,3],"texture":"#1"},"down":{"uv":[0,0,1,1],"texture":"#1"}}},{"from":[5.05,10,6.05],"to":[11,12,12.25],"faces":{"north":{"uv":[6,0,12,2],"texture":"#2"},"east":{"uv":[6,2,12,4],"texture":"#2"},"south":{"uv":[6,4,12,6],"texture":"#2"},"west":{"uv":[6,6,12,8],"texture":"#2"},"up":{"uv":[6,6,0,0],"texture":"#2"},"down":{"uv":[6,6,0,12],"texture":"#2"}}}],"display":{"thirdperson_righthand":{"rotation":[-162.03,2.58,-178.93],"translation":[0,0.5,-2.25],"scale":[0.5,0.5,0.5]},"thirdperson_lefthand":{"rotation":[-176.28,0.16,-177.81],"translation":[0.25,-1.25,-2.5],"scale":[0.5,0.5,0.5]},"firstperson_righthand":{"rotation":[180,-14,180],"translation":[-1,0.75,-0.75],"scale":[0.8,0.8,0.8]},"firstperson_lefthand":{"rotation":[-180,1.5,180],"translation":[-1.75,1.25,1.25],"scale":[0.8,0.8,0.8]},"ground":{"translation":[0,3.5,0],"scale":[0.7,0.7,0.7]},"gui":{"rotation":[40,26.74,-18.87],"translation":[0.5,1,0],"scale":[0.8,0.79,0.8]},"head":{"rotation":[0,180,0],"translation":[0,14.25,1.25]},"fixed":{"rotation":[76.57,88.97,-166.54],"translation":[0,0,-9.5],"scale":[1.3,1.3,1.3]}}}