{"credit":"Made with Blockbench","texture_size":[128,128],"textures":{"0":"politmine/item/brewery/whiskey_blackjack/her","1":"politmine/item/brewery/whiskey_blackjack/1","particle":"politmine/item/brewery/whiskey_blackjack/her"},"elements":[{"from":[3.548,14.2755,3.972],"to":[12.452,14.6995,4.608],"rotation":{"angle":0,"axis":"y","origin":[8,-6.5005,8]},"faces":{"north":{"uv":[7.375,0,8.5,0.125],"texture":"#0"},"east":{"uv":[9.75,8.5,9.875,8.625],"texture":"#0"},"south":{"uv":[7.375,0.125,8.5,0.25],"texture":"#0"},"west":{"uv":[8.625,9.75,8.75,9.875],"texture":"#0"},"up":{"uv":[8.5,0.375,7.375,0.25],"texture":"#0"},"down":{"uv":[8.5,0.375,7.375,0.5],"texture":"#0"}}},{"from":[3.548,14.2755,11.392],"to":[12.452,14.6995,12.028],"rotation":{"angle":0,"axis":"y","origin":[8,-6.5005,8]},"faces":{"north":{"uv":[7.25,6.5,8.375,6.625],"texture":"#0"},"east":{"uv":[9.75,8.25,9.875,8.375],"texture":"#0"},"south":{"uv":[7.25,6.625,8.375,6.75],"texture":"#0"},"west":{"uv":[9.75,8.375,9.875,8.5],"texture":"#0"},"up":{"uv":[8.375,6.875,7.25,6.75],"texture":"#0"},"down":{"uv":[8.375,6.875,7.25,7],"texture":"#0"}}},{"from":[2.912,14.2755,4.608],"to":[3.972,14.6995,5.668],"rotation":{"angle":0,"axis":"y","origin":[8,-6.5005,8]},"faces":{"north":{"uv":[9.75,7.5,9.875,7.625],"texture":"#0"},"east":{"uv":[9.75,7.625,9.875,7.75],"texture":"#0"},"south":{"uv":[9.75,7.75,9.875,7.875],"texture":"#0"},"west":{"uv":[9.75,7.875,9.875,8],"texture":"#0"},"up":{"uv":[9.875,8.125,9.75,8],"texture":"#0"},"down":{"uv":[9.875,8.125,9.75,8.25],"texture":"#0"}}},{"from":[12.028,14.2755,4.608],"to":[13.088,14.6995,5.668],"rotation":{"angle":0,"axis":"y","origin":[8,-6.5005,8]},"faces":{"north":{"uv":[9.75,6.75,9.875,6.875],"texture":"#0"},"east":{"uv":[9.75,6.875,9.875,7],"texture":"#0"},"south":{"uv":[9.75,7,9.875,7.125],"texture":"#0"},"west":{"uv":[9.75,7.125,9.875,7.25],"texture":"#0"},"up":{"uv":[9.875,7.375,9.75,7.25],"texture":"#0"},"down":{"uv":[9.875,7.375,9.75,7.5],"texture":"#0"}}},{"from":[12.028,14.2755,10.332],"to":[13.088,14.6995,11.392],"rotation":{"angle":0,"axis":"y","origin":[8,-6.5005,8]},"faces":{"north":{"uv":[6.25,9.75,6.375,9.875],"texture":"#0"},"east":{"uv":[9.75,6.25,9.875,6.375],"texture":"#0"},"south":{"uv":[9.75,6.375,9.875,6.5],"texture":"#0"},"west":{"uv":[9.75,6.5,9.875,6.625],"texture":"#0"},"up":{"uv":[6.75,9.875,6.625,9.75],"texture":"#0"},"down":{"uv":[9.875,6.625,9.75,6.75],"texture":"#0"}}},{"from":[2.912,14.2755,10.332],"to":[3.972,14.6995,11.392],"rotation":{"angle":0,"axis":"y","origin":[8,-6.5005,8]},"faces":{"north":{"uv":[5.875,9.75,6,9.875],"texture":"#0"},"east":{"uv":[9.75,5.875,9.875,6],"texture":"#0"},"south":{"uv":[6,9.75,6.125,9.875],"texture":"#0"},"west":{"uv":[9.75,6,9.875,6.125],"texture":"#0"},"up":{"uv":[6.25,9.875,6.125,9.75],"texture":"#0"},"down":{"uv":[9.875,6.125,9.75,6.25],"texture":"#0"}}},{"from":[1.852,14.2755,5.244],"to":[2.912,14.6995,10.756],"rotation":{"angle":0,"axis":"y","origin":[8,-6.5005,8]},"faces":{"north":{"uv":[5.75,9.75,5.875,9.875],"texture":"#0"},"east":{"uv":[7.875,2.875,8.625,3],"texture":"#0"},"south":{"uv":[9.75,5.75,9.875,5.875],"texture":"#0"},"west":{"uv":[7.875,7.25,8.625,7.375],"texture":"#0"},"up":{"uv":[6.25,8.625,6.125,7.875],"texture":"#0"},"down":{"uv":[6.375,7.875,6.25,8.625],"texture":"#0"}}},{"from":[13.088,14.2755,5.244],"to":[14.148,14.6995,10.756],"rotation":{"angle":0,"axis":"y","origin":[8,-6.5005,8]},"faces":{"north":{"uv":[5.625,9.75,5.75,9.875],"texture":"#0"},"east":{"uv":[7.875,2.625,8.625,2.75],"texture":"#0"},"south":{"uv":[9.75,5.625,9.875,5.75],"texture":"#0"},"west":{"uv":[7.875,2.75,8.625,2.875],"texture":"#0"},"up":{"uv":[2,8.625,1.875,7.875],"texture":"#0"},"down":{"uv":[2.125,7.875,2,8.625],"texture":"#0"}}},{"from":[12.73184,14.55534,5.43692],"to":[13.71764,14.94966,10.56308],"rotation":{"angle":0,"axis":"y","origin":[8,-5.01279,8]},"faces":{"north":{"uv":[9.875,1.375,10,1.5],"texture":"#0"},"east":{"uv":[8.25,1.125,8.875,1.25],"texture":"#0"},"south":{"uv":[1.5,9.875,1.625,10],"texture":"#0"},"west":{"uv":[8.25,1.25,8.875,1.375],"texture":"#0"},"up":{"uv":[8.375,2,8.25,1.375],"texture":"#0"},"down":{"uv":[4.125,8.25,4,8.875],"texture":"#0"}}},{"from":[2.28236,14.55534,5.43692],"to":[3.26816,14.94966,10.56308],"rotation":{"angle":0,"axis":"y","origin":[8,-5.01279,8]},"faces":{"north":{"uv":[9.875,1.25,10,1.375],"texture":"#0"},"east":{"uv":[0.375,8.25,1,8.375],"texture":"#0"},"south":{"uv":[1.375,9.875,1.5,10],"texture":"#0"},"west":{"uv":[8.25,1,8.875,1.125],"texture":"#0"},"up":{"uv":[6.5,8.5,6.375,7.875],"texture":"#0"},"down":{"uv":[1.125,8.25,1,8.875],"texture":"#0"}}},{"from":[3.26816,14.55534,10.16876],"to":[4.25396,14.94966,11.15456],"rotation":{"angle":0,"axis":"y","origin":[8,-5.01279,8]},"faces":{"north":{"uv":[0.875,9.875,1,10],"texture":"#0"},"east":{"uv":[9.875,0.875,10,1],"texture":"#0"},"south":{"uv":[9.875,1,10,1.125],"texture":"#0"},"west":{"uv":[1.125,9.875,1.25,10],"texture":"#0"},"up":{"uv":[10,1.25,9.875,1.125],"texture":"#0"},"down":{"uv":[1.375,9.875,1.25,10],"texture":"#0"}}},{"from":[11.74604,14.55534,10.16876],"to":[12.73184,14.94966,11.15456],"rotation":{"angle":0,"axis":"y","origin":[8,-5.01279,8]},"faces":{"north":{"uv":[0.5,9.875,0.625,10],"texture":"#0"},"east":{"uv":[9.875,0.5,10,0.625],"texture":"#0"},"south":{"uv":[0.625,9.875,0.75,10],"texture":"#0"},"west":{"uv":[9.875,0.625,10,0.75],"texture":"#0"},"up":{"uv":[0.875,10,0.75,9.875],"texture":"#0"},"down":{"uv":[10,0.75,9.875,0.875],"texture":"#0"}}},{"from":[11.74604,14.55534,4.84544],"to":[12.73184,14.94966,5.83124],"rotation":{"angle":0,"axis":"y","origin":[8,-5.01279,8]},"faces":{"north":{"uv":[0,9.875,0.125,10],"texture":"#0"},"east":{"uv":[0.125,9.875,0.25,10],"texture":"#0"},"south":{"uv":[0.25,9.875,0.375,10],"texture":"#0"},"west":{"uv":[9.875,0.25,10,0.375],"texture":"#0"},"up":{"uv":[0.5,10,0.375,9.875],"texture":"#0"},"down":{"uv":[10,0.375,9.875,0.5],"texture":"#0"}}},{"from":[3.26816,14.55534,4.84544],"to":[4.25396,14.94966,5.83124],"rotation":{"angle":0,"axis":"y","origin":[8,-5.01279,8]},"faces":{"north":{"uv":[9.125,9.75,9.25,9.875],"texture":"#0"},"east":{"uv":[9.75,9.125,9.875,9.25],"texture":"#0"},"south":{"uv":[9.375,9.75,9.5,9.875],"texture":"#0"},"west":{"uv":[9.5,9.75,9.625,9.875],"texture":"#0"},"up":{"uv":[9.75,9.875,9.625,9.75],"texture":"#0"},"down":{"uv":[9.875,9.75,9.75,9.875],"texture":"#0"}}},{"from":[3.85964,14.55534,11.15456],"to":[12.14036,14.94966,11.74604],"rotation":{"angle":0,"axis":"y","origin":[8,-5.01279,8]},"faces":{"north":{"uv":[7.5,3.125,8.5,3.25],"texture":"#0"},"east":{"uv":[9,9.75,9.125,9.875],"texture":"#0"},"south":{"uv":[7.5,3.25,8.5,3.375],"texture":"#0"},"west":{"uv":[9.75,9,9.875,9.125],"texture":"#0"},"up":{"uv":[8.5,3.5,7.5,3.375],"texture":"#0"},"down":{"uv":[8.5,3.5,7.5,3.625],"texture":"#0"}}},{"from":[3.85964,14.55534,4.25396],"to":[12.14036,14.94966,4.84544],"rotation":{"angle":0,"axis":"y","origin":[8,-5.01279,8]},"faces":{"north":{"uv":[7.375,0.875,8.375,1],"texture":"#0"},"east":{"uv":[9.75,8.625,9.875,8.75],"texture":"#0"},"south":{"uv":[7.375,5.25,8.375,5.375],"texture":"#0"},"west":{"uv":[9.75,8.75,9.875,8.875],"texture":"#0"},"up":{"uv":[8.375,5.5,7.375,5.375],"texture":"#0"},"down":{"uv":[8.5,3,7.5,3.125],"texture":"#0"}}},{"from":[11.40061,14.83414,5.61634],"to":[13.31741,15.45086,10.38366],"rotation":{"angle":0,"axis":"y","origin":[8,-3.61067,8]},"faces":{"north":{"uv":[9.5,6.125,9.75,6.25],"texture":"#0"},"east":{"uv":[8.25,5.125,8.875,5.25],"texture":"#0"},"south":{"uv":[9.5,6.25,9.75,6.375],"texture":"#0"},"west":{"uv":[7.375,8.25,8,8.375],"texture":"#0"},"up":{"uv":[7.375,7.75,7.125,7.125],"texture":"#0"},"down":{"uv":[2.125,7.25,1.875,7.875],"texture":"#0"}}},{"from":[2.68259,14.83414,5.61634],"to":[4.59939,15.45086,10.38366],"rotation":{"angle":0,"axis":"y","origin":[8,-3.61067,8]},"faces":{"north":{"uv":[8.625,7.875,8.875,8],"texture":"#0"},"east":{"uv":[8.25,2,8.875,2.125],"texture":"#0"},"south":{"uv":[9.5,6,9.75,6.125],"texture":"#0"},"west":{"uv":[8.25,2.125,8.875,2.25],"texture":"#0"},"up":{"uv":[3.375,7.75,3.125,7.125],"texture":"#0"},"down":{"uv":[7.125,7.125,6.875,7.75],"texture":"#0"}}},{"from":[3.59939,14.83414,10.01695],"to":[4.51618,15.45086,10.93374],"rotation":{"angle":0,"axis":"y","origin":[8,-3.61067,8]},"faces":{"north":{"uv":[9.875,2.625,10,2.75],"texture":"#0"},"east":{"uv":[2.75,9.875,2.875,10],"texture":"#0"},"south":{"uv":[9.875,2.75,10,2.875],"texture":"#0"},"west":{"uv":[2.875,9.875,3,10],"texture":"#0"},"up":{"uv":[10,3,9.875,2.875],"texture":"#0"},"down":{"uv":[3.125,9.875,3,10],"texture":"#0"}}},{"from":[11.48382,14.83414,10.01695],"to":[12.40061,15.45086,10.93374],"rotation":{"angle":0,"axis":"y","origin":[8,-3.61067,8]},"faces":{"north":{"uv":[9.875,2.25,10,2.375],"texture":"#0"},"east":{"uv":[2.375,9.875,2.5,10],"texture":"#0"},"south":{"uv":[9.875,2.375,10,2.5],"texture":"#0"},"west":{"uv":[2.5,9.875,2.625,10],"texture":"#0"},"up":{"uv":[10,2.625,9.875,2.5],"texture":"#0"},"down":{"uv":[2.75,9.875,2.625,10],"texture":"#0"}}},{"from":[11.48382,14.83414,5.06626],"to":[12.40061,15.45086,5.98305],"rotation":{"angle":0,"axis":"y","origin":[8,-3.61067,8]},"faces":{"north":{"uv":[9.875,1.875,10,2],"texture":"#0"},"east":{"uv":[2,9.875,2.125,10],"texture":"#0"},"south":{"uv":[9.875,2,10,2.125],"texture":"#0"},"west":{"uv":[2.125,9.875,2.25,10],"texture":"#0"},"up":{"uv":[10,2.25,9.875,2.125],"texture":"#0"},"down":{"uv":[2.375,9.875,2.25,10],"texture":"#0"}}},{"from":[3.59939,14.83414,5.06626],"to":[4.51618,15.45086,5.98305],"rotation":{"angle":0,"axis":"y","origin":[8,-3.61067,8]},"faces":{"north":{"uv":[9.875,1.5,10,1.625],"texture":"#0"},"east":{"uv":[1.625,9.875,1.75,10],"texture":"#0"},"south":{"uv":[9.875,1.625,10,1.75],"texture":"#0"},"west":{"uv":[1.75,9.875,1.875,10],"texture":"#0"},"up":{"uv":[10,1.875,9.875,1.75],"texture":"#0"},"down":{"uv":[2,9.875,1.875,10],"texture":"#0"}}},{"from":[4.14947,14.83414,9.93374],"to":[11.85053,15.45086,11.48382],"rotation":{"angle":0,"axis":"y","origin":[8,-3.61067,8]},"faces":{"north":{"uv":[7.5,3.875,8.5,4],"texture":"#0"},"east":{"uv":[8.375,7.125,8.625,7.25],"texture":"#0"},"south":{"uv":[7.5,4,8.5,4.125],"texture":"#0"},"west":{"uv":[8.625,4.75,8.875,4.875],"texture":"#0"},"up":{"uv":[7.875,2.75,6.875,2.5],"texture":"#0"},"down":{"uv":[7.875,2.75,6.875,3],"texture":"#0"}}},{"from":[4.14947,14.83414,4.51618],"to":[11.85053,15.45086,6.06626],"rotation":{"angle":0,"axis":"y","origin":[8,-3.61067,8]},"faces":{"north":{"uv":[7.5,3.625,8.5,3.75],"texture":"#0"},"east":{"uv":[4.25,4.5,4.5,4.625],"texture":"#0"},"south":{"uv":[7.5,3.75,8.5,3.875],"texture":"#0"},"west":{"uv":[4.25,4.625,4.5,4.75],"texture":"#0"},"up":{"uv":[7.875,2.5,6.875,2.25],"texture":"#0"},"down":{"uv":[3.5,6.875,2.5,7.125],"texture":"#0"}}},{"from":[10.74371,15.48846,6.02633],"to":[12.40281,16.0171,9.97367],"rotation":{"angle":0,"axis":"y","origin":[8,-0.22826,8]},"faces":{"north":{"uv":[9.5,6.625,9.75,6.75],"texture":"#0"},"east":{"uv":[9,9,9.5,9.125],"texture":"#0"},"south":{"uv":[9.5,6.75,9.75,6.875],"texture":"#0"},"west":{"uv":[9.125,0,9.625,0.125],"texture":"#0"},"up":{"uv":[1.125,8,0.875,7.5],"texture":"#0"},"down":{"uv":[7.75,4.125,7.5,4.625],"texture":"#0"}}},{"from":[3.59719,15.48846,6.02633],"to":[5.25629,16.0171,9.97367],"rotation":{"angle":0,"axis":"y","origin":[8,-0.22826,8]},"faces":{"north":{"uv":[9.5,6.375,9.75,6.5],"texture":"#0"},"east":{"uv":[9,8.75,9.5,8.875],"texture":"#0"},"south":{"uv":[9.5,6.5,9.75,6.625],"texture":"#0"},"west":{"uv":[9,8.875,9.5,9],"texture":"#0"},"up":{"uv":[0.625,8,0.375,7.5],"texture":"#0"},"down":{"uv":[0.875,7.5,0.625,8],"texture":"#0"}}},{"from":[4.35629,15.48846,9.67003],"to":[5.1154,16.0171,10.42914],"rotation":{"angle":0,"axis":"y","origin":[8,-0.22826,8]},"faces":{"north":{"uv":[9.875,4.375,10,4.5],"texture":"#0"},"east":{"uv":[4.5,9.875,4.625,10],"texture":"#0"},"south":{"uv":[9.875,4.5,10,4.625],"texture":"#0"},"west":{"uv":[4.625,9.875,4.75,10],"texture":"#0"},"up":{"uv":[10,4.75,9.875,4.625],"texture":"#0"},"down":{"uv":[4.875,9.875,4.75,10],"texture":"#0"}}},{"from":[10.8846,15.48846,9.67003],"to":[11.64371,16.0171,10.42914],"rotation":{"angle":0,"axis":"y","origin":[8,-0.22826,8]},"faces":{"north":{"uv":[9.875,4,10,4.125],"texture":"#0"},"east":{"uv":[4.125,9.875,4.25,10],"texture":"#0"},"south":{"uv":[9.875,4.125,10,4.25],"texture":"#0"},"west":{"uv":[4.25,9.875,4.375,10],"texture":"#0"},"up":{"uv":[10,4.375,9.875,4.25],"texture":"#0"},"down":{"uv":[4.5,9.875,4.375,10],"texture":"#0"}}},{"from":[10.8846,15.48846,5.57086],"to":[11.64371,16.0171,6.32997],"rotation":{"angle":0,"axis":"y","origin":[8,-0.22826,8]},"faces":{"north":{"uv":[9.875,3.625,10,3.75],"texture":"#0"},"east":{"uv":[3.75,9.875,3.875,10],"texture":"#0"},"south":{"uv":[9.875,3.75,10,3.875],"texture":"#0"},"west":{"uv":[3.875,9.875,4,10],"texture":"#0"},"up":{"uv":[10,4,9.875,3.875],"texture":"#0"},"down":{"uv":[4.125,9.875,4,10],"texture":"#0"}}},{"from":[4.35629,15.48846,5.57086],"to":[5.1154,16.0171,6.32997],"rotation":{"angle":0,"axis":"y","origin":[8,-0.22826,8]},"faces":{"north":{"uv":[9.875,3.25,10,3.375],"texture":"#0"},"east":{"uv":[3.375,9.875,3.5,10],"texture":"#0"},"south":{"uv":[9.875,3.375,10,3.5],"texture":"#0"},"west":{"uv":[3.5,9.875,3.625,10],"texture":"#0"},"up":{"uv":[10,3.625,9.875,3.5],"texture":"#0"},"down":{"uv":[3.75,9.875,3.625,10],"texture":"#0"}}},{"from":[4.81176,15.48846,9.52914],"to":[11.18824,16.0171,10.8846],"rotation":{"angle":0,"axis":"y","origin":[8,-0.22826,8]},"faces":{"north":{"uv":[7.875,7.875,8.625,8],"texture":"#0"},"east":{"uv":[9.875,3.125,10,3.25],"texture":"#0"},"south":{"uv":[0.375,8,1.125,8.125],"texture":"#0"},"west":{"uv":[3.25,9.875,3.375,10],"texture":"#0"},"up":{"uv":[8.25,8.125,7.5,8],"texture":"#0"},"down":{"uv":[1.125,8.125,0.375,8.25],"texture":"#0"}}},{"from":[4.81176,15.48846,5.1154],"to":[11.18824,16.0171,6.47086],"rotation":{"angle":0,"axis":"y","origin":[8,-0.22826,8]},"faces":{"north":{"uv":[7.875,7.375,8.625,7.5],"texture":"#0"},"east":{"uv":[9.875,3,10,3.125],"texture":"#0"},"south":{"uv":[7.875,7.5,8.625,7.625],"texture":"#0"},"west":{"uv":[3.125,9.875,3.25,10],"texture":"#0"},"up":{"uv":[8.625,7.75,7.875,7.625],"texture":"#0"},"down":{"uv":[8.625,7.75,7.875,7.875],"texture":"#0"}}},{"from":[11.05051,16.03782,6.34764],"to":[11.68603,16.49903,9.65236],"rotation":{"angle":0,"axis":"y","origin":[8,2.45448,8]},"faces":{"north":{"uv":[9.875,6.625,10,6.75],"texture":"#0"},"east":{"uv":[6.125,4.375,6.5,4.5],"texture":"#0"},"south":{"uv":[6.75,9.875,6.875,10],"texture":"#0"},"west":{"uv":[8.5,4.875,8.875,5],"texture":"#0"},"up":{"uv":[8.75,7,8.625,6.625],"texture":"#0"},"down":{"uv":[9,1,8.875,1.375],"texture":"#0"}}},{"from":[4.31397,16.03782,6.34764],"to":[4.94949,16.49903,9.65236],"rotation":{"angle":0,"axis":"y","origin":[8,2.45448,8]},"faces":{"north":{"uv":[9.875,6.5,10,6.625],"texture":"#0"},"east":{"uv":[5.75,5.5,6.125,5.625],"texture":"#0"},"south":{"uv":[6.625,9.875,6.75,10],"texture":"#0"},"west":{"uv":[5.75,5.625,6.125,5.75],"texture":"#0"},"up":{"uv":[8.5,7,8.375,6.625],"texture":"#0"},"down":{"uv":[8.625,6.625,8.5,7],"texture":"#0"}}},{"from":[4.94949,16.03782,9.39815],"to":[5.58501,16.49903,10.03367],"rotation":{"angle":0,"axis":"y","origin":[8,2.45448,8]},"faces":{"north":{"uv":[9.875,6.125,10,6.25],"texture":"#0"},"east":{"uv":[6.25,9.875,6.375,10],"texture":"#0"},"south":{"uv":[9.875,6.25,10,6.375],"texture":"#0"},"west":{"uv":[6.375,9.875,6.5,10],"texture":"#0"},"up":{"uv":[10,6.5,9.875,6.375],"texture":"#0"},"down":{"uv":[6.625,9.875,6.5,10],"texture":"#0"}}},{"from":[10.41499,16.03782,9.39815],"to":[11.05051,16.49903,10.03367],"rotation":{"angle":0,"axis":"y","origin":[8,2.45448,8]},"faces":{"north":{"uv":[9.875,5.75,10,5.875],"texture":"#0"},"east":{"uv":[5.875,9.875,6,10],"texture":"#0"},"south":{"uv":[9.875,5.875,10,6],"texture":"#0"},"west":{"uv":[6,9.875,6.125,10],"texture":"#0"},"up":{"uv":[10,6.125,9.875,6],"texture":"#0"},"down":{"uv":[6.25,9.875,6.125,10],"texture":"#0"}}},{"from":[10.41499,16.03782,5.96633],"to":[11.05051,16.49903,6.60185],"rotation":{"angle":0,"axis":"y","origin":[8,2.45448,8]},"faces":{"north":{"uv":[9.875,5.375,10,5.5],"texture":"#0"},"east":{"uv":[5.5,9.875,5.625,10],"texture":"#0"},"south":{"uv":[9.875,5.5,10,5.625],"texture":"#0"},"west":{"uv":[5.625,9.875,5.75,10],"texture":"#0"},"up":{"uv":[10,5.75,9.875,5.625],"texture":"#0"},"down":{"uv":[5.875,9.875,5.75,10],"texture":"#0"}}},{"from":[4.94949,16.03782,5.96633],"to":[5.58501,16.49903,6.60185],"rotation":{"angle":0,"axis":"y","origin":[8,2.45448,8]},"faces":{"north":{"uv":[9.875,5,10,5.125],"texture":"#0"},"east":{"uv":[5.125,9.875,5.25,10],"texture":"#0"},"south":{"uv":[9.875,5.125,10,5.25],"texture":"#0"},"west":{"uv":[5.25,9.875,5.375,10],"texture":"#0"},"up":{"uv":[10,5.375,9.875,5.25],"texture":"#0"},"down":{"uv":[5.5,9.875,5.375,10],"texture":"#0"}}},{"from":[5.3308,16.03782,10.03367],"to":[10.6692,16.49903,10.41499],"rotation":{"angle":0,"axis":"y","origin":[8,2.45448,8]},"faces":{"north":{"uv":[1.125,8.375,1.75,8.5],"texture":"#0"},"east":{"uv":[9.875,4.875,10,5],"texture":"#0"},"south":{"uv":[8.375,1.375,9,1.5],"texture":"#0"},"west":{"uv":[5,9.875,5.125,10],"texture":"#0"},"up":{"uv":[9,1.625,8.375,1.5],"texture":"#0"},"down":{"uv":[9,1.625,8.375,1.75],"texture":"#0"}}},{"from":[5.3308,16.03782,5.58501],"to":[10.6692,16.49903,5.96633],"rotation":{"angle":0,"axis":"y","origin":[8,2.45448,8]},"faces":{"north":{"uv":[8,8.25,8.625,8.375],"texture":"#0"},"east":{"uv":[9.875,4.75,10,4.875],"texture":"#0"},"south":{"uv":[8.25,8,8.875,8.125],"texture":"#0"},"west":{"uv":[4.875,9.875,5,10],"texture":"#0"},"up":{"uv":[1,8.5,0.375,8.375],"texture":"#0"},"down":{"uv":[9,0.875,8.375,1],"texture":"#0"}}},{"from":[10.74546,16.47695,6.51288],"to":[11.31743,16.91274,9.48712],"rotation":{"angle":0,"axis":"y","origin":[8,3.80607,8]},"faces":{"north":{"uv":[9.875,8.625,10,8.75],"texture":"#0"},"east":{"uv":[9.125,8,9.5,8.125],"texture":"#0"},"south":{"uv":[8.75,9.875,8.875,10],"texture":"#0"},"west":{"uv":[9.5,3.125,9.875,3.25],"texture":"#0"},"up":{"uv":[9.625,3.625,9.5,3.25],"texture":"#0"},"down":{"uv":[9.625,3.625,9.5,4],"texture":"#0"}}},{"from":[4.68257,16.47695,6.51288],"to":[5.25454,16.91274,9.48712],"rotation":{"angle":0,"axis":"y","origin":[8,3.80607,8]},"faces":{"north":{"uv":[9.875,8.5,10,8.625],"texture":"#0"},"east":{"uv":[8.5,5,8.875,5.125],"texture":"#0"},"south":{"uv":[8.625,9.875,8.75,10],"texture":"#0"},"west":{"uv":[9.125,7.875,9.5,8],"texture":"#0"},"up":{"uv":[9.625,2.75,9.5,2.375],"texture":"#0"},"down":{"uv":[9.625,2.75,9.5,3.125],"texture":"#0"}}},{"from":[5.25454,16.47695,8.43034],"to":[6.65451,16.91274,9.83031],"rotation":{"angle":0,"axis":"y","origin":[8,3.80607,8]},"faces":{"north":{"uv":[9.875,8.125,10,8.25],"texture":"#0"},"east":{"uv":[8.25,9.875,8.375,10],"texture":"#0"},"south":{"uv":[9.875,8.25,10,8.375],"texture":"#0"},"west":{"uv":[8.375,9.875,8.5,10],"texture":"#0"},"up":{"uv":[10,8.5,9.875,8.375],"texture":"#0"},"down":{"uv":[8.625,9.875,8.5,10],"texture":"#0"}}},{"from":[9.34549,16.47695,8.43034],"to":[10.74546,16.91274,9.83031],"rotation":{"angle":0,"axis":"y","origin":[8,3.80607,8]},"faces":{"north":{"uv":[9.875,7.75,10,7.875],"texture":"#0"},"east":{"uv":[7.875,9.875,8,10],"texture":"#0"},"south":{"uv":[9.875,7.875,10,8],"texture":"#0"},"west":{"uv":[8,9.875,8.125,10],"texture":"#0"},"up":{"uv":[10,8.125,9.875,8],"texture":"#0"},"down":{"uv":[8.25,9.875,8.125,10],"texture":"#0"}}},{"from":[9.34549,16.47695,6.16969],"to":[10.74546,16.91274,7.15566],"rotation":{"angle":0,"axis":"y","origin":[8,3.80607,8]},"faces":{"north":{"uv":[9.875,7.375,10,7.5],"texture":"#0"},"east":{"uv":[7.5,9.875,7.625,10],"texture":"#0"},"south":{"uv":[9.875,7.5,10,7.625],"texture":"#0"},"west":{"uv":[7.625,9.875,7.75,10],"texture":"#0"},"up":{"uv":[10,7.75,9.875,7.625],"texture":"#0"},"down":{"uv":[7.875,9.875,7.75,10],"texture":"#0"}}},{"from":[5.25454,16.47695,6.16969],"to":[6.65451,16.91274,7.56966],"rotation":{"angle":0,"axis":"y","origin":[8,3.80607,8]},"faces":{"north":{"uv":[9.875,7,10,7.125],"texture":"#0"},"east":{"uv":[7.125,9.875,7.25,10],"texture":"#0"},"south":{"uv":[9.875,7.125,10,7.25],"texture":"#0"},"west":{"uv":[7.25,9.875,7.375,10],"texture":"#0"},"up":{"uv":[10,7.375,9.875,7.25],"texture":"#0"},"down":{"uv":[7.5,9.875,7.375,10],"texture":"#0"}}},{"from":[5.59772,16.47695,9.83031],"to":[10.40228,16.91274,10.17349],"rotation":{"angle":0,"axis":"y","origin":[8,3.80607,8]},"faces":{"north":{"uv":[8.375,5.5,9,5.625],"texture":"#0"},"east":{"uv":[9.875,6.875,10,7],"texture":"#0"},"south":{"uv":[8.375,5.625,9,5.75],"texture":"#0"},"west":{"uv":[7,9.875,7.125,10],"texture":"#0"},"up":{"uv":[9,5.875,8.375,5.75],"texture":"#0"},"down":{"uv":[9,5.875,8.375,6],"texture":"#0"}}},{"from":[5.59772,16.47695,5.82651],"to":[10.40228,16.91274,6.16969],"rotation":{"angle":0,"axis":"y","origin":[8,3.80607,8]},"faces":{"north":{"uv":[8.375,1.75,9,1.875],"texture":"#0"},"east":{"uv":[9.875,6.75,10,6.875],"texture":"#0"},"south":{"uv":[8.375,1.875,9,2],"texture":"#0"},"west":{"uv":[6.875,9.875,7,10],"texture":"#0"},"up":{"uv":[9,5.375,8.375,5.25],"texture":"#0"},"down":{"uv":[9,5.375,8.375,5.5],"texture":"#0"}}},{"from":[5.98209,16.92582,6.17427],"to":[10.01791,17.29188,6.46254],"rotation":{"angle":0,"axis":"y","origin":[8,5.93451,8]},"faces":{"north":{"uv":[9.125,0.5,9.625,0.625],"texture":"#0"},"east":{"uv":[0.75,10,0.875,10.125],"texture":"#0"},"south":{"uv":[9.125,0.625,9.625,0.75],"texture":"#0"},"west":{"uv":[10,0.75,10.125,0.875],"texture":"#0"},"up":{"uv":[9.625,0.875,9.125,0.75],"texture":"#0"},"down":{"uv":[9.625,0.875,9.125,1],"texture":"#0"}}},{"from":[5.98209,16.92582,9.53746],"to":[10.01791,17.29188,9.82573],"rotation":{"angle":0,"axis":"y","origin":[8,5.93451,8]},"faces":{"north":{"uv":[9.125,0.125,9.625,0.25],"texture":"#0"},"east":{"uv":[0.625,10,0.75,10.125],"texture":"#0"},"south":{"uv":[9.125,0.25,9.625,0.375],"texture":"#0"},"west":{"uv":[10,0.625,10.125,0.75],"texture":"#0"},"up":{"uv":[0.875,9.25,0.375,9.125],"texture":"#0"},"down":{"uv":[9.625,0.375,9.125,0.5],"texture":"#0"}}},{"from":[5.69381,16.92582,6.46254],"to":[6.17427,17.29188,6.943],"rotation":{"angle":0,"axis":"y","origin":[8,5.93451,8]},"faces":{"north":{"uv":[0.25,10,0.375,10.125],"texture":"#0"},"east":{"uv":[10,0.25,10.125,0.375],"texture":"#0"},"south":{"uv":[0.375,10,0.5,10.125],"texture":"#0"},"west":{"uv":[10,0.375,10.125,0.5],"texture":"#0"},"up":{"uv":[0.625,10.125,0.5,10],"texture":"#0"},"down":{"uv":[10.125,0.5,10,0.625],"texture":"#0"}}},{"from":[9.82573,16.92582,6.46254],"to":[10.30619,17.29188,6.943],"rotation":{"angle":0,"axis":"y","origin":[8,5.93451,8]},"faces":{"north":{"uv":[9.875,9.75,10,9.875],"texture":"#0"},"east":{"uv":[9.875,9.875,10,10],"texture":"#0"},"south":{"uv":[0,10,0.125,10.125],"texture":"#0"},"west":{"uv":[10,0,10.125,0.125],"texture":"#0"},"up":{"uv":[0.25,10.125,0.125,10],"texture":"#0"},"down":{"uv":[10.125,0.125,10,0.25],"texture":"#0"}}},{"from":[9.82573,16.92582,9.057],"to":[10.30619,17.29188,9.53746],"rotation":{"angle":0,"axis":"y","origin":[8,5.93451,8]},"faces":{"north":{"uv":[9.875,9.375,10,9.5],"texture":"#0"},"east":{"uv":[9.5,9.875,9.625,10],"texture":"#0"},"south":{"uv":[9.875,9.5,10,9.625],"texture":"#0"},"west":{"uv":[9.625,9.875,9.75,10],"texture":"#0"},"up":{"uv":[10,9.75,9.875,9.625],"texture":"#0"},"down":{"uv":[9.875,9.875,9.75,10],"texture":"#0"}}},{"from":[5.69381,16.92582,9.057],"to":[6.17427,17.29188,9.53746],"rotation":{"angle":0,"axis":"y","origin":[8,5.93451,8]},"faces":{"north":{"uv":[9.875,9,10,9.125],"texture":"#0"},"east":{"uv":[9.125,9.875,9.25,10],"texture":"#0"},"south":{"uv":[9.875,9.125,10,9.25],"texture":"#0"},"west":{"uv":[9.25,9.875,9.375,10],"texture":"#0"},"up":{"uv":[10,9.375,9.875,9.25],"texture":"#0"},"down":{"uv":[9.5,9.875,9.375,10],"texture":"#0"}}},{"from":[5.21336,16.92582,6.75082],"to":[5.69381,17.29188,9.24918],"rotation":{"angle":0,"axis":"y","origin":[8,5.93451,8]},"faces":{"north":{"uv":[9.875,8.875,10,9],"texture":"#0"},"east":{"uv":[9.5,7.375,9.75,7.5],"texture":"#0"},"south":{"uv":[9,9.875,9.125,10],"texture":"#0"},"west":{"uv":[9.5,7.5,9.75,7.625],"texture":"#0"},"up":{"uv":[9.625,7.875,9.5,7.625],"texture":"#0"},"down":{"uv":[9.625,7.875,9.5,8.125],"texture":"#0"}}},{"from":[10.30619,16.92582,6.75082],"to":[10.78664,17.29188,9.24918],"rotation":{"angle":0,"axis":"y","origin":[8,5.93451,8]},"faces":{"north":{"uv":[9.875,8.75,10,8.875],"texture":"#0"},"east":{"uv":[9.5,6.875,9.75,7],"texture":"#0"},"south":{"uv":[8.875,9.875,9,10],"texture":"#0"},"west":{"uv":[9.5,7,9.75,7.125],"texture":"#0"},"up":{"uv":[6.75,9.75,6.625,9.5],"texture":"#0"},"down":{"uv":[9.625,7.125,9.5,7.375],"texture":"#0"}}},{"from":[9.20144,17.30676,6.90072],"to":[10.45224,17.6289,9.09928],"rotation":{"angle":0,"axis":"y","origin":[8,7.31851,8]},"faces":{"north":{"uv":[2.75,10,2.875,10.125],"texture":"#0"},"east":{"uv":[9.5,8.625,9.75,8.75],"texture":"#0"},"south":{"uv":[10,2.75,10.125,2.875],"texture":"#0"},"west":{"uv":[9.5,8.75,9.75,8.875],"texture":"#0"},"up":{"uv":[9.625,9.125,9.5,8.875],"texture":"#0"},"down":{"uv":[9.625,9.125,9.5,9.375],"texture":"#0"}}},{"from":[5.54776,17.30676,6.90072],"to":[6.79856,17.6289,9.09928],"rotation":{"angle":0,"axis":"y","origin":[8,7.31851,8]},"faces":{"north":{"uv":[2.625,10,2.75,10.125],"texture":"#0"},"east":{"uv":[9.5,8.125,9.75,8.25],"texture":"#0"},"south":{"uv":[10,2.625,10.125,2.75],"texture":"#0"},"west":{"uv":[9.5,8.25,9.75,8.375],"texture":"#0"},"up":{"uv":[9.625,8.625,9.5,8.375],"texture":"#0"},"down":{"uv":[8.75,9.5,8.625,9.75],"texture":"#0"}}},{"from":[5.97056,17.30676,8.93016],"to":[6.39336,17.6289,9.35296],"rotation":{"angle":0,"axis":"y","origin":[8,7.31851,8]},"faces":{"north":{"uv":[2.25,10,2.375,10.125],"texture":"#0"},"east":{"uv":[10,2.25,10.125,2.375],"texture":"#0"},"south":{"uv":[2.375,10,2.5,10.125],"texture":"#0"},"west":{"uv":[10,2.375,10.125,2.5],"texture":"#0"},"up":{"uv":[2.625,10.125,2.5,10],"texture":"#0"},"down":{"uv":[10.125,2.5,10,2.625],"texture":"#0"}}},{"from":[9.60664,17.30676,8.93016],"to":[10.02944,17.6289,9.35296],"rotation":{"angle":0,"axis":"y","origin":[8,7.31851,8]},"faces":{"north":{"uv":[1.875,10,2,10.125],"texture":"#0"},"east":{"uv":[10,1.875,10.125,2],"texture":"#0"},"south":{"uv":[2,10,2.125,10.125],"texture":"#0"},"west":{"uv":[10,2,10.125,2.125],"texture":"#0"},"up":{"uv":[2.25,10.125,2.125,10],"texture":"#0"},"down":{"uv":[10.125,2.125,10,2.25],"texture":"#0"}}},{"from":[9.60664,17.30676,6.64704],"to":[10.02944,17.6289,7.06984],"rotation":{"angle":0,"axis":"y","origin":[8,7.31851,8]},"faces":{"north":{"uv":[1.5,10,1.625,10.125],"texture":"#0"},"east":{"uv":[10,1.5,10.125,1.625],"texture":"#0"},"south":{"uv":[1.625,10,1.75,10.125],"texture":"#0"},"west":{"uv":[10,1.625,10.125,1.75],"texture":"#0"},"up":{"uv":[1.875,10.125,1.75,10],"texture":"#0"},"down":{"uv":[10.125,1.75,10,1.875],"texture":"#0"}}},{"from":[5.97056,17.30676,6.64704],"to":[6.39336,17.6289,7.06984],"rotation":{"angle":0,"axis":"y","origin":[8,7.31851,8]},"faces":{"north":{"uv":[1.125,10,1.25,10.125],"texture":"#0"},"east":{"uv":[10,1.125,10.125,1.25],"texture":"#0"},"south":{"uv":[1.25,10,1.375,10.125],"texture":"#0"},"west":{"uv":[10,1.25,10.125,1.375],"texture":"#0"},"up":{"uv":[1.5,10.125,1.375,10],"texture":"#0"},"down":{"uv":[10.125,1.375,10,1.5],"texture":"#0"}}},{"from":[6.22424,17.30676,9.35296],"to":[9.77576,17.6289,9.60664],"rotation":{"angle":0,"axis":"y","origin":[8,7.31851,8]},"faces":{"north":{"uv":[9.125,1.375,9.625,1.5],"texture":"#0"},"east":{"uv":[1,10,1.125,10.125],"texture":"#0"},"south":{"uv":[9.125,1.5,9.625,1.625],"texture":"#0"},"west":{"uv":[10,1,10.125,1.125],"texture":"#0"},"up":{"uv":[9.625,1.75,9.125,1.625],"texture":"#0"},"down":{"uv":[9.625,1.75,9.125,1.875],"texture":"#0"}}},{"from":[6.22424,17.30676,6.39336],"to":[9.77576,17.6289,6.64704],"rotation":{"angle":0,"axis":"y","origin":[8,7.31851,8]},"faces":{"north":{"uv":[9.125,1,9.625,1.125],"texture":"#0"},"east":{"uv":[0.875,10,1,10.125],"texture":"#0"},"south":{"uv":[1.125,9.125,1.625,9.25],"texture":"#0"},"west":{"uv":[10,0.875,10.125,1],"texture":"#0"},"up":{"uv":[9.625,1.25,9.125,1.125],"texture":"#0"},"down":{"uv":[9.625,1.25,9.125,1.375],"texture":"#0"}}},{"from":[6.28304,17.07926,6.21441],"to":[9.71696,25.66284,9.67398],"rotation":{"angle":0,"axis":"y","origin":[8,-3.1404,8]},"faces":{"north":{"uv":[5.375,1.25,5.75,2.375],"texture":"#0"},"east":{"uv":[5.375,2.375,5.75,3.5],"texture":"#0"},"south":{"uv":[5.375,3.5,5.75,4.625],"texture":"#0"},"west":{"uv":[5.375,4.625,5.75,5.75],"texture":"#0"},"up":{"uv":[2.875,7.625,2.5,7.25],"texture":"#0"},"down":{"uv":[7.75,0.5,7.375,0.875],"texture":"#0"}}},{"from":[5.90804,17.07926,6.58941],"to":[6.34196,25.66284,9.29898],"rotation":{"angle":0,"axis":"y","origin":[8,-3.1404,8]},"faces":{"north":{"uv":[2.875,7.25,3,8.375],"texture":"#0"},"east":{"uv":[5.75,0,6.125,1.125],"texture":"#0"},"south":{"uv":[3,7.25,3.125,8.375],"texture":"#0"},"west":{"uv":[5.75,1.125,6.125,2.25],"texture":"#0"},"up":{"uv":[4.125,9.875,4,9.5],"texture":"#0"},"down":{"uv":[9.625,4,9.5,4.375],"texture":"#0"}}},{"from":[9.65804,17.07926,6.58941],"to":[10.09196,25.66284,9.29898],"rotation":{"angle":0,"axis":"y","origin":[8,-3.1404,8]},"faces":{"north":{"uv":[7.375,3,7.5,4.125],"texture":"#0"},"east":{"uv":[5.75,2.25,6.125,3.375],"texture":"#0"},"south":{"uv":[3.5,7.375,3.625,8.5],"texture":"#0"},"west":{"uv":[5.75,3.375,6.125,4.5],"texture":"#0"},"up":{"uv":[4.25,9.875,4.125,9.5],"texture":"#0"},"down":{"uv":[4.375,9.5,4.25,9.875],"texture":"#0"}}},{"from":[6.58941,16.07926,5.90804],"to":[9.29898,25.66284,6.34196],"rotation":{"angle":0,"axis":"y","origin":[8,-3.1404,8]},"faces":{"north":{"uv":[5,4.75,5.375,6],"texture":"#0"},"east":{"uv":[2.25,7.25,2.375,8.5],"texture":"#0"},"south":{"uv":[5.375,0,5.75,1.25],"texture":"#0"},"west":{"uv":[2.375,7.25,2.5,8.5],"texture":"#0"},"up":{"uv":[9.875,4.625,9.5,4.5],"texture":"#0"},"down":{"uv":[9.875,4.625,9.5,4.75],"texture":"#0"}}},{"from":[6.58941,16.07926,9.65804],"to":[9.29898,25.66284,10.09196],"rotation":{"angle":0,"axis":"y","origin":[8,-3.1404,8]},"faces":{"north":{"uv":[4.25,4.75,4.625,6],"texture":"#0"},"east":{"uv":[3.375,7.125,3.5,8.375],"texture":"#0"},"south":{"uv":[4.625,4.75,5,6],"texture":"#0"},"west":{"uv":[2.125,7.25,2.25,8.5],"texture":"#0"},"up":{"uv":[4.75,9.625,4.375,9.5],"texture":"#0"},"down":{"uv":[9.875,4.375,9.5,4.5],"texture":"#0"}}},{"from":[7.33941,15.07926,10.03304],"to":[8.54898,25.66284,10.46696],"rotation":{"angle":0,"axis":"y","origin":[8,-3.1404,8]},"faces":{"north":{"uv":[4,6.875,4.125,8.25],"texture":"#0"},"east":{"uv":[4.125,6.875,4.25,8.25],"texture":"#0"},"south":{"uv":[1.125,7,1.25,8.375],"texture":"#0"},"west":{"uv":[1.25,7,1.375,8.375],"texture":"#0"},"up":{"uv":[3,10.125,2.875,10],"texture":"#0"},"down":{"uv":[10.125,2.875,10,3],"texture":"#0"}}},{"from":[7.33941,15.07926,5.53304],"to":[8.54898,25.66284,5.96696],"rotation":{"angle":0,"axis":"y","origin":[8,-3.1404,8]},"faces":{"north":{"uv":[1.375,7,1.5,8.375],"texture":"#0"},"east":{"uv":[1.5,7,1.625,8.375],"texture":"#0"},"south":{"uv":[1.625,7,1.75,8.375],"texture":"#0"},"west":{"uv":[1.75,7,1.875,8.375],"texture":"#0"},"up":{"uv":[3.125,10.125,3,10],"texture":"#0"},"down":{"uv":[10.125,3,10,3.125],"texture":"#0"}}},{"from":[5.53304,17.07926,7.45102],"to":[5.96696,25.66284,8.66059],"rotation":{"angle":0,"axis":"y","origin":[8,-3.1404,8]},"faces":{"north":{"uv":[3.625,7.375,3.75,8.5],"texture":"#0"},"east":{"uv":[3.75,7.375,3.875,8.5],"texture":"#0"},"south":{"uv":[3.875,7.375,4,8.5],"texture":"#0"},"west":{"uv":[7.375,4.125,7.5,5.25],"texture":"#0"},"up":{"uv":[3.25,10.125,3.125,10],"texture":"#0"},"down":{"uv":[10.125,3.125,10,3.25],"texture":"#0"}}},{"from":[10.03304,17.07926,7.45102],"to":[10.46696,25.66284,8.66059],"rotation":{"angle":0,"axis":"y","origin":[8,-3.1404,8]},"faces":{"north":{"uv":[7.375,7.125,7.5,8.25],"texture":"#0"},"east":{"uv":[0,7.5,0.125,8.625],"texture":"#0"},"south":{"uv":[0.125,7.5,0.25,8.625],"texture":"#0"},"west":{"uv":[0.25,7.5,0.375,8.625],"texture":"#0"},"up":{"uv":[3.375,10.125,3.25,10],"texture":"#0"},"down":{"uv":[10.125,3.25,10,3.375],"texture":"#0"}}},{"from":[6.19015,24.64883,6.11782],"to":[9.80985,28.84328,9.76454],"rotation":{"angle":0,"axis":"y","origin":[8,-5.49159,8]},"faces":{"north":{"uv":[6.875,3,7.375,3.5],"texture":"#0"},"east":{"uv":[3.5,6.875,4,7.375],"texture":"#0"},"south":{"uv":[6.875,3.5,7.375,4],"texture":"#0"},"west":{"uv":[6.875,4,7.375,4.5],"texture":"#0"},"up":{"uv":[7.375,5,6.875,4.5],"texture":"#0"},"down":{"uv":[7.375,5,6.875,5.5],"texture":"#0"}}},{"from":[5.79486,24.64883,6.5131],"to":[6.25226,28.84328,9.36925],"rotation":{"angle":0,"axis":"y","origin":[8,-5.49159,8]},"faces":{"north":{"uv":[1,9.5,1.125,10],"texture":"#0"},"east":{"uv":[7,0.5,7.375,1],"texture":"#0"},"south":{"uv":[9.5,1.875,9.625,2.375],"texture":"#0"},"west":{"uv":[0.75,7,1.125,7.5],"texture":"#0"},"up":{"uv":[9.625,5.625,9.5,5.25],"texture":"#0"},"down":{"uv":[9.625,5.625,9.5,6],"texture":"#0"}}},{"from":[9.74774,24.64883,6.5131],"to":[10.20514,28.84328,9.36925],"rotation":{"angle":0,"axis":"y","origin":[8,-5.49159,8]},"faces":{"north":{"uv":[8.75,9.375,8.875,9.875],"texture":"#0"},"east":{"uv":[7,0,7.375,0.5],"texture":"#0"},"south":{"uv":[9.375,9.125,9.5,9.625],"texture":"#0"},"west":{"uv":[0.375,7,0.75,7.5],"texture":"#0"},"up":{"uv":[4.875,9.875,4.75,9.5],"texture":"#0"},"down":{"uv":[5,9.5,4.875,9.875],"texture":"#0"}}},{"from":[6.5131,24.64883,9.74774],"to":[9.36925,28.84328,10.20514],"rotation":{"angle":0,"axis":"y","origin":[8,-5.49159,8]},"faces":{"north":{"uv":[6.875,6.5,7.25,7],"texture":"#0"},"east":{"uv":[9.375,6.875,9.5,7.375],"texture":"#0"},"south":{"uv":[0,7,0.375,7.5],"texture":"#0"},"west":{"uv":[9.375,7.375,9.5,7.875],"texture":"#0"},"up":{"uv":[9.875,5.125,9.5,5],"texture":"#0"},"down":{"uv":[9.875,5.125,9.5,5.25],"texture":"#0"}}},{"from":[6.5131,24.64883,5.79486],"to":[9.36925,28.84328,6.25226],"rotation":{"angle":0,"axis":"y","origin":[8,-5.49159,8]},"faces":{"north":{"uv":[6.875,5.5,7.25,6],"texture":"#0"},"east":{"uv":[9.375,5.875,9.5,6.375],"texture":"#0"},"south":{"uv":[6.875,6,7.25,6.5],"texture":"#0"},"west":{"uv":[9.375,6.375,9.5,6.875],"texture":"#0"},"up":{"uv":[9.875,4.875,9.5,4.75],"texture":"#0"},"down":{"uv":[9.875,4.875,9.5,5],"texture":"#0"}}},{"from":[7.30368,24.64883,10.14302],"to":[8.57868,28.84328,10.60042],"rotation":{"angle":0,"axis":"y","origin":[8,-5.49159,8]},"faces":{"north":{"uv":[9.375,3.875,9.5,4.375],"texture":"#0"},"east":{"uv":[9.375,4.375,9.5,4.875],"texture":"#0"},"south":{"uv":[9.375,4.875,9.5,5.375],"texture":"#0"},"west":{"uv":[9.375,5.375,9.5,5.875],"texture":"#0"},"up":{"uv":[2.625,10.375,2.5,10.25],"texture":"#0"},"down":{"uv":[10.375,2.5,10.25,2.625],"texture":"#0"}}},{"from":[7.30368,24.64883,5.39958],"to":[8.57868,28.84328,5.85698],"rotation":{"angle":0,"axis":"y","origin":[8,-5.49159,8]},"faces":{"north":{"uv":[9.375,1.875,9.5,2.375],"texture":"#0"},"east":{"uv":[9.375,2.375,9.5,2.875],"texture":"#0"},"south":{"uv":[9.375,2.875,9.5,3.375],"texture":"#0"},"west":{"uv":[9.375,3.375,9.5,3.875],"texture":"#0"},"up":{"uv":[2.5,10.375,2.375,10.25],"texture":"#0"},"down":{"uv":[10.375,2.375,10.25,2.5],"texture":"#0"}}},{"from":[5.39958,24.64883,7.42132],"to":[5.85698,28.84328,8.69632],"rotation":{"angle":0,"axis":"y","origin":[8,-5.49159,8]},"faces":{"north":{"uv":[9.25,6.375,9.375,6.875],"texture":"#0"},"east":{"uv":[9.25,6.875,9.375,7.375],"texture":"#0"},"south":{"uv":[9.25,7.375,9.375,7.875],"texture":"#0"},"west":{"uv":[9.25,9.125,9.375,9.625],"texture":"#0"},"up":{"uv":[2.375,10.375,2.25,10.25],"texture":"#0"},"down":{"uv":[10.375,2.25,10.25,2.375],"texture":"#0"}}},{"from":[10.14302,24.64883,7.42132],"to":[10.60042,28.84328,8.69632],"rotation":{"angle":0,"axis":"y","origin":[8,-5.49159,8]},"faces":{"north":{"uv":[9.25,5.875,9.375,6.375],"texture":"#0"},"east":{"uv":[6,9.25,6.125,9.75],"texture":"#0"},"south":{"uv":[6.125,9.25,6.25,9.75],"texture":"#0"},"west":{"uv":[6.25,9.25,6.375,9.75],"texture":"#0"},"up":{"uv":[2.25,10.375,2.125,10.25],"texture":"#0"},"down":{"uv":[10.375,2.125,10.25,2.25],"texture":"#0"}}},{"from":[10.15502,18.66176,7.41808],"to":[10.61498,24.08035,8.70022],"rotation":{"angle":0,"axis":"y","origin":[8,-4.61108,8]},"faces":{"north":{"uv":[3.375,8.375,3.5,9],"texture":"#0"},"east":{"uv":[5,8.375,5.125,9],"texture":"#0"},"south":{"uv":[5.125,8.375,5.25,9],"texture":"#0"},"west":{"uv":[5.25,8.375,5.375,9],"texture":"#0"},"up":{"uv":[3.5,10.125,3.375,10],"texture":"#0"},"down":{"uv":[10.125,3.375,10,3.5],"texture":"#0"}}},{"from":[5.38502,18.66176,7.41808],"to":[5.84498,24.08035,8.70022],"rotation":{"angle":0,"axis":"y","origin":[8,-4.61108,8]},"faces":{"north":{"uv":[8.375,6,8.5,6.625],"texture":"#0"},"east":{"uv":[7.375,8.375,7.5,9],"texture":"#0"},"south":{"uv":[7.5,8.375,7.625,9],"texture":"#0"},"west":{"uv":[7.625,8.375,7.75,9],"texture":"#0"},"up":{"uv":[3.625,10.125,3.5,10],"texture":"#0"},"down":{"uv":[10.125,3.5,10,3.625],"texture":"#0"}}},{"from":[7.29978,18.66176,5.38502],"to":[8.58192,24.08035,5.84498],"rotation":{"angle":0,"axis":"y","origin":[8,-4.61108,8]},"faces":{"north":{"uv":[7.75,8.375,7.875,9],"texture":"#0"},"east":{"uv":[7.875,8.375,8,9],"texture":"#0"},"south":{"uv":[8,8.375,8.125,9],"texture":"#0"},"west":{"uv":[8.125,8.375,8.25,9],"texture":"#0"},"up":{"uv":[3.75,10.125,3.625,10],"texture":"#0"},"down":{"uv":[10.125,3.625,10,3.75],"texture":"#0"}}},{"from":[7.29978,18.66176,10.15502],"to":[8.58192,24.08035,10.61498],"rotation":{"angle":0,"axis":"y","origin":[8,-4.61108,8]},"faces":{"north":{"uv":[8.25,8.375,8.375,9],"texture":"#0"},"east":{"uv":[8.375,8.375,8.5,9],"texture":"#0"},"south":{"uv":[8.5,0,8.625,0.625],"texture":"#0"},"west":{"uv":[0.375,8.5,0.5,9.125],"texture":"#0"},"up":{"uv":[3.875,10.125,3.75,10],"texture":"#0"},"down":{"uv":[10.125,3.75,10,3.875],"texture":"#0"}}},{"from":[8.35978,18.66176,5.78252],"to":[9.37692,24.08035,6.24248],"rotation":{"angle":0,"axis":"y","origin":[8,-4.61108,8]},"faces":{"north":{"uv":[0.5,8.5,0.625,9.125],"texture":"#0"},"east":{"uv":[0.625,8.5,0.75,9.125],"texture":"#0"},"south":{"uv":[0.75,8.5,0.875,9.125],"texture":"#0"},"west":{"uv":[0.875,8.5,1,9.125],"texture":"#0"},"up":{"uv":[4,10.125,3.875,10],"texture":"#0"},"down":{"uv":[10.125,3.875,10,4],"texture":"#0"}}},{"from":[8.35978,18.66176,9.75752],"to":[9.37692,24.08035,10.21748],"rotation":{"angle":0,"axis":"y","origin":[8,-4.61108,8]},"faces":{"north":{"uv":[1.125,8.5,1.25,9.125],"texture":"#0"},"east":{"uv":[1.25,8.5,1.375,9.125],"texture":"#0"},"south":{"uv":[1.375,8.5,1.5,9.125],"texture":"#0"},"west":{"uv":[1.5,8.5,1.625,9.125],"texture":"#0"},"up":{"uv":[4.125,10.125,4,10],"texture":"#0"},"down":{"uv":[10.125,4,10,4.125],"texture":"#0"}}},{"from":[9.75752,18.66176,8.62478],"to":[10.21748,24.08035,9.37692],"rotation":{"angle":0,"axis":"y","origin":[8,-4.61108,8]},"faces":{"north":{"uv":[1.625,8.5,1.75,9.125],"texture":"#0"},"east":{"uv":[2.125,8.5,2.25,9.125],"texture":"#0"},"south":{"uv":[2.25,8.5,2.375,9.125],"texture":"#0"},"west":{"uv":[2.375,8.5,2.5,9.125],"texture":"#0"},"up":{"uv":[4.25,10.125,4.125,10],"texture":"#0"},"down":{"uv":[10.125,4.125,10,4.25],"texture":"#0"}}},{"from":[5.78252,18.66176,8.62478],"to":[6.24248,24.08035,9.37692],"rotation":{"angle":0,"axis":"y","origin":[8,-4.61108,8]},"faces":{"north":{"uv":[2.5,8.5,2.625,9.125],"texture":"#0"},"east":{"uv":[2.625,8.5,2.75,9.125],"texture":"#0"},"south":{"uv":[2.75,8.5,2.875,9.125],"texture":"#0"},"west":{"uv":[8.5,3,8.625,3.625],"texture":"#0"},"up":{"uv":[4.375,10.125,4.25,10],"texture":"#0"},"down":{"uv":[10.125,4.25,10,4.375],"texture":"#0"}}},{"from":[6.18002,18.66176,6.10728],"to":[6.63998,24.08035,6.59442],"rotation":{"angle":0,"axis":"y","origin":[8,-4.61108,8]},"faces":{"north":{"uv":[3.125,8.5,3.25,9.125],"texture":"#0"},"east":{"uv":[3.25,8.5,3.375,9.125],"texture":"#0"},"south":{"uv":[3.5,8.5,3.625,9.125],"texture":"#0"},"west":{"uv":[3.625,8.5,3.75,9.125],"texture":"#0"},"up":{"uv":[4.5,10.125,4.375,10],"texture":"#0"},"down":{"uv":[10.125,4.375,10,4.5],"texture":"#0"}}},{"from":[9.36002,18.66176,9.28728],"to":[9.81998,24.08035,9.77442],"rotation":{"angle":0,"axis":"y","origin":[8,-4.61108,8]},"faces":{"north":{"uv":[8.5,3.625,8.625,4.25],"texture":"#0"},"east":{"uv":[3.75,8.5,3.875,9.125],"texture":"#0"},"south":{"uv":[3.875,8.5,4,9.125],"texture":"#0"},"west":{"uv":[8.5,4.25,8.625,4.875],"texture":"#0"},"up":{"uv":[4.625,10.125,4.5,10],"texture":"#0"},"down":{"uv":[10.125,4.5,10,4.625],"texture":"#0"}}},{"from":[9.36002,18.66176,6.10728],"to":[9.81998,24.08035,6.59442],"rotation":{"angle":0,"axis":"y","origin":[8,-4.61108,8]},"faces":{"north":{"uv":[8.5,6,8.625,6.625],"texture":"#0"},"east":{"uv":[6.375,8.5,6.5,9.125],"texture":"#0"},"south":{"uv":[6.875,8.5,7,9.125],"texture":"#0"},"west":{"uv":[7,8.5,7.125,9.125],"texture":"#0"},"up":{"uv":[4.75,10.125,4.625,10],"texture":"#0"},"down":{"uv":[10.125,4.625,10,4.75],"texture":"#0"}}},{"from":[6.18002,18.66176,9.28728],"to":[6.63998,24.08035,9.77442],"rotation":{"angle":0,"axis":"y","origin":[8,-4.61108,8]},"faces":{"north":{"uv":[7.125,8.5,7.25,9.125],"texture":"#0"},"east":{"uv":[7.25,8.5,7.375,9.125],"texture":"#0"},"south":{"uv":[8.5,8.375,8.625,9],"texture":"#0"},"west":{"uv":[0,8.625,0.125,9.25],"texture":"#0"},"up":{"uv":[4.875,10.125,4.75,10],"texture":"#0"},"down":{"uv":[10.125,4.75,10,4.875],"texture":"#0"}}},{"from":[9.75752,18.66176,6.50478],"to":[10.21748,24.08035,7.52192],"rotation":{"angle":0,"axis":"y","origin":[8,-4.61108,8]},"faces":{"north":{"uv":[8.625,0,8.75,0.625],"texture":"#0"},"east":{"uv":[0.125,8.625,0.25,9.25],"texture":"#0"},"south":{"uv":[0.25,8.625,0.375,9.25],"texture":"#0"},"west":{"uv":[1.875,8.625,2,9.25],"texture":"#0"},"up":{"uv":[5,10.125,4.875,10],"texture":"#0"},"down":{"uv":[10.125,4.875,10,5],"texture":"#0"}}},{"from":[5.78252,18.66176,6.50478],"to":[6.24248,24.08035,7.52192],"rotation":{"angle":0,"axis":"y","origin":[8,-4.61108,8]},"faces":{"north":{"uv":[2,8.625,2.125,9.25],"texture":"#0"},"east":{"uv":[8.625,2.25,8.75,2.875],"texture":"#0"},"south":{"uv":[8.625,2.875,8.75,3.5],"texture":"#0"},"west":{"uv":[8.625,3.5,8.75,4.125],"texture":"#0"},"up":{"uv":[5.125,10.125,5,10],"texture":"#0"},"down":{"uv":[10.125,5,10,5.125],"texture":"#0"}}},{"from":[6.50478,18.66176,9.75752],"to":[7.52192,24.08035,10.21748],"rotation":{"angle":0,"axis":"y","origin":[8,-4.61108,8]},"faces":{"north":{"uv":[8.625,4.125,8.75,4.75],"texture":"#0"},"east":{"uv":[5.375,8.625,5.5,9.25],"texture":"#0"},"south":{"uv":[5.5,8.625,5.625,9.25],"texture":"#0"},"west":{"uv":[5.625,8.625,5.75,9.25],"texture":"#0"},"up":{"uv":[5.25,10.125,5.125,10],"texture":"#0"},"down":{"uv":[10.125,5.125,10,5.25],"texture":"#0"}}},{"from":[6.50478,18.66176,5.78252],"to":[7.52192,24.08035,6.24248],"rotation":{"angle":0,"axis":"y","origin":[8,-4.61108,8]},"faces":{"north":{"uv":[5.75,8.625,5.875,9.25],"texture":"#0"},"east":{"uv":[5.875,8.625,6,9.25],"texture":"#0"},"south":{"uv":[6,8.625,6.125,9.25],"texture":"#0"},"west":{"uv":[8.625,6,8.75,6.625],"texture":"#0"},"up":{"uv":[5.375,10.125,5.25,10],"texture":"#0"},"down":{"uv":[10.125,5.25,10,5.375],"texture":"#0"}}},{"from":[10.28432,19.0142,7.38317],"to":[10.77188,23.72791,8.74223],"rotation":{"angle":0,"axis":"y","origin":[8,-6.20001,8]},"faces":{"north":{"uv":[6.125,8.625,6.25,9.25],"texture":"#0"},"east":{"uv":[6.25,8.625,6.375,9.25],"texture":"#0"},"south":{"uv":[8.625,7.125,8.75,7.75],"texture":"#0"},"west":{"uv":[8.625,8.25,8.75,8.875],"texture":"#0"},"up":{"uv":[5.5,10.125,5.375,10],"texture":"#0"},"down":{"uv":[10.125,5.375,10,5.5],"texture":"#0"}}},{"from":[5.22812,19.0142,7.38317],"to":[5.71568,23.72791,8.74223],"rotation":{"angle":0,"axis":"y","origin":[8,-6.20001,8]},"faces":{"north":{"uv":[8.75,0,8.875,0.625],"texture":"#0"},"east":{"uv":[8.75,2.25,8.875,2.875],"texture":"#0"},"south":{"uv":[8.75,2.875,8.875,3.5],"texture":"#0"},"west":{"uv":[8.75,3.5,8.875,4.125],"texture":"#0"},"up":{"uv":[5.625,10.125,5.5,10],"texture":"#0"},"down":{"uv":[10.125,5.5,10,5.625],"texture":"#0"}}},{"from":[7.25777,19.0142,5.22812],"to":[8.61683,23.72791,5.71568],"rotation":{"angle":0,"axis":"y","origin":[8,-6.20001,8]},"faces":{"north":{"uv":[8.75,4.125,8.875,4.75],"texture":"#0"},"east":{"uv":[8.75,6,8.875,6.625],"texture":"#0"},"south":{"uv":[8.75,6.625,8.875,7.25],"texture":"#0"},"west":{"uv":[8.75,7.25,8.875,7.875],"texture":"#0"},"up":{"uv":[5.75,10.125,5.625,10],"texture":"#0"},"down":{"uv":[10.125,5.625,10,5.75],"texture":"#0"}}},{"from":[7.25777,19.0142,10.28432],"to":[8.61683,23.72791,10.77188],"rotation":{"angle":0,"axis":"y","origin":[8,-6.20001,8]},"faces":{"north":{"uv":[8.75,8.125,8.875,8.75],"texture":"#0"},"east":{"uv":[8.75,8.75,8.875,9.375],"texture":"#0"},"south":{"uv":[8.875,0,9,0.625],"texture":"#0"},"west":{"uv":[1,8.875,1.125,9.5],"texture":"#0"},"up":{"uv":[5.875,10.125,5.75,10],"texture":"#0"},"down":{"uv":[10.125,5.75,10,5.875],"texture":"#0"}}},{"from":[8.38137,19.0142,5.64947],"to":[9.45953,23.72791,6.13703],"rotation":{"angle":0,"axis":"y","origin":[8,-6.20001,8]},"faces":{"north":{"uv":[8.875,2,9,2.625],"texture":"#0"},"east":{"uv":[8.875,2.625,9,3.25],"texture":"#0"},"south":{"uv":[8.875,3.25,9,3.875],"texture":"#0"},"west":{"uv":[8.875,3.875,9,4.5],"texture":"#0"},"up":{"uv":[6,10.125,5.875,10],"texture":"#0"},"down":{"uv":[10.125,5.875,10,6],"texture":"#0"}}},{"from":[8.38137,19.0142,9.86297],"to":[9.45953,23.72791,10.35053],"rotation":{"angle":0,"axis":"y","origin":[8,-6.20001,8]},"faces":{"north":{"uv":[4,8.875,4.125,9.5],"texture":"#0"},"east":{"uv":[4.125,8.875,4.25,9.5],"texture":"#0"},"south":{"uv":[4.25,8.875,4.375,9.5],"texture":"#0"},"west":{"uv":[4.375,8.875,4.5,9.5],"texture":"#0"},"up":{"uv":[6.125,10.125,6,10],"texture":"#0"},"down":{"uv":[10.125,6,10,6.125],"texture":"#0"}}},{"from":[9.86297,19.0142,8.66227],"to":[10.35053,23.72791,9.45953],"rotation":{"angle":0,"axis":"y","origin":[8,-6.20001,8]},"faces":{"north":{"uv":[4.5,8.875,4.625,9.5],"texture":"#0"},"east":{"uv":[8.875,4.5,9,5.125],"texture":"#0"},"south":{"uv":[4.625,8.875,4.75,9.5],"texture":"#0"},"west":{"uv":[4.75,8.875,4.875,9.5],"texture":"#0"},"up":{"uv":[6.25,10.125,6.125,10],"texture":"#0"},"down":{"uv":[10.125,6.125,10,6.25],"texture":"#0"}}},{"from":[5.64947,19.0142,8.66227],"to":[6.13703,23.72791,9.45953],"rotation":{"angle":0,"axis":"y","origin":[8,-6.20001,8]},"faces":{"north":{"uv":[4.875,8.875,5,9.5],"texture":"#0"},"east":{"uv":[8.875,6,9,6.625],"texture":"#0"},"south":{"uv":[6.625,8.875,6.75,9.5],"texture":"#0"},"west":{"uv":[8.875,6.625,9,7.25],"texture":"#0"},"up":{"uv":[6.375,10.125,6.25,10],"texture":"#0"},"down":{"uv":[10.125,6.25,10,6.375],"texture":"#0"}}},{"from":[6.07082,19.0142,5.99372],"to":[6.55838,23.72791,6.51008],"rotation":{"angle":0,"axis":"y","origin":[8,-6.20001,8]},"faces":{"north":{"uv":[8.875,7.25,9,7.875],"texture":"#0"},"east":{"uv":[8.875,7.875,9,8.5],"texture":"#0"},"south":{"uv":[8.875,8.5,9,9.125],"texture":"#0"},"west":{"uv":[8.625,8.875,8.75,9.5],"texture":"#0"},"up":{"uv":[6.5,10.125,6.375,10],"texture":"#0"},"down":{"uv":[10.125,6.375,10,6.5],"texture":"#0"}}},{"from":[9.44162,19.0142,9.36452],"to":[9.92918,23.72791,9.88088],"rotation":{"angle":0,"axis":"y","origin":[8,-6.20001,8]},"faces":{"north":{"uv":[9,0,9.125,0.625],"texture":"#0"},"east":{"uv":[9,0.625,9.125,1.25],"texture":"#0"},"south":{"uv":[9,1.25,9.125,1.875],"texture":"#0"},"west":{"uv":[1.75,9,1.875,9.625],"texture":"#0"},"up":{"uv":[6.625,10.125,6.5,10],"texture":"#0"},"down":{"uv":[10.125,6.5,10,6.625],"texture":"#0"}}},{"from":[9.44162,19.0142,5.99372],"to":[9.92918,23.72791,6.51008],"rotation":{"angle":0,"axis":"y","origin":[8,-6.20001,8]},"faces":{"north":{"uv":[9,1.875,9.125,2.5],"texture":"#0"},"east":{"uv":[9,2.5,9.125,3.125],"texture":"#0"},"south":{"uv":[2.875,9,3,9.625],"texture":"#0"},"west":{"uv":[3,9,3.125,9.625],"texture":"#0"},"up":{"uv":[6.75,10.125,6.625,10],"texture":"#0"},"down":{"uv":[10.125,6.625,10,6.75],"texture":"#0"}}},{"from":[6.07082,19.0142,9.36452],"to":[6.55838,23.72791,9.88088],"rotation":{"angle":0,"axis":"y","origin":[8,-6.20001,8]},"faces":{"north":{"uv":[9,3.125,9.125,3.75],"texture":"#0"},"east":{"uv":[3.375,9,3.5,9.625],"texture":"#0"},"south":{"uv":[9,3.75,9.125,4.375],"texture":"#0"},"west":{"uv":[9,4.375,9.125,5],"texture":"#0"},"up":{"uv":[6.875,10.125,6.75,10],"texture":"#0"},"down":{"uv":[10.125,6.75,10,6.875],"texture":"#0"}}},{"from":[9.86297,19.0142,6.41507],"to":[10.35053,23.72791,7.49323],"rotation":{"angle":0,"axis":"y","origin":[8,-6.20001,8]},"faces":{"north":{"uv":[5,9,5.125,9.625],"texture":"#0"},"east":{"uv":[9,5,9.125,5.625],"texture":"#0"},"south":{"uv":[5.125,9,5.25,9.625],"texture":"#0"},"west":{"uv":[5.25,9,5.375,9.625],"texture":"#0"},"up":{"uv":[7,10.125,6.875,10],"texture":"#0"},"down":{"uv":[10.125,6.875,10,7],"texture":"#0"}}},{"from":[5.64947,19.0142,6.41507],"to":[6.13703,23.72791,7.49323],"rotation":{"angle":0,"axis":"y","origin":[8,-6.20001,8]},"faces":{"north":{"uv":[9,5.625,9.125,6.25],"texture":"#0"},"east":{"uv":[9,6.25,9.125,6.875],"texture":"#0"},"south":{"uv":[6.5,9,6.625,9.625],"texture":"#0"},"west":{"uv":[6.75,9,6.875,9.625],"texture":"#0"},"up":{"uv":[7.125,10.125,7,10],"texture":"#0"},"down":{"uv":[10.125,7,10,7.125],"texture":"#0"}}},{"from":[6.41507,19.0142,9.86297],"to":[7.49323,23.72791,10.35053],"rotation":{"angle":0,"axis":"y","origin":[8,-6.20001,8]},"faces":{"north":{"uv":[9,6.875,9.125,7.5],"texture":"#0"},"east":{"uv":[7.375,9,7.5,9.625],"texture":"#0"},"south":{"uv":[7.5,9,7.625,9.625],"texture":"#0"},"west":{"uv":[9,7.5,9.125,8.125],"texture":"#0"},"up":{"uv":[7.25,10.125,7.125,10],"texture":"#0"},"down":{"uv":[10.125,7.125,10,7.25],"texture":"#0"}}},{"from":[6.41507,19.0142,5.64947],"to":[7.49323,23.72791,6.13703],"rotation":{"angle":0,"axis":"y","origin":[8,-6.20001,8]},"faces":{"north":{"uv":[7.625,9,7.75,9.625],"texture":"#0"},"east":{"uv":[7.75,9,7.875,9.625],"texture":"#0"},"south":{"uv":[7.875,9,8,9.625],"texture":"#0"},"west":{"uv":[8,9,8.125,9.625],"texture":"#0"},"up":{"uv":[7.375,10.125,7.25,10],"texture":"#0"},"down":{"uv":[10.125,7.25,10,7.375],"texture":"#0"}}},{"from":[10.44422,19.40172,7.33999],"to":[10.96591,23.34039,8.79419],"rotation":{"angle":0,"axis":"y","origin":[8,-8.16498,8]},"faces":{"north":{"uv":[0.875,9.125,1,9.625],"texture":"#0"},"east":{"uv":[1.625,9.125,1.75,9.625],"texture":"#0"},"south":{"uv":[9.125,1.875,9.25,2.375],"texture":"#0"},"west":{"uv":[2.125,9.125,2.25,9.625],"texture":"#0"},"up":{"uv":[7.5,10.125,7.375,10],"texture":"#0"},"down":{"uv":[10.125,7.375,10,7.5],"texture":"#0"}}},{"from":[5.03409,19.40172,7.33999],"to":[5.55578,23.34039,8.79419],"rotation":{"angle":0,"axis":"y","origin":[8,-8.16498,8]},"faces":{"north":{"uv":[2.25,9.125,2.375,9.625],"texture":"#0"},"east":{"uv":[2.375,9.125,2.5,9.625],"texture":"#0"},"south":{"uv":[9.125,2.375,9.25,2.875],"texture":"#0"},"west":{"uv":[2.5,9.125,2.625,9.625],"texture":"#0"},"up":{"uv":[7.625,10.125,7.5,10],"texture":"#0"},"down":{"uv":[10.125,7.5,10,7.625],"texture":"#0"}}},{"from":[7.20581,19.40172,5.03409],"to":[8.66001,23.34039,5.55578],"rotation":{"angle":0,"axis":"y","origin":[8,-8.16498,8]},"faces":{"north":{"uv":[2.625,9.125,2.75,9.625],"texture":"#0"},"east":{"uv":[2.75,9.125,2.875,9.625],"texture":"#0"},"south":{"uv":[9.125,2.875,9.25,3.375],"texture":"#0"},"west":{"uv":[3.125,9.125,3.25,9.625],"texture":"#0"},"up":{"uv":[7.75,10.125,7.625,10],"texture":"#0"},"down":{"uv":[10.125,7.625,10,7.75],"texture":"#0"}}},{"from":[7.20581,19.40172,10.44422],"to":[8.66001,23.34039,10.96591],"rotation":{"angle":0,"axis":"y","origin":[8,-8.16498,8]},"faces":{"north":{"uv":[3.25,9.125,3.375,9.625],"texture":"#0"},"east":{"uv":[9.125,3.375,9.25,3.875],"texture":"#0"},"south":{"uv":[3.5,9.125,3.625,9.625],"texture":"#0"},"west":{"uv":[3.625,9.125,3.75,9.625],"texture":"#0"},"up":{"uv":[7.875,10.125,7.75,10],"texture":"#0"},"down":{"uv":[10.125,7.75,10,7.875],"texture":"#0"}}},{"from":[8.40806,19.40172,5.48493],"to":[9.5617,23.34039,6.00662],"rotation":{"angle":0,"axis":"y","origin":[8,-8.16498,8]},"faces":{"north":{"uv":[3.75,9.125,3.875,9.625],"texture":"#0"},"east":{"uv":[3.875,9.125,4,9.625],"texture":"#0"},"south":{"uv":[9.125,3.875,9.25,4.375],"texture":"#0"},"west":{"uv":[9.125,4.375,9.25,4.875],"texture":"#0"},"up":{"uv":[8,10.125,7.875,10],"texture":"#0"},"down":{"uv":[10.125,7.875,10,8],"texture":"#0"}}},{"from":[8.40806,19.40172,9.99338],"to":[9.5617,23.34039,10.51507],"rotation":{"angle":0,"axis":"y","origin":[8,-8.16498,8]},"faces":{"north":{"uv":[9.125,4.875,9.25,5.375],"texture":"#0"},"east":{"uv":[9.125,5.375,9.25,5.875],"texture":"#0"},"south":{"uv":[9.125,5.875,9.25,6.375],"texture":"#0"},"west":{"uv":[6.375,9.125,6.5,9.625],"texture":"#0"},"up":{"uv":[8.125,10.125,8,10],"texture":"#0"},"down":{"uv":[10.125,8,10,8.125],"texture":"#0"}}},{"from":[9.99338,19.40172,8.70863],"to":[10.51507,23.34039,9.5617],"rotation":{"angle":0,"axis":"y","origin":[8,-8.16498,8]},"faces":{"north":{"uv":[9.125,6.375,9.25,6.875],"texture":"#0"},"east":{"uv":[6.875,9.125,7,9.625],"texture":"#0"},"south":{"uv":[9.125,6.875,9.25,7.375],"texture":"#0"},"west":{"uv":[7,9.125,7.125,9.625],"texture":"#0"},"up":{"uv":[8.25,10.125,8.125,10],"texture":"#0"},"down":{"uv":[10.125,8.125,10,8.25],"texture":"#0"}}},{"from":[5.48493,19.40172,8.70863],"to":[6.00662,23.34039,9.5617],"rotation":{"angle":0,"axis":"y","origin":[8,-8.16498,8]},"faces":{"north":{"uv":[7.125,9.125,7.25,9.625],"texture":"#0"},"east":{"uv":[7.25,9.125,7.375,9.625],"texture":"#0"},"south":{"uv":[9.125,7.375,9.25,7.875],"texture":"#0"},"west":{"uv":[8.125,9.125,8.25,9.625],"texture":"#0"},"up":{"uv":[8.375,10.125,8.25,10],"texture":"#0"},"down":{"uv":[10.125,8.25,10,8.375],"texture":"#0"}}},{"from":[5.93578,19.40172,5.85328],"to":[6.45747,23.34039,6.40579],"rotation":{"angle":0,"axis":"y","origin":[8,-8.16498,8]},"faces":{"north":{"uv":[8.25,9.125,8.375,9.625],"texture":"#0"},"east":{"uv":[8.375,9.125,8.5,9.625],"texture":"#0"},"south":{"uv":[8.5,9.125,8.625,9.625],"texture":"#0"},"west":{"uv":[8.875,9.125,9,9.625],"texture":"#0"},"up":{"uv":[8.5,10.125,8.375,10],"texture":"#0"},"down":{"uv":[10.125,8.375,10,8.5],"texture":"#0"}}},{"from":[9.54253,19.40172,9.46003],"to":[10.06422,23.34039,10.01255],"rotation":{"angle":0,"axis":"y","origin":[8,-8.16498,8]},"faces":{"north":{"uv":[9,9.125,9.125,9.625],"texture":"#0"},"east":{"uv":[9.125,9.125,9.25,9.625],"texture":"#0"},"south":{"uv":[0,9.25,0.125,9.75],"texture":"#0"},"west":{"uv":[0.125,9.25,0.25,9.75],"texture":"#0"},"up":{"uv":[8.625,10.125,8.5,10],"texture":"#0"},"down":{"uv":[10.125,8.5,10,8.625],"texture":"#0"}}},{"from":[9.54253,19.40172,5.85328],"to":[10.06422,23.34039,6.40579],"rotation":{"angle":0,"axis":"y","origin":[8,-8.16498,8]},"faces":{"north":{"uv":[0.25,9.25,0.375,9.75],"texture":"#0"},"east":{"uv":[0.375,9.25,0.5,9.75],"texture":"#0"},"south":{"uv":[0.5,9.25,0.625,9.75],"texture":"#0"},"west":{"uv":[0.625,9.25,0.75,9.75],"texture":"#0"},"up":{"uv":[8.75,10.125,8.625,10],"texture":"#0"},"down":{"uv":[10.125,8.625,10,8.75],"texture":"#0"}}},{"from":[5.93578,19.40172,9.46003],"to":[6.45747,23.34039,10.01255],"rotation":{"angle":0,"axis":"y","origin":[8,-8.16498,8]},"faces":{"north":{"uv":[0.75,9.25,0.875,9.75],"texture":"#0"},"east":{"uv":[1.125,9.25,1.25,9.75],"texture":"#0"},"south":{"uv":[1.25,9.25,1.375,9.75],"texture":"#0"},"west":{"uv":[1.375,9.25,1.5,9.75],"texture":"#0"},"up":{"uv":[8.875,10.125,8.75,10],"texture":"#0"},"down":{"uv":[10.125,8.75,10,8.875],"texture":"#0"}}},{"from":[9.99338,19.40172,6.30412],"to":[10.51507,23.34039,7.45776],"rotation":{"angle":0,"axis":"y","origin":[8,-8.16498,8]},"faces":{"north":{"uv":[1.5,9.25,1.625,9.75],"texture":"#0"},"east":{"uv":[1.875,9.25,2,9.75],"texture":"#0"},"south":{"uv":[9.25,1.875,9.375,2.375],"texture":"#0"},"west":{"uv":[2,9.25,2.125,9.75],"texture":"#0"},"up":{"uv":[9,10.125,8.875,10],"texture":"#0"},"down":{"uv":[10.125,8.875,10,9],"texture":"#0"}}},{"from":[5.48493,19.40172,6.30412],"to":[6.00662,23.34039,7.45776],"rotation":{"angle":0,"axis":"y","origin":[8,-8.16498,8]},"faces":{"north":{"uv":[9.25,2.375,9.375,2.875],"texture":"#0"},"east":{"uv":[9.25,2.875,9.375,3.375],"texture":"#0"},"south":{"uv":[9.25,3.375,9.375,3.875],"texture":"#0"},"west":{"uv":[9.25,3.875,9.375,4.375],"texture":"#0"},"up":{"uv":[9.125,10.125,9,10],"texture":"#0"},"down":{"uv":[10.125,9,10,9.125],"texture":"#0"}}},{"from":[6.30412,19.40172,9.99338],"to":[7.45776,23.34039,10.51507],"rotation":{"angle":0,"axis":"y","origin":[8,-8.16498,8]},"faces":{"north":{"uv":[9.25,4.375,9.375,4.875],"texture":"#0"},"east":{"uv":[9.25,4.875,9.375,5.375],"texture":"#0"},"south":{"uv":[5.375,9.25,5.5,9.75],"texture":"#0"},"west":{"uv":[9.25,5.375,9.375,5.875],"texture":"#0"},"up":{"uv":[9.25,10.125,9.125,10],"texture":"#0"},"down":{"uv":[10.125,9.125,10,9.25],"texture":"#0"}}},{"from":[6.30412,19.40172,5.48493],"to":[7.45776,23.34039,6.00662],"rotation":{"angle":0,"axis":"y","origin":[8,-8.16498,8]},"faces":{"north":{"uv":[5.5,9.25,5.625,9.75],"texture":"#0"},"east":{"uv":[5.625,9.25,5.75,9.75],"texture":"#0"},"south":{"uv":[5.75,9.25,5.875,9.75],"texture":"#0"},"west":{"uv":[5.875,9.25,6,9.75],"texture":"#0"},"up":{"uv":[9.375,10.125,9.25,10],"texture":"#0"},"down":{"uv":[10.125,9.25,10,9.375],"texture":"#0"}}},{"from":[10.51755,20.34639,7.32019],"to":[11.05489,22.39572,8.81802],"rotation":{"angle":0,"axis":"y","origin":[8,-9.06232,8]},"faces":{"north":{"uv":[9.5,9.375,9.625,9.625],"texture":"#0"},"east":{"uv":[9.625,0,9.75,0.25],"texture":"#0"},"south":{"uv":[9.625,0.25,9.75,0.5],"texture":"#0"},"west":{"uv":[9.625,0.5,9.75,0.75],"texture":"#0"},"up":{"uv":[9.5,10.125,9.375,10],"texture":"#0"},"down":{"uv":[10.125,9.375,10,9.5],"texture":"#0"}}},{"from":[4.94511,20.34639,7.32019],"to":[5.48245,22.39572,8.81802],"rotation":{"angle":0,"axis":"y","origin":[8,-9.06232,8]},"faces":{"north":{"uv":[9.625,0.75,9.75,1],"texture":"#0"},"east":{"uv":[0.875,9.625,1,9.875],"texture":"#0"},"south":{"uv":[9.625,1,9.75,1.25],"texture":"#0"},"west":{"uv":[9.625,1.25,9.75,1.5],"texture":"#0"},"up":{"uv":[9.625,10.125,9.5,10],"texture":"#0"},"down":{"uv":[10.125,9.5,10,9.625],"texture":"#0"}}},{"from":[7.18198,20.34639,4.94511],"to":[8.67981,22.39572,5.48245],"rotation":{"angle":0,"axis":"y","origin":[8,-9.06232,8]},"faces":{"north":{"uv":[9.625,1.5,9.75,1.75],"texture":"#0"},"east":{"uv":[1.625,9.625,1.75,9.875],"texture":"#0"},"south":{"uv":[1.75,9.625,1.875,9.875],"texture":"#0"},"west":{"uv":[9.625,1.75,9.75,2],"texture":"#0"},"up":{"uv":[9.75,10.125,9.625,10],"texture":"#0"},"down":{"uv":[10.125,9.625,10,9.75],"texture":"#0"}}},{"from":[7.18198,20.34639,10.51755],"to":[8.67981,22.39572,11.05489],"rotation":{"angle":0,"axis":"y","origin":[8,-9.06232,8]},"faces":{"north":{"uv":[9.625,2,9.75,2.25],"texture":"#0"},"east":{"uv":[2.125,9.625,2.25,9.875],"texture":"#0"},"south":{"uv":[2.25,9.625,2.375,9.875],"texture":"#0"},"west":{"uv":[9.625,2.25,9.75,2.5],"texture":"#0"},"up":{"uv":[9.875,10.125,9.75,10],"texture":"#0"},"down":{"uv":[10.125,9.75,10,9.875],"texture":"#0"}}},{"from":[8.4203,20.34639,5.40948],"to":[9.60855,22.39572,5.94682],"rotation":{"angle":0,"axis":"y","origin":[8,-9.06232,8]},"faces":{"north":{"uv":[2.375,9.625,2.5,9.875],"texture":"#0"},"east":{"uv":[2.5,9.625,2.625,9.875],"texture":"#0"},"south":{"uv":[9.625,2.5,9.75,2.75],"texture":"#0"},"west":{"uv":[2.625,9.625,2.75,9.875],"texture":"#0"},"up":{"uv":[10,10.125,9.875,10],"texture":"#0"},"down":{"uv":[10.125,9.875,10,10],"texture":"#0"}}},{"from":[8.4203,20.34639,10.05318],"to":[9.60855,22.39572,10.59052],"rotation":{"angle":0,"axis":"y","origin":[8,-9.06232,8]},"faces":{"north":{"uv":[2.75,9.625,2.875,9.875],"texture":"#0"},"east":{"uv":[9.625,2.75,9.75,3],"texture":"#0"},"south":{"uv":[2.875,9.625,3,9.875],"texture":"#0"},"west":{"uv":[3,9.625,3.125,9.875],"texture":"#0"},"up":{"uv":[10.125,10.125,10,10],"texture":"#0"},"down":{"uv":[0.125,10.125,0,10.25],"texture":"#0"}}},{"from":[10.05318,20.34639,8.72988],"to":[10.59052,22.39572,9.60855],"rotation":{"angle":0,"axis":"y","origin":[8,-9.06232,8]},"faces":{"north":{"uv":[3.125,9.625,3.25,9.875],"texture":"#0"},"east":{"uv":[3.25,9.625,3.375,9.875],"texture":"#0"},"south":{"uv":[9.625,3.25,9.75,3.5],"texture":"#0"},"west":{"uv":[3.375,9.625,3.5,9.875],"texture":"#0"},"up":{"uv":[10.25,0.125,10.125,0],"texture":"#0"},"down":{"uv":[0.25,10.125,0.125,10.25],"texture":"#0"}}},{"from":[5.40948,20.34639,8.72988],"to":[5.94682,22.39572,9.60855],"rotation":{"angle":0,"axis":"y","origin":[8,-9.06232,8]},"faces":{"north":{"uv":[3.5,9.625,3.625,9.875],"texture":"#0"},"east":{"uv":[9.625,3.5,9.75,3.75],"texture":"#0"},"south":{"uv":[3.625,9.625,3.75,9.875],"texture":"#0"},"west":{"uv":[3.75,9.625,3.875,9.875],"texture":"#0"},"up":{"uv":[10.25,0.25,10.125,0.125],"texture":"#0"},"down":{"uv":[0.375,10.125,0.25,10.25],"texture":"#0"}}},{"from":[5.87385,20.34639,5.78888],"to":[6.41119,22.39572,6.35796],"rotation":{"angle":0,"axis":"y","origin":[8,-9.06232,8]},"faces":{"north":{"uv":[9.625,3.75,9.75,4],"texture":"#0"},"east":{"uv":[3.875,9.625,4,9.875],"texture":"#0"},"south":{"uv":[9.625,4,9.75,4.25],"texture":"#0"},"west":{"uv":[4.375,9.625,4.5,9.875],"texture":"#0"},"up":{"uv":[10.25,0.375,10.125,0.25],"texture":"#0"},"down":{"uv":[0.5,10.125,0.375,10.25],"texture":"#0"}}},{"from":[9.58881,20.34639,9.50383],"to":[10.12615,22.39572,10.07292],"rotation":{"angle":0,"axis":"y","origin":[8,-9.06232,8]},"faces":{"north":{"uv":[4.5,9.625,4.625,9.875],"texture":"#0"},"east":{"uv":[4.625,9.625,4.75,9.875],"texture":"#0"},"south":{"uv":[5,9.625,5.125,9.875],"texture":"#0"},"west":{"uv":[5.125,9.625,5.25,9.875],"texture":"#0"},"up":{"uv":[10.25,0.5,10.125,0.375],"texture":"#0"},"down":{"uv":[0.625,10.125,0.5,10.25],"texture":"#0"}}},{"from":[9.58881,20.34639,5.78888],"to":[10.12615,22.39572,6.35796],"rotation":{"angle":0,"axis":"y","origin":[8,-9.06232,8]},"faces":{"north":{"uv":[5.25,9.625,5.375,9.875],"texture":"#0"},"east":{"uv":[9.625,5.25,9.75,5.5],"texture":"#0"},"south":{"uv":[9.625,5.5,9.75,5.75],"texture":"#0"},"west":{"uv":[9.625,5.75,9.75,6],"texture":"#0"},"up":{"uv":[10.25,0.625,10.125,0.5],"texture":"#0"},"down":{"uv":[0.75,10.125,0.625,10.25],"texture":"#0"}}},{"from":[5.87385,20.34639,9.50383],"to":[6.41119,22.39572,10.07292],"rotation":{"angle":0,"axis":"y","origin":[8,-9.06232,8]},"faces":{"north":{"uv":[6.375,9.625,6.5,9.875],"texture":"#0"},"east":{"uv":[6.5,9.625,6.625,9.875],"texture":"#0"},"south":{"uv":[6.75,9.625,6.875,9.875],"texture":"#0"},"west":{"uv":[6.875,9.625,7,9.875],"texture":"#0"},"up":{"uv":[10.25,0.75,10.125,0.625],"texture":"#0"},"down":{"uv":[0.875,10.125,0.75,10.25],"texture":"#0"}}},{"from":[10.05318,20.34639,6.25324],"to":[10.59052,22.39572,7.44149],"rotation":{"angle":0,"axis":"y","origin":[8,-9.06232,8]},"faces":{"north":{"uv":[7,9.625,7.125,9.875],"texture":"#0"},"east":{"uv":[7.125,9.625,7.25,9.875],"texture":"#0"},"south":{"uv":[9.625,7.125,9.75,7.375],"texture":"#0"},"west":{"uv":[7.25,9.625,7.375,9.875],"texture":"#0"},"up":{"uv":[10.25,0.875,10.125,0.75],"texture":"#0"},"down":{"uv":[1,10.125,0.875,10.25],"texture":"#0"}}},{"from":[5.40948,20.34639,6.25324],"to":[5.94682,22.39572,7.44149],"rotation":{"angle":0,"axis":"y","origin":[8,-9.06232,8]},"faces":{"north":{"uv":[7.375,9.625,7.5,9.875],"texture":"#0"},"east":{"uv":[7.5,9.625,7.625,9.875],"texture":"#0"},"south":{"uv":[7.625,9.625,7.75,9.875],"texture":"#0"},"west":{"uv":[9.625,7.625,9.75,7.875],"texture":"#0"},"up":{"uv":[10.25,1,10.125,0.875],"texture":"#0"},"down":{"uv":[1.125,10.125,1,10.25],"texture":"#0"}}},{"from":[6.25324,20.34639,10.05318],"to":[7.44149,22.39572,10.59052],"rotation":{"angle":0,"axis":"y","origin":[8,-9.06232,8]},"faces":{"north":{"uv":[7.75,9.625,7.875,9.875],"texture":"#0"},"east":{"uv":[7.875,9.625,8,9.875],"texture":"#0"},"south":{"uv":[9.625,7.875,9.75,8.125],"texture":"#0"},"west":{"uv":[8,9.625,8.125,9.875],"texture":"#0"},"up":{"uv":[10.25,1.125,10.125,1],"texture":"#0"},"down":{"uv":[1.25,10.125,1.125,10.25],"texture":"#0"}}},{"from":[6.25324,20.34639,5.40948],"to":[7.44149,22.39572,5.94682],"rotation":{"angle":0,"axis":"y","origin":[8,-9.06232,8]},"faces":{"north":{"uv":[8.125,9.625,8.25,9.875],"texture":"#0"},"east":{"uv":[8.25,9.625,8.375,9.875],"texture":"#0"},"south":{"uv":[8.375,9.625,8.5,9.875],"texture":"#0"},"west":{"uv":[9.625,8.375,9.75,8.625],"texture":"#0"},"up":{"uv":[10.25,1.25,10.125,1.125],"texture":"#0"},"down":{"uv":[1.375,10.125,1.25,10.25],"texture":"#0"}}},{"from":[10.42334,17.08321,7.34563],"to":[10.94057,18.1589,8.7874],"rotation":{"angle":0,"axis":"y","origin":[8,-8.15855,8]},"faces":{"north":{"uv":[10.125,1.25,10.25,1.375],"texture":"#0"},"east":{"uv":[1.375,10.125,1.5,10.25],"texture":"#0"},"south":{"uv":[10.125,1.375,10.25,1.5],"texture":"#0"},"west":{"uv":[1.5,10.125,1.625,10.25],"texture":"#0"},"up":{"uv":[10.25,1.625,10.125,1.5],"texture":"#0"},"down":{"uv":[1.75,10.125,1.625,10.25],"texture":"#0"}}},{"from":[5.05943,17.08321,7.34563],"to":[5.57666,18.1589,8.7874],"rotation":{"angle":0,"axis":"y","origin":[8,-8.15855,8]},"faces":{"north":{"uv":[10.125,1.625,10.25,1.75],"texture":"#0"},"east":{"uv":[1.75,10.125,1.875,10.25],"texture":"#0"},"south":{"uv":[10.125,1.75,10.25,1.875],"texture":"#0"},"west":{"uv":[1.875,10.125,2,10.25],"texture":"#0"},"up":{"uv":[10.25,2,10.125,1.875],"texture":"#0"},"down":{"uv":[2.125,10.125,2,10.25],"texture":"#0"}}},{"from":[7.2126,17.08321,5.05943],"to":[8.65437,18.1589,5.57666],"rotation":{"angle":0,"axis":"y","origin":[8,-8.15855,8]},"faces":{"north":{"uv":[10.125,2,10.25,2.125],"texture":"#0"},"east":{"uv":[2.125,10.125,2.25,10.25],"texture":"#0"},"south":{"uv":[10.125,2.125,10.25,2.25],"texture":"#0"},"west":{"uv":[2.25,10.125,2.375,10.25],"texture":"#0"},"up":{"uv":[10.25,2.375,10.125,2.25],"texture":"#0"},"down":{"uv":[2.5,10.125,2.375,10.25],"texture":"#0"}}},{"from":[7.2126,17.08321,10.42334],"to":[8.65437,18.1589,10.94057],"rotation":{"angle":0,"axis":"y","origin":[8,-8.15855,8]},"faces":{"north":{"uv":[10.125,2.375,10.25,2.5],"texture":"#0"},"east":{"uv":[2.5,10.125,2.625,10.25],"texture":"#0"},"south":{"uv":[10.125,2.5,10.25,2.625],"texture":"#0"},"west":{"uv":[2.625,10.125,2.75,10.25],"texture":"#0"},"up":{"uv":[10.25,2.75,10.125,2.625],"texture":"#0"},"down":{"uv":[2.875,10.125,2.75,10.25],"texture":"#0"}}},{"from":[8.40458,17.08321,5.50642],"to":[9.54836,18.1589,6.02365],"rotation":{"angle":0,"axis":"y","origin":[8,-8.15855,8]},"faces":{"north":{"uv":[10.125,2.75,10.25,2.875],"texture":"#0"},"east":{"uv":[2.875,10.125,3,10.25],"texture":"#0"},"south":{"uv":[10.125,2.875,10.25,3],"texture":"#0"},"west":{"uv":[3,10.125,3.125,10.25],"texture":"#0"},"up":{"uv":[10.25,3.125,10.125,3],"texture":"#0"},"down":{"uv":[3.25,10.125,3.125,10.25],"texture":"#0"}}},{"from":[8.40458,17.08321,9.97635],"to":[9.54836,18.1589,10.49358],"rotation":{"angle":0,"axis":"y","origin":[8,-8.15855,8]},"faces":{"north":{"uv":[10.125,3.125,10.25,3.25],"texture":"#0"},"east":{"uv":[3.25,10.125,3.375,10.25],"texture":"#0"},"south":{"uv":[10.125,3.25,10.25,3.375],"texture":"#0"},"west":{"uv":[3.375,10.125,3.5,10.25],"texture":"#0"},"up":{"uv":[10.25,3.5,10.125,3.375],"texture":"#0"},"down":{"uv":[3.625,10.125,3.5,10.25],"texture":"#0"}}},{"from":[9.97635,17.08321,8.70257],"to":[10.49358,18.1589,9.54836],"rotation":{"angle":0,"axis":"y","origin":[8,-8.15855,8]},"faces":{"north":{"uv":[10.125,3.5,10.25,3.625],"texture":"#0"},"east":{"uv":[3.625,10.125,3.75,10.25],"texture":"#0"},"south":{"uv":[10.125,3.625,10.25,3.75],"texture":"#0"},"west":{"uv":[3.75,10.125,3.875,10.25],"texture":"#0"},"up":{"uv":[10.25,3.875,10.125,3.75],"texture":"#0"},"down":{"uv":[4,10.125,3.875,10.25],"texture":"#0"}}},{"from":[5.50642,17.08321,8.70257],"to":[6.02365,18.1589,9.54836],"rotation":{"angle":0,"axis":"y","origin":[8,-8.15855,8]},"faces":{"north":{"uv":[10.125,3.875,10.25,4],"texture":"#0"},"east":{"uv":[4,10.125,4.125,10.25],"texture":"#0"},"south":{"uv":[10.125,4,10.25,4.125],"texture":"#0"},"west":{"uv":[4.125,10.125,4.25,10.25],"texture":"#0"},"up":{"uv":[10.25,4.25,10.125,4.125],"texture":"#0"},"down":{"uv":[4.375,10.125,4.25,10.25],"texture":"#0"}}},{"from":[5.95341,17.08321,5.87162],"to":[6.47064,18.1589,6.41941],"rotation":{"angle":0,"axis":"y","origin":[8,-8.15855,8]},"faces":{"north":{"uv":[10.125,4.25,10.25,4.375],"texture":"#0"},"east":{"uv":[4.375,10.125,4.5,10.25],"texture":"#0"},"south":{"uv":[10.125,4.375,10.25,4.5],"texture":"#0"},"west":{"uv":[4.5,10.125,4.625,10.25],"texture":"#0"},"up":{"uv":[10.25,4.625,10.125,4.5],"texture":"#0"},"down":{"uv":[4.75,10.125,4.625,10.25],"texture":"#0"}}},{"from":[9.52936,17.08321,9.44756],"to":[10.04659,18.1589,9.99535],"rotation":{"angle":0,"axis":"y","origin":[8,-8.15855,8]},"faces":{"north":{"uv":[10.125,4.625,10.25,4.75],"texture":"#0"},"east":{"uv":[4.75,10.125,4.875,10.25],"texture":"#0"},"south":{"uv":[10.125,4.75,10.25,4.875],"texture":"#0"},"west":{"uv":[4.875,10.125,5,10.25],"texture":"#0"},"up":{"uv":[10.25,5,10.125,4.875],"texture":"#0"},"down":{"uv":[5.125,10.125,5,10.25],"texture":"#0"}}},{"from":[9.52936,17.08321,5.87162],"to":[10.04659,18.1589,6.41941],"rotation":{"angle":0,"axis":"y","origin":[8,-8.15855,8]},"faces":{"north":{"uv":[10.125,5,10.25,5.125],"texture":"#0"},"east":{"uv":[5.125,10.125,5.25,10.25],"texture":"#0"},"south":{"uv":[10.125,5.125,10.25,5.25],"texture":"#0"},"west":{"uv":[5.25,10.125,5.375,10.25],"texture":"#0"},"up":{"uv":[10.25,5.375,10.125,5.25],"texture":"#0"},"down":{"uv":[5.5,10.125,5.375,10.25],"texture":"#0"}}},{"from":[5.95341,17.08321,9.44756],"to":[6.47064,18.1589,9.99535],"rotation":{"angle":0,"axis":"y","origin":[8,-8.15855,8]},"faces":{"north":{"uv":[10.125,5.375,10.25,5.5],"texture":"#0"},"east":{"uv":[5.5,10.125,5.625,10.25],"texture":"#0"},"south":{"uv":[10.125,5.5,10.25,5.625],"texture":"#0"},"west":{"uv":[5.625,10.125,5.75,10.25],"texture":"#0"},"up":{"uv":[10.25,5.75,10.125,5.625],"texture":"#0"},"down":{"uv":[5.875,10.125,5.75,10.25],"texture":"#0"}}},{"from":[9.97635,17.08321,6.31861],"to":[10.49358,18.1589,7.46239],"rotation":{"angle":0,"axis":"y","origin":[8,-8.15855,8]},"faces":{"north":{"uv":[10.125,5.75,10.25,5.875],"texture":"#0"},"east":{"uv":[5.875,10.125,6,10.25],"texture":"#0"},"south":{"uv":[10.125,5.875,10.25,6],"texture":"#0"},"west":{"uv":[6,10.125,6.125,10.25],"texture":"#0"},"up":{"uv":[10.25,6.125,10.125,6],"texture":"#0"},"down":{"uv":[6.25,10.125,6.125,10.25],"texture":"#0"}}},{"from":[5.50642,17.08321,6.31861],"to":[6.02365,18.1589,7.46239],"rotation":{"angle":0,"axis":"y","origin":[8,-8.15855,8]},"faces":{"north":{"uv":[10.125,6.125,10.25,6.25],"texture":"#0"},"east":{"uv":[6.25,10.125,6.375,10.25],"texture":"#0"},"south":{"uv":[10.125,6.25,10.25,6.375],"texture":"#0"},"west":{"uv":[6.375,10.125,6.5,10.25],"texture":"#0"},"up":{"uv":[10.25,6.5,10.125,6.375],"texture":"#0"},"down":{"uv":[6.625,10.125,6.5,10.25],"texture":"#0"}}},{"from":[6.31861,17.08321,9.97635],"to":[7.46239,18.1589,10.49358],"rotation":{"angle":0,"axis":"y","origin":[8,-8.15855,8]},"faces":{"north":{"uv":[10.125,6.5,10.25,6.625],"texture":"#0"},"east":{"uv":[6.625,10.125,6.75,10.25],"texture":"#0"},"south":{"uv":[10.125,6.625,10.25,6.75],"texture":"#0"},"west":{"uv":[6.75,10.125,6.875,10.25],"texture":"#0"},"up":{"uv":[10.25,6.875,10.125,6.75],"texture":"#0"},"down":{"uv":[7,10.125,6.875,10.25],"texture":"#0"}}},{"from":[6.31861,17.08321,5.50642],"to":[7.46239,18.1589,6.02365],"rotation":{"angle":0,"axis":"y","origin":[8,-8.15855,8]},"faces":{"north":{"uv":[10.125,6.875,10.25,7],"texture":"#0"},"east":{"uv":[7,10.125,7.125,10.25],"texture":"#0"},"south":{"uv":[10.125,7,10.25,7.125],"texture":"#0"},"west":{"uv":[7.125,10.125,7.25,10.25],"texture":"#0"},"up":{"uv":[10.25,7.25,10.125,7.125],"texture":"#0"},"down":{"uv":[7.375,10.125,7.25,10.25],"texture":"#0"}}},{"from":[10.56874,17.3244,7.30636],"to":[11.11701,17.91771,8.83465],"rotation":{"angle":0,"axis":"y","origin":[8,-9.74493,8]},"faces":{"north":{"uv":[10.125,7.25,10.25,7.375],"texture":"#0"},"east":{"uv":[9.625,3,9.875,3.125],"texture":"#0"},"south":{"uv":[7.375,10.125,7.5,10.25],"texture":"#0"},"west":{"uv":[9.625,4.25,9.875,4.375],"texture":"#0"},"up":{"uv":[8.625,9.875,8.5,9.625],"texture":"#0"},"down":{"uv":[9,9.625,8.875,9.875],"texture":"#0"}}},{"from":[4.88299,17.3244,7.30636],"to":[5.43126,17.91771,8.83465],"rotation":{"angle":0,"axis":"y","origin":[8,-9.74493,8]},"faces":{"north":{"uv":[10.125,7.375,10.25,7.5],"texture":"#0"},"east":{"uv":[9.625,8.875,9.875,9],"texture":"#0"},"south":{"uv":[7.5,10.125,7.625,10.25],"texture":"#0"},"west":{"uv":[9,9.625,9.25,9.75],"texture":"#0"},"up":{"uv":[9.75,9.25,9.625,9],"texture":"#0"},"down":{"uv":[9.375,9.625,9.25,9.875],"texture":"#0"}}},{"from":[7.16535,17.3244,4.88299],"to":[8.69364,17.91771,5.43126],"rotation":{"angle":0,"axis":"y","origin":[8,-9.74493,8]},"faces":{"north":{"uv":[9.625,9.25,9.875,9.375],"texture":"#0"},"east":{"uv":[10.125,7.5,10.25,7.625],"texture":"#0"},"south":{"uv":[9.375,9.625,9.625,9.75],"texture":"#0"},"west":{"uv":[7.625,10.125,7.75,10.25],"texture":"#0"},"up":{"uv":[9.875,9.5,9.625,9.375],"texture":"#0"},"down":{"uv":[9.875,9.5,9.625,9.625],"texture":"#0"}}},{"from":[7.16535,17.3244,10.56874],"to":[8.69364,17.91771,11.11701],"rotation":{"angle":0,"axis":"y","origin":[8,-9.74493,8]},"faces":{"north":{"uv":[9.625,9.625,9.875,9.75],"texture":"#0"},"east":{"uv":[10.125,7.625,10.25,7.75],"texture":"#0"},"south":{"uv":[0,9.75,0.25,9.875],"texture":"#0"},"west":{"uv":[7.75,10.125,7.875,10.25],"texture":"#0"},"up":{"uv":[10,0.125,9.75,0],"texture":"#0"},"down":{"uv":[10,0.125,9.75,0.25],"texture":"#0"}}},{"from":[8.42885,17.3244,5.35681],"to":[9.64126,17.91771,5.90507],"rotation":{"angle":0,"axis":"y","origin":[8,-9.74493,8]},"faces":{"north":{"uv":[10.125,7.75,10.25,7.875],"texture":"#0"},"east":{"uv":[7.875,10.125,8,10.25],"texture":"#0"},"south":{"uv":[10.125,7.875,10.25,8],"texture":"#0"},"west":{"uv":[8,10.125,8.125,10.25],"texture":"#0"},"up":{"uv":[10.25,8.125,10.125,8],"texture":"#0"},"down":{"uv":[8.25,10.125,8.125,10.25],"texture":"#0"}}},{"from":[8.42885,17.3244,10.09493],"to":[9.64126,17.91771,10.64319],"rotation":{"angle":0,"axis":"y","origin":[8,-9.74493,8]},"faces":{"north":{"uv":[10.125,8.125,10.25,8.25],"texture":"#0"},"east":{"uv":[8.25,10.125,8.375,10.25],"texture":"#0"},"south":{"uv":[10.125,8.25,10.25,8.375],"texture":"#0"},"west":{"uv":[8.375,10.125,8.5,10.25],"texture":"#0"},"up":{"uv":[10.25,8.5,10.125,8.375],"texture":"#0"},"down":{"uv":[8.625,10.125,8.5,10.25],"texture":"#0"}}},{"from":[10.09493,17.3244,8.74473],"to":[10.64319,17.91771,9.64126],"rotation":{"angle":0,"axis":"y","origin":[8,-9.74493,8]},"faces":{"north":{"uv":[10.125,8.5,10.25,8.625],"texture":"#0"},"east":{"uv":[8.625,10.125,8.75,10.25],"texture":"#0"},"south":{"uv":[10.125,8.625,10.25,8.75],"texture":"#0"},"west":{"uv":[8.75,10.125,8.875,10.25],"texture":"#0"},"up":{"uv":[10.25,8.875,10.125,8.75],"texture":"#0"},"down":{"uv":[9,10.125,8.875,10.25],"texture":"#0"}}},{"from":[5.35681,17.3244,8.74473],"to":[5.90507,17.91771,9.64126],"rotation":{"angle":0,"axis":"y","origin":[8,-9.74493,8]},"faces":{"north":{"uv":[10.125,8.875,10.25,9],"texture":"#0"},"east":{"uv":[9,10.125,9.125,10.25],"texture":"#0"},"south":{"uv":[10.125,9,10.25,9.125],"texture":"#0"},"west":{"uv":[9.125,10.125,9.25,10.25],"texture":"#0"},"up":{"uv":[10.25,9.25,10.125,9.125],"texture":"#0"},"down":{"uv":[9.375,10.125,9.25,10.25],"texture":"#0"}}},{"from":[5.83062,17.3244,5.74391],"to":[6.37888,17.91771,6.32458],"rotation":{"angle":0,"axis":"y","origin":[8,-9.74493,8]},"faces":{"north":{"uv":[10.125,9.25,10.25,9.375],"texture":"#0"},"east":{"uv":[9.375,10.125,9.5,10.25],"texture":"#0"},"south":{"uv":[10.125,9.375,10.25,9.5],"texture":"#0"},"west":{"uv":[9.5,10.125,9.625,10.25],"texture":"#0"},"up":{"uv":[10.25,9.625,10.125,9.5],"texture":"#0"},"down":{"uv":[9.75,10.125,9.625,10.25],"texture":"#0"}}},{"from":[9.62112,17.3244,9.53441],"to":[10.16938,17.91771,10.11507],"rotation":{"angle":0,"axis":"y","origin":[8,-9.74493,8]},"faces":{"north":{"uv":[10.125,9.625,10.25,9.75],"texture":"#0"},"east":{"uv":[9.75,10.125,9.875,10.25],"texture":"#0"},"south":{"uv":[10.125,9.75,10.25,9.875],"texture":"#0"},"west":{"uv":[9.875,10.125,10,10.25],"texture":"#0"},"up":{"uv":[10.25,10,10.125,9.875],"texture":"#0"},"down":{"uv":[10.125,10.125,10,10.25],"texture":"#0"}}},{"from":[9.62112,17.3244,5.74391],"to":[10.16938,17.91771,6.32458],"rotation":{"angle":0,"axis":"y","origin":[8,-9.74493,8]},"faces":{"north":{"uv":[10.125,10,10.25,10.125],"texture":"#0"},"east":{"uv":[10.125,10.125,10.25,10.25],"texture":"#0"},"south":{"uv":[0,10.25,0.125,10.375],"texture":"#0"},"west":{"uv":[10.25,0,10.375,0.125],"texture":"#0"},"up":{"uv":[0.25,10.375,0.125,10.25],"texture":"#0"},"down":{"uv":[10.375,0.125,10.25,0.25],"texture":"#0"}}},{"from":[5.83062,17.3244,9.53441],"to":[6.37888,17.91771,10.11507],"rotation":{"angle":0,"axis":"y","origin":[8,-9.74493,8]},"faces":{"north":{"uv":[0.25,10.25,0.375,10.375],"texture":"#0"},"east":{"uv":[10.25,0.25,10.375,0.375],"texture":"#0"},"south":{"uv":[0.375,10.25,0.5,10.375],"texture":"#0"},"west":{"uv":[10.25,0.375,10.375,0.5],"texture":"#0"},"up":{"uv":[0.625,10.375,0.5,10.25],"texture":"#0"},"down":{"uv":[10.375,0.5,10.25,0.625],"texture":"#0"}}},{"from":[10.09493,17.3244,6.21773],"to":[10.64319,17.91771,7.43014],"rotation":{"angle":0,"axis":"y","origin":[8,-9.74493,8]},"faces":{"north":{"uv":[0.625,10.25,0.75,10.375],"texture":"#0"},"east":{"uv":[10.25,0.625,10.375,0.75],"texture":"#0"},"south":{"uv":[0.75,10.25,0.875,10.375],"texture":"#0"},"west":{"uv":[10.25,0.75,10.375,0.875],"texture":"#0"},"up":{"uv":[1,10.375,0.875,10.25],"texture":"#0"},"down":{"uv":[10.375,0.875,10.25,1],"texture":"#0"}}},{"from":[5.35681,17.3244,6.21773],"to":[5.90507,17.91771,7.43014],"rotation":{"angle":0,"axis":"y","origin":[8,-9.74493,8]},"faces":{"north":{"uv":[1,10.25,1.125,10.375],"texture":"#0"},"east":{"uv":[10.25,1,10.375,1.125],"texture":"#0"},"south":{"uv":[1.125,10.25,1.25,10.375],"texture":"#0"},"west":{"uv":[10.25,1.125,10.375,1.25],"texture":"#0"},"up":{"uv":[1.375,10.375,1.25,10.25],"texture":"#0"},"down":{"uv":[10.375,1.25,10.25,1.375],"texture":"#0"}}},{"from":[6.21773,17.3244,10.09493],"to":[7.43014,17.91771,10.64319],"rotation":{"angle":0,"axis":"y","origin":[8,-9.74493,8]},"faces":{"north":{"uv":[1.375,10.25,1.5,10.375],"texture":"#0"},"east":{"uv":[10.25,1.375,10.375,1.5],"texture":"#0"},"south":{"uv":[1.5,10.25,1.625,10.375],"texture":"#0"},"west":{"uv":[10.25,1.5,10.375,1.625],"texture":"#0"},"up":{"uv":[1.75,10.375,1.625,10.25],"texture":"#0"},"down":{"uv":[10.375,1.625,10.25,1.75],"texture":"#0"}}},{"from":[6.21773,17.3244,5.35681],"to":[7.43014,17.91771,5.90507],"rotation":{"angle":0,"axis":"y","origin":[8,-9.74493,8]},"faces":{"north":{"uv":[1.75,10.25,1.875,10.375],"texture":"#0"},"east":{"uv":[10.25,1.75,10.375,1.875],"texture":"#0"},"south":{"uv":[1.875,10.25,2,10.375],"texture":"#0"},"west":{"uv":[10.25,1.875,10.375,2],"texture":"#0"},"up":{"uv":[2.125,10.375,2,10.25],"texture":"#0"},"down":{"uv":[10.375,2,10.25,2.125],"texture":"#0"}}},{"from":[13.824,13.713,4.88],"to":[14.448,14.337,11.12],"rotation":{"angle":0,"axis":"y","origin":[8,-6.047,8]},"faces":{"north":{"uv":[8.625,7.75,8.75,7.875],"texture":"#0"},"east":{"uv":[7.5,5.125,8.25,5.25],"texture":"#0"},"south":{"uv":[8.875,5.125,9,5.25],"texture":"#0"},"west":{"uv":[7.625,7.125,8.375,7.25],"texture":"#0"},"up":{"uv":[7.75,8,7.625,7.25],"texture":"#0"},"down":{"uv":[3.25,7.75,3.125,8.5],"texture":"#0"}}},{"from":[1.552,13.713,4.88],"to":[2.176,14.337,11.12],"rotation":{"angle":0,"axis":"y","origin":[8,-6.047,8]},"faces":{"north":{"uv":[0.25,9.75,0.375,9.875],"texture":"#0"},"east":{"uv":[7.75,0.5,8.5,0.625],"texture":"#0"},"south":{"uv":[9.75,0.25,9.875,0.375],"texture":"#0"},"west":{"uv":[7.75,0.625,8.5,0.75],"texture":"#0"},"up":{"uv":[3.375,8.5,3.25,7.75],"texture":"#0"},"down":{"uv":[7,7.75,6.875,8.5],"texture":"#0"}}},{"from":[12.368,13.713,4.256],"to":[13.824,14.337,5.296],"rotation":{"angle":0,"axis":"y","origin":[8,-6.047,8]},"faces":{"north":{"uv":[0.375,9.75,0.5,9.875],"texture":"#0"},"east":{"uv":[9.75,0.375,9.875,0.5],"texture":"#0"},"south":{"uv":[0.5,9.75,0.625,9.875],"texture":"#0"},"west":{"uv":[9.75,0.5,9.875,0.625],"texture":"#0"},"up":{"uv":[0.75,9.875,0.625,9.75],"texture":"#0"},"down":{"uv":[9.875,0.625,9.75,0.75],"texture":"#0"}}},{"from":[2.176,13.713,4.256],"to":[3.632,14.337,5.296],"rotation":{"angle":0,"axis":"y","origin":[8,-6.047,8]},"faces":{"north":{"uv":[0.75,9.75,0.875,9.875],"texture":"#0"},"east":{"uv":[9.75,0.75,9.875,0.875],"texture":"#0"},"south":{"uv":[9.75,0.875,9.875,1],"texture":"#0"},"west":{"uv":[9.75,1,9.875,1.125],"texture":"#0"},"up":{"uv":[1.25,9.875,1.125,9.75],"texture":"#0"},"down":{"uv":[9.875,1.125,9.75,1.25],"texture":"#0"}}},{"from":[2.176,13.713,10.704],"to":[3.632,14.337,11.744],"rotation":{"angle":0,"axis":"y","origin":[8,-6.047,8]},"faces":{"north":{"uv":[1.25,9.75,1.375,9.875],"texture":"#0"},"east":{"uv":[9.75,1.25,9.875,1.375],"texture":"#0"},"south":{"uv":[1.375,9.75,1.5,9.875],"texture":"#0"},"west":{"uv":[9.75,1.375,9.875,1.5],"texture":"#0"},"up":{"uv":[1.625,9.875,1.5,9.75],"texture":"#0"},"down":{"uv":[9.875,1.5,9.75,1.625],"texture":"#0"}}},{"from":[12.368,13.713,10.704],"to":[13.824,14.337,11.744],"rotation":{"angle":0,"axis":"y","origin":[8,-6.047,8]},"faces":{"north":{"uv":[9.75,1.625,9.875,1.75],"texture":"#0"},"east":{"uv":[9.75,1.75,9.875,1.875],"texture":"#0"},"south":{"uv":[1.875,9.75,2,9.875],"texture":"#0"},"west":{"uv":[9.75,1.875,9.875,2],"texture":"#0"},"up":{"uv":[2.125,9.875,2,9.75],"texture":"#0"},"down":{"uv":[9.875,2,9.75,2.125],"texture":"#0"}}},{"from":[3.216,13.713,3.632],"to":[12.784,14.337,4.256],"rotation":{"angle":0,"axis":"y","origin":[8,-6.047,8]},"faces":{"north":{"uv":[7,1,8.25,1.125],"texture":"#0"},"east":{"uv":[9.75,2.125,9.875,2.25],"texture":"#0"},"south":{"uv":[7,1.125,8.25,1.25],"texture":"#0"},"west":{"uv":[9.75,2.25,9.875,2.375],"texture":"#0"},"up":{"uv":[8.25,1.375,7,1.25],"texture":"#0"},"down":{"uv":[8.25,1.375,7,1.5],"texture":"#0"}}},{"from":[3.216,13.713,11.744],"to":[12.784,14.337,12.368],"rotation":{"angle":0,"axis":"y","origin":[8,-6.047,8]},"faces":{"north":{"uv":[7,1.5,8.25,1.625],"texture":"#0"},"east":{"uv":[9.75,2.375,9.875,2.5],"texture":"#0"},"south":{"uv":[7,1.625,8.25,1.75],"texture":"#0"},"west":{"uv":[9.75,2.5,9.875,2.625],"texture":"#0"},"up":{"uv":[8.25,1.875,7,1.75],"texture":"#0"},"down":{"uv":[8.25,1.875,7,2],"texture":"#0"}}},{"from":[13.6,-5.075,5],"to":[14.2,-4.475,11],"rotation":{"angle":0,"axis":"y","origin":[8,-5.275,8]},"faces":{"north":{"uv":[9.75,2.625,9.875,2.75],"texture":"#0"},"east":{"uv":[7.75,0.75,8.5,0.875],"texture":"#0"},"south":{"uv":[9.75,2.75,9.875,2.875],"texture":"#0"},"west":{"uv":[7.75,4.125,8.5,4.25],"texture":"#0"},"up":{"uv":[7.125,8.5,7,7.75],"texture":"#0"},"down":{"uv":[7.25,7.75,7.125,8.5],"texture":"#0"}}},{"from":[1.8,-5.075,5],"to":[2.4,-4.475,11],"rotation":{"angle":0,"axis":"y","origin":[8,-5.275,8]},"faces":{"north":{"uv":[9.75,2.875,9.875,3],"texture":"#0"},"east":{"uv":[7.75,4.25,8.5,4.375],"texture":"#0"},"south":{"uv":[9.75,3.25,9.875,3.375],"texture":"#0"},"west":{"uv":[7.75,4.375,8.5,4.5],"texture":"#0"},"up":{"uv":[7.375,8.5,7.25,7.75],"texture":"#0"},"down":{"uv":[7.875,7.25,7.75,8],"texture":"#0"}}},{"from":[8.2,-5.075,4.4],"to":[13.6,-4.475,8],"rotation":{"angle":0,"axis":"y","origin":[8,-5.275,8]},"faces":{"north":{"uv":[1.875,7,2.5,7.125],"texture":"#0"},"east":{"uv":[8.5,0.625,9,0.75],"texture":"#0"},"south":{"uv":[8.125,7,8.75,7.125],"texture":"#0"},"west":{"uv":[8.5,0.75,9,0.875],"texture":"#0"},"up":{"uv":[6.75,0.5,6.125,0],"texture":"#0"},"down":{"uv":[6.75,0.5,6.125,1],"texture":"#0"}}},{"from":[2.4,-5.075,4.4],"to":[8.2,-4.475,8],"rotation":{"angle":0,"axis":"y","origin":[8,-5.275,8]},"faces":{"north":{"uv":[7.75,4.5,8.5,4.625],"texture":"#0"},"east":{"uv":[8.125,9,8.625,9.125],"texture":"#0"},"south":{"uv":[7.875,2.25,8.625,2.375],"texture":"#0"},"west":{"uv":[9,8.125,9.5,8.25],"texture":"#0"},"up":{"uv":[6.5,5,5.75,4.5],"texture":"#0"},"down":{"uv":[6.5,5,5.75,5.5],"texture":"#0"}}},{"from":[2.4,-5.075,8],"to":[8.2,-4.475,11.6],"rotation":{"angle":0,"axis":"y","origin":[8,-5.275,8]},"faces":{"north":{"uv":[7.875,2.375,8.625,2.5],"texture":"#0"},"east":{"uv":[9,8.25,9.5,8.375],"texture":"#0"},"south":{"uv":[7.875,2.5,8.625,2.625],"texture":"#0"},"west":{"uv":[9,8.375,9.5,8.5],"texture":"#0"},"up":{"uv":[6.125,6.25,5.375,5.75],"texture":"#0"},"down":{"uv":[5,6,4.25,6.5],"texture":"#0"}}},{"from":[8.2,-5.075,8],"to":[13.6,-4.475,11.6],"rotation":{"angle":0,"axis":"y","origin":[8,-5.275,8]},"faces":{"north":{"uv":[7.5,8.125,8.125,8.25],"texture":"#0"},"east":{"uv":[9,8.5,9.5,8.625],"texture":"#0"},"south":{"uv":[8.125,8.125,8.75,8.25],"texture":"#0"},"west":{"uv":[9,8.625,9.5,8.75],"texture":"#0"},"up":{"uv":[6.75,1.5,6.125,1],"texture":"#0"},"down":{"uv":[6.75,1.5,6.125,2],"texture":"#0"}}},{"from":[3.4,-5.075,3.8],"to":[12.6,-4.475,4.4],"rotation":{"angle":0,"axis":"y","origin":[8,-5.275,8]},"faces":{"north":{"uv":[7.25,5.5,8.375,5.625],"texture":"#0"},"east":{"uv":[9.75,3.375,9.875,3.5],"texture":"#0"},"south":{"uv":[7.25,5.625,8.375,5.75],"texture":"#0"},"west":{"uv":[9.75,3.5,9.875,3.625],"texture":"#0"},"up":{"uv":[8.375,5.875,7.25,5.75],"texture":"#0"},"down":{"uv":[8.375,5.875,7.25,6],"texture":"#0"}}},{"from":[3.4,-5.075,11.6],"to":[12.6,-4.475,12.2],"rotation":{"angle":0,"axis":"y","origin":[8,-5.275,8]},"faces":{"north":{"uv":[7.25,6,8.375,6.125],"texture":"#0"},"east":{"uv":[9.75,3.625,9.875,3.75],"texture":"#0"},"south":{"uv":[7.25,6.125,8.375,6.25],"texture":"#0"},"west":{"uv":[9.75,3.75,9.875,3.875],"texture":"#0"},"up":{"uv":[8.375,6.375,7.25,6.25],"texture":"#0"},"down":{"uv":[8.375,6.375,7.25,6.5],"texture":"#0"}}},{"from":[14,-4.875,4.6],"to":[14.6,13.925,11.4],"rotation":{"angle":0,"axis":"y","origin":[8,-5.275,8]},"faces":{"north":{"uv":[5,6,5.125,8.375],"texture":"#0"},"east":{"uv":[4.5,0,5.375,2.375],"texture":"#0"},"south":{"uv":[5.125,6,5.25,8.375],"texture":"#0"},"west":{"uv":[4.5,2.375,5.375,4.75],"texture":"#0"},"up":{"uv":[7.625,8,7.5,7.125],"texture":"#0"},"down":{"uv":[2.625,7.625,2.5,8.5],"texture":"#0"}}},{"from":[14.3,-4.875,5.6],"to":[14.9,12.925,10.4],"rotation":{"angle":0,"axis":"y","origin":[8,-5.275,8]},"faces":{"north":{"uv":[6.75,4.5,6.875,6.75],"texture":"#0"},"east":{"uv":[0,4.75,0.625,7],"texture":"#0"},"south":{"uv":[6.5,6.75,6.625,9],"texture":"#0"},"west":{"uv":[0.625,4.75,1.25,7],"texture":"#0"},"up":{"uv":[4.25,8.875,4.125,8.25],"texture":"#0"},"down":{"uv":[1.875,8.375,1.75,9],"texture":"#0"}}},{"from":[1,-4.875,5.6],"to":[1.6,12.925,10.4],"rotation":{"angle":0,"axis":"y","origin":[8,-5.275,8]},"faces":{"north":{"uv":[6.75,6.75,6.875,9],"texture":"#0"},"east":{"uv":[1.25,4.75,1.875,7],"texture":"#0"},"south":{"uv":[6.875,0,7,2.25],"texture":"#0"},"west":{"uv":[1.875,4.75,2.5,7],"texture":"#0"},"up":{"uv":[3,9,2.875,8.375],"texture":"#0"},"down":{"uv":[3.125,8.375,3,9],"texture":"#0"}}},{"from":[1.4,-4.875,4.6],"to":[2,13.925,11.4],"rotation":{"angle":0,"axis":"y","origin":[8,-5.275,8]},"faces":{"north":{"uv":[5.25,6,5.375,8.375],"texture":"#0"},"east":{"uv":[2.5,4.5,3.375,6.875],"texture":"#0"},"south":{"uv":[6.125,2,6.25,4.375],"texture":"#0"},"west":{"uv":[3.375,4.5,4.25,6.875],"texture":"#0"},"up":{"uv":[2.75,8.5,2.625,7.625],"texture":"#0"},"down":{"uv":[2.875,7.625,2.75,8.5],"texture":"#0"}}},{"from":[3,-4.875,3.4],"to":[13,13.925,4],"rotation":{"angle":0,"axis":"y","origin":[8,-5.275,8]},"faces":{"north":{"uv":[0,0,1.25,2.375],"texture":"#0"},"east":{"uv":[6.125,5.5,6.25,7.875],"texture":"#0"},"south":{"uv":[1.25,0,2.5,2.375],"texture":"#0"},"west":{"uv":[6.25,2,6.375,4.375],"texture":"#0"},"up":{"uv":[8.25,2.125,7,2],"texture":"#0"},"down":{"uv":[8.25,2.125,7,2.25],"texture":"#0"}}},{"from":[4,-1.875,2.9],"to":[12,12.925,3.5],"rotation":{"angle":0,"axis":"y","origin":[8,-5.275,8]},"faces":{"north":{"uv":[0,0,16,16],"texture":"#1"},"east":{"uv":[6.625,4.375,6.75,6.625],"texture":"#0"},"south":{"uv":[2.5,2.25,3.5,4.5],"texture":"#0"},"west":{"uv":[6.625,6.625,6.75,8.875],"texture":"#0"},"up":{"uv":[8.5,4.75,7.5,4.625],"texture":"#0"},"down":{"uv":[8.5,4.75,7.5,4.875],"texture":"#0"}}},{"from":[4,-1.875,12.4],"to":[12,12.925,13],"rotation":{"angle":0,"axis":"y","origin":[8,-5.275,8]},"faces":{"north":{"uv":[3.5,0,4.5,2.25],"texture":"#0"},"east":{"uv":[6.75,0,6.875,2.25],"texture":"#0"},"south":{"uv":[3.5,2.25,4.5,4.5],"texture":"#0"},"west":{"uv":[6.75,2.25,6.875,4.5],"texture":"#0"},"up":{"uv":[8.5,5,7.5,4.875],"texture":"#0"},"down":{"uv":[8.5,5,7.5,5.125],"texture":"#0"}}},{"from":[4,-4.875,12.4],"to":[12,-1.575,13],"rotation":{"angle":0,"axis":"y","origin":[8,-5.275,8]},"faces":{"north":{"uv":[3.5,0,4.5,2.25],"texture":"#0"},"east":{"uv":[1.875,2.5,2.375,4.75],"texture":"#0"},"south":{"uv":[15,0,16,2.25],"texture":"#0"},"west":{"uv":[2.375,2.5,1.875,4.75],"texture":"#0"},"up":{"uv":[8.5,5,7.5,4.875],"texture":"#0"},"down":{"uv":[8.5,5,7.5,5.125],"texture":"#0"}}},{"from":[4,-4.875,3],"to":[12,-1.825,3.6],"rotation":{"angle":0,"axis":"y","origin":[8,-5.275,8]},"faces":{"north":{"uv":[15,0,16,2.25],"texture":"#0"},"east":{"uv":[6.75,2.25,6.875,4.5],"texture":"#0"},"south":{"uv":[3.5,0,4.5,2.25],"texture":"#0"},"west":{"uv":[6.75,0,6.875,2.25],"texture":"#0"},"up":{"uv":[8.5,5,7.5,4.875],"rotation":180,"texture":"#0"},"down":{"uv":[8.5,5,7.5,5.125],"rotation":180,"texture":"#0"}}},{"from":[2,-4.875,4],"to":[3.4,13.925,5],"rotation":{"angle":0,"axis":"y","origin":[8,-5.275,8]},"faces":{"north":{"uv":[5.375,6.25,5.5,8.625],"texture":"#0"},"east":{"uv":[5.5,6.25,5.625,8.625],"texture":"#0"},"south":{"uv":[6.25,5.5,6.375,7.875],"texture":"#0"},"west":{"uv":[5.625,6.25,5.75,8.625],"texture":"#0"},"up":{"uv":[9.875,4,9.75,3.875],"texture":"#0"},"down":{"uv":[9.875,4,9.75,4.125],"texture":"#0"}}},{"from":[12.6,-4.875,11],"to":[14,13.925,12],"rotation":{"angle":0,"axis":"y","origin":[8,-5.275,8]},"faces":{"north":{"uv":[5.75,6.25,5.875,8.625],"texture":"#0"},"east":{"uv":[5.875,6.25,6,8.625],"texture":"#0"},"south":{"uv":[6,6.25,6.125,8.625],"texture":"#0"},"west":{"uv":[6.375,2,6.5,4.375],"texture":"#0"},"up":{"uv":[9.875,4.25,9.75,4.125],"texture":"#0"},"down":{"uv":[9.875,5.25,9.75,5.375],"texture":"#0"}}},{"from":[2,-4.875,11],"to":[3.4,13.925,12],"rotation":{"angle":0,"axis":"y","origin":[8,-5.275,8]},"faces":{"north":{"uv":[6.375,5.5,6.5,7.875],"texture":"#0"},"east":{"uv":[6.5,2,6.625,4.375],"texture":"#0"},"south":{"uv":[4.25,6.5,4.375,8.875],"texture":"#0"},"west":{"uv":[4.375,6.5,4.5,8.875],"texture":"#0"},"up":{"uv":[5.5,9.875,5.375,9.75],"texture":"#0"},"down":{"uv":[9.875,5.375,9.75,5.5],"texture":"#0"}}},{"from":[12.6,-4.875,4],"to":[14,13.925,5],"rotation":{"angle":0,"axis":"y","origin":[8,-5.275,8]},"faces":{"north":{"uv":[6.5,4.375,6.625,6.75],"texture":"#0"},"east":{"uv":[4.5,6.5,4.625,8.875],"texture":"#0"},"south":{"uv":[4.625,6.5,4.75,8.875],"texture":"#0"},"west":{"uv":[4.75,6.5,4.875,8.875],"texture":"#0"},"up":{"uv":[5.625,9.875,5.5,9.75],"texture":"#0"},"down":{"uv":[9.875,5.5,9.75,5.625],"texture":"#0"}}},{"from":[3,-4.875,12],"to":[13,13.925,12.6],"rotation":{"angle":0,"axis":"y","origin":[8,-5.275,8]},"faces":{"north":{"uv":[0,2.375,1.25,4.75],"texture":"#0"},"east":{"uv":[4.875,6.5,5,8.875],"texture":"#0"},"south":{"uv":[1.25,2.375,2.5,4.75],"texture":"#0"},"west":{"uv":[6.625,2,6.75,4.375],"texture":"#0"},"up":{"uv":[8.125,7.125,6.875,7],"texture":"#0"},"down":{"uv":[3.125,7.125,1.875,7.25],"texture":"#0"}}}],"display":{"thirdperson_righthand":{"translation":[0,-2,0],"scale":[0.22,0.22,0.22]},"thirdperson_lefthand":{"translation":[0,-0.75,0],"scale":[0.22,0.22,0.22]},"firstperson_righthand":{"rotation":[0,138,0],"translation":[-2.75,6.5,4],"scale":[0.33,0.33,0.33]},"firstperson_lefthand":{"rotation":[0,138,0],"translation":[-2.25,5.75,4],"scale":[0.27,0.27,0.27]},"ground":{"translation":[0,2.75,0],"scale":[0.38,0.38,0.38]},"gui":{"rotation":[176.69,13.02,-137.83],"translation":[0,-0.5,0],"scale":[0.47,0.47,0.47]},"head":{"rotation":[29,180,0],"translation":[0,-10.75,-10.5],"scale":[0.37,0.37,0.37]},"fixed":{"rotation":[-90,180,0],"translation":[0,0,-9.75],"scale":[0.76,0.76,0.76]}},"groups":[{"name":"group","origin":[8,0,8],"color":0,"children":[]},{"name":"group","origin":[8,0,8],"color":0,"children":[{"name":"group","origin":[8,0,8],"color":0,"children":[]}]},{"name":"group","origin":[8,8,8],"color":0,"children":[{"name":"group","origin":[8,0,8],"color":0,"children":[]},{"name":"group","origin":[8,0,8],"color":0,"children":[]},{"name":"group","origin":[8,0,8],"color":0,"children":[]},{"name":"group","origin":[8,0,8],"color":0,"children":[]},{"name":"group","origin":[8,0,8],"color":0,"children":[0,1,2,3,4,5,6,7,8,9,10,11,12,13,14,15,16,17,18,19,20,21,22,23,24,25,26,27,28,29,30,31,32,33,34,35,36,37,38,39,40,41,42,43,44,45,46,47,48,49,50,51,52,53,54,55,56,57,58,59,60,61,62,63,64,65,66,67,68,69,70,71,72,73,74,75,76,77,78,79,80,81,{"name":"group","origin":[8,-4.61108,8],"color":0,"children":[82,83,84,85,86,87,88,89,90,91,92,93,94,95,96,97]},{"name":"group","origin":[8,-4.61108,8],"color":0,"children":[98,99,100,101,102,103,104,105,106,107,108,109,110,111,112,113]},{"name":"group","origin":[8,-4.61108,8],"color":0,"children":[114,115,116,117,118,119,120,121,122,123,124,125,126,127,128,129]},{"name":"group","origin":[8,-4.61108,8],"color":0,"children":[130,131,132,133,134,135,136,137,138,139,140,141,142,143,144,145]},{"name":"group","origin":[8,-4.61108,8],"color":0,"children":[146,147,148,149,150,151,152,153,154,155,156,157,158,159,160,161,{"name":"group","origin":[8,-4.61108,8],"color":0,"children":[162,163,164,165,166,167,168,169,170,171,172,173,174,175,176,177]}]}]},{"name":"group","origin":[8,0,8],"color":0,"children":[178,179,180,181,182,183,184,185,{"name":"group","origin":[8,0,8],"color":0,"children":[186,187,188,189,190,191,192,193]}]},{"name":"group","origin":[8,0,8],"color":0,"children":[194,195,196,197,198,199,200,201,202,203,204,205,206,207]}]},{"name":"group","origin":[8,0,8],"color":0,"children":[]}]}