{"credit":"Made with Blockbench","texture_size":[32,32],"textures":{"0":"politmine/item/brewery/white_tea/25","1":"politmine/item/brewery/white_tea/26","particle":"politmine/item/brewery/white_tea/25"},"elements":[{"from":[4.48133,-0.40174,5.28693],"to":[4.84009,-0.04987,10.71307],"rotation":{"angle":0,"axis":"y","origin":[8,-3.08382,-14.51951]},"faces":{"north":{"uv":[11.25,0.75,11.375,0.875],"texture":"#0"},"east":{"uv":[7.5,2.25,8.875,2.375],"texture":"#0"},"south":{"uv":[1,11.25,1.125,11.375],"texture":"#0"},"west":{"uv":[7.5,2.5,8.875,2.625],"texture":"#0"},"up":{"uv":[7.625,4.125,7.5,2.75],"texture":"#0"},"down":{"uv":[6.875,7.5,6.75,8.875],"texture":"#0"}}},{"from":[10.92754,-0.16397,4.80496],"to":[11.54348,0.20197,5.43841],"rotation":{"angle":0,"axis":"y","origin":[-3.71015,-3.28557,-3.71015]},"faces":{"north":{"uv":[11.25,1,11.375,1.125],"texture":"#0"},"east":{"uv":[1.25,11.25,1.375,11.375],"texture":"#0"},"south":{"uv":[11.25,1.25,11.375,1.375],"texture":"#0"},"west":{"uv":[1.5,11.25,1.625,11.375],"texture":"#0"},"up":{"uv":[11.375,1.625,11.25,1.5],"texture":"#0"},"down":{"uv":[1.875,11.25,1.75,11.375],"texture":"#0"}}},{"from":[10.92754,-0.16397,10.56159],"to":[11.29348,0.20197,11.19504],"rotation":{"angle":0,"axis":"y","origin":[5.07246,-3.1026,12.3913]},"faces":{"north":{"uv":[11.25,1.75,11.375,1.875],"texture":"#0"},"east":{"uv":[2,11.25,2.125,11.375],"texture":"#0"},"south":{"uv":[11.25,2,11.375,2.125],"texture":"#0"},"west":{"uv":[2.25,11.25,2.375,11.375],"texture":"#0"},"up":{"uv":[11.375,2.375,11.25,2.25],"texture":"#0"},"down":{"uv":[2.625,11.25,2.5,11.375],"texture":"#0"}}},{"from":[5.07246,-0.16397,10.92754],"to":[5.43841,0.20197,11.56098],"rotation":{"angle":0,"axis":"y","origin":[5.07246,-3.1026,12.3913]},"faces":{"north":{"uv":[11.25,2.5,11.375,2.625],"texture":"#0"},"east":{"uv":[2.75,11.25,2.875,11.375],"texture":"#0"},"south":{"uv":[11.25,2.75,11.375,2.875],"texture":"#0"},"west":{"uv":[3,11.25,3.125,11.375],"texture":"#0"},"up":{"uv":[11.375,3.125,11.25,3],"texture":"#0"},"down":{"uv":[3.375,11.25,3.25,11.375],"texture":"#0"}}},{"from":[4.70652,-0.16397,10.56159],"to":[5.07246,0.20197,11.19504],"rotation":{"angle":0,"axis":"y","origin":[5.07246,-3.1026,12.3913]},"faces":{"north":{"uv":[11.25,3.25,11.375,3.375],"texture":"#0"},"east":{"uv":[3.5,11.25,3.625,11.375],"texture":"#0"},"south":{"uv":[11.25,3.5,11.375,3.625],"texture":"#0"},"west":{"uv":[3.75,11.25,3.875,11.375],"texture":"#0"},"up":{"uv":[11.375,3.875,11.25,3.75],"texture":"#0"},"down":{"uv":[4.125,11.25,4,11.375],"texture":"#0"}}},{"from":[10.56159,-0.16397,10.92754],"to":[10.92754,0.20197,11.56098],"rotation":{"angle":0,"axis":"y","origin":[5.07246,-3.1026,12.3913]},"faces":{"north":{"uv":[11.25,4,11.375,4.125],"texture":"#0"},"east":{"uv":[4.25,11.25,4.375,11.375],"texture":"#0"},"south":{"uv":[11.25,4.25,11.375,4.375],"texture":"#0"},"west":{"uv":[4.5,11.25,4.625,11.375],"texture":"#0"},"up":{"uv":[11.375,4.625,11.25,4.5],"texture":"#0"},"down":{"uv":[4.875,11.25,4.75,11.375],"texture":"#0"}}},{"from":[5.07246,-0.16397,4.43902],"to":[5.43841,0.20197,5.07246],"rotation":{"angle":0,"axis":"y","origin":[5.07246,-3.1026,5.07246]},"faces":{"north":{"uv":[11.25,4.75,11.375,4.875],"texture":"#0"},"east":{"uv":[5,11.25,5.125,11.375],"texture":"#0"},"south":{"uv":[11.25,5,11.375,5.125],"texture":"#0"},"west":{"uv":[5.25,11.25,5.375,11.375],"texture":"#0"},"up":{"uv":[11.375,5.375,11.25,5.25],"texture":"#0"},"down":{"uv":[5.625,11.25,5.5,11.375],"texture":"#0"}}},{"from":[4.70652,-0.16397,4.80496],"to":[5.07246,0.20197,5.43841],"rotation":{"angle":0,"axis":"y","origin":[5.07246,-3.1026,5.07246]},"faces":{"north":{"uv":[11.25,5.5,11.375,5.625],"texture":"#0"},"east":{"uv":[5.75,11.25,5.875,11.375],"texture":"#0"},"south":{"uv":[11.25,5.75,11.375,5.875],"texture":"#0"},"west":{"uv":[6,11.25,6.125,11.375],"texture":"#0"},"up":{"uv":[11.375,6.125,11.25,6],"texture":"#0"},"down":{"uv":[6.375,11.25,6.25,11.375],"texture":"#0"}}},{"from":[10.56159,-0.16397,4.43902],"to":[11.17754,0.20197,5.07246],"rotation":{"angle":0,"axis":"y","origin":[-3.71015,-3.28557,-3.71015]},"faces":{"north":{"uv":[11.25,6.25,11.375,6.375],"texture":"#0"},"east":{"uv":[6.5,11.25,6.625,11.375],"texture":"#0"},"south":{"uv":[11.25,6.5,11.375,6.625],"texture":"#0"},"west":{"uv":[6.75,11.25,6.875,11.375],"texture":"#0"},"up":{"uv":[11.375,6.875,11.25,6.75],"texture":"#0"},"down":{"uv":[7.125,11.25,7,11.375],"texture":"#0"}}},{"from":[5.43841,-0.16397,4.34058],"to":[10.56159,0.20197,4.7137],"rotation":{"angle":0,"axis":"y","origin":[-3.71015,-3.28557,-3.71015]},"faces":{"north":{"uv":[8.5,5.75,9.75,5.875],"texture":"#0"},"east":{"uv":[11.25,7,11.375,7.125],"texture":"#0"},"south":{"uv":[8.25,8.5,9.5,8.625],"texture":"#0"},"west":{"uv":[7.25,11.25,7.375,11.375],"texture":"#0"},"up":{"uv":[10,0.125,8.75,0],"texture":"#0"},"down":{"uv":[10,0.25,8.75,0.375],"texture":"#0"}}},{"from":[5.43841,-0.16397,11.2863],"to":[10.56159,0.20197,11.65942],"rotation":{"angle":0,"axis":"y","origin":[-3.71015,-3.28557,-3.71015]},"faces":{"north":{"uv":[8.75,0.5,10,0.625],"texture":"#0"},"east":{"uv":[11.25,7.25,11.375,7.375],"texture":"#0"},"south":{"uv":[8.75,0.75,10,0.875],"texture":"#0"},"west":{"uv":[7.5,11.25,7.625,11.375],"texture":"#0"},"up":{"uv":[2.25,8.875,1,8.75],"texture":"#0"},"down":{"uv":[10,1.5,8.75,1.625],"texture":"#0"}}},{"from":[11.2863,-0.16397,5.17091],"to":[11.65942,0.20197,10.82909],"rotation":{"angle":0,"axis":"y","origin":[8,-3.1026,-15.42029]},"faces":{"north":{"uv":[11.25,7.5,11.375,7.625],"texture":"#0"},"east":{"uv":[7.5,4.25,8.875,4.375],"texture":"#0"},"south":{"uv":[7.75,11.25,7.875,11.375],"texture":"#0"},"west":{"uv":[7.5,4.5,8.875,4.625],"texture":"#0"},"up":{"uv":[7.125,8.875,7,7.5],"texture":"#0"},"down":{"uv":[7.375,7.5,7.25,8.875],"texture":"#0"}}},{"from":[4.34058,-0.16397,5.17091],"to":[4.7137,0.20197,10.82909],"rotation":{"angle":0,"axis":"y","origin":[8,-3.1026,-15.42029]},"faces":{"north":{"uv":[11.25,7.75,11.375,7.875],"texture":"#0"},"east":{"uv":[7.5,7.5,8.875,7.625],"texture":"#0"},"south":{"uv":[8,11.25,8.125,11.375],"texture":"#0"},"west":{"uv":[7.75,2.75,9.125,2.875],"texture":"#0"},"up":{"uv":[7.625,9.125,7.5,7.75],"texture":"#0"},"down":{"uv":[7.875,7.75,7.75,9.125],"texture":"#0"}}},{"from":[11.79228,4.02229,3.86775],"to":[12.26631,5.45289,4.68176],"rotation":{"angle":0,"axis":"y","origin":[-7.1691,-4.04044,-7.1691]},"faces":{"north":{"uv":[7,10,7.125,10.375],"texture":"#0"},"east":{"uv":[5.75,9.25,6,9.625],"texture":"#0"},"south":{"uv":[7.25,10,7.375,10.375],"texture":"#0"},"west":{"uv":[7.5,9.25,7.75,9.625],"texture":"#0"},"up":{"uv":[1.125,8.5,1,8.25],"texture":"#0"},"down":{"uv":[1.375,8.25,1.25,8.5],"texture":"#0"}}},{"from":[12.68272,5.17452,3.97596],"to":[13.21438,6.74818,12.02404],"rotation":{"angle":0,"axis":"y","origin":[8,-4.18376,-25.37202]},"faces":{"north":{"uv":[10,7.75,10.125,8.125],"texture":"#0"},"east":{"uv":[3.25,0,5.25,0.375],"texture":"#0"},"south":{"uv":[10,8.25,10.125,8.625],"texture":"#0"},"west":{"uv":[3.25,0.5,5.25,0.875],"texture":"#0"},"up":{"uv":[2.375,8.25,2.25,6.25],"texture":"#0"},"down":{"uv":[2.625,6.25,2.5,8.25],"texture":"#0"}}},{"from":[11.65007,5.17452,2.93308],"to":[12.1715,6.74818,3.8285],"rotation":{"angle":0,"axis":"y","origin":[-8.68601,-4.44448,-8.68601]},"faces":{"north":{"uv":[8.75,10,8.875,10.375],"texture":"#0"},"east":{"uv":[7.75,9.25,8,9.625],"texture":"#0"},"south":{"uv":[10,8.75,10.125,9.125],"texture":"#0"},"west":{"uv":[8,9.25,8.25,9.625],"texture":"#0"},"up":{"uv":[2.375,8.5,2.25,8.25],"texture":"#0"},"down":{"uv":[6.375,8.75,6.25,9],"texture":"#0"}}},{"from":[11.65007,5.17452,12.1715],"to":[12.1715,6.74818,13.06692],"rotation":{"angle":0,"axis":"y","origin":[3.8285,-4.18376,14.25725]},"faces":{"north":{"uv":[9,10,9.125,10.375],"texture":"#0"},"east":{"uv":[2.75,9.5,3,9.875],"texture":"#0"},"south":{"uv":[9.25,10,9.375,10.375],"texture":"#0"},"west":{"uv":[3,9.5,3.25,9.875],"texture":"#0"},"up":{"uv":[6.625,9,6.5,8.75],"texture":"#0"},"down":{"uv":[9.625,4.75,9.5,5],"texture":"#0"}}},{"from":[12.1715,5.17452,11.65007],"to":[12.69294,6.74818,12.54548],"rotation":{"angle":0,"axis":"y","origin":[3.8285,-4.18376,14.25725]},"faces":{"north":{"uv":[10,9.25,10.125,9.625],"texture":"#0"},"east":{"uv":[3.25,9.5,3.5,9.875],"texture":"#0"},"south":{"uv":[9.5,10,9.625,10.375],"texture":"#0"},"west":{"uv":[3.5,9.5,3.75,9.875],"texture":"#0"},"up":{"uv":[9.875,5,9.75,4.75],"texture":"#0"},"down":{"uv":[9.875,7.25,9.75,7.5],"texture":"#0"}}},{"from":[12.1715,5.17452,3.45452],"to":[12.69294,6.74818,4.34993],"rotation":{"angle":0,"axis":"y","origin":[-8.68601,-4.44448,-8.68601]},"faces":{"north":{"uv":[9.75,10,9.875,10.375],"texture":"#0"},"east":{"uv":[3.75,9.5,4,9.875],"texture":"#0"},"south":{"uv":[10,9.75,10.125,10.125],"texture":"#0"},"west":{"uv":[4,9.5,4.25,9.875],"texture":"#0"},"up":{"uv":[9.875,9,9.75,8.75],"texture":"#0"},"down":{"uv":[10.125,7.25,10,7.5],"texture":"#0"}}},{"from":[11.79228,4.02229,11.31824],"to":[12.26631,5.45289,12.13225],"rotation":{"angle":0,"axis":"y","origin":[4.20772,-3.80342,13.68841]},"faces":{"north":{"uv":[0,10.25,0.125,10.625],"texture":"#0"},"east":{"uv":[4.25,9.5,4.5,9.875],"texture":"#0"},"south":{"uv":[10.25,0,10.375,0.375],"texture":"#0"},"west":{"uv":[4.5,9.5,4.75,9.875],"texture":"#0"},"up":{"uv":[10.375,2.75,10.25,2.5],"texture":"#0"},"down":{"uv":[10.875,8,10.75,8.25],"texture":"#0"}}},{"from":[4.20772,4.02229,11.79228],"to":[4.68176,5.45289,12.60629],"rotation":{"angle":0,"axis":"y","origin":[4.20772,-3.80342,13.68841]},"faces":{"north":{"uv":[0.25,10.25,0.375,10.625],"texture":"#0"},"east":{"uv":[4.75,9.5,5,9.875],"texture":"#0"},"south":{"uv":[0.5,10.25,0.625,10.625],"texture":"#0"},"west":{"uv":[5,9.5,5.25,9.875],"texture":"#0"},"up":{"uv":[8.375,11,8.25,10.75],"texture":"#0"},"down":{"uv":[10.875,8.25,10.75,8.5],"texture":"#0"}}},{"from":[3.73369,4.02229,11.31824],"to":[4.20772,5.45289,12.13225],"rotation":{"angle":0,"axis":"y","origin":[4.20772,-3.80342,13.68841]},"faces":{"north":{"uv":[10.25,0.5,10.375,0.875],"texture":"#0"},"east":{"uv":[6,9.5,6.25,9.875],"texture":"#0"},"south":{"uv":[0.75,10.25,0.875,10.625],"texture":"#0"},"west":{"uv":[6.25,9.5,6.5,9.875],"texture":"#0"},"up":{"uv":[8.625,11,8.5,10.75],"texture":"#0"},"down":{"uv":[10.875,8.5,10.75,8.75],"texture":"#0"}}},{"from":[11.31824,4.02229,11.79228],"to":[11.79228,5.45289,12.60629],"rotation":{"angle":0,"axis":"y","origin":[4.20772,-3.80342,13.68841]},"faces":{"north":{"uv":[10.25,1,10.375,1.375],"texture":"#0"},"east":{"uv":[6.5,9.5,6.75,9.875],"texture":"#0"},"south":{"uv":[1.5,10.25,1.625,10.625],"texture":"#0"},"west":{"uv":[6.75,9.5,7,9.875],"texture":"#0"},"up":{"uv":[10.875,9,10.75,8.75],"texture":"#0"},"down":{"uv":[10.875,9,10.75,9.25],"texture":"#0"}}},{"from":[4.20772,4.02229,3.39371],"to":[4.68176,5.45289,4.20772],"rotation":{"angle":0,"axis":"y","origin":[4.20772,-3.80342,4.20772]},"faces":{"north":{"uv":[10.25,1.5,10.375,1.875],"texture":"#0"},"east":{"uv":[7,9.5,7.25,9.875],"texture":"#0"},"south":{"uv":[1.75,10.25,1.875,10.625],"texture":"#0"},"west":{"uv":[7.25,9.5,7.5,9.875],"texture":"#0"},"up":{"uv":[10.875,9.5,10.75,9.25],"texture":"#0"},"down":{"uv":[10.875,9.5,10.75,9.75],"texture":"#0"}}},{"from":[3.73369,4.02229,3.86775],"to":[4.20772,5.45289,4.68176],"rotation":{"angle":0,"axis":"y","origin":[4.20772,-3.80342,4.20772]},"faces":{"north":{"uv":[2,10.25,2.125,10.625],"texture":"#0"},"east":{"uv":[9.5,8.5,9.75,8.875],"texture":"#0"},"south":{"uv":[10.25,2,10.375,2.375],"texture":"#0"},"west":{"uv":[8.75,9.5,9,9.875],"texture":"#0"},"up":{"uv":[10.875,10,10.75,9.75],"texture":"#0"},"down":{"uv":[10.125,10.75,10,11],"texture":"#0"}}},{"from":[11.31824,4.02229,3.39371],"to":[11.79228,5.45289,4.20772],"rotation":{"angle":0,"axis":"y","origin":[-7.1691,-4.04044,-7.1691]},"faces":{"north":{"uv":[2.25,10.25,2.375,10.625],"texture":"#0"},"east":{"uv":[9,9.5,9.25,9.875],"texture":"#0"},"south":{"uv":[2.5,10.25,2.625,10.625],"texture":"#0"},"west":{"uv":[9.25,9.5,9.5,9.875],"texture":"#0"},"up":{"uv":[10.875,10.25,10.75,10],"texture":"#0"},"down":{"uv":[10.375,10.75,10.25,11],"texture":"#0"}}},{"from":[4.68176,4.02229,3.25966],"to":[11.31824,5.45289,3.74298],"rotation":{"angle":0,"axis":"y","origin":[-7.1691,-4.04044,-7.1691]},"faces":{"north":{"uv":[3.5,5,5.125,5.375],"texture":"#0"},"east":{"uv":[10.25,4.25,10.375,4.625],"texture":"#0"},"south":{"uv":[5.25,0,6.875,0.375],"texture":"#0"},"west":{"uv":[10.25,4.75,10.375,5.125],"texture":"#0"},"up":{"uv":[8.625,0.125,7,0],"texture":"#0"},"down":{"uv":[8.625,0.25,7,0.375],"texture":"#0"}}},{"from":[4.68176,4.02229,12.25702],"to":[11.31824,5.45289,12.74034],"rotation":{"angle":0,"axis":"y","origin":[-7.1691,-4.04044,-7.1691]},"faces":{"north":{"uv":[5.25,0.5,6.875,0.875],"texture":"#0"},"east":{"uv":[5.25,10.25,5.375,10.625],"texture":"#0"},"south":{"uv":[5.25,5,6.875,5.375],"texture":"#0"},"west":{"uv":[10.25,5.25,10.375,5.625],"texture":"#0"},"up":{"uv":[8.625,0.625,7,0.5],"texture":"#0"},"down":{"uv":[8.625,0.75,7,0.875],"texture":"#0"}}},{"from":[12.25702,4.02229,4.34178],"to":[12.74034,5.45289,11.65822],"rotation":{"angle":0,"axis":"y","origin":[8,-3.80342,-22.3382]},"faces":{"north":{"uv":[5.5,10.25,5.625,10.625],"texture":"#0"},"east":{"uv":[3.75,2.5,5.625,2.875],"texture":"#0"},"south":{"uv":[5.75,10.25,5.875,10.625],"texture":"#0"},"west":{"uv":[0,4,1.875,4.375],"texture":"#0"},"up":{"uv":[5.375,8.125,5.25,6.25],"texture":"#0"},"down":{"uv":[5.625,6.25,5.5,8.125],"texture":"#0"}}},{"from":[3.25966,4.02229,4.34178],"to":[3.74298,5.45289,11.65822],"rotation":{"angle":0,"axis":"y","origin":[8,-3.80342,-22.3382]},"faces":{"north":{"uv":[10.25,5.75,10.375,6.125],"texture":"#0"},"east":{"uv":[2,4,3.875,4.375],"texture":"#0"},"south":{"uv":[10.25,6.25,10.375,6.625],"texture":"#0"},"west":{"uv":[4,3.5,5.875,3.875],"texture":"#0"},"up":{"uv":[5.875,8.125,5.75,6.25],"texture":"#0"},"down":{"uv":[0.125,6.5,0,8.375],"texture":"#0"}}},{"from":[11.6199,2.82098,4.05558],"to":[12.07239,4.74588,4.83259],"rotation":{"angle":0,"axis":"y","origin":[-6.4796,-3.88224,-6.4796]},"faces":{"north":{"uv":[4.5,10,4.625,10.5],"texture":"#0"},"east":{"uv":[2.5,8.25,2.75,8.75],"texture":"#0"},"south":{"uv":[4.75,10,4.875,10.5],"texture":"#0"},"west":{"uv":[2.75,8.25,3,8.75],"texture":"#0"},"up":{"uv":[10.875,10.5,10.75,10.25],"texture":"#0"},"down":{"uv":[10.875,10.5,10.75,10.75],"texture":"#0"}}},{"from":[11.6199,2.82098,11.16741],"to":[12.07239,4.21088,11.94442],"rotation":{"angle":0,"axis":"y","origin":[4.3801,-3.65599,13.42985]},"faces":{"north":{"uv":[10.25,6.75,10.375,7.125],"texture":"#0"},"east":{"uv":[9.5,9.5,9.75,9.875],"texture":"#0"},"south":{"uv":[10.25,7.25,10.375,7.625],"texture":"#0"},"west":{"uv":[0,9.75,0.25,10.125],"texture":"#0"},"up":{"uv":[10.875,11,10.75,10.75],"texture":"#0"},"down":{"uv":[11.125,0,11,0.25],"texture":"#0"}}},{"from":[4.3801,2.82098,11.6199],"to":[4.83259,4.21088,12.39691],"rotation":{"angle":0,"axis":"y","origin":[4.3801,-3.65599,13.42985]},"faces":{"north":{"uv":[7.5,10.25,7.625,10.625],"texture":"#0"},"east":{"uv":[0.25,9.75,0.5,10.125],"texture":"#0"},"south":{"uv":[7.75,10.25,7.875,10.625],"texture":"#0"},"west":{"uv":[0.5,9.75,0.75,10.125],"texture":"#0"},"up":{"uv":[11.125,0.5,11,0.25],"texture":"#0"},"down":{"uv":[11.125,0.5,11,0.75],"texture":"#0"}}},{"from":[3.92761,2.82098,11.16741],"to":[4.3801,4.21088,11.94442],"rotation":{"angle":0,"axis":"y","origin":[4.3801,-3.65599,13.42985]},"faces":{"north":{"uv":[10.25,7.75,10.375,8.125],"texture":"#0"},"east":{"uv":[0.75,9.75,1,10.125],"texture":"#0"},"south":{"uv":[8,10.25,8.125,10.625],"texture":"#0"},"west":{"uv":[1.5,9.75,1.75,10.125],"texture":"#0"},"up":{"uv":[11.125,1,11,0.75],"texture":"#0"},"down":{"uv":[1.125,11,1,11.25],"texture":"#0"}}},{"from":[11.16741,2.82098,11.6199],"to":[11.6199,4.21088,12.39691],"rotation":{"angle":0,"axis":"y","origin":[4.3801,-3.65599,13.42985]},"faces":{"north":{"uv":[8.25,10.25,8.375,10.625],"texture":"#0"},"east":{"uv":[1.75,9.75,2,10.125],"texture":"#0"},"south":{"uv":[10.25,8.25,10.375,8.625],"texture":"#0"},"west":{"uv":[2,9.75,2.25,10.125],"texture":"#0"},"up":{"uv":[11.125,1.25,11,1],"texture":"#0"},"down":{"uv":[1.375,11,1.25,11.25],"texture":"#0"}}},{"from":[4.3801,2.82098,3.60309],"to":[4.83259,4.74588,4.3801],"rotation":{"angle":0,"axis":"y","origin":[4.3801,-3.65599,4.3801]},"faces":{"north":{"uv":[10,4.75,10.125,5.25],"texture":"#0"},"east":{"uv":[3,8.25,3.25,8.75],"texture":"#0"},"south":{"uv":[5,10,5.125,10.5],"texture":"#0"},"west":{"uv":[5.25,8.25,5.5,8.75],"texture":"#0"},"up":{"uv":[11.125,1.5,11,1.25],"texture":"#0"},"down":{"uv":[11.125,1.5,11,1.75],"texture":"#0"}}},{"from":[3.92761,2.82098,4.05558],"to":[4.3801,4.74588,4.83259],"rotation":{"angle":0,"axis":"y","origin":[4.3801,-3.65599,4.3801]},"faces":{"north":{"uv":[10,5.25,10.125,5.75],"texture":"#0"},"east":{"uv":[5.5,8.25,5.75,8.75],"texture":"#0"},"south":{"uv":[10,5.75,10.125,6.25],"texture":"#0"},"west":{"uv":[5.75,8.25,6,8.75],"texture":"#0"},"up":{"uv":[11.125,2,11,1.75],"texture":"#0"},"down":{"uv":[11.125,2,11,2.25],"texture":"#0"}}},{"from":[11.16741,2.82098,3.60309],"to":[11.6199,4.74588,4.3801],"rotation":{"angle":0,"axis":"y","origin":[-6.4796,-3.88224,-6.4796]},"faces":{"north":{"uv":[6,10,6.125,10.5],"texture":"#0"},"east":{"uv":[5.25,9.25,5.5,9.75],"texture":"#0"},"south":{"uv":[6.25,10,6.375,10.5],"texture":"#0"},"west":{"uv":[5.5,9.25,5.75,9.75],"texture":"#0"},"up":{"uv":[11.125,2.5,11,2.25],"texture":"#0"},"down":{"uv":[11.125,2.5,11,2.75],"texture":"#0"}}},{"from":[4.83259,2.82098,3.47513],"to":[11.16741,4.74588,3.93649],"rotation":{"angle":0,"axis":"y","origin":[-6.4796,-3.88224,-6.4796]},"faces":{"north":{"uv":[0,3,1.625,3.5],"texture":"#0"},"east":{"uv":[10,6.25,10.125,6.75],"texture":"#0"},"south":{"uv":[1.75,3,3.375,3.5],"texture":"#0"},"west":{"uv":[6.5,10,6.625,10.5],"texture":"#0"},"up":{"uv":[4.875,7.125,3.25,7],"texture":"#0"},"down":{"uv":[8.625,5,7,5.125],"texture":"#0"}}},{"from":[4.83259,2.82098,12.06351],"to":[11.16741,4.21088,12.52487],"rotation":{"angle":0,"axis":"y","origin":[-6.4796,-3.88224,-6.4796]},"faces":{"north":{"uv":[0,5.5,1.625,5.875],"texture":"#0"},"east":{"uv":[8.5,10.25,8.625,10.625],"texture":"#0"},"south":{"uv":[1.75,5.5,3.375,5.875],"texture":"#0"},"west":{"uv":[10.25,8.75,10.375,9.125],"texture":"#0"},"up":{"uv":[8.625,5.375,7,5.25],"texture":"#0"},"down":{"uv":[8.625,5.5,7,5.625],"texture":"#0"}}},{"from":[12.06351,2.82098,4.50807],"to":[12.52487,4.74588,11.49193],"rotation":{"angle":0,"axis":"y","origin":[8,-3.65599,-20.95919]},"faces":{"north":{"uv":[6.75,10,6.875,10.5],"texture":"#0"},"east":{"uv":[1.5,0,3.25,0.5],"texture":"#0"},"south":{"uv":[10,6.75,10.125,7.25],"texture":"#0"},"west":{"uv":[1.5,0.5,3.25,1],"texture":"#0"},"up":{"uv":[0.375,8.25,0.25,6.5],"texture":"#0"},"down":{"uv":[0.625,6.5,0.5,8.25],"texture":"#0"}}},{"from":[3.47513,2.82098,4.50807],"to":[3.93649,4.21088,11.49193],"rotation":{"angle":0,"axis":"y","origin":[8,-3.65599,-20.95919]},"faces":{"north":{"uv":[10.25,9.25,10.375,9.625],"texture":"#0"},"east":{"uv":[0,5,1.75,5.375],"texture":"#0"},"south":{"uv":[10.25,9.75,10.375,10.125],"texture":"#0"},"west":{"uv":[1.75,5,3.5,5.375],"texture":"#0"},"up":{"uv":[0.875,8.25,0.75,6.5],"texture":"#0"},"down":{"uv":[1.125,6.5,1,8.25],"texture":"#0"}}},{"from":[11.44752,1.61967,4.24341],"to":[11.87846,2.96886,4.98342],"rotation":{"angle":0,"axis":"y","origin":[-5.79009,-3.72404,-5.79009]},"faces":{"north":{"uv":[10,10.25,10.125,10.625],"texture":"#0"},"east":{"uv":[10.25,10.25,10.375,10.625],"texture":"#0"},"south":{"uv":[10.5,0,10.625,0.375],"texture":"#0"},"west":{"uv":[10.5,0.5,10.625,0.875],"texture":"#0"},"up":{"uv":[11.375,8.125,11.25,8],"texture":"#0"},"down":{"uv":[8.375,11.25,8.25,11.375],"texture":"#0"}}},{"from":[11.44752,1.61967,11.01658],"to":[11.87846,2.96886,11.75659],"rotation":{"angle":0,"axis":"y","origin":[4.55248,-3.50857,13.17128]},"faces":{"north":{"uv":[1,10.5,1.125,10.875],"texture":"#0"},"east":{"uv":[10.5,1,10.625,1.375],"texture":"#0"},"south":{"uv":[1.25,10.5,1.375,10.875],"texture":"#0"},"west":{"uv":[10.5,1.5,10.625,1.875],"texture":"#0"},"up":{"uv":[11.375,8.375,11.25,8.25],"texture":"#0"},"down":{"uv":[8.625,11.25,8.5,11.375],"texture":"#0"}}},{"from":[4.55248,1.61967,11.44752],"to":[4.98342,2.96886,12.18753],"rotation":{"angle":0,"axis":"y","origin":[4.55248,-3.50857,13.17128]},"faces":{"north":{"uv":[10.5,2,10.625,2.375],"texture":"#0"},"east":{"uv":[10.5,2.5,10.625,2.875],"texture":"#0"},"south":{"uv":[2.75,10.5,2.875,10.875],"texture":"#0"},"west":{"uv":[3,10.5,3.125,10.875],"texture":"#0"},"up":{"uv":[11.375,8.625,11.25,8.5],"texture":"#0"},"down":{"uv":[8.875,11.25,8.75,11.375],"texture":"#0"}}},{"from":[4.12154,1.61967,11.01658],"to":[4.55248,2.96886,11.75659],"rotation":{"angle":0,"axis":"y","origin":[4.55248,-3.50857,13.17128]},"faces":{"north":{"uv":[10.5,3,10.625,3.375],"texture":"#0"},"east":{"uv":[3.25,10.5,3.375,10.875],"texture":"#0"},"south":{"uv":[3.5,10.5,3.625,10.875],"texture":"#0"},"west":{"uv":[10.5,3.5,10.625,3.875],"texture":"#0"},"up":{"uv":[11.375,8.875,11.25,8.75],"texture":"#0"},"down":{"uv":[9.125,11.25,9,11.375],"texture":"#0"}}},{"from":[11.01658,1.61967,11.44752],"to":[11.44752,2.96886,12.18753],"rotation":{"angle":0,"axis":"y","origin":[4.55248,-3.50857,13.17128]},"faces":{"north":{"uv":[3.75,10.5,3.875,10.875],"texture":"#0"},"east":{"uv":[4,10.5,4.125,10.875],"texture":"#0"},"south":{"uv":[10.5,4,10.625,4.375],"texture":"#0"},"west":{"uv":[4.25,10.5,4.375,10.875],"texture":"#0"},"up":{"uv":[11.375,9.125,11.25,9],"texture":"#0"},"down":{"uv":[9.375,11.25,9.25,11.375],"texture":"#0"}}},{"from":[4.55248,1.61967,3.81247],"to":[4.98342,2.96886,4.55248],"rotation":{"angle":0,"axis":"y","origin":[4.55248,-3.50857,4.55248]},"faces":{"north":{"uv":[4.5,10.5,4.625,10.875],"texture":"#0"},"east":{"uv":[10.5,4.5,10.625,4.875],"texture":"#0"},"south":{"uv":[4.75,10.5,4.875,10.875],"texture":"#0"},"west":{"uv":[5,10.5,5.125,10.875],"texture":"#0"},"up":{"uv":[11.375,9.375,11.25,9.25],"texture":"#0"},"down":{"uv":[9.625,11.25,9.5,11.375],"texture":"#0"}}},{"from":[4.12154,1.61967,4.24341],"to":[4.55248,2.96886,4.98342],"rotation":{"angle":0,"axis":"y","origin":[4.55248,-3.50857,4.55248]},"faces":{"north":{"uv":[10.5,5,10.625,5.375],"texture":"#0"},"east":{"uv":[10.5,5.5,10.625,5.875],"texture":"#0"},"south":{"uv":[6,10.5,6.125,10.875],"texture":"#0"},"west":{"uv":[10.5,6,10.625,6.375],"texture":"#0"},"up":{"uv":[11.375,9.625,11.25,9.5],"texture":"#0"},"down":{"uv":[9.875,11.25,9.75,11.375],"texture":"#0"}}},{"from":[11.01658,1.61967,3.81247],"to":[11.44752,2.96886,4.55248],"rotation":{"angle":0,"axis":"y","origin":[-5.79009,-3.72404,-5.79009]},"faces":{"north":{"uv":[6.25,10.5,6.375,10.875],"texture":"#0"},"east":{"uv":[6.5,10.5,6.625,10.875],"texture":"#0"},"south":{"uv":[10.5,6.5,10.625,6.875],"texture":"#0"},"west":{"uv":[6.75,10.5,6.875,10.875],"texture":"#0"},"up":{"uv":[11.375,9.875,11.25,9.75],"texture":"#0"},"down":{"uv":[10.125,11.25,10,11.375],"texture":"#0"}}},{"from":[4.98342,1.61967,3.6906],"to":[11.01658,2.96886,4.12999],"rotation":{"angle":0,"axis":"y","origin":[-5.79009,-3.72404,-5.79009]},"faces":{"north":{"uv":[5.75,1.5,7.25,1.875],"texture":"#0"},"east":{"uv":[7,10.5,7.125,10.875],"texture":"#0"},"south":{"uv":[5.75,2,7.25,2.375],"texture":"#0"},"west":{"uv":[10.5,7,10.625,7.375],"texture":"#0"},"up":{"uv":[8.5,5.875,7,5.75],"texture":"#0"},"down":{"uv":[8.25,7,6.75,7.125],"texture":"#0"}}},{"from":[4.98342,1.61967,11.87001],"to":[11.01658,2.96886,12.3094],"rotation":{"angle":0,"axis":"y","origin":[-5.79009,-3.72404,-5.79009]},"faces":{"north":{"uv":[5.75,2.5,7.25,2.875],"texture":"#0"},"east":{"uv":[7.25,10.5,7.375,10.875],"texture":"#0"},"south":{"uv":[0,6,1.5,6.375],"texture":"#0"},"west":{"uv":[10.5,7.5,10.625,7.875],"texture":"#0"},"up":{"uv":[8.75,1.625,7.25,1.5],"texture":"#0"},"down":{"uv":[8.75,1.75,7.25,1.875],"texture":"#0"}}},{"from":[11.87001,1.61967,4.67435],"to":[12.3094,2.96886,11.32565],"rotation":{"angle":0,"axis":"y","origin":[8,-3.50857,-19.58019]},"faces":{"north":{"uv":[10.5,8,10.625,8.375],"texture":"#0"},"east":{"uv":[5.5,3,7.125,3.375],"texture":"#0"},"south":{"uv":[10.5,8.5,10.625,8.875],"texture":"#0"},"west":{"uv":[3.5,5.5,5.125,5.875],"texture":"#0"},"up":{"uv":[1.375,8.125,1.25,6.5],"texture":"#0"},"down":{"uv":[5.125,7,5,8.625],"texture":"#0"}}},{"from":[3.6906,1.61967,4.67435],"to":[4.12999,2.96886,11.32565],"rotation":{"angle":0,"axis":"y","origin":[8,-3.50857,-19.58019]},"faces":{"north":{"uv":[8.75,10.5,8.875,10.875],"texture":"#0"},"east":{"uv":[5.25,5.5,6.875,5.875],"texture":"#0"},"south":{"uv":[9,10.5,9.125,10.875],"texture":"#0"},"west":{"uv":[5.75,1,7.375,1.375],"texture":"#0"},"up":{"uv":[6.375,8.625,6.25,7],"texture":"#0"},"down":{"uv":[6.625,7,6.5,8.625],"texture":"#0"}}},{"from":[11.22254,0.66834,4.48856],"to":[11.62536,1.6969,5.18028],"rotation":{"angle":0,"axis":"y","origin":[-4.89017,-3.51755,-4.89017]},"faces":{"north":{"uv":[2.75,11,2.875,11.25],"texture":"#0"},"east":{"uv":[11,2.75,11.125,3],"texture":"#0"},"south":{"uv":[3,11,3.125,11.25],"texture":"#0"},"west":{"uv":[11,3,11.125,3.25],"texture":"#0"},"up":{"uv":[11.375,10.125,11.25,10],"texture":"#0"},"down":{"uv":[10.375,11.25,10.25,11.375],"texture":"#0"}}},{"from":[11.22254,0.66834,10.81972],"to":[11.62536,1.6969,11.51144],"rotation":{"angle":0,"axis":"y","origin":[4.77746,-3.31615,12.83381]},"faces":{"north":{"uv":[3.25,11,3.375,11.25],"texture":"#0"},"east":{"uv":[11,3.25,11.125,3.5],"texture":"#0"},"south":{"uv":[3.5,11,3.625,11.25],"texture":"#0"},"west":{"uv":[11,3.5,11.125,3.75],"texture":"#0"},"up":{"uv":[11.375,10.375,11.25,10.25],"texture":"#0"},"down":{"uv":[10.625,11.25,10.5,11.375],"texture":"#0"}}},{"from":[4.77746,0.66834,11.22254],"to":[5.18028,1.6969,11.91426],"rotation":{"angle":0,"axis":"y","origin":[4.77746,-3.31615,12.83381]},"faces":{"north":{"uv":[3.75,11,3.875,11.25],"texture":"#0"},"east":{"uv":[11,3.75,11.125,4],"texture":"#0"},"south":{"uv":[4,11,4.125,11.25],"texture":"#0"},"west":{"uv":[11,4,11.125,4.25],"texture":"#0"},"up":{"uv":[11.375,10.625,11.25,10.5],"texture":"#0"},"down":{"uv":[10.875,11.25,10.75,11.375],"texture":"#0"}}},{"from":[4.37464,0.66834,10.81972],"to":[4.77746,1.6969,11.51144],"rotation":{"angle":0,"axis":"y","origin":[4.77746,-3.31615,12.83381]},"faces":{"north":{"uv":[4.25,11,4.375,11.25],"texture":"#0"},"east":{"uv":[11,4.25,11.125,4.5],"texture":"#0"},"south":{"uv":[4.5,11,4.625,11.25],"texture":"#0"},"west":{"uv":[11,4.5,11.125,4.75],"texture":"#0"},"up":{"uv":[11.375,10.875,11.25,10.75],"texture":"#0"},"down":{"uv":[11.125,11.25,11,11.375],"texture":"#0"}}},{"from":[10.81972,0.66834,11.22254],"to":[11.22254,1.6969,11.91426],"rotation":{"angle":0,"axis":"y","origin":[4.77746,-3.31615,12.83381]},"faces":{"north":{"uv":[4.75,11,4.875,11.25],"texture":"#0"},"east":{"uv":[11,4.75,11.125,5],"texture":"#0"},"south":{"uv":[5,11,5.125,11.25],"texture":"#0"},"west":{"uv":[11,5,11.125,5.25],"texture":"#0"},"up":{"uv":[11.375,11.125,11.25,11],"texture":"#0"},"down":{"uv":[11.375,11.25,11.25,11.375],"texture":"#0"}}},{"from":[4.77746,0.66834,4.08574],"to":[5.18028,1.6969,4.77746],"rotation":{"angle":0,"axis":"y","origin":[4.77746,-3.31615,4.77746]},"faces":{"north":{"uv":[11,5.25,11.125,5.5],"texture":"#0"},"east":{"uv":[11,5.5,11.125,5.75],"texture":"#0"},"south":{"uv":[11,5.75,11.125,6],"texture":"#0"},"west":{"uv":[6,11,6.125,11.25],"texture":"#0"},"up":{"uv":[0.125,11.625,0,11.5],"texture":"#0"},"down":{"uv":[11.625,0,11.5,0.125],"texture":"#0"}}},{"from":[4.37464,0.66834,4.48856],"to":[4.77746,1.6969,5.18028],"rotation":{"angle":0,"axis":"y","origin":[4.77746,-3.31615,4.77746]},"faces":{"north":{"uv":[11,6,11.125,6.25],"texture":"#0"},"east":{"uv":[6.25,11,6.375,11.25],"texture":"#0"},"south":{"uv":[11,6.25,11.125,6.5],"texture":"#0"},"west":{"uv":[6.5,11,6.625,11.25],"texture":"#0"},"up":{"uv":[0.375,11.625,0.25,11.5],"texture":"#0"},"down":{"uv":[11.625,0.25,11.5,0.375],"texture":"#0"}}},{"from":[10.81972,0.66834,4.08574],"to":[11.22254,1.6969,4.77746],"rotation":{"angle":0,"axis":"y","origin":[-4.89017,-3.51755,-4.89017]},"faces":{"north":{"uv":[11,6.5,11.125,6.75],"texture":"#0"},"east":{"uv":[6.75,11,6.875,11.25],"texture":"#0"},"south":{"uv":[11,6.75,11.125,7],"texture":"#0"},"west":{"uv":[7,11,7.125,11.25],"texture":"#0"},"up":{"uv":[0.625,11.625,0.5,11.5],"texture":"#0"},"down":{"uv":[11.625,0.5,11.5,0.625],"texture":"#0"}}},{"from":[5.18028,0.66834,3.97182],"to":[10.81972,1.6969,4.38254],"rotation":{"angle":0,"axis":"y","origin":[-4.89017,-3.51755,-4.89017]},"faces":{"north":{"uv":[6,4,7.375,4.25],"texture":"#0"},"east":{"uv":[11,7,11.125,7.25],"texture":"#0"},"south":{"uv":[6,4.25,7.375,4.5],"texture":"#0"},"west":{"uv":[7.25,11,7.375,11.25],"texture":"#0"},"up":{"uv":[9.125,3.125,7.75,3],"texture":"#0"},"down":{"uv":[9.125,3.25,7.75,3.375],"texture":"#0"}}},{"from":[5.18028,0.66834,11.61746],"to":[10.81972,1.6969,12.02818],"rotation":{"angle":0,"axis":"y","origin":[-4.89017,-3.51755,-4.89017]},"faces":{"north":{"uv":[4.5,6,5.875,6.25],"texture":"#0"},"east":{"uv":[11,7.25,11.125,7.5],"texture":"#0"},"south":{"uv":[6,4.5,7.375,4.75],"texture":"#0"},"west":{"uv":[11,7.5,11.125,7.75],"texture":"#0"},"up":{"uv":[9.125,3.625,7.75,3.5],"texture":"#0"},"down":{"uv":[9.125,3.75,7.75,3.875],"texture":"#0"}}},{"from":[11.61746,0.66834,4.89138],"to":[12.02818,1.6969,11.10862],"rotation":{"angle":0,"axis":"y","origin":[8,-3.31615,-17.78034]},"faces":{"north":{"uv":[11,7.75,11.125,8],"texture":"#0"},"east":{"uv":[1.5,6,3,6.25],"texture":"#0"},"south":{"uv":[11,8,11.125,8.25],"texture":"#0"},"west":{"uv":[3,6,4.5,6.25],"texture":"#0"},"up":{"uv":[7.375,3.5,7.25,2],"texture":"#0"},"down":{"uv":[3.375,7.25,3.25,8.75],"texture":"#0"}}},{"from":[3.97182,0.66834,4.89138],"to":[4.38254,1.6969,11.10862],"rotation":{"angle":0,"axis":"y","origin":[8,-3.31615,-17.78034]},"faces":{"north":{"uv":[8.25,11,8.375,11.25],"texture":"#0"},"east":{"uv":[6,3.5,7.5,3.75],"texture":"#0"},"south":{"uv":[11,8.25,11.125,8.5],"texture":"#0"},"west":{"uv":[6,3.75,7.5,4],"texture":"#0"},"up":{"uv":[3.625,8.75,3.5,7.25],"texture":"#0"},"down":{"uv":[3.875,7.25,3.75,8.75],"texture":"#0"}}},{"from":[10.98384,0.15393,4.74866],"to":[11.60681,0.85861,5.38914],"rotation":{"angle":0,"axis":"y","origin":[-3.93534,-3.29848,-3.93534]},"faces":{"north":{"uv":[0.75,11.5,0.875,11.625],"texture":"#0"},"east":{"uv":[11.5,0.75,11.625,0.875],"texture":"#0"},"south":{"uv":[1,11.5,1.125,11.625],"texture":"#0"},"west":{"uv":[11.5,1,11.625,1.125],"texture":"#0"},"up":{"uv":[1.375,11.625,1.25,11.5],"texture":"#0"},"down":{"uv":[11.625,1.25,11.5,1.375],"texture":"#0"}}},{"from":[10.98384,0.15393,10.61086],"to":[11.35681,0.85861,11.25134],"rotation":{"angle":0,"axis":"y","origin":[5.01616,-3.11199,12.47575]},"faces":{"north":{"uv":[1.5,11.5,1.625,11.625],"texture":"#0"},"east":{"uv":[11.5,1.5,11.625,1.625],"texture":"#0"},"south":{"uv":[1.75,11.5,1.875,11.625],"texture":"#0"},"west":{"uv":[11.5,1.75,11.625,1.875],"texture":"#0"},"up":{"uv":[2.125,11.625,2,11.5],"texture":"#0"},"down":{"uv":[11.625,2,11.5,2.125],"texture":"#0"}}},{"from":[5.01616,0.15393,10.98384],"to":[5.38914,0.85861,11.62431],"rotation":{"angle":0,"axis":"y","origin":[5.01616,-3.11199,12.47575]},"faces":{"north":{"uv":[2.25,11.5,2.375,11.625],"texture":"#0"},"east":{"uv":[11.5,2.25,11.625,2.375],"texture":"#0"},"south":{"uv":[2.5,11.5,2.625,11.625],"texture":"#0"},"west":{"uv":[11.5,2.5,11.625,2.625],"texture":"#0"},"up":{"uv":[2.875,11.625,2.75,11.5],"texture":"#0"},"down":{"uv":[11.625,2.75,11.5,2.875],"texture":"#0"}}},{"from":[4.64319,0.15393,10.61086],"to":[5.01616,0.85861,11.25134],"rotation":{"angle":0,"axis":"y","origin":[5.01616,-3.11199,12.47575]},"faces":{"north":{"uv":[3,11.5,3.125,11.625],"texture":"#0"},"east":{"uv":[11.5,3,11.625,3.125],"texture":"#0"},"south":{"uv":[3.25,11.5,3.375,11.625],"texture":"#0"},"west":{"uv":[11.5,3.25,11.625,3.375],"texture":"#0"},"up":{"uv":[3.625,11.625,3.5,11.5],"texture":"#0"},"down":{"uv":[11.625,3.5,11.5,3.625],"texture":"#0"}}},{"from":[10.61086,0.15393,10.98384],"to":[10.98384,0.85861,11.62431],"rotation":{"angle":0,"axis":"y","origin":[5.01616,-3.11199,12.47575]},"faces":{"north":{"uv":[3.75,11.5,3.875,11.625],"texture":"#0"},"east":{"uv":[11.5,3.75,11.625,3.875],"texture":"#0"},"south":{"uv":[4,11.5,4.125,11.625],"texture":"#0"},"west":{"uv":[11.5,4,11.625,4.125],"texture":"#0"},"up":{"uv":[4.375,11.625,4.25,11.5],"texture":"#0"},"down":{"uv":[11.625,4.25,11.5,4.375],"texture":"#0"}}},{"from":[5.01616,0.15393,4.37569],"to":[5.38914,0.85861,5.01616],"rotation":{"angle":0,"axis":"y","origin":[5.01616,-3.11199,5.01616]},"faces":{"north":{"uv":[4.5,11.5,4.625,11.625],"texture":"#0"},"east":{"uv":[11.5,4.5,11.625,4.625],"texture":"#0"},"south":{"uv":[4.75,11.5,4.875,11.625],"texture":"#0"},"west":{"uv":[11.5,4.75,11.625,4.875],"texture":"#0"},"up":{"uv":[5.125,11.625,5,11.5],"texture":"#0"},"down":{"uv":[11.625,5,11.5,5.125],"texture":"#0"}}},{"from":[4.64319,0.15393,4.74866],"to":[5.01616,0.85861,5.38914],"rotation":{"angle":0,"axis":"y","origin":[5.01616,-3.11199,5.01616]},"faces":{"north":{"uv":[5.25,11.5,5.375,11.625],"texture":"#0"},"east":{"uv":[11.5,5.25,11.625,5.375],"texture":"#0"},"south":{"uv":[5.5,11.5,5.625,11.625],"texture":"#0"},"west":{"uv":[11.5,5.5,11.625,5.625],"texture":"#0"},"up":{"uv":[5.875,11.625,5.75,11.5],"texture":"#0"},"down":{"uv":[11.625,5.75,11.5,5.875],"texture":"#0"}}},{"from":[10.61086,0.15393,4.37569],"to":[11.23384,0.85861,5.01616],"rotation":{"angle":0,"axis":"y","origin":[-3.93534,-3.29848,-3.93534]},"faces":{"north":{"uv":[6,11.5,6.125,11.625],"texture":"#0"},"east":{"uv":[11.5,6,11.625,6.125],"texture":"#0"},"south":{"uv":[6.25,11.5,6.375,11.625],"texture":"#0"},"west":{"uv":[11.5,6.25,11.625,6.375],"texture":"#0"},"up":{"uv":[6.625,11.625,6.5,11.5],"texture":"#0"},"down":{"uv":[11.625,6.5,11.5,6.625],"texture":"#0"}}},{"from":[5.38914,0.15393,4.27021],"to":[10.61086,0.85861,4.6505],"rotation":{"angle":0,"axis":"y","origin":[-3.93534,-3.29848,-3.93534]},"faces":{"north":{"uv":[8.75,1.75,10,1.875],"texture":"#0"},"east":{"uv":[6.75,11.5,6.875,11.625],"texture":"#0"},"south":{"uv":[2.25,8.75,3.5,8.875],"texture":"#0"},"west":{"uv":[11.5,6.75,11.625,6.875],"texture":"#0"},"up":{"uv":[4.75,8.875,3.5,8.75],"texture":"#0"},"down":{"uv":[6,8.75,4.75,8.875],"texture":"#0"}}},{"from":[5.38914,0.15393,11.3495],"to":[10.61086,0.85861,11.72979],"rotation":{"angle":0,"axis":"y","origin":[-3.93534,-3.29848,-3.93534]},"faces":{"north":{"uv":[8.75,5,10,5.125],"texture":"#0"},"east":{"uv":[7,11.5,7.125,11.625],"texture":"#0"},"south":{"uv":[8.75,5.25,10,5.375],"texture":"#0"},"west":{"uv":[11.5,7,11.625,7.125],"texture":"#0"},"up":{"uv":[10,5.625,8.75,5.5],"texture":"#0"},"down":{"uv":[9.5,8.75,8.25,8.875],"texture":"#0"}}},{"from":[11.3495,0.15393,5.12164],"to":[11.72979,0.85861,10.87836],"rotation":{"angle":0,"axis":"y","origin":[8,-3.11199,-15.87068]},"faces":{"north":{"uv":[7.25,11.5,7.375,11.625],"texture":"#0"},"east":{"uv":[6.75,7.25,8.25,7.375],"texture":"#0"},"south":{"uv":[11.5,7.25,11.625,7.375],"texture":"#0"},"west":{"uv":[7.5,1,9,1.125],"texture":"#0"},"up":{"uv":[4.125,8.75,4,7.25],"texture":"#0"},"down":{"uv":[4.375,7.25,4.25,8.75],"texture":"#0"}}},{"from":[4.27021,0.15393,5.12164],"to":[4.6505,0.85861,10.87836],"rotation":{"angle":0,"axis":"y","origin":[8,-3.11199,-15.87068]},"faces":{"north":{"uv":[7.5,11.5,7.625,11.625],"texture":"#0"},"east":{"uv":[7.5,1.25,9,1.375],"texture":"#0"},"south":{"uv":[11.5,7.5,11.625,7.625],"texture":"#0"},"west":{"uv":[7.5,2,9,2.125],"texture":"#0"},"up":{"uv":[4.625,8.75,4.5,7.25],"texture":"#0"},"down":{"uv":[4.875,7.25,4.75,8.75],"texture":"#0"}}},{"from":[11.15991,-0.40174,5.26943],"to":[11.51867,-0.04987,10.73057],"rotation":{"angle":0,"axis":"y","origin":[8,-3.08382,-14.51951]},"faces":{"north":{"uv":[7.75,11.5,7.875,11.625],"texture":"#0"},"east":{"uv":[7.75,4,9.125,4.125],"texture":"#0"},"south":{"uv":[11.5,7.75,11.625,7.875],"texture":"#0"},"west":{"uv":[8,4.75,9.375,4.875],"texture":"#0"},"up":{"uv":[8.125,9.125,8,7.75],"texture":"#0"},"down":{"uv":[0.375,8.25,0.25,9.625],"texture":"#0"}}},{"from":[5.53693,-0.40174,11.15991],"to":[10.46307,-0.04987,11.51867],"rotation":{"angle":0,"axis":"y","origin":[-3.25976,-3.25976,-3.25976]},"faces":{"north":{"uv":[1,9,2.25,9.125],"texture":"#0"},"east":{"uv":[8,11.5,8.125,11.625],"texture":"#0"},"south":{"uv":[9,1,10.25,1.125],"texture":"#0"},"west":{"uv":[11.5,8,11.625,8.125],"texture":"#0"},"up":{"uv":[10.25,1.375,9,1.25],"texture":"#0"},"down":{"uv":[10.25,2,9,2.125],"texture":"#0"}}},{"from":[5.53693,-0.40174,4.48133],"to":[10.46307,-0.04987,4.84009],"rotation":{"angle":0,"axis":"y","origin":[-3.25976,-3.25976,-3.25976]},"faces":{"north":{"uv":[2.25,9,3.5,9.125],"texture":"#0"},"east":{"uv":[8.25,11.5,8.375,11.625],"texture":"#0"},"south":{"uv":[9,2.25,10.25,2.375],"texture":"#0"},"west":{"uv":[11.5,8.25,11.625,8.375],"texture":"#0"},"up":{"uv":[10.25,2.625,9,2.5],"texture":"#0"},"down":{"uv":[4.75,9,3.5,9.125],"texture":"#0"}}},{"from":[10.46307,-0.40174,4.56569],"to":[11.06494,-0.04987,5.18506],"rotation":{"angle":0,"axis":"y","origin":[-3.25976,-3.25976,-3.25976]},"faces":{"north":{"uv":[8.5,11.5,8.625,11.625],"texture":"#0"},"east":{"uv":[11.5,8.5,11.625,8.625],"texture":"#0"},"south":{"uv":[8.75,11.5,8.875,11.625],"texture":"#0"},"west":{"uv":[11.5,8.75,11.625,8.875],"texture":"#0"},"up":{"uv":[9.125,11.625,9,11.5],"texture":"#0"},"down":{"uv":[11.625,9,11.5,9.125],"texture":"#0"}}},{"from":[4.83319,-0.40174,4.93506],"to":[5.18506,-0.04987,5.53693],"rotation":{"angle":0,"axis":"y","origin":[5.18506,-3.08382,5.18506]},"faces":{"north":{"uv":[9.25,11.5,9.375,11.625],"texture":"#0"},"east":{"uv":[11.5,9.25,11.625,9.375],"texture":"#0"},"south":{"uv":[9.5,11.5,9.625,11.625],"texture":"#0"},"west":{"uv":[11.5,9.5,11.625,9.625],"texture":"#0"},"up":{"uv":[9.875,11.625,9.75,11.5],"texture":"#0"},"down":{"uv":[11.625,9.75,11.5,9.875],"texture":"#0"}}},{"from":[5.18506,-0.40174,4.58319],"to":[5.53693,-0.04987,5.18506],"rotation":{"angle":0,"axis":"y","origin":[5.18506,-3.08382,5.18506]},"faces":{"north":{"uv":[10,11.5,10.125,11.625],"texture":"#0"},"east":{"uv":[11.5,10,11.625,10.125],"texture":"#0"},"south":{"uv":[10.25,11.5,10.375,11.625],"texture":"#0"},"west":{"uv":[11.5,10.25,11.625,10.375],"texture":"#0"},"up":{"uv":[10.625,11.625,10.5,11.5],"texture":"#0"},"down":{"uv":[11.625,10.5,11.5,10.625],"texture":"#0"}}},{"from":[10.46307,-0.40174,10.81494],"to":[10.81494,-0.04987,11.43431],"rotation":{"angle":0,"axis":"y","origin":[5.18506,-3.08382,12.22241]},"faces":{"north":{"uv":[10.75,11.5,10.875,11.625],"texture":"#0"},"east":{"uv":[11.5,10.75,11.625,10.875],"texture":"#0"},"south":{"uv":[11,11.5,11.125,11.625],"texture":"#0"},"west":{"uv":[11.5,11,11.625,11.125],"texture":"#0"},"up":{"uv":[11.375,11.625,11.25,11.5],"texture":"#0"},"down":{"uv":[11.625,11.25,11.5,11.375],"texture":"#0"}}},{"from":[4.83319,-0.40174,10.46307],"to":[5.18506,-0.04987,11.06494],"rotation":{"angle":0,"axis":"y","origin":[5.18506,-3.08382,12.22241]},"faces":{"north":{"uv":[11.5,11.5,11.625,11.625],"texture":"#0"},"east":{"uv":[0,11.75,0.125,11.875],"texture":"#0"},"south":{"uv":[11.75,0,11.875,0.125],"texture":"#0"},"west":{"uv":[0.25,11.75,0.375,11.875],"texture":"#0"},"up":{"uv":[11.875,0.375,11.75,0.25],"texture":"#0"},"down":{"uv":[0.625,11.75,0.5,11.875],"texture":"#0"}}},{"from":[5.18506,-0.40174,10.81494],"to":[5.53693,-0.04987,11.43431],"rotation":{"angle":0,"axis":"y","origin":[5.18506,-3.08382,12.22241]},"faces":{"north":{"uv":[11.75,0.5,11.875,0.625],"texture":"#0"},"east":{"uv":[0.75,11.75,0.875,11.875],"texture":"#0"},"south":{"uv":[11.75,0.75,11.875,0.875],"texture":"#0"},"west":{"uv":[1,11.75,1.125,11.875],"texture":"#0"},"up":{"uv":[11.875,1.125,11.75,1],"texture":"#0"},"down":{"uv":[1.375,11.75,1.25,11.875],"texture":"#0"}}},{"from":[10.81494,-0.40174,10.46307],"to":[11.16681,-0.04987,11.08244],"rotation":{"angle":0,"axis":"y","origin":[5.18506,-3.08382,12.22241]},"faces":{"north":{"uv":[11.75,1.25,11.875,1.375],"texture":"#0"},"east":{"uv":[1.5,11.75,1.625,11.875],"texture":"#0"},"south":{"uv":[11.75,1.5,11.875,1.625],"texture":"#0"},"west":{"uv":[1.75,11.75,1.875,11.875],"texture":"#0"},"up":{"uv":[11.875,1.875,11.75,1.75],"texture":"#0"},"down":{"uv":[2.125,11.75,2,11.875],"texture":"#0"}}},{"from":[10.81494,-0.40174,4.91756],"to":[11.41681,-0.04987,5.53693],"rotation":{"angle":0,"axis":"y","origin":[-3.25976,-3.25976,-3.25976]},"faces":{"north":{"uv":[11.75,2,11.875,2.125],"texture":"#0"},"east":{"uv":[2.25,11.75,2.375,11.875],"texture":"#0"},"south":{"uv":[11.75,2.25,11.875,2.375],"texture":"#0"},"west":{"uv":[2.5,11.75,2.625,11.875],"texture":"#0"},"up":{"uv":[11.875,2.625,11.75,2.5],"texture":"#0"},"down":{"uv":[2.875,11.75,2.75,11.875],"texture":"#0"}}},{"from":[4.683,-0.9744,5.4106],"to":[5.3464,-0.6427,10.5894],"rotation":{"angle":0,"axis":"y","origin":[8,-2.44855,-13.2288]},"faces":{"north":{"uv":[11.75,2.75,11.875,2.875],"texture":"#0"},"east":{"uv":[9,4.25,10.25,4.375],"texture":"#0"},"south":{"uv":[3,11.75,3.125,11.875],"texture":"#0"},"west":{"uv":[9,4.5,10.25,4.625],"texture":"#0"},"up":{"uv":[6.125,9.5,6,8.25],"texture":"#0"},"down":{"uv":[0.125,8.5,0,9.75],"texture":"#0"}}},{"from":[10.6536,-0.9744,5.4106],"to":[11.317,-0.6427,10.5894],"rotation":{"angle":0,"axis":"y","origin":[8,-2.44855,-13.2288]},"faces":{"north":{"uv":[11.75,3,11.875,3.125],"texture":"#0"},"east":{"uv":[4.75,9,6,9.125],"texture":"#0"},"south":{"uv":[3.25,11.75,3.375,11.875],"texture":"#0"},"west":{"uv":[6.25,9,7.5,9.125],"texture":"#0"},"up":{"uv":[8.375,10.25,8.25,9],"texture":"#0"},"down":{"uv":[8.625,9,8.5,10.25],"texture":"#0"}}},{"from":[5.6781,-0.9744,10.6536],"to":[10.3219,-0.6427,11.317],"rotation":{"angle":0,"axis":"y","origin":[-2.6144,-2.6144,-2.6144]},"faces":{"north":{"uv":[1.5,9.25,2.625,9.375],"texture":"#0"},"east":{"uv":[11.75,3.25,11.875,3.375],"texture":"#0"},"south":{"uv":[2.75,9.25,3.875,9.375],"texture":"#0"},"west":{"uv":[3.5,11.75,3.625,11.875],"texture":"#0"},"up":{"uv":[10.375,2.875,9.25,2.75],"texture":"#0"},"down":{"uv":[10.375,3,9.25,3.125],"texture":"#0"}}},{"from":[5.6781,-0.9744,4.683],"to":[10.3219,-0.6427,5.3464],"rotation":{"angle":0,"axis":"y","origin":[-2.6144,-2.6144,-2.6144]},"faces":{"north":{"uv":[9.25,3.25,10.375,3.375],"texture":"#0"},"east":{"uv":[11.75,3.5,11.875,3.625],"texture":"#0"},"south":{"uv":[9.25,3.5,10.375,3.625],"texture":"#0"},"west":{"uv":[3.75,11.75,3.875,11.875],"texture":"#0"},"up":{"uv":[10.375,3.875,9.25,3.75],"texture":"#0"},"down":{"uv":[5.125,9.25,4,9.375],"texture":"#0"}}},{"from":[10.3219,-0.9744,4.7472],"to":[10.6536,-0.6427,5.3464],"rotation":{"angle":0,"axis":"y","origin":[-2.6144,-2.6144,-2.6144]},"faces":{"north":{"uv":[11.75,3.75,11.875,3.875],"texture":"#0"},"east":{"uv":[4,11.75,4.125,11.875],"texture":"#0"},"south":{"uv":[11.75,4,11.875,4.125],"texture":"#0"},"west":{"uv":[4.25,11.75,4.375,11.875],"texture":"#0"},"up":{"uv":[11.875,4.375,11.75,4.25],"texture":"#0"},"down":{"uv":[4.625,11.75,4.5,11.875],"texture":"#0"}}},{"from":[5.0147,-0.9744,5.0789],"to":[5.3464,-0.6427,5.6781],"rotation":{"angle":0,"axis":"y","origin":[5.3464,-2.44855,5.3464]},"faces":{"north":{"uv":[11.75,4.5,11.875,4.625],"texture":"#0"},"east":{"uv":[4.75,11.75,4.875,11.875],"texture":"#0"},"south":{"uv":[11.75,4.75,11.875,4.875],"texture":"#0"},"west":{"uv":[5,11.75,5.125,11.875],"texture":"#0"},"up":{"uv":[11.875,5.125,11.75,5],"texture":"#0"},"down":{"uv":[5.375,11.75,5.25,11.875],"texture":"#0"}}},{"from":[5.3464,-0.9744,4.7472],"to":[5.6781,-0.6427,5.3464],"rotation":{"angle":0,"axis":"y","origin":[5.3464,-2.44855,5.3464]},"faces":{"north":{"uv":[11.75,5.25,11.875,5.375],"texture":"#0"},"east":{"uv":[5.5,11.75,5.625,11.875],"texture":"#0"},"south":{"uv":[11.75,5.5,11.875,5.625],"texture":"#0"},"west":{"uv":[5.75,11.75,5.875,11.875],"texture":"#0"},"up":{"uv":[11.875,5.875,11.75,5.75],"texture":"#0"},"down":{"uv":[6.125,11.75,6,11.875],"texture":"#0"}}},{"from":[10.3219,-0.9744,10.6536],"to":[10.6536,-0.6427,11.2528],"rotation":{"angle":0,"axis":"y","origin":[5.3464,-2.44855,11.9804]},"faces":{"north":{"uv":[11.75,6,11.875,6.125],"texture":"#0"},"east":{"uv":[6.25,11.75,6.375,11.875],"texture":"#0"},"south":{"uv":[11.75,6.25,11.875,6.375],"texture":"#0"},"west":{"uv":[6.5,11.75,6.625,11.875],"texture":"#0"},"up":{"uv":[11.875,6.625,11.75,6.5],"texture":"#0"},"down":{"uv":[6.875,11.75,6.75,11.875],"texture":"#0"}}},{"from":[4.61666,-0.6427,5.36416],"to":[4.96163,-0.30437,10.63584],"rotation":{"angle":0,"axis":"y","origin":[8,-2.65752,-13.65338]},"faces":{"north":{"uv":[11.75,6.75,11.875,6.875],"texture":"#0"},"east":{"uv":[8.25,6,9.625,6.125],"texture":"#0"},"south":{"uv":[7,11.75,7.125,11.875],"texture":"#0"},"west":{"uv":[8.25,6.25,9.625,6.375],"texture":"#0"},"up":{"uv":[0.625,9.625,0.5,8.25],"texture":"#0"},"down":{"uv":[0.875,8.25,0.75,9.625],"texture":"#0"}}},{"from":[11.03837,-0.6427,5.63166],"to":[11.38334,-0.30437,10.61834],"rotation":{"angle":0,"axis":"y","origin":[8,-2.65752,-13.65338]},"faces":{"north":{"uv":[11.75,7,11.875,7.125],"texture":"#0"},"east":{"uv":[9,7.5,10.25,7.625],"texture":"#0"},"south":{"uv":[7.25,11.75,7.375,11.875],"texture":"#0"},"west":{"uv":[8.75,9,10,9.125],"texture":"#0"},"up":{"uv":[1.125,10.5,1,9.25],"texture":"#0"},"down":{"uv":[1.375,9.25,1.25,10.5],"texture":"#0"}}},{"from":[5.63166,-0.6427,11.03837],"to":[10.36834,-0.30437,11.38334],"rotation":{"angle":0,"axis":"y","origin":[-2.82669,-2.82669,-2.82669]},"faces":{"north":{"uv":[9.25,4,10.375,4.125],"texture":"#0"},"east":{"uv":[11.75,7.25,11.875,7.375],"texture":"#0"},"south":{"uv":[6.25,9.25,7.375,9.375],"texture":"#0"},"west":{"uv":[7.5,11.75,7.625,11.875],"texture":"#0"},"up":{"uv":[9.875,9.375,8.75,9.25],"texture":"#0"},"down":{"uv":[2.625,9.5,1.5,9.625],"texture":"#0"}}},{"from":[5.63166,-0.6427,4.61666],"to":[10.88584,-0.30437,4.96163],"rotation":{"angle":0,"axis":"y","origin":[-2.82669,-2.82669,-2.82669]},"faces":{"north":{"uv":[8.25,6.5,9.625,6.625],"texture":"#0"},"east":{"uv":[11.75,7.5,11.875,7.625],"texture":"#0"},"south":{"uv":[8.25,6.75,9.625,6.875],"texture":"#0"},"west":{"uv":[7.75,11.75,7.875,11.875],"texture":"#0"},"up":{"uv":[9.625,7.125,8.25,7],"texture":"#0"},"down":{"uv":[9.625,7.25,8.25,7.375],"texture":"#0"}}},{"from":[10.36834,-0.6427,4.95499],"to":[11.22417,-0.30437,5.29333],"rotation":{"angle":0,"axis":"y","origin":[-2.82669,-2.82669,-2.82669]},"faces":{"north":{"uv":[8.5,11,8.75,11.125],"texture":"#0"},"east":{"uv":[11.75,7.75,11.875,7.875],"texture":"#0"},"south":{"uv":[11,8.5,11.25,8.625],"texture":"#0"},"west":{"uv":[8,11.75,8.125,11.875],"texture":"#0"},"up":{"uv":[9,11.125,8.75,11],"texture":"#0"},"down":{"uv":[11.25,8.75,11,8.875],"texture":"#0"}}},{"from":[4.95499,-0.6427,5.02583],"to":[5.29333,-0.30437,5.63166],"rotation":{"angle":0,"axis":"y","origin":[5.29333,-2.65752,5.29333]},"faces":{"north":{"uv":[11.75,8,11.875,8.125],"texture":"#0"},"east":{"uv":[8.25,11.75,8.375,11.875],"texture":"#0"},"south":{"uv":[11.75,8.25,11.875,8.375],"texture":"#0"},"west":{"uv":[8.5,11.75,8.625,11.875],"texture":"#0"},"up":{"uv":[11.875,8.625,11.75,8.5],"texture":"#0"},"down":{"uv":[8.875,11.75,8.75,11.875],"texture":"#0"}}},{"from":[5.29333,-0.6427,4.68749],"to":[5.63166,-0.30437,5.29333],"rotation":{"angle":0,"axis":"y","origin":[5.29333,-2.65752,5.29333]},"faces":{"north":{"uv":[11.75,8.75,11.875,8.875],"texture":"#0"},"east":{"uv":[9,11.75,9.125,11.875],"texture":"#0"},"south":{"uv":[11.75,9,11.875,9.125],"texture":"#0"},"west":{"uv":[9.25,11.75,9.375,11.875],"texture":"#0"},"up":{"uv":[11.875,9.375,11.75,9.25],"texture":"#0"},"down":{"uv":[9.625,11.75,9.5,11.875],"texture":"#0"}}},{"from":[10.36834,-0.6427,10.70667],"to":[10.70667,-0.30437,11.29501],"rotation":{"angle":0,"axis":"y","origin":[5.29333,-2.65752,12.06001]},"faces":{"north":{"uv":[11.75,9.5,11.875,9.625],"texture":"#0"},"east":{"uv":[9.75,11.75,9.875,11.875],"texture":"#0"},"south":{"uv":[11.75,9.75,11.875,9.875],"texture":"#0"},"west":{"uv":[10,11.75,10.125,11.875],"texture":"#0"},"up":{"uv":[11.875,10.125,11.75,10],"texture":"#0"},"down":{"uv":[10.375,11.75,10.25,11.875],"texture":"#0"}}},{"from":[4.95499,-0.6427,10.36834],"to":[5.29333,-0.30437,10.97417],"rotation":{"angle":0,"axis":"y","origin":[5.29333,-2.65752,12.06001]},"faces":{"north":{"uv":[11.75,10.25,11.875,10.375],"texture":"#0"},"east":{"uv":[10.5,11.75,10.625,11.875],"texture":"#0"},"south":{"uv":[11.75,10.5,11.875,10.625],"texture":"#0"},"west":{"uv":[10.75,11.75,10.875,11.875],"texture":"#0"},"up":{"uv":[11.875,10.875,11.75,10.75],"texture":"#0"},"down":{"uv":[11.125,11.75,11,11.875],"texture":"#0"}}},{"from":[5.29333,-0.6427,10.70667],"to":[5.63166,-0.30437,11.29501],"rotation":{"angle":0,"axis":"y","origin":[5.29333,-2.65752,12.06001]},"faces":{"north":{"uv":[11.75,11,11.875,11.125],"texture":"#0"},"east":{"uv":[11.25,11.75,11.375,11.875],"texture":"#0"},"south":{"uv":[11.75,11.25,11.875,11.375],"texture":"#0"},"west":{"uv":[11.5,11.75,11.625,11.875],"texture":"#0"},"up":{"uv":[11.875,11.625,11.75,11.5],"texture":"#0"},"down":{"uv":[11.875,11.75,11.75,11.875],"texture":"#0"}}},{"from":[10.70667,-0.6427,10.36834],"to":[11.04501,-0.30437,10.95667],"rotation":{"angle":0,"axis":"y","origin":[5.29333,-2.65752,12.06001]},"faces":{"north":{"uv":[0,12,0.125,12.125],"texture":"#0"},"east":{"uv":[12,0,12.125,0.125],"texture":"#0"},"south":{"uv":[0.25,12,0.375,12.125],"texture":"#0"},"west":{"uv":[12,0.25,12.125,0.375],"texture":"#0"},"up":{"uv":[0.625,12.125,0.5,12],"texture":"#0"},"down":{"uv":[12.125,0.5,12,0.625],"texture":"#0"}}},{"from":[10.70667,-0.6427,5.29333],"to":[11.31251,-0.30437,5.63166],"rotation":{"angle":0,"axis":"y","origin":[-2.82669,-2.82669,-2.82669]},"faces":{"north":{"uv":[0.75,12,0.875,12.125],"texture":"#0"},"east":{"uv":[12,0.75,12.125,0.875],"texture":"#0"},"south":{"uv":[1,12,1.125,12.125],"texture":"#0"},"west":{"uv":[12,1,12.125,1.125],"texture":"#0"},"up":{"uv":[1.375,12.125,1.25,12],"texture":"#0"},"down":{"uv":[12.125,1.25,12,1.375],"texture":"#0"}}},{"from":[5.0147,-0.9744,10.3219],"to":[5.3464,-0.6427,10.9211],"rotation":{"angle":0,"axis":"y","origin":[5.3464,-2.44855,11.9804]},"faces":{"north":{"uv":[1.5,12,1.625,12.125],"texture":"#0"},"east":{"uv":[12,1.5,12.125,1.625],"texture":"#0"},"south":{"uv":[1.75,12,1.875,12.125],"texture":"#0"},"west":{"uv":[12,1.75,12.125,1.875],"texture":"#0"},"up":{"uv":[2.125,12.125,2,12],"texture":"#0"},"down":{"uv":[12.125,2,12,2.125],"texture":"#0"}}},{"from":[5.3464,-0.9744,10.6536],"to":[5.6781,-0.6427,11.2528],"rotation":{"angle":0,"axis":"y","origin":[5.3464,-2.44855,11.9804]},"faces":{"north":{"uv":[2.25,12,2.375,12.125],"texture":"#0"},"east":{"uv":[12,2.25,12.125,2.375],"texture":"#0"},"south":{"uv":[2.5,12,2.625,12.125],"texture":"#0"},"west":{"uv":[12,2.5,12.125,2.625],"texture":"#0"},"up":{"uv":[2.875,12.125,2.75,12],"texture":"#0"},"down":{"uv":[12.125,2.75,12,2.875],"texture":"#0"}}},{"from":[10.6536,-0.9744,10.3219],"to":[10.9853,-0.6427,10.9211],"rotation":{"angle":0,"axis":"y","origin":[5.3464,-2.44855,11.9804]},"faces":{"north":{"uv":[3,12,3.125,12.125],"texture":"#0"},"east":{"uv":[12,3,12.125,3.125],"texture":"#0"},"south":{"uv":[3.25,12,3.375,12.125],"texture":"#0"},"west":{"uv":[12,3.25,12.125,3.375],"texture":"#0"},"up":{"uv":[3.625,12.125,3.5,12],"texture":"#0"},"down":{"uv":[12.125,3.5,12,3.625],"texture":"#0"}}},{"from":[10.6536,-0.9744,5.0789],"to":[10.9853,-0.6427,5.6781],"rotation":{"angle":0,"axis":"y","origin":[-2.6144,-2.6144,-2.6144]},"faces":{"north":{"uv":[3.75,12,3.875,12.125],"texture":"#0"},"east":{"uv":[12,3.75,12.125,3.875],"texture":"#0"},"south":{"uv":[4,12,4.125,12.125],"texture":"#0"},"west":{"uv":[12,4,12.125,4.125],"texture":"#0"},"up":{"uv":[4.375,12.125,4.25,12],"texture":"#0"},"down":{"uv":[12.125,4.25,12,4.375],"texture":"#0"}}},{"from":[5.3464,-0.9744,5.3464],"to":[10.6536,-0.6427,10.6536],"rotation":{"angle":0,"axis":"y","origin":[-2.6144,-2.6144,-2.6144]},"faces":{"north":{"uv":[8.25,7.75,9.625,7.875],"texture":"#0"},"east":{"uv":[8.25,8,9.625,8.125],"texture":"#0"},"south":{"uv":[8.25,8.25,9.625,8.375],"texture":"#0"},"west":{"uv":[1,8.5,2.375,8.625],"texture":"#0"},"up":{"uv":[1.375,1.375,0,0],"texture":"#0"},"down":{"uv":[1.375,1.5,0,2.875],"texture":"#0"}}},{"from":[2.78562,5.17452,3.97596],"to":[3.31728,6.74818,12.02404],"rotation":{"angle":0,"axis":"y","origin":[8,-4.18376,-25.37202]},"faces":{"north":{"uv":[10.5,9,10.625,9.375],"texture":"#0"},"east":{"uv":[0,3.5,2,3.875],"texture":"#0"},"south":{"uv":[9.25,10.5,9.375,10.875],"texture":"#0"},"west":{"uv":[2,3.5,4,3.875],"texture":"#0"},"up":{"uv":[2.875,8.25,2.75,6.25],"texture":"#0"},"down":{"uv":[3.125,6.25,3,8.25],"texture":"#0"}}},{"from":[4.34993,5.17452,12.68272],"to":[11.65007,6.74818,13.21438],"rotation":{"angle":0,"axis":"y","origin":[-8.68601,-4.44448,-8.68601]},"faces":{"north":{"uv":[4,4,5.875,4.375],"texture":"#0"},"east":{"uv":[9.5,10.5,9.625,10.875],"texture":"#0"},"south":{"uv":[0,4.5,1.875,4.875],"texture":"#0"},"west":{"uv":[10.5,9.5,10.625,9.875],"texture":"#0"},"up":{"uv":[5.125,6.625,3.25,6.5],"texture":"#0"},"down":{"uv":[8.125,6.5,6.25,6.625],"texture":"#0"}}},{"from":[4.34993,5.17452,2.78562],"to":[11.65007,6.74818,3.31728],"rotation":{"angle":0,"axis":"y","origin":[-8.68601,-4.44448,-8.68601]},"faces":{"north":{"uv":[2,4.5,3.875,4.875],"texture":"#0"},"east":{"uv":[9.75,10.5,9.875,10.875],"texture":"#0"},"south":{"uv":[4,4.5,5.875,4.875],"texture":"#0"},"west":{"uv":[10.5,10,10.625,10.375],"texture":"#0"},"up":{"uv":[5.125,6.875,3.25,6.75],"texture":"#0"},"down":{"uv":[8.125,6.75,6.25,6.875],"texture":"#0"}}},{"from":[3.30706,5.17452,3.45452],"to":[3.8285,6.74818,4.34993],"rotation":{"angle":0,"axis":"y","origin":[3.8285,-4.18376,3.8285]},"faces":{"north":{"uv":[10.5,10.5,10.625,10.875],"texture":"#0"},"east":{"uv":[2.25,9.75,2.5,10.125],"texture":"#0"},"south":{"uv":[0,10.75,0.125,11.125],"texture":"#0"},"west":{"uv":[2.5,9.75,2.75,10.125],"texture":"#0"},"up":{"uv":[9.125,11.25,9,11],"texture":"#0"},"down":{"uv":[11.125,9,11,9.25],"texture":"#0"}}},{"from":[3.8285,5.17452,2.93308],"to":[4.34993,6.74818,3.8285],"rotation":{"angle":0,"axis":"y","origin":[3.8285,-4.18376,3.8285]},"faces":{"north":{"uv":[10.75,0,10.875,0.375],"texture":"#0"},"east":{"uv":[5.25,9.75,5.5,10.125],"texture":"#0"},"south":{"uv":[0.25,10.75,0.375,11.125],"texture":"#0"},"west":{"uv":[5.5,9.75,5.75,10.125],"texture":"#0"},"up":{"uv":[9.375,11.25,9.25,11],"texture":"#0"},"down":{"uv":[11.125,9.25,11,9.5],"texture":"#0"}}},{"from":[3.30706,5.17452,11.65007],"to":[3.8285,6.74818,12.54548],"rotation":{"angle":0,"axis":"y","origin":[3.8285,-4.18376,14.25725]},"faces":{"north":{"uv":[0.5,10.75,0.625,11.125],"texture":"#0"},"east":{"uv":[5.75,9.75,6,10.125],"texture":"#0"},"south":{"uv":[10.75,0.5,10.875,0.875],"texture":"#0"},"west":{"uv":[9.75,5.75,10,6.125],"texture":"#0"},"up":{"uv":[9.625,11.25,9.5,11],"texture":"#0"},"down":{"uv":[11.125,9.5,11,9.75],"texture":"#0"}}},{"from":[3.8285,5.17452,12.1715],"to":[4.34993,6.74818,13.06692],"rotation":{"angle":0,"axis":"y","origin":[3.8285,-4.18376,14.25725]},"faces":{"north":{"uv":[0.75,10.75,0.875,11.125],"texture":"#0"},"east":{"uv":[9.75,6.25,10,6.625],"texture":"#0"},"south":{"uv":[10.75,1,10.875,1.375],"texture":"#0"},"west":{"uv":[9.75,6.75,10,7.125],"texture":"#0"},"up":{"uv":[9.875,11.25,9.75,11],"texture":"#0"},"down":{"uv":[11.125,9.75,11,10],"texture":"#0"}}},{"from":[12.54694,6.61522,3.04543],"to":[13.11531,8.33052,4.02143],"rotation":{"angle":0,"axis":"y","origin":[-10.18775,-4.84449,-10.18775]},"faces":{"north":{"uv":[1.5,10.75,1.625,11.125],"texture":"#0"},"east":{"uv":[7.5,9.75,7.75,10.125],"texture":"#0"},"south":{"uv":[10.75,1.5,10.875,1.875],"texture":"#0"},"west":{"uv":[7.75,9.75,8,10.125],"texture":"#0"},"up":{"uv":[10.125,11.25,10,11],"texture":"#0"},"down":{"uv":[11.125,10,11,10.25],"texture":"#0"}}},{"from":[12.54694,6.61522,11.97857],"to":[13.11531,8.33052,12.95457],"rotation":{"angle":0,"axis":"y","origin":[3.45306,-4.5603,14.82041]},"faces":{"north":{"uv":[1.75,10.75,1.875,11.125],"texture":"#0"},"east":{"uv":[9.75,7.75,10,8.125],"texture":"#0"},"south":{"uv":[2,10.75,2.125,11.125],"texture":"#0"},"west":{"uv":[8,9.75,8.25,10.125],"texture":"#0"},"up":{"uv":[10.375,11.25,10.25,11],"texture":"#0"},"down":{"uv":[11.125,10.25,11,10.5],"texture":"#0"}}},{"from":[3.45306,6.61522,12.54694],"to":[4.02143,8.33052,13.52294],"rotation":{"angle":0,"axis":"y","origin":[3.45306,-4.5603,14.82041]},"faces":{"north":{"uv":[10.75,2,10.875,2.375],"texture":"#0"},"east":{"uv":[9.75,8.25,10,8.625],"texture":"#0"},"south":{"uv":[2.25,10.75,2.375,11.125],"texture":"#0"},"west":{"uv":[9.75,9.5,10,9.875],"texture":"#0"},"up":{"uv":[10.625,11.25,10.5,11],"texture":"#0"},"down":{"uv":[11.125,10.5,11,10.75],"texture":"#0"}}},{"from":[2.88469,6.61522,11.97857],"to":[3.45306,8.33052,12.95457],"rotation":{"angle":0,"axis":"y","origin":[3.45306,-4.5603,14.82041]},"faces":{"north":{"uv":[2.5,10.75,2.625,11.125],"texture":"#0"},"east":{"uv":[10,0,10.25,0.375],"texture":"#0"},"south":{"uv":[10.75,2.5,10.875,2.875],"texture":"#0"},"west":{"uv":[10,0.5,10.25,0.875],"texture":"#0"},"up":{"uv":[10.875,11.25,10.75,11],"texture":"#0"},"down":{"uv":[11.125,10.75,11,11],"texture":"#0"}}},{"from":[11.97857,6.61522,12.54694],"to":[12.54694,8.33052,13.52294],"rotation":{"angle":0,"axis":"y","origin":[3.45306,-4.5603,14.82041]},"faces":{"north":{"uv":[10.75,3,10.875,3.375],"texture":"#0"},"east":{"uv":[10,1.5,10.25,1.875],"texture":"#0"},"south":{"uv":[10.75,3.5,10.875,3.875],"texture":"#0"},"west":{"uv":[2.75,10,3,10.375],"texture":"#0"},"up":{"uv":[11.125,11.25,11,11],"texture":"#0"},"down":{"uv":[0.125,11.25,0,11.5],"texture":"#0"}}},{"from":[3.45306,6.61522,2.47706],"to":[4.02143,8.33052,3.45306],"rotation":{"angle":0,"axis":"y","origin":[3.45306,-4.5603,3.45306]},"faces":{"north":{"uv":[10.75,4,10.875,4.375],"texture":"#0"},"east":{"uv":[3,10,3.25,10.375],"texture":"#0"},"south":{"uv":[10.75,4.5,10.875,4.875],"texture":"#0"},"west":{"uv":[3.25,10,3.5,10.375],"texture":"#0"},"up":{"uv":[11.375,0.25,11.25,0],"texture":"#0"},"down":{"uv":[0.375,11.25,0.25,11.5],"texture":"#0"}}},{"from":[2.88469,6.61522,3.04543],"to":[3.45306,8.33052,4.02143],"rotation":{"angle":0,"axis":"y","origin":[3.45306,-4.5603,3.45306]},"faces":{"north":{"uv":[10.75,5,10.875,5.375],"texture":"#0"},"east":{"uv":[3.5,10,3.75,10.375],"texture":"#0"},"south":{"uv":[5.25,10.75,5.375,11.125],"texture":"#0"},"west":{"uv":[3.75,10,4,10.375],"texture":"#0"},"up":{"uv":[11.375,0.5,11.25,0.25],"texture":"#0"},"down":{"uv":[0.625,11.25,0.5,11.5],"texture":"#0"}}},{"from":[11.97857,6.61522,2.47706],"to":[12.54694,8.33052,3.45306],"rotation":{"angle":0,"axis":"y","origin":[-10.18775,-4.84449,-10.18775]},"faces":{"north":{"uv":[5.5,10.75,5.625,11.125],"texture":"#0"},"east":{"uv":[4,10,4.25,10.375],"texture":"#0"},"south":{"uv":[10.75,5.5,10.875,5.875],"texture":"#0"},"west":{"uv":[4.25,10,4.5,10.375],"texture":"#0"},"up":{"uv":[11.375,0.75,11.25,0.5],"texture":"#0"},"down":{"uv":[0.875,11.25,0.75,11.5],"texture":"#0"}}},{"from":[4.02143,6.61522,2.31633],"to":[11.97857,8.33052,2.89584],"rotation":{"angle":0,"axis":"y","origin":[-10.18775,-4.84449,-10.18775]},"faces":{"north":{"uv":[3.5,3,5.5,3.375],"texture":"#0"},"east":{"uv":[5.75,10.75,5.875,11.125],"texture":"#0"},"south":{"uv":[3.75,1,5.75,1.375],"texture":"#0"},"west":{"uv":[10.75,6,10.875,6.375],"texture":"#0"},"up":{"uv":[8,4.875,6,4.75],"texture":"#0"},"down":{"uv":[5.25,6.25,3.25,6.375],"texture":"#0"}}},{"from":[4.02143,6.61522,13.10416],"to":[11.97857,8.33052,13.68367],"rotation":{"angle":0,"axis":"y","origin":[-10.18775,-4.84449,-10.18775]},"faces":{"north":{"uv":[3.75,1.5,5.75,1.875],"texture":"#0"},"east":{"uv":[10.75,6.5,10.875,6.875],"texture":"#0"},"south":{"uv":[3.75,2,5.75,2.375],"texture":"#0"},"west":{"uv":[10.75,7,10.875,7.375],"texture":"#0"},"up":{"uv":[8.25,6.125,6.25,6],"texture":"#0"},"down":{"uv":[8.25,6.25,6.25,6.375],"texture":"#0"}}},{"from":[13.10416,6.61522,3.6138],"to":[13.68367,8.33052,12.3862],"rotation":{"angle":0,"axis":"y","origin":[8,-4.5603,-28.37551]},"faces":{"north":{"uv":[7.5,10.75,7.625,11.125],"texture":"#0"},"east":{"uv":[1.5,1,3.75,1.375],"texture":"#0"},"south":{"uv":[10.75,7.5,10.875,7.875],"texture":"#0"},"west":{"uv":[1.5,1.5,3.75,1.875],"texture":"#0"},"up":{"uv":[6.125,8.25,6,6],"texture":"#0"},"down":{"uv":[1.625,6.25,1.5,8.5],"texture":"#0"}}},{"from":[2.31633,6.61522,3.6138],"to":[2.89584,8.33052,12.3862],"rotation":{"angle":0,"axis":"y","origin":[8,-4.5603,-28.37551]},"faces":{"north":{"uv":[7.75,10.75,7.875,11.125],"texture":"#0"},"east":{"uv":[1.5,2,3.75,2.375],"texture":"#0"},"south":{"uv":[8,10.75,8.125,11.125],"texture":"#0"},"west":{"uv":[1.5,2.5,3.75,2.875],"texture":"#0"},"up":{"uv":[1.875,8.5,1.75,6.25],"texture":"#0"},"down":{"uv":[2.125,6.25,2,8.5],"texture":"#0"}}},{"from":[3,5.5,4],"to":[13,8,12],"faces":{"north":{"uv":[5,0,9.75,1.25],"texture":"#1"},"east":{"uv":[0,8,4,9.25],"texture":"#1"},"south":{"uv":[5,1.5,9.75,2.75],"texture":"#1"},"west":{"uv":[4,9,8,10.25],"texture":"#1"},"up":{"uv":[4.75,4,0,0],"texture":"#1"},"down":{"uv":[4.75,0,0,4],"texture":"#1"}}},{"from":[3.5,5.5,12],"to":[12.5,8,12.5],"faces":{"north":{"uv":[5,3,9.5,4.25],"texture":"#1"},"east":{"uv":[10,1,10.25,2.25],"texture":"#1"},"south":{"uv":[5,4.5,9.5,5.75],"texture":"#1"},"west":{"uv":[10.5,1,10.75,2.25],"texture":"#1"},"up":{"uv":[14,6.25,9.5,6],"texture":"#1"},"down":{"uv":[14,6,9.5,6.25],"texture":"#1"}}},{"from":[3.5,5.5,3.5],"to":[12.5,8,4],"faces":{"north":{"uv":[5,6,9.5,7.25],"texture":"#1"},"east":{"uv":[4,10.5,4.25,11.75],"texture":"#1"},"south":{"uv":[5,7.5,9.5,8.75],"texture":"#1"},"west":{"uv":[4.5,10.5,4.75,11.75],"texture":"#1"},"up":{"uv":[14,7.25,9.5,7],"texture":"#1"},"down":{"uv":[14,7,9.5,7.25],"texture":"#1"}}},{"from":[4,5.5,12.5],"to":[12,8,13],"faces":{"north":{"uv":[8,9,12,10.25],"texture":"#1"},"east":{"uv":[5,10.5,5.25,11.75],"texture":"#1"},"south":{"uv":[0,9.5,4,10.75],"texture":"#1"},"west":{"uv":[5.5,10.5,5.75,11.75],"texture":"#1"},"up":{"uv":[13.5,8.25,9.5,8],"texture":"#1"},"down":{"uv":[13.5,8,9.5,8.25],"texture":"#1"}}},{"from":[4,5.5,3],"to":[12,8,3.5],"faces":{"north":{"uv":[9.5,3,13.5,4.25],"texture":"#1"},"east":{"uv":[6,10.5,6.25,11.75],"texture":"#1"},"south":{"uv":[9.5,4.5,13.5,5.75],"texture":"#1"},"west":{"uv":[6.5,10.5,6.75,11.75],"texture":"#1"},"up":{"uv":[14,0.25,10,0],"texture":"#1"},"down":{"uv":[14,0,10,0.25],"texture":"#1"}}}],"display":{"thirdperson_righthand":{"rotation":[27,0,0],"translation":[0,1,2.25],"scale":[0.31055,0.31055,0.31055]},"thirdperson_lefthand":{"rotation":[27,0,0],"translation":[0,1,2.25],"scale":[0.31055,0.31055,0.31055]},"firstperson_righthand":{"rotation":[-2,0,0],"translation":[-1.25,5,-0.5],"scale":[0.89,0.89,0.89]},"firstperson_lefthand":{"rotation":[-2,0,0],"translation":[-1.25,5,-0.5],"scale":[0.89,0.89,0.89]},"ground":{"translation":[0,2.25,0],"scale":[0.51,0.51,0.51]},"gui":{"rotation":[17,29,1],"translation":[0,3.75,0],"scale":[1.05,1.05,1.05]},"head":{"rotation":[-180,0,0],"translation":[0,2.5,0],"scale":[1.41,1.41,1.41]},"fixed":{"rotation":[-90,0,0],"translation":[0,0,-7.25],"scale":[0.95,0.95,0.95]}},"groups":[{"name":"group","origin":[8,8,8],"color":0,"children":[{"name":"group","origin":[8,8,8],"color":0,"children":[0,1,2,3,4,5,6,7,8,9,10,11,12,13,14,15,16,17,18,19,20,21,22,23,24,25,26,27,28,29,30,31,32,33,34,35,36,37,38,39,40,41,42,43,44,45,46,47,48,49,50,51,52,53,54,55,56,57,58,59,60,61,62,63,64,65,66,67,68,69,70,71,72,73,74,75,76,77,78,79,80,81,82,83,84,85,86,87,88,89,90,91,92,93,94,95,96,97,98,99,100,101,102,103,104,105,106,107,108,109,110,111,112,113,114,115,116,117,118,119,120,121,122,123,124,125,126,127,128,129,130,131,132]},{"name":"group","origin":[8,8,8],"color":0,"children":[133,134,135,136,137]}]}]}