{"credit":"Made with Blockbench","texture_size":[64,64],"textures":{"0":"politmine/item/weapons/textures/lee_enfield"},"elements":[{"name":"main","from":[7.5086,2.7584,25.9342],"to":[8.4914,6.62408,27.8998],"rotation":{"angle":0,"axis":"y","origin":[0,0,-4]},"faces":{"north":{"uv":[3.5,3,3.75,3.9375],"texture":"#0"},"east":{"uv":[2.75,1.5,3.25,2.4375],"texture":"#0"},"south":{"uv":[3.75,3,4,3.9375],"texture":"#0"},"west":{"uv":[1,3,1.5,3.9375],"texture":"#0"},"up":{"uv":[5,5,4.75,4.5],"texture":"#0"},"down":{"uv":[1.25,5,1,5.5],"texture":"#0"}}},{"name":"main","from":[7.5086,4.5714,19.546],"to":[8.4914,6.62408,25.9342],"rotation":{"angle":0,"axis":"y","origin":[0,0,-4]},"faces":{"north":{"uv":[1.25,5,1.5,5.5],"texture":"#0"},"east":{"uv":[1,1.5,2.625,2],"texture":"#0"},"south":{"uv":[5,1.5,5.25,2],"texture":"#0"},"west":{"uv":[1,2,2.625,2.5],"texture":"#0"},"up":{"uv":[1.75,4.625,1.5,3],"texture":"#0"},"down":{"uv":[2,3,1.75,4.625],"texture":"#0"}}},{"name":"main","from":[7.50925,2.998,21.30239],"to":[8.49074,4.88469,26.69788],"rotation":{"angle":22.5,"axis":"x","origin":[8,4.79915,25.71573]},"faces":{"north":{"uv":[2,5,2.25,5.5],"texture":"#0"},"east":{"uv":[1,2.5,2.375,3],"texture":"#0"},"south":{"uv":[5,2,5.25,2.5],"texture":"#0"},"west":{"uv":[2.5,2.5,3.875,3],"texture":"#0"},"up":{"uv":[3.5,4.375,3.25,3],"texture":"#0"},"down":{"uv":[2.25,3.5,2,4.875],"texture":"#0"}}},{"name":"main","from":[7.50925,2.6704,16.37979],"to":[8.49074,4.14329,20.63728],"rotation":{"angle":22.5,"axis":"x","origin":[8,4.79915,25.71573]},"faces":{"north":{"uv":[3.25,5,3.5,5.375],"texture":"#0"},"east":{"uv":[2,3,3.0625,3.375],"texture":"#0"},"south":{"uv":[3.5,5,3.75,5.375],"texture":"#0"},"west":{"uv":[3.25,1.5,4.3125,1.875],"texture":"#0"},"up":{"uv":[3,4.5625,2.75,3.5],"texture":"#0"},"down":{"uv":[3.25,3.5,3,4.5625],"texture":"#0"}}},{"name":"main","from":[7.7586,5.06738,16.38],"to":[8.2414,6.29158,16.59011],"rotation":{"angle":0,"axis":"y","origin":[0,0,-4]},"faces":{"north":{"uv":[4.75,5.75,4.875,6.0625],"texture":"#0"},"east":{"uv":[6.25,2,6.3125,2.3125],"texture":"#0"},"south":{"uv":[5.75,4.75,5.875,5.0625],"texture":"#0"},"west":{"uv":[2.5,6.25,2.5625,6.5625],"texture":"#0"},"up":{"uv":[6.125,6.5625,6,6.5],"texture":"#0"},"down":{"uv":[6.625,6,6.5,6.0625],"texture":"#0"}}},{"name":"main","from":[7.7586,5.06738,14.81989],"to":[8.2414,5.27748,16.38],"rotation":{"angle":0,"axis":"y","origin":[0,0,-4]},"faces":{"north":{"uv":[6.25,6.5,6.375,6.5625],"texture":"#0"},"east":{"uv":[6,4.5,6.375,4.5625],"texture":"#0"},"south":{"uv":[6.5,6.25,6.625,6.3125],"texture":"#0"},"west":{"uv":[6,4.75,6.375,4.8125],"texture":"#0"},"up":{"uv":[3.625,5.875,3.5,5.5],"texture":"#0"},"down":{"uv":[3.875,5.5,3.75,5.875],"texture":"#0"}}},{"name":"main","from":[7.7586,5.06738,14.60979],"to":[8.2414,6.87749,14.81989],"rotation":{"angle":0,"axis":"y","origin":[0,0,-4]},"faces":{"north":{"uv":[3.25,5.5,3.375,5.9375],"texture":"#0"},"east":{"uv":[6,4,6.0625,4.4375],"texture":"#0"},"south":{"uv":[5.5,3.25,5.625,3.6875],"texture":"#0"},"west":{"uv":[4.25,6,4.3125,6.4375],"texture":"#0"},"up":{"uv":[6.625,6.5625,6.5,6.5],"texture":"#0"},"down":{"uv":[1.125,6.75,1,6.8125],"texture":"#0"}}},{"name":"main","from":[7.8586,5.81738,15.85979],"to":[8.1414,6.87749,16.06989],"rotation":{"angle":-22.5,"axis":"x","origin":[8,5.97244,15.71484]},"faces":{"north":{"uv":[6.25,2.5,6.3125,2.75],"texture":"#0"},"east":{"uv":[2.75,6.25,2.8125,6.5],"texture":"#0"},"south":{"uv":[6.25,2.75,6.3125,3],"texture":"#0"},"west":{"uv":[3,6.25,3.0625,6.5],"texture":"#0"},"up":{"uv":[6.8125,3.5625,6.75,3.5],"texture":"#0"},"down":{"uv":[3.8125,6.75,3.75,6.8125],"texture":"#0"}}},{"name":"main","from":[7.8586,5.55262,15.85979],"to":[8.1414,6.11273,16.06989],"rotation":{"angle":22.5,"axis":"x","origin":[8,5.95768,15.71484]},"faces":{"north":{"uv":[6.75,1,6.8125,1.125],"texture":"#0"},"east":{"uv":[1.25,6.75,1.3125,6.875],"texture":"#0"},"south":{"uv":[6.75,1.25,6.8125,1.375],"texture":"#0"},"west":{"uv":[1.5,6.75,1.5625,6.875],"texture":"#0"},"up":{"uv":[6.8125,3.8125,6.75,3.75],"texture":"#0"},"down":{"uv":[4.0625,6.75,4,6.8125],"texture":"#0"}}},{"name":"main","from":[7.5596,5.25368,12.53415],"to":[8.4404,6.56179,14.24225],"rotation":{"angle":22.5,"axis":"x","origin":[8,5.90774,13.6382]},"faces":{"north":{"uv":[4.75,5,5,5.3125],"texture":"#0"},"east":{"uv":[1.5,4.75,1.9375,5.0625],"texture":"#0"},"south":{"uv":[5,5,5.25,5.3125],"texture":"#0"},"west":{"uv":[2.25,4.75,2.6875,5.0625],"texture":"#0"},"up":{"uv":[5.25,2.9375,5,2.5],"texture":"#0"},"down":{"uv":[5.25,3,5,3.4375],"texture":"#0"}}},{"name":"main","from":[7.5586,5.071,13.94651],"to":[8.4414,6.58111,14.40661],"rotation":{"angle":0,"axis":"y","origin":[0,0,-4]},"faces":{"north":{"uv":[5,3.5,5.25,3.875],"texture":"#0"},"east":{"uv":[4,5.5,4.125,5.875],"texture":"#0"},"south":{"uv":[3.75,5,4,5.375],"texture":"#0"},"west":{"uv":[4.5,5.5,4.625,5.875],"texture":"#0"},"up":{"uv":[2.25,6.125,2,6],"texture":"#0"},"down":{"uv":[6.25,2,6,2.125],"texture":"#0"}}},{"name":"main","from":[7.5686,5.73543,12.37658],"to":[8.4314,6.47554,12.81668],"rotation":{"angle":0,"axis":"y","origin":[0,0,-4]},"faces":{"north":{"uv":[5.5,3.75,5.75,3.9375],"texture":"#0"},"east":{"uv":[4.5,6,4.625,6.1875],"texture":"#0"},"south":{"uv":[5.5,4.5,5.75,4.6875],"texture":"#0"},"west":{"uv":[6,5,6.125,5.1875],"texture":"#0"},"up":{"uv":[2.5,6.125,2.25,6],"texture":"#0"},"down":{"uv":[6.25,2.25,6,2.375],"texture":"#0"}}},{"name":"main","from":[7.5086,7.76658,-11.47],"to":[8.4914,8.74078,11.84011],"rotation":{"angle":0,"axis":"y","origin":[0,0,-4]},"faces":{"north":{"uv":[5.25,2,5.5,2.25],"texture":"#0"},"east":{"uv":[0.5,1,6.3125,1.25],"texture":"#0"},"south":{"uv":[2.25,5.25,2.5,5.5],"texture":"#0"},"west":{"uv":[0.5,1.25,6.3125,1.5],"texture":"#0"},"up":{"uv":[0.75,7.3125,0.5,1.5],"texture":"#0"},"down":{"uv":[1,1.5,0.75,7.3125],"texture":"#0"}}},{"name":"main","from":[7.5586,7.79238,11.83],"to":[8.4414,8.64158,12.39011],"rotation":{"angle":0,"axis":"y","origin":[0,0,-4]},"faces":{"north":{"uv":[4.75,5.5,5,5.6875],"texture":"#0"},"east":{"uv":[6,5.25,6.125,5.4375],"texture":"#0"},"south":{"uv":[5.5,4.75,5.75,4.9375],"texture":"#0"},"west":{"uv":[5.5,6,5.625,6.1875],"texture":"#0"},"up":{"uv":[6.25,2.625,6,2.5],"texture":"#0"},"down":{"uv":[3,6,2.75,6.125],"texture":"#0"}}},{"name":"main","from":[7.5586,7.79238,12.38],"to":[7.8914,8.62518,16.34011],"rotation":{"angle":0,"axis":"y","origin":[0,0,-4]},"faces":{"north":{"uv":[6.5,1.25,6.5625,1.4375],"texture":"#0"},"east":{"uv":[4,2.5,5,2.6875],"texture":"#0"},"south":{"uv":[1.5,6.5,1.5625,6.6875],"texture":"#0"},"west":{"uv":[4,2.75,5,2.9375],"texture":"#0"},"up":{"uv":[5.3125,3.25,5.25,2.25],"texture":"#0"},"down":{"uv":[2.5625,5.25,2.5,6.25],"texture":"#0"}}},{"name":"main","from":[7.5586,8.62518,15.13],"to":[8.5414,8.85798,15.61511],"rotation":{"angle":0,"axis":"y","origin":[0,0,-4]},"faces":{"north":{"uv":[5.25,6.25,5.5,6.3125],"texture":"#0"},"east":{"uv":[6.75,1.75,6.875,1.8125],"texture":"#0"},"south":{"uv":[6.25,5.25,6.5,5.3125],"texture":"#0"},"west":{"uv":[2,6.75,2.125,6.8125],"texture":"#0"},"up":{"uv":[6.25,3.875,6,3.75],"texture":"#0"},"down":{"uv":[4.25,6,4,6.125],"texture":"#0"}}},{"name":"main","from":[8.45868,8.10953,15.131],"to":[8.68948,8.84033,15.61411],"rotation":{"angle":22.5,"axis":"z","origin":[8.57408,8.47493,15.41006]},"faces":{"north":{"uv":[6.5,2,6.5625,2.1875],"texture":"#0"},"east":{"uv":[6,5.5,6.125,5.6875],"texture":"#0"},"south":{"uv":[2.25,6.5,2.3125,6.6875],"texture":"#0"},"west":{"uv":[5.75,6,5.875,6.1875],"texture":"#0"},"up":{"uv":[6.8125,2.125,6.75,2],"texture":"#0"},"down":{"uv":[2.3125,6.75,2.25,6.875],"texture":"#0"}}},{"name":"main","from":[8.45768,7.5206,15.13],"to":[8.69048,8.2534,15.61511],"rotation":{"angle":-22.5,"axis":"z","origin":[8.57408,7.887,15.41006]},"faces":{"north":{"uv":[6.5,2.25,6.5625,2.4375],"texture":"#0"},"east":{"uv":[6,5.75,6.125,5.9375],"texture":"#0"},"south":{"uv":[6.5,2.5,6.5625,2.6875],"texture":"#0"},"west":{"uv":[6,6,6.125,6.1875],"texture":"#0"},"up":{"uv":[6.8125,2.375,6.75,2.25],"texture":"#0"},"down":{"uv":[2.5625,6.75,2.5,6.875],"texture":"#0"}}},{"name":"main","from":[7.5086,6.29238,-11.47],"to":[8.4914,7.76658,16.84011],"rotation":{"angle":0,"axis":"y","origin":[0,0,-4]},"faces":{"north":{"uv":[4,5,4.25,5.375],"texture":"#0"},"east":{"uv":[0,0,7.0625,0.375],"texture":"#0"},"south":{"uv":[5,4.5,5.25,4.875],"texture":"#0"},"west":{"uv":[0,0.5,7.0625,0.875],"texture":"#0"},"up":{"uv":[0.25,8.0625,0,1],"texture":"#0"},"down":{"uv":[0.5,1,0.25,8.0625],"texture":"#0"}}},{"name":"main","from":[7.2586,8.29238,7.84011],"to":[7.5086,9.29238,8.49011],"rotation":{"angle":0,"axis":"y","origin":[0,0,-4]},"faces":{"north":{"uv":[6.25,6.25,6.3125,6.5],"texture":"#0"},"east":{"uv":[5.75,3.5,5.9375,3.75],"texture":"#0"},"south":{"uv":[1,6.5,1.0625,6.75],"texture":"#0"},"west":{"uv":[5.75,3.75,5.9375,4],"texture":"#0"},"up":{"uv":[3.3125,6.6875,3.25,6.5],"texture":"#0"},"down":{"uv":[6.5625,3.25,6.5,3.4375],"texture":"#0"}}},{"name":"main","from":[8.4914,8.29238,7.84011],"to":[8.7414,9.29238,8.49011],"rotation":{"angle":0,"axis":"y","origin":[0,0,-4]},"faces":{"north":{"uv":[6.5,1,6.5625,1.25],"texture":"#0"},"east":{"uv":[4.25,5.75,4.4375,6],"texture":"#0"},"south":{"uv":[1.25,6.5,1.3125,6.75],"texture":"#0"},"west":{"uv":[5.75,4.5,5.9375,4.75],"texture":"#0"},"up":{"uv":[3.5625,6.6875,3.5,6.5],"texture":"#0"},"down":{"uv":[6.5625,3.5,6.5,3.6875],"texture":"#0"}}},{"name":"main","from":[8.2414,8.74078,-11.22],"to":[8.4914,9.44078,-10.57],"rotation":{"angle":0,"axis":"y","origin":[0,0,-4]},"faces":{"north":{"uv":[3.75,6.5,3.8125,6.6875],"texture":"#0"},"east":{"uv":[1,6,1.1875,6.1875],"texture":"#0"},"south":{"uv":[6.5,3.75,6.5625,3.9375],"texture":"#0"},"west":{"uv":[1.25,6,1.4375,6.1875],"texture":"#0"},"up":{"uv":[4.0625,6.6875,4,6.5],"texture":"#0"},"down":{"uv":[6.5625,4,6.5,4.1875],"texture":"#0"}}},{"name":"main","from":[7.5086,8.74078,-11.22],"to":[7.7586,9.44078,-10.57],"rotation":{"angle":0,"axis":"y","origin":[0,0,-4]},"faces":{"north":{"uv":[4.25,6.5,4.3125,6.6875],"texture":"#0"},"east":{"uv":[1.5,6,1.6875,6.1875],"texture":"#0"},"south":{"uv":[6.5,4.25,6.5625,4.4375],"texture":"#0"},"west":{"uv":[1.75,6,1.9375,6.1875],"texture":"#0"},"up":{"uv":[4.5625,6.6875,4.5,6.5],"texture":"#0"},"down":{"uv":[6.5625,4.5,6.5,4.6875],"texture":"#0"}}},{"name":"main","from":[7.675,8.74238,6.59011],"to":[8.325,8.99238,7.99011],"rotation":{"angle":0,"axis":"y","origin":[0,0,-4]},"faces":{"north":{"uv":[4.75,6.5,4.9375,6.5625],"texture":"#0"},"east":{"uv":[1.5,6.25,1.875,6.3125],"texture":"#0"},"south":{"uv":[6.5,4.75,6.6875,4.8125],"texture":"#0"},"west":{"uv":[2,6.25,2.375,6.3125],"texture":"#0"},"up":{"uv":[1.6875,5.625,1.5,5.25],"texture":"#0"},"down":{"uv":[1.9375,5.25,1.75,5.625],"texture":"#0"}}},{"name":"main","from":[7.65,5.94238,1.255],"to":[8.35,6.29238,1.605],"rotation":{"angle":0,"axis":"y","origin":[0,0,-4]},"faces":{"north":{"uv":[5,6.5,5.1875,6.5625],"texture":"#0"},"east":{"uv":[6.75,4.75,6.8125,4.8125],"texture":"#0"},"south":{"uv":[6.5,5,6.6875,5.0625],"texture":"#0"},"west":{"uv":[5,6.75,5.0625,6.8125],"texture":"#0"},"up":{"uv":[5.4375,6.5625,5.25,6.5],"texture":"#0"},"down":{"uv":[6.6875,5.25,6.5,5.3125],"texture":"#0"}}},{"name":"main","from":[7.65,2.94238,24.755],"to":[8.35,3.29238,25.105],"rotation":{"angle":0,"axis":"y","origin":[0,0,-4]},"faces":{"north":{"uv":[5.5,6.5,5.6875,6.5625],"texture":"#0"},"east":{"uv":[6.75,5,6.8125,5.0625],"texture":"#0"},"south":{"uv":[6.5,5.5,6.6875,5.5625],"texture":"#0"},"west":{"uv":[5.25,6.75,5.3125,6.8125],"texture":"#0"},"up":{"uv":[5.9375,6.5625,5.75,6.5],"texture":"#0"},"down":{"uv":[6.6875,5.75,6.5,5.8125],"texture":"#0"}}},{"name":"sticker0","from":[7.45,6.4677,-1.45116],"to":[7.45,8.4677,0.54884],"rotation":{"angle":0,"axis":"y","origin":[0,0,-4]},"faces":{"north":{"uv":[0,0,0,0.5],"texture":"#0"},"east":{"uv":[0,0,0.5,0.5],"texture":"#0"},"south":{"uv":[0,0,0,0.5],"texture":"#0"},"west":{"uv":[0,0,0.5,0.5],"texture":"#0"},"up":{"uv":[0,0,0,0.5],"texture":"#0"},"down":{"uv":[0,0,0,0.5],"texture":"#0"}}},{"name":"sticker1","from":[7.45,6.4677,2.29884],"to":[7.45,8.4677,4.29884],"rotation":{"angle":0,"axis":"y","origin":[0,0,-4]},"faces":{"north":{"uv":[0,0,0,0.5],"texture":"#0"},"east":{"uv":[0,0,0.5,0.5],"texture":"#0"},"south":{"uv":[0,0,0,0.5],"texture":"#0"},"west":{"uv":[0,0,0.5,0.5],"texture":"#0"},"up":{"uv":[0,0,0,0.5],"texture":"#0"},"down":{"uv":[0,0,0,0.5],"texture":"#0"}}},{"name":"sticker2","from":[7.45,6.4677,9.29884],"to":[7.45,8.4677,11.29884],"rotation":{"angle":0,"axis":"y","origin":[0,0,-4]},"faces":{"north":{"uv":[0,0,0,0.5],"texture":"#0"},"east":{"uv":[0,0,0.5,0.5],"texture":"#0"},"south":{"uv":[0,0,0,0.5],"texture":"#0"},"west":{"uv":[0,0,0.5,0.5],"texture":"#0"},"up":{"uv":[0,0,0,0.5],"texture":"#0"},"down":{"uv":[0,0,0,0.5],"texture":"#0"}}},{"name":"muzzleflash","from":[7.99,7.85,-11.6],"to":[7.99,7.85,-11.6],"rotation":{"angle":0,"axis":"y","origin":[0,0,-4]},"faces":{"north":{"uv":[7.25,5,7.5625,5.3125],"texture":"#0"},"east":{"uv":[6.75,7,7.125,7.3125],"texture":"#0"},"south":{"uv":[7.25,5.5,7.5625,5.8125],"texture":"#0"},"west":{"uv":[7.25,0,7.625,0.3125],"texture":"#0"},"up":{"uv":[7.5625,2.625,7.25,2.25],"texture":"#0"},"down":{"uv":[3.3125,7.25,3,7.625],"texture":"#0"}}},{"name":"eject","from":[8.24,8.5,13.7],"to":[8.24,8.5,13.7],"rotation":{"angle":0,"axis":"y","origin":[0,0,-4]},"faces":{"north":{"uv":[7.25,5,7.5625,5.3125],"texture":"#0"},"east":{"uv":[6.75,7,7.125,7.3125],"texture":"#0"},"south":{"uv":[7.25,5.5,7.5625,5.8125],"texture":"#0"},"west":{"uv":[7.25,0,7.625,0.3125],"texture":"#0"},"up":{"uv":[7.5625,2.625,7.25,2.25],"texture":"#0"},"down":{"uv":[3.3125,7.25,3,7.625],"texture":"#0"}}},{"name":"cantolan_0_wobble","from":[7.4,5.26738,1.405],"to":[8.6,6.11738,1.405],"rotation":{"angle":0,"axis":"y","origin":[0,0,-4]},"faces":{"north":{"uv":[5.5,2.25,5.8125,2.4375],"texture":"#0"},"east":{"uv":[0,0,0,0.1875],"texture":"#0"},"south":{"uv":[5.5,2.5,5.8125,2.6875],"texture":"#0"},"west":{"uv":[0,0,0,0.1875],"texture":"#0"},"up":{"uv":[0.3125,0,0,0],"texture":"#0"},"down":{"uv":[0.3125,0,0,0],"texture":"#0"}}},{"name":"cantolan_1_wobble","from":[7.4,2.26738,24.905],"to":[8.6,3.11738,24.905],"rotation":{"angle":0,"axis":"y","origin":[0,0,-4]},"faces":{"north":{"uv":[5.5,2.75,5.8125,2.9375],"texture":"#0"},"east":{"uv":[0,0,0,0.1875],"texture":"#0"},"south":{"uv":[5.5,3,5.8125,3.1875],"texture":"#0"},"west":{"uv":[0,0,0,0.1875],"texture":"#0"},"up":{"uv":[0.3125,0,0,0],"texture":"#0"},"down":{"uv":[0.3125,0,0,0],"texture":"#0"}}},{"name":"scope","from":[7.8,8.85,16.1],"to":[8.2,9.45,16.6],"rotation":{"angle":0,"axis":"y","origin":[0,0,-4]},"faces":{"north":{"uv":[6.25,3.25,6.375,3.375],"texture":"#0"},"east":{"uv":[3.5,6.25,3.625,6.375],"texture":"#0"},"south":{"uv":[6.25,3.5,6.375,3.625],"texture":"#0"},"west":{"uv":[3.75,6.25,3.875,6.375],"texture":"#0"},"up":{"uv":[6.375,3.875,6.25,3.75],"texture":"#0"},"down":{"uv":[4.125,6.25,4,6.375],"texture":"#0"}}},{"name":"scope","from":[7.8,8.85,13.1],"to":[8.2,9.45,13.6],"rotation":{"angle":0,"axis":"y","origin":[0,0,-4]},"faces":{"north":{"uv":[6.25,4,6.375,4.125],"texture":"#0"},"east":{"uv":[6.25,4.25,6.375,4.375],"texture":"#0"},"south":{"uv":[4.5,6.25,4.625,6.375],"texture":"#0"},"west":{"uv":[4.75,6.25,4.875,6.375],"texture":"#0"},"up":{"uv":[5.125,6.375,5,6.25],"texture":"#0"},"down":{"uv":[6.375,5,6.25,5.125],"texture":"#0"}}},{"name":"scope","from":[7.7,8.65,12.6],"to":[8.3,8.85,17.15],"rotation":{"angle":0,"axis":"y","origin":[0,0,-4]},"faces":{"north":{"uv":[6.75,1.5,6.875,1.5625],"texture":"#0"},"east":{"uv":[5.25,1.5,6.375,1.5625],"texture":"#0"},"south":{"uv":[1.75,6.75,1.875,6.8125],"texture":"#0"},"west":{"uv":[5.25,1.75,6.375,1.8125],"texture":"#0"},"up":{"uv":[4.625,5.125,4.5,4],"texture":"#0"},"down":{"uv":[4.375,4.5,4.25,5.625],"texture":"#0"}}},{"name":"bolt","from":[7.7086,7.79238,12.33],"to":[8.2914,8.37518,16.59011],"rotation":{"angle":0,"axis":"y","origin":[0,0,-4]},"faces":{"north":{"uv":[6.25,3,6.375,3.125],"texture":"#0"},"east":{"uv":[4.75,4,5.8125,4.125],"texture":"#0"},"south":{"uv":[3.25,6.25,3.375,6.375],"texture":"#0"},"west":{"uv":[4.75,4.25,5.8125,4.375],"texture":"#0"},"up":{"uv":[2.875,5.8125,2.75,4.75],"texture":"#0"},"down":{"uv":[3.125,4.75,3,5.8125],"texture":"#0"}}},{"name":"bolt","from":[7.7086,7.79238,8.13],"to":[8.2914,8.37518,12.39011],"rotation":{"angle":0,"axis":"y","origin":[0,0,-4]},"faces":{"north":{"uv":[6.25,3,6.375,3.125],"texture":"#0"},"east":{"uv":[4.75,4,5.8125,4.125],"texture":"#0"},"south":{"uv":[3.25,6.25,3.375,6.375],"texture":"#0"},"west":{"uv":[4.75,4.25,5.8125,4.375],"texture":"#0"},"up":{"uv":[2.875,5.8125,2.75,4.75],"texture":"#0"},"down":{"uv":[3.125,4.75,3,5.8125],"texture":"#0"}}},{"name":"bolt","from":[8.2914,8.04238,16.38],"to":[8.8742,8.37518,16.64011],"rotation":{"angle":0,"axis":"y","origin":[0,0,-4]},"faces":{"north":{"uv":[6.75,2.5,6.875,2.5625],"texture":"#0"},"east":{"uv":[6.75,4,6.8125,4.0625],"texture":"#0"},"south":{"uv":[2.75,6.75,2.875,6.8125],"texture":"#0"},"west":{"uv":[4.25,6.75,4.3125,6.8125],"texture":"#0"},"up":{"uv":[6.875,2.8125,6.75,2.75],"texture":"#0"},"down":{"uv":[3.125,6.75,3,6.8125],"texture":"#0"}}},{"name":"bolt","from":[8.67119,7.88507,16.38],"to":[9.50399,8.21787,16.64011],"rotation":{"angle":-45,"axis":"z","origin":[8.96259,8.05147,16.48506]},"faces":{"north":{"uv":[2.75,6.5,2.9375,6.5625],"texture":"#0"},"east":{"uv":[6.75,4.25,6.8125,4.3125],"texture":"#0"},"south":{"uv":[6.5,2.75,6.6875,2.8125],"texture":"#0"},"west":{"uv":[4.5,6.75,4.5625,6.8125],"texture":"#0"},"up":{"uv":[3.1875,6.5625,3,6.5],"texture":"#0"},"down":{"uv":[6.6875,3,6.5,3.0625],"texture":"#0"}}},{"name":"bolt","from":[9.55296,7.8783,16.205],"to":[10.08576,8.4611,16.76511],"rotation":{"angle":-45,"axis":"z","origin":[8.84436,8.1697,16.48506]},"faces":{"north":{"uv":[5.5,6.25,5.625,6.375],"texture":"#0"},"east":{"uv":[6.25,5.5,6.375,5.625],"texture":"#0"},"south":{"uv":[5.75,6.25,5.875,6.375],"texture":"#0"},"west":{"uv":[6.25,5.75,6.375,5.875],"texture":"#0"},"up":{"uv":[6.125,6.375,6,6.25],"texture":"#0"},"down":{"uv":[6.375,6,6.25,6.125],"texture":"#0"}}},{"name":"bolt","from":[7.8086,7.64238,17.09011],"to":[8.1914,8.32518,18.40022],"rotation":{"angle":0,"axis":"y","origin":[0,0,-4]},"faces":{"north":{"uv":[1,6.25,1.125,6.4375],"texture":"#0"},"east":{"uv":[2,5.5,2.3125,5.6875],"texture":"#0"},"south":{"uv":[1.25,6.25,1.375,6.4375],"texture":"#0"},"west":{"uv":[5.5,2,5.8125,2.1875],"texture":"#0"},"up":{"uv":[5.125,6.0625,5,5.75],"texture":"#0"},"down":{"uv":[5.375,5.75,5.25,6.0625],"texture":"#0"}}},{"name":"bolt","from":[7.8586,7.94238,16.59011],"to":[8.1414,8.22518,17.15022],"rotation":{"angle":0,"axis":"y","origin":[0,0,-4]},"faces":{"north":{"uv":[6.75,4.5,6.8125,4.5625],"texture":"#0"},"east":{"uv":[6.75,3,6.875,3.0625],"texture":"#0"},"south":{"uv":[4.75,6.75,4.8125,6.8125],"texture":"#0"},"west":{"uv":[3.25,6.75,3.375,6.8125],"texture":"#0"},"up":{"uv":[6.8125,3.375,6.75,3.25],"texture":"#0"},"down":{"uv":[3.5625,6.75,3.5,6.875],"texture":"#0"}}},{"name":"right","from":[0,0,-4],"to":[0,12,-4],"rotation":{"angle":0,"axis":"y","origin":[0,0,-4]},"faces":{"north":{"uv":[0,0,0,3],"texture":"#0"},"east":{"uv":[0,0,0,3],"texture":"#0"},"south":{"uv":[0,0,0,3],"texture":"#0"},"west":{"uv":[0,0,0,3],"texture":"#0"},"up":{"uv":[0,0,0,0],"texture":"#0"},"down":{"uv":[0,0,0,0],"texture":"#0"}}},{"name":"left","from":[0,0,-4],"to":[0,12,-4],"rotation":{"angle":0,"axis":"y","origin":[0,0,-4]},"faces":{"north":{"uv":[0,0,0,3],"texture":"#0"},"east":{"uv":[0,0,0,3],"texture":"#0"},"south":{"uv":[0,0,0,3],"texture":"#0"},"west":{"uv":[0,0,0,3],"texture":"#0"},"up":{"uv":[0,0,0,0],"texture":"#0"},"down":{"uv":[0,0,0,0],"texture":"#0"}}}],"display":{"thirdperson_righthand":{"translation":[0,2,0.5],"scale":[1.3,1.05,0.9]},"thirdperson_lefthand":{"translation":[0,2,0.5],"scale":[1.3,1.05,0.9]},"firstperson_righthand":{"rotation":[0,5,12.5],"translation":[-5.75,6.25,-2.75]},"firstperson_lefthand":{"rotation":[0,5,12.5],"translation":[-5.75,6.25,-2.75]},"ground":{"scale":[0.9,0.9,0.9]},"gui":{"rotation":[44,-52,24],"translation":[0.25,2.5,0],"scale":[0.85,0.85,0.85]},"head":{"rotation":[89,-12,-87],"translation":[6.75,-15.25,4.5],"scale":[1.55,1.55,1.55]},"fixed":{"rotation":[-70,156,94],"translation":[-4.5,15,-0.75],"scale":[1.75,1.75,1.75]}},"groups":[{"name":"main","origin":[8.03551,7.87786,14.08895],"color":0,"children":[0,1,2,3,4,5,6,7,8,9,10,11,12,13,14,15,16,17,18,19,20,21,22,23,24,25,{"name":"sticker0","origin":[7.38,7.4677,-0.45116],"color":1,"children":[26]},{"name":"sticker1","origin":[7.38,7.4677,3.29884],"color":2,"children":[27]},{"name":"sticker2","origin":[7.38,7.4677,10.29884],"color":3,"children":[28]},{"name":"muzzleflash","origin":[7.99,7.85,-11.6],"color":4,"children":[29]},{"name":"eject","origin":[8.24,8.5,13.7],"color":5,"children":[30]},{"name":"cantolan_0_wobble","origin":[8,6.09238,1.405],"color":6,"children":[31]},{"name":"cantolan_1_wobble","origin":[8,3.09238,24.905],"color":7,"children":[32]},{"name":"scope","origin":[8,7.02948,14.71071],"color":8,"children":[33,34,35]},{"name":"bolt","origin":[8.05,8.17948,14.77082],"color":9,"children":[36,37,38,39,40,41,42]},{"name":"arms","origin":[11.5625,2.7491,9.18696],"color":0,"children":[{"name":"right","origin":[2,6,-2],"color":1,"children":[43]},{"name":"left","origin":[2,6,-2],"color":2,"children":[44]}]}]}]}