{"credit":"Made with Blockbench","texture_size":[32,32],"textures":{"0":"politmine/item/weapons/textures/m1_carbine"},"elements":[{"name":"main","from":[7.3376,4.7756,-0.0558],"to":[8.6624,7.2628,16.8736],"rotation":{"angle":0,"axis":"y","origin":[0,0,1]},"faces":{"north":{"uv":[11,10,11.625,11.25],"texture":"#0"},"east":{"uv":[0,0,8.375,1.25],"texture":"#0"},"south":{"uv":[11.5,0,12.125,1.25],"texture":"#0"},"west":{"uv":[0,1.5,8.375,2.75],"texture":"#0"},"up":{"uv":[0.625,14.875,0,6.5],"texture":"#0"},"down":{"uv":[1.625,6.5,1,14.875],"texture":"#0"}}},{"name":"main","from":[7.3376,7.2628,7.7472],"to":[8.6624,8,8.6016],"rotation":{"angle":0,"axis":"y","origin":[0,0,1]},"faces":{"north":{"uv":[12,12,12.625,12.375],"texture":"#0"},"east":{"uv":[12.5,11,12.875,11.375],"texture":"#0"},"south":{"uv":[12.5,0,13.125,0.375],"texture":"#0"},"west":{"uv":[12.5,11.5,12.875,11.875],"texture":"#0"},"up":{"uv":[13.125,0.875,12.5,0.5],"texture":"#0"},"down":{"uv":[13.125,1,12.5,1.375],"texture":"#0"}}},{"name":"main","from":[7.5876,7.2628,14.9972],"to":[8.4124,8,16.1016],"rotation":{"angle":0,"axis":"y","origin":[0,0,1]},"faces":{"north":{"uv":[12,12.5,12.375,12.875],"texture":"#0"},"east":{"uv":[12.5,2.5,13,2.875],"texture":"#0"},"south":{"uv":[12.5,12.5,12.875,12.875],"texture":"#0"},"west":{"uv":[12.5,5.5,13,5.875],"texture":"#0"},"up":{"uv":[12.875,6.5,12.5,6],"texture":"#0"},"down":{"uv":[7.375,12.5,7,13],"texture":"#0"}}},{"name":"main","from":[7.5876,7.8628,15.5972],"to":[8.4124,8.45,15.6016],"rotation":{"angle":0,"axis":"y","origin":[0,0,1]},"faces":{"north":{"uv":[12.5,1.625,12.875,1.875],"texture":"#0"},"east":{"uv":[13.125,12.5,13.25,12.875],"texture":"#0"},"south":{"uv":[12.5,2.125,12.875,2.375],"texture":"#0"},"west":{"uv":[13.125,13,13.25,13.375],"texture":"#0"},"up":{"uv":[13.625,10,13,9.875],"texture":"#0"},"down":{"uv":[11.125,13,10.5,13.125],"texture":"#0"}}},{"name":"main","from":[7.5876,4.2756,12.1442],"to":[8.4124,4.7628,13.7486],"rotation":{"angle":0,"axis":"y","origin":[0,0,1]},"faces":{"north":{"uv":[13,5.5,13.375,5.75],"texture":"#0"},"east":{"uv":[12.5,7,13.25,7.25],"texture":"#0"},"south":{"uv":[13,6,13.375,6.25],"texture":"#0"},"west":{"uv":[12.5,7.5,13.25,7.75],"texture":"#0"},"up":{"uv":[12.375,7.75,12,7],"texture":"#0"},"down":{"uv":[12.375,8,12,8.75],"texture":"#0"}}},{"name":"main","from":[7.5876,3.5256,13.7486],"to":[8.4124,4.7628,13.953],"rotation":{"angle":0,"axis":"y","origin":[0,0,1]},"faces":{"north":{"uv":[3,12.5,3.375,13.125],"texture":"#0"},"east":{"uv":[13,10.5,13.125,11.125],"texture":"#0"},"south":{"uv":[3.5,12.5,3.875,13.125],"texture":"#0"},"west":{"uv":[11.5,13,11.625,13.625],"texture":"#0"},"up":{"uv":[13.875,0.125,13.5,0],"texture":"#0"},"down":{"uv":[13.875,0.5,13.5,0.625],"texture":"#0"}}},{"name":"main","from":[7.5876,4.0256,15.9074],"to":[8.4124,4.7628,16.1118],"rotation":{"angle":0,"axis":"y","origin":[0,0,1]},"faces":{"north":{"uv":[2,13,2.375,13.375],"texture":"#0"},"east":{"uv":[13.5,1,13.625,1.375],"texture":"#0"},"south":{"uv":[2.5,13,2.875,13.375],"texture":"#0"},"west":{"uv":[13.5,1.5,13.625,1.875],"texture":"#0"},"up":{"uv":[2.375,13.625,2,13.5],"texture":"#0"},"down":{"uv":[13.875,2,13.5,2.125],"texture":"#0"}}},{"name":"main","from":[7.5876,3.5256,13.953],"to":[8.4124,3.7628,15.6574],"rotation":{"angle":0,"axis":"y","origin":[0,0,1]},"faces":{"north":{"uv":[2.5,13.5,2.875,13.625],"texture":"#0"},"east":{"uv":[13,5,13.875,5.125],"texture":"#0"},"south":{"uv":[13.5,2.5,13.875,2.625],"texture":"#0"},"west":{"uv":[5.5,13,6.375,13.125],"texture":"#0"},"up":{"uv":[6.375,12.875,6,12],"texture":"#0"},"down":{"uv":[6.875,12,6.5,12.875],"texture":"#0"}}},{"name":"main","from":[7.5876,3.47665,15.53653],"to":[8.4124,3.71385,16.24093],"rotation":{"angle":-45,"axis":"x","origin":[8,3.59525,15.51373]},"faces":{"north":{"uv":[3,13.5,3.375,13.625],"texture":"#0"},"east":{"uv":[13.5,3,13.875,3.125],"texture":"#0"},"south":{"uv":[3.5,13.5,3.875,13.625],"texture":"#0"},"west":{"uv":[4,13.5,4.375,13.625],"texture":"#0"},"up":{"uv":[13.375,2.875,13,2.5],"texture":"#0"},"down":{"uv":[13.375,3,13,3.375],"texture":"#0"}}},{"name":"main","from":[7.3378,4.30835,16.28592],"to":[8.6622,6.29515,21.73832],"rotation":{"angle":22.5,"axis":"x","origin":[8,5.30175,19.01212]},"faces":{"north":{"uv":[10,6.5,10.625,7.5],"texture":"#0"},"east":{"uv":[4,6.5,6.75,7.5],"texture":"#0"},"south":{"uv":[3,11.5,3.625,12.5],"texture":"#0"},"west":{"uv":[7,6.5,9.75,7.5],"texture":"#0"},"up":{"uv":[9.125,2.75,8.5,0],"texture":"#0"},"down":{"uv":[9.625,8,9,10.75],"texture":"#0"}}},{"name":"main","from":[7.3376,2.7101,16.70334],"to":[8.6624,5.7829,25],"rotation":{"angle":0,"axis":"y","origin":[0,0,1]},"faces":{"north":{"uv":[11,8.5,11.625,10],"texture":"#0"},"east":{"uv":[0,5,4.125,6.5],"texture":"#0"},"south":{"uv":[9,11,9.625,12.5],"texture":"#0"},"west":{"uv":[4.5,5,8.625,6.5],"texture":"#0"},"up":{"uv":[4.625,11.625,4,7.5],"texture":"#0"},"down":{"uv":[5.625,7.5,5,11.625],"texture":"#0"}}},{"name":"main","from":[7.3386,1.14037,17.20534],"to":[8.6614,4.31117,25],"rotation":{"angle":22.5,"axis":"x","origin":[8,2.72577,24.28152]},"faces":{"north":{"uv":[10,10.5,10.625,12.125],"texture":"#0"},"east":{"uv":[0,3,3.875,4.625],"texture":"#0"},"south":{"uv":[11,6.5,11.625,8.125],"texture":"#0"},"west":{"uv":[4,3,7.875,4.625],"texture":"#0"},"up":{"uv":[6.625,11.875,6,8],"texture":"#0"},"down":{"uv":[7.625,8,7,11.875],"texture":"#0"}}},{"name":"main","from":[7.3376,5.7692,-4.1392],"to":[8.6624,7.2628,0.0192],"rotation":{"angle":0,"axis":"y","origin":[0,0,1]},"faces":{"north":{"uv":[11.5,5.5,12.125,6.25],"texture":"#0"},"east":{"uv":[9,4.5,11.125,5.25],"texture":"#0"},"south":{"uv":[4,12,4.625,12.75],"texture":"#0"},"west":{"uv":[9,5.5,11.125,6.25],"texture":"#0"},"up":{"uv":[10.125,2.125,9.5,0],"texture":"#0"},"down":{"uv":[10.625,8,10,10.125],"texture":"#0"}}},{"name":"main","from":[7.33826,5.22507,-2.20926],"to":[8.66174,6.21735,0.27342],"rotation":{"angle":22.5,"axis":"x","origin":[8,5.7212,-0.88513]},"faces":{"north":{"uv":[8,4.5,8.625,5],"texture":"#0"},"east":{"uv":[11.5,4.5,12.75,5],"texture":"#0"},"south":{"uv":[9.5,2.5,10.125,3],"texture":"#0"},"west":{"uv":[11.5,5,12.75,5.5],"texture":"#0"},"up":{"uv":[12.125,2.75,11.5,1.5],"texture":"#0"},"down":{"uv":[2.625,11.5,2,12.75],"texture":"#0"}}},{"name":"main","from":[7.3376,7.2628,-2.2992],"to":[8.6624,8.1752,7.7472],"rotation":{"angle":0,"axis":"y","origin":[0,0,1]},"faces":{"north":{"uv":[12,6.5,12.625,7],"texture":"#0"},"east":{"uv":[6,7.5,11,8],"texture":"#0"},"south":{"uv":[7,12,7.625,12.5],"texture":"#0"},"west":{"uv":[8,3,13,3.5],"texture":"#0"},"up":{"uv":[2.625,11.5,2,6.5],"texture":"#0"},"down":{"uv":[3.625,6.5,3,11.5],"texture":"#0"}}},{"name":"main","from":[7.6826,7.0328,-15],"to":[8.3174,7.6952,-2.3038],"rotation":{"angle":0,"axis":"y","origin":[0,0,1]},"faces":{"north":{"uv":[4,13,4.375,13.375],"texture":"#0"},"east":{"uv":[8,3.5,14.375,3.875],"texture":"#0"},"south":{"uv":[4.5,13,4.875,13.375],"texture":"#0"},"west":{"uv":[8,4,14.375,4.375],"texture":"#0"},"up":{"uv":[8.375,14.375,8,8],"texture":"#0"},"down":{"uv":[8.875,8,8.5,14.375],"texture":"#0"}}},{"name":"main","from":[7.5906,6.9408,-14.0202],"to":[8.4094,7.7872,-12.4838],"rotation":{"angle":0,"axis":"y","origin":[0,0,1]},"faces":{"north":{"uv":[13,4.5,13.375,4.875],"texture":"#0"},"east":{"uv":[12,9,12.75,9.375],"texture":"#0"},"south":{"uv":[5,13,5.375,13.375],"texture":"#0"},"west":{"uv":[12,9.5,12.75,9.875],"texture":"#0"},"up":{"uv":[12.375,10.75,12,10],"texture":"#0"},"down":{"uv":[12.375,11,12,11.75],"texture":"#0"}}},{"name":"main","from":[7.5906,7.7872,-14.0202],"to":[7.7654,8.1736,-12.4838],"rotation":{"angle":0,"axis":"y","origin":[0,0,1]},"faces":{"north":{"uv":[4.5,13.5,4.625,13.75],"texture":"#0"},"east":{"uv":[12.5,8,13.25,8.25],"texture":"#0"},"south":{"uv":[13.5,4.5,13.625,4.75],"texture":"#0"},"west":{"uv":[12.5,8.5,13.25,8.75],"texture":"#0"},"up":{"uv":[6.625,13.75,6.5,13],"texture":"#0"},"down":{"uv":[7.125,13,7,13.75],"texture":"#0"}}},{"name":"main","from":[7.5906,8.1736,-14.0202],"to":[7.7654,8.56,-13.4038],"rotation":{"angle":0,"axis":"y","origin":[0,0,1]},"faces":{"north":{"uv":[5,13.5,5.125,13.75],"texture":"#0"},"east":{"uv":[13,11.5,13.25,11.75],"texture":"#0"},"south":{"uv":[5,13.5,5.125,13.75],"texture":"#0"},"west":{"uv":[12,13,12.25,13.25],"texture":"#0"},"up":{"uv":[5,13.5,5.125,13.75],"texture":"#0"},"down":{"uv":[0,0,0,0.25],"texture":"#0"}}},{"name":"main","from":[8.2346,7.7872,-14.0202],"to":[8.4094,8.1736,-12.4838],"rotation":{"angle":0,"axis":"y","origin":[0,0,1]},"faces":{"north":{"uv":[5,13.5,5.125,13.75],"texture":"#0"},"east":{"uv":[9,12.5,9.75,12.75],"texture":"#0"},"south":{"uv":[5.5,13.5,5.625,13.75],"texture":"#0"},"west":{"uv":[10,12.5,10.75,12.75],"texture":"#0"},"up":{"uv":[9.125,13.75,9,13],"texture":"#0"},"down":{"uv":[13.125,9,13,9.75],"texture":"#0"}}},{"name":"main","from":[8.2346,8.1736,-14.0202],"to":[8.4094,8.56,-13.4038],"rotation":{"angle":0,"axis":"y","origin":[0,0,1]},"faces":{"north":{"uv":[5,13.5,5.125,13.75],"texture":"#0"},"east":{"uv":[13,12,13.25,12.25],"texture":"#0"},"south":{"uv":[5,13.5,5.125,13.75],"texture":"#0"},"west":{"uv":[12.5,13,12.75,13.25],"texture":"#0"},"up":{"uv":[5,13.5,5.125,13.75],"texture":"#0"},"down":{"uv":[0,0,0,0.25],"texture":"#0"}}},{"name":"main","from":[7.7608,7.7872,-14.0202],"to":[8.2346,7.9436,-12.4838],"rotation":{"angle":0,"axis":"y","origin":[0,0,1]},"faces":{"north":{"uv":[13.5,5.5,13.75,5.625],"texture":"#0"},"east":{"uv":[13,6.5,13.75,6.625],"texture":"#0"},"south":{"uv":[6,13.5,6.25,13.625],"texture":"#0"},"west":{"uv":[9.5,13,10.25,13.125],"texture":"#0"},"up":{"uv":[7.75,13.25,7.5,12.5],"texture":"#0"},"down":{"uv":[12.75,10,12.5,10.75],"texture":"#0"}}},{"name":"sticker0","from":[7.26,5.85835,-1.67402],"to":[7.26,7.85835,0.32598],"rotation":{"angle":0,"axis":"y","origin":[0,0,1]},"faces":{"north":{"uv":[0,0,0,1],"texture":"#0"},"east":{"uv":[0,0,1,1],"texture":"#0"},"south":{"uv":[0,0,0,1],"texture":"#0"},"west":{"uv":[0,0,1,1],"texture":"#0"},"up":{"uv":[0,0,0,1],"texture":"#0"},"down":{"uv":[0,0,0,1],"texture":"#0"}}},{"name":"sticker1","from":[7.26,5.24947,0.92575],"to":[7.26,7.24947,2.92575],"rotation":{"angle":0,"axis":"y","origin":[0,0,1]},"faces":{"north":{"uv":[0,0,0,1],"texture":"#0"},"east":{"uv":[0,0,1,1],"texture":"#0"},"south":{"uv":[0,0,0,1],"texture":"#0"},"west":{"uv":[0,0,1,1],"texture":"#0"},"up":{"uv":[0,0,0,1],"texture":"#0"},"down":{"uv":[0,0,0,1],"texture":"#0"}}},{"name":"sticker2","from":[7.26,5.74947,4.92575],"to":[7.26,7.74947,6.92575],"rotation":{"angle":0,"axis":"y","origin":[0,0,1]},"faces":{"north":{"uv":[0,0,0,1],"texture":"#0"},"east":{"uv":[0,0,1,1],"texture":"#0"},"south":{"uv":[0,0,0,1],"texture":"#0"},"west":{"uv":[0,0,1,1],"texture":"#0"},"up":{"uv":[0,0,0,1],"texture":"#0"},"down":{"uv":[0,0,0,1],"texture":"#0"}}},{"name":"muzzleflash","from":[7.99,7.35,-15.1],"to":[7.99,7.35,-15.1],"rotation":{"angle":0,"axis":"y","origin":[0,0,1]},"faces":{"north":{"uv":[14.5,10,15.125,10.625],"texture":"#0"},"east":{"uv":[13.5,14,14.25,14.625],"texture":"#0"},"south":{"uv":[14.5,11,15.125,11.625],"texture":"#0"},"west":{"uv":[14.5,0,15.25,0.625],"texture":"#0"},"up":{"uv":[15.125,5.25,14.5,4.5],"texture":"#0"},"down":{"uv":[6.625,14.5,6,15.25],"texture":"#0"}}},{"name":"eject","from":[8.49,7.1,11.45],"to":[8.49,7.1,11.45],"rotation":{"angle":0,"axis":"y","origin":[0,0,1]},"faces":{"north":{"uv":[14.5,10,15.125,10.625],"texture":"#0"},"east":{"uv":[13.5,14,14.25,14.625],"texture":"#0"},"south":{"uv":[14.5,11,15.125,11.625],"texture":"#0"},"west":{"uv":[14.5,0,15.25,0.625],"texture":"#0"},"up":{"uv":[15.125,5.25,14.5,4.5],"texture":"#0"},"down":{"uv":[6.625,14.5,6,15.25],"texture":"#0"}}},{"name":"right","from":[0,0,1],"to":[0,12,1],"rotation":{"angle":0,"axis":"y","origin":[0,0,1]},"faces":{"north":{"uv":[19,9.5,19.5,12.5],"texture":"#0"},"east":{"uv":[19,9.5,19.5,12.5],"texture":"#0"},"south":{"uv":[19,9.5,19.5,12.5],"texture":"#0"},"west":{"uv":[19,9.5,19.5,12.5],"texture":"#0"},"up":{"uv":[19,9.5,19.5,12.5],"texture":"#0"},"down":{"uv":[19,9.5,19.5,12.5],"texture":"#0"}}},{"name":"left","from":[0,0,1],"to":[0,12,1],"rotation":{"angle":0,"axis":"y","origin":[0,0,1]},"faces":{"north":{"uv":[19,9.5,19.5,12.5],"texture":"#0"},"east":{"uv":[19,9.5,19.5,12.5],"texture":"#0"},"south":{"uv":[19,9.5,19.5,12.5],"texture":"#0"},"west":{"uv":[19,9.5,19.5,12.5],"texture":"#0"},"up":{"uv":[19,9.5,19.5,12.5],"texture":"#0"},"down":{"uv":[19,9.5,19.5,12.5],"texture":"#0"}}},{"name":"mag","from":[7.5876,2.1,10.2692],"to":[8.4124,5.0872,12.1236],"rotation":{"angle":0,"axis":"y","origin":[0,0,1]},"faces":{"north":{"uv":[11,11.5,11.375,13],"texture":"#0"},"east":{"uv":[10.5,0,11.375,1.5],"texture":"#0"},"south":{"uv":[11.5,11.5,11.875,13],"texture":"#0"},"west":{"uv":[10.5,1.5,11.375,3],"texture":"#0"},"up":{"uv":[5.375,12.875,5,12],"texture":"#0"},"down":{"uv":[5.875,12,5.5,12.875],"texture":"#0"}}}],"display":{"thirdperson_righthand":{"translation":[0,2.75,1.25]},"thirdperson_lefthand":{"translation":[0,2.75,1.25]},"firstperson_righthand":{"rotation":[0,5,12.5],"translation":[-5.25,6,-2]},"firstperson_lefthand":{"rotation":[0,5,12.5],"translation":[-5.25,6,-2]},"gui":{"rotation":[44,-52,24],"translation":[-1,2.25,0],"scale":[0.85,0.85,0.9]},"head":{"rotation":[89,-12,-87],"translation":[8.25,-17.25,4.5],"scale":[1.5,1.5,1.5]},"fixed":{"rotation":[-70,156,94],"translation":[-1.5,12.5,0.25],"scale":[1.45,1.55,1.75]}},"groups":[{"name":"main","origin":[16,8,16],"color":0,"children":[0,1,2,3,4,5,6,7,8,9,10,11,12,13,14,15,16,17,18,19,20,21,{"name":"sticker0","origin":[15.26,6.85835,6.32598],"color":1,"children":[22]},{"name":"sticker1","origin":[15.26,6.24947,8.92575],"color":2,"children":[23]},{"name":"sticker2","origin":[15.26,6.74947,12.92575],"color":3,"children":[24]},{"name":"muzzleflash","origin":[15.99,7.35,-8.1],"color":4,"children":[25]},{"name":"eject","origin":[16.49,7.1,18.45],"color":5,"children":[26]},{"name":"arms","origin":[19.5625,2.7491,21.18696],"color":6,"children":[{"name":"right","origin":[10,6,10],"color":7,"children":[27]},{"name":"left","origin":[10,6,10],"color":8,"children":[28]}]},{"name":"mag","origin":[16,8,16],"color":9,"children":[29]}]}]}