{"credit":"Made by samus2002","textures":{"0":"orc_texture/orc_warrior","particle":"orc_texture/orc_warrior"},"elements":[{"from":[6.5,-9.36612,8.33132],"to":[9.5,24.63388,11.33132],"rotation":{"angle":0,"axis":"y","origin":[8,7,8]},"faces":{"north":{"uv":[1.1895,1.127,1.373,3.248],"texture":"#0"},"east":{"uv":[1.4395,1.127,1.623,3.248],"texture":"#0"},"south":{"uv":[1.6895,1.127,1.873,3.248],"texture":"#0"},"west":{"uv":[1.9395,1.127,2.123,3.248],"texture":"#0"},"up":{"uv":[2.5605,6.9355,2.377,6.752],"texture":"#0"},"down":{"uv":[6.9355,2.377,6.752,2.5605],"texture":"#0"}}},{"from":[7,14.63388,-2.66868],"to":[9,24.63388,2.33132],"rotation":{"angle":0,"axis":"y","origin":[8,7,8]},"faces":{"north":{"uv":[3.9395,5.9395,4.0605,6.5605],"texture":"#0"},"east":{"uv":[0.4395,3.6895,0.748,4.3105],"texture":"#0"},"south":{"uv":[2.4395,6.0645,2.5605,6.6855],"texture":"#0"},"west":{"uv":[2.5645,3.8145,2.873,4.4355],"texture":"#0"},"up":{"uv":[2.9355,6.9355,2.8145,6.627],"texture":"#0"},"down":{"uv":[3.123,6.627,3.002,6.9355],"texture":"#0"}}},{"from":[7.0375,23.01293,12.92514],"to":[8.9625,27.01293,20.92514],"rotation":{"angle":-45,"axis":"x","origin":[8,7,8]},"faces":{"north":{"uv":[5.627,6.6895,5.748,6.9355],"texture":"#0"},"east":{"uv":[4.9395,2.4395,5.4355,2.6855],"texture":"#0"},"south":{"uv":[1.627,6.752,1.748,6.998],"texture":"#0"},"west":{"uv":[5.1895,1.002,5.6855,1.248],"texture":"#0"},"up":{"uv":[0.3105,6.623,0.1895,6.127],"texture":"#0"},"down":{"uv":[1.748,6.1895,1.627,6.6855],"texture":"#0"}}},{"from":[7,21.63388,6.33132],"to":[9,23.63388,8.33132],"rotation":{"angle":0,"axis":"y","origin":[8,7,8]},"faces":{"north":{"uv":[0.9395,7.002,1.0605,7.123],"texture":"#0"},"east":{"uv":[7.002,0.9395,7.123,1.0605],"texture":"#0"},"south":{"uv":[7.002,1.5645,7.123,1.6855],"texture":"#0"},"west":{"uv":[7.002,1.752,7.123,1.873],"texture":"#0"},"up":{"uv":[2.498,7.123,2.377,7.002],"texture":"#0"},"down":{"uv":[7.123,2.377,7.002,2.498],"texture":"#0"}}},{"from":[7.0375,4.85408,-4.94187],"to":[8.9625,8.85408,3.05813],"rotation":{"angle":45,"axis":"x","origin":[8,7,8]},"faces":{"north":{"uv":[3.4395,6.752,3.5605,6.998],"texture":"#0"},"east":{"uv":[0.377,5.252,0.873,5.498],"texture":"#0"},"south":{"uv":[5.252,6.752,5.373,6.998],"texture":"#0"},"west":{"uv":[0.9395,5.252,1.4355,5.498],"texture":"#0"},"up":{"uv":[6.373,5.498,6.252,5.002],"texture":"#0"},"down":{"uv":[6.373,5.5645,6.252,6.0605],"texture":"#0"}}},{"from":[7,6.80546,2.8166],"to":[9,11.80546,5.8166],"rotation":{"angle":0,"axis":"y","origin":[8,7,8]},"faces":{"north":{"uv":[3.8145,6.627,3.9355,6.9355],"texture":"#0"},"east":{"uv":[3.252,4.752,3.4355,5.0605],"texture":"#0"},"south":{"uv":[4.502,6.627,4.623,6.9355],"texture":"#0"},"west":{"uv":[6.3145,0.252,6.498,0.5605],"texture":"#0"},"up":{"uv":[6.3105,7.0605,6.1895,6.877],"texture":"#0"},"down":{"uv":[6.498,6.877,6.377,7.0605],"texture":"#0"}}},{"from":[7,15.63388,2.33132],"to":[9,23.63388,6.33132],"rotation":{"angle":0,"axis":"y","origin":[8,7,8]},"faces":{"north":{"uv":[4.127,6.3145,4.248,6.8105],"texture":"#0"},"east":{"uv":[1.502,5.252,1.748,5.748],"texture":"#0"},"south":{"uv":[4.3145,6.3145,4.4355,6.8105],"texture":"#0"},"west":{"uv":[5.002,5.252,5.248,5.748],"texture":"#0"},"up":{"uv":[5.5605,6.998,5.4395,6.752],"texture":"#0"},"down":{"uv":[6.873,5.5645,6.752,5.8105],"texture":"#0"}}},{"from":[7,15.63388,6.33132],"to":[9,17.63388,8.33132],"rotation":{"angle":0,"axis":"y","origin":[8,7,8]},"faces":{"north":{"uv":[7.002,2.5645,7.123,2.6855],"texture":"#0"},"east":{"uv":[7.002,2.752,7.123,2.873],"texture":"#0"},"south":{"uv":[2.8145,7.002,2.9355,7.123],"texture":"#0"},"west":{"uv":[7.002,2.9395,7.123,3.0605],"texture":"#0"},"up":{"uv":[3.123,7.123,3.002,7.002],"texture":"#0"},"down":{"uv":[3.3105,7.002,3.1895,7.123],"texture":"#0"}}},{"from":[7,24.63388,8.83132],"to":[9,28.63388,10.83132],"rotation":{"angle":0,"axis":"y","origin":[8,7,8]},"faces":{"north":{"uv":[6.002,6.752,6.123,6.998],"texture":"#0"},"east":{"uv":[6.8145,0.1895,6.9355,0.4355],"texture":"#0"},"south":{"uv":[6.8145,0.502,6.9355,0.748],"texture":"#0"},"west":{"uv":[6.8145,2.627,6.9355,2.873],"texture":"#0"},"up":{"uv":[7.123,3.5605,7.002,3.4395],"texture":"#0"},"down":{"uv":[3.9355,7.002,3.8145,7.123],"texture":"#0"}}},{"from":[7,18.25034,16.17892],"to":[9,21.25034,21.17892],"rotation":{"angle":-22.5,"axis":"x","origin":[8,7,8]},"faces":{"north":{"uv":[6.5645,6.877,6.6855,7.0605],"texture":"#0"},"east":{"uv":[4.002,1.8145,4.3105,1.998],"texture":"#0"},"south":{"uv":[1.252,6.9395,1.373,7.123],"texture":"#0"},"west":{"uv":[6.3145,6.127,6.623,6.3105],"texture":"#0"},"up":{"uv":[4.8105,6.9355,4.6895,6.627],"texture":"#0"},"down":{"uv":[4.998,6.627,4.877,6.9355],"texture":"#0"}}},{"from":[7.5,13.19313,24.24538],"to":[8.5,15.19313,29.24538],"rotation":{"angle":-45,"axis":"x","origin":[8,7,8]},"faces":{"north":{"uv":[4.002,7.127,4.0605,7.248],"texture":"#0"},"east":{"uv":[6.627,5.1895,6.9355,5.3105],"texture":"#0"},"south":{"uv":[4.127,7.127,4.1855,7.248],"texture":"#0"},"west":{"uv":[6.627,5.377,6.9355,5.498],"texture":"#0"},"up":{"uv":[3.623,0.3105,3.5645,0.002],"texture":"#0"},"down":{"uv":[4.9355,5.3145,4.877,5.623],"texture":"#0"}}},{"from":[5.5,-12.36612,7.33132],"to":[10.5,-9.36612,12.33132],"rotation":{"angle":0,"axis":"y","origin":[8,7,8]},"faces":{"north":{"uv":[6.377,3.0645,6.6855,3.248],"texture":"#0"},"east":{"uv":[6.377,3.3145,6.6855,3.498],"texture":"#0"},"south":{"uv":[4.502,6.377,4.8105,6.5605],"texture":"#0"},"west":{"uv":[4.877,6.377,5.1855,6.5605],"texture":"#0"},"up":{"uv":[1.748,6.123,1.4395,5.8145],"texture":"#0"},"down":{"uv":[5.1855,5.8145,4.877,6.123],"texture":"#0"}}},{"from":[6.5,-11.42819,-4.83831],"to":[9.5,-7.42819,-1.83831],"rotation":{"angle":-45,"axis":"x","origin":[8,7,8]},"faces":{"north":{"uv":[6.5645,2.6895,6.748,2.9355],"texture":"#0"},"east":{"uv":[6.5645,3.5645,6.748,3.8105],"texture":"#0"},"south":{"uv":[6.3145,6.5645,6.498,6.8105],"texture":"#0"},"west":{"uv":[6.5645,6.5645,6.748,6.8105],"texture":"#0"},"up":{"uv":[6.9355,3.1855,6.752,3.002],"texture":"#0"},"down":{"uv":[3.373,6.752,3.1895,6.9355],"texture":"#0"}}},{"from":[5.5,12.63388,7.33132],"to":[10.5,14.63388,12.33132],"rotation":{"angle":0,"axis":"y","origin":[8,7,8]},"faces":{"north":{"uv":[6.6895,4.252,6.998,4.373],"texture":"#0"},"east":{"uv":[6.6895,4.4395,6.998,4.5605],"texture":"#0"},"south":{"uv":[6.6895,4.627,6.998,4.748],"texture":"#0"},"west":{"uv":[6.6895,4.8145,6.998,4.9355],"texture":"#0"},"up":{"uv":[1.248,6.1855,0.9395,5.877],"texture":"#0"},"down":{"uv":[6.248,0.377,5.9395,0.6855],"texture":"#0"}}},{"from":[7.5,9.65759,20.70985],"to":[8.5,11.65759,25.70985],"rotation":{"angle":-45,"axis":"x","origin":[8,7,8]},"faces":{"north":{"uv":[4.002,7.127,4.0605,7.248],"texture":"#0"},"east":{"uv":[6.627,5.1895,6.9355,5.3105],"texture":"#0"},"south":{"uv":[4.127,7.127,4.1855,7.248],"texture":"#0"},"west":{"uv":[6.627,5.377,6.9355,5.498],"texture":"#0"},"up":{"uv":[3.623,0.3105,3.5645,0.002],"texture":"#0"},"down":{"uv":[4.9355,5.3145,4.877,5.623],"texture":"#0"}}},{"from":[7,13.63094,14.26551],"to":[9,16.63094,19.26551],"rotation":{"angle":-22.5,"axis":"x","origin":[8,7,8]},"faces":{"north":{"uv":[6.5645,6.877,6.6855,7.0605],"texture":"#0"},"east":{"uv":[4.002,1.8145,4.3105,1.998],"texture":"#0"},"south":{"uv":[1.252,6.9395,1.373,7.123],"texture":"#0"},"west":{"uv":[6.3145,6.127,6.623,6.3105],"texture":"#0"},"up":{"uv":[4.8105,6.9355,4.6895,6.627],"texture":"#0"},"down":{"uv":[4.998,6.627,4.877,6.9355],"texture":"#0"}}}],"gui_light":"front","display":{"thirdperson_righthand":{"translation":[0,0.25,0.5],"scale":[0.7,0.7,0.7]},"thirdperson_lefthand":{"translation":[0,0.25,0.5],"scale":[0.7,0.7,0.7]},"firstperson_righthand":{"translation":[0.25,3.5,0.5],"scale":[0.7,0.7,0.7]},"firstperson_lefthand":{"translation":[0.25,3.5,0.5],"scale":[0.7,0.7,0.7]},"ground":{"rotation":[0,0,90],"scale":[0.7,0.7,0.7]},"gui":{"rotation":[-90,-45,-90],"translation":[0,-1,0],"scale":[0.4,0.4,0.4]},"fixed":{"rotation":[-90,45,90],"translation":[0,-1,0],"scale":[0.5,0.5,0.5]}},"groups":[{"name":"axe","origin":[8,9.97031,8.87963],"color":0,"boneType":"","children":[0,1,2,3,4,5,6,7,8,9,10,11,12,13,14,15]}]}