{"credit":"Made by samus2002","textures":{"0":"orc_texture/orc_minion","particle":"orc_texture/orc_minion"},"elements":[{"from":[6.5,-9.5,6.5],"to":[9.5,-0.5,9.5],"rotation":{"angle":0,"axis":"y","origin":[8,8,8]},"faces":{"north":{"uv":[0.004,7.129,0.371,8.246],"rotation":180,"texture":"#0"},"east":{"uv":[7.129,7.004,7.496,8.121],"rotation":180,"texture":"#0"},"south":{"uv":[7.129,5.754,7.496,6.871],"rotation":180,"texture":"#0"},"west":{"uv":[0.504,7.129,0.871,8.246],"rotation":180,"texture":"#0"},"up":{"uv":[9.621,7.254,9.254,7.621],"rotation":180,"texture":"#0"},"down":{"uv":[4.121,9.621,3.754,9.254],"rotation":180,"texture":"#0"}}},{"from":[5.5,-0.5,5.5],"to":[10.5,18.5,10.5],"rotation":{"angle":0,"axis":"y","origin":[8,8,8]},"faces":{"north":{"uv":[0.004,0.004,0.621,2.371],"texture":"#0"},"east":{"uv":[2.254,2.371,2.871,0.004],"rotation":180,"texture":"#0"},"south":{"uv":[1.504,0.004,2.121,2.371],"texture":"#0"},"west":{"uv":[2.254,0.004,2.871,2.371],"texture":"#0"},"up":{"uv":[1.621,7.871,1.004,7.254],"texture":"#0"},"down":{"uv":[5.496,7.254,4.879,7.871],"texture":"#0"}}},{"from":[9,0.5,10.5],"to":[9,5.5,15.5],"rotation":{"angle":0,"axis":"y","origin":[8,8,8]},"faces":{"north":{"uv":[9.879,9.754,9.879,10.371],"texture":"#0"},"east":{"uv":[7.754,0.754,8.371,1.371],"texture":"#0"},"south":{"uv":[0.004,10.004,0.004,10.621],"texture":"#0"},"west":{"uv":[8.371,0.754,7.754,1.371],"texture":"#0"},"up":{"uv":[10.004,0.621,10.004,0.004],"texture":"#0"},"down":{"uv":[0.129,10.004,0.129,10.621],"texture":"#0"}}},{"from":[8,8.5,9.5],"to":[8,13.5,14.5],"rotation":{"angle":0,"axis":"y","origin":[8,8,8]},"faces":{"north":{"uv":[8.379,9.879,8.379,10.496],"texture":"#0"},"east":{"uv":[10.629,3.629,11.246,4.246],"texture":"#0"},"south":{"uv":[8.504,9.879,8.504,10.496],"texture":"#0"},"west":{"uv":[10.629,4.246,11.246,3.629],"rotation":180,"texture":"#0"},"up":{"uv":[9.879,9.121,9.879,8.504],"texture":"#0"},"down":{"uv":[8.629,9.879,8.629,10.496],"texture":"#0"}}},{"from":[9.5,4.5,7],"to":[14.5,9.5,7],"rotation":{"angle":0,"axis":"y","origin":[8,8,8]},"faces":{"north":{"uv":[11.246,2.496,10.629,1.879],"rotation":180,"texture":"#0"},"east":{"uv":[7.754,9.879,7.754,10.496],"texture":"#0"},"south":{"uv":[11.246,1.879,10.629,2.496],"texture":"#0"},"west":{"uv":[9.879,7.754,9.879,8.371],"texture":"#0"},"up":{"uv":[10.496,3.879,9.879,3.879],"texture":"#0"},"down":{"uv":[10.496,4.004,9.879,4.004],"texture":"#0"}}},{"from":[10.5,13.5,9],"to":[15.5,18.5,9],"rotation":{"angle":0,"axis":"y","origin":[8,8,8]},"faces":{"north":{"uv":[10.996,1.621,10.379,1.004],"rotation":180,"texture":"#0"},"east":{"uv":[7.879,9.879,7.879,10.496],"texture":"#0"},"south":{"uv":[10.996,1.004,10.379,1.621],"texture":"#0"},"west":{"uv":[8.004,9.879,8.004,10.496],"texture":"#0"},"up":{"uv":[10.496,4.129,9.879,4.129],"texture":"#0"},"down":{"uv":[10.496,4.629,9.879,4.629],"texture":"#0"}}},{"from":[8,18.5,5.5],"to":[8,23.5,10.5],"rotation":{"angle":0,"axis":"y","origin":[8,8,8]},"faces":{"north":{"uv":[0.379,10.004,0.379,10.621],"texture":"#0"},"east":{"uv":[11.371,5.371,10.754,4.754],"rotation":270,"texture":"#0"},"south":{"uv":[0.254,10.004,0.254,10.621],"texture":"#0"},"west":{"uv":[10.754,5.371,11.371,4.754],"rotation":90,"texture":"#0"},"up":{"uv":[0.504,10.621,0.504,10.004],"rotation":180,"texture":"#0"},"down":{"uv":[0.629,10.004,0.629,10.621],"rotation":180,"texture":"#0"}}},{"from":[8.75,3.5,0.5],"to":[8.75,8.5,5.5],"rotation":{"angle":0,"axis":"y","origin":[8,8,8]},"faces":{"north":{"uv":[6.254,9.879,6.254,10.496],"texture":"#0"},"east":{"uv":[8.371,0.754,7.754,1.371],"texture":"#0"},"south":{"uv":[6.379,9.879,6.379,10.496],"texture":"#0"},"west":{"uv":[7.754,0.754,8.371,1.371],"texture":"#0"},"up":{"uv":[6.504,10.496,6.504,9.879],"texture":"#0"},"down":{"uv":[6.629,9.879,6.629,10.496],"texture":"#0"}}},{"from":[7,10.5,1.5],"to":[7,15.5,6.5],"rotation":{"angle":0,"axis":"y","origin":[8,8,8]},"faces":{"north":{"uv":[7.254,9.879,7.254,10.496],"texture":"#0"},"east":{"uv":[8.371,0.754,7.754,1.371],"texture":"#0"},"south":{"uv":[7.379,9.879,7.379,10.496],"texture":"#0"},"west":{"uv":[7.754,0.754,8.371,1.371],"texture":"#0"},"up":{"uv":[7.504,10.496,7.504,9.879],"texture":"#0"},"down":{"uv":[7.629,9.879,7.629,10.496],"texture":"#0"}}},{"from":[0.5,7.5,8],"to":[5.5,12.5,8],"rotation":{"angle":0,"axis":"y","origin":[8,8,8]},"faces":{"north":{"uv":[10.504,3.371,11.121,2.754],"rotation":180,"texture":"#0"},"east":{"uv":[8.129,9.879,8.129,10.496],"texture":"#0"},"south":{"uv":[10.504,2.754,11.121,3.371],"texture":"#0"},"west":{"uv":[8.254,9.879,8.254,10.496],"texture":"#0"},"up":{"uv":[10.496,4.754,9.879,4.754],"texture":"#0"},"down":{"uv":[10.496,4.879,9.879,4.879],"texture":"#0"}}}],"gui_light":"front","display":{"thirdperson_righthand":{"translation":[0,9,1.75],"scale":[0.9,0.9,0.9]},"thirdperson_lefthand":{"translation":[0,9,1.75],"scale":[0.9,0.9,0.9]},"firstperson_righthand":{"translation":[1.5,9,0],"scale":[0.9,0.9,0.9]},"firstperson_lefthand":{"translation":[1.5,9,0],"scale":[0.9,0.9,0.9]},"ground":{"rotation":[0,0,90],"scale":[0.9,0.9,0.9]},"gui":{"rotation":[-90,-45,-90],"translation":[1.25,1,0],"scale":[0.6,0.6,0.6]},"fixed":{"rotation":[-90,45,90],"translation":[-1.25,1.25,0],"scale":[0.7,0.7,0.7]}},"groups":[{"name":"weapon","origin":[8.475,8,2.9],"color":0,"boneType":"","children":[0,1,2,3,4,5,6,7,8,9]}]}