{"credit":"Made by samus2002","textures":{"1":"orc_texture/orc_crossbow"},"elements":[{"from":[6.5,6.8675,-0.98648],"to":[9.5,9.8675,10.01352],"rotation":{"angle":0,"axis":"y","origin":[8,8,8]},"faces":{"north":{"uv":[3.258,5.375,3.625,5.742],"texture":"#1"},"east":{"uv":[0.008,0.008,1.375,0.375],"texture":"#1"},"south":{"uv":[5.375,5.375,5.742,5.742],"texture":"#1"},"west":{"uv":[0.008,0.508,1.375,0.875],"texture":"#1"},"up":{"uv":[0.375,2.375,0.008,1.008],"texture":"#1"},"down":{"uv":[0.875,1.008,0.508,2.375],"texture":"#1"}}},{"from":[5.17947,9.32053,-6.98648],"to":[8.17947,9.32053,-2.98648],"rotation":{"angle":-45,"axis":"z","origin":[8,8,8]},"faces":{"north":{"uv":[1.758,4.508,2.125,4.508],"texture":"#1"},"east":{"uv":[5.375,1.625,5.875,1.625],"texture":"#1"},"south":{"uv":[2.258,4.508,2.625,4.508],"texture":"#1"},"west":{"uv":[6.258,1.008,6.742,1.008],"texture":"#1"},"up":{"uv":[4.742,5.375,4.375,4.875],"texture":"#1"},"down":{"uv":[4.742,4.875,4.375,5.375],"texture":"#1"}}},{"from":[7.82053,9.32053,-6.98648],"to":[10.82053,9.32053,-2.98648],"rotation":{"angle":45,"axis":"z","origin":[8,8,8]},"faces":{"north":{"uv":[2.125,4.508,1.758,4.508],"texture":"#1"},"east":{"uv":[6.742,1.008,6.258,1.008],"texture":"#1"},"south":{"uv":[2.625,4.508,2.258,4.508],"texture":"#1"},"west":{"uv":[5.875,1.625,5.375,1.625],"texture":"#1"},"up":{"uv":[4.375,5.375,4.742,4.875],"texture":"#1"},"down":{"uv":[4.375,4.875,4.742,5.375],"texture":"#1"}}},{"from":[7.5,9.3675,-4.98648],"to":[8.5,10.3675,15.01352],"rotation":{"angle":0,"axis":"y","origin":[8,8,8]},"faces":{"north":{"uv":[0.758,2.508,0.875,2.625],"texture":"#1"},"east":{"uv":[2.875,0.758,5.375,0.875],"texture":"#1"},"south":{"uv":[0.508,3.258,0.625,3.375],"texture":"#1"},"west":{"uv":[3.125,1.008,5.625,1.125],"texture":"#1"},"up":{"uv":[0.125,5.742,0.008,3.258],"texture":"#1"},"down":{"uv":[0.375,3.258,0.258,5.742],"texture":"#1"}}},{"from":[6.67947,7.82053,14.01352],"to":[6.67947,10.82053,18.01352],"rotation":{"angle":-45,"axis":"z","origin":[8,8,8]},"faces":{"north":{"uv":[2.375,6.375,2.375,6.742],"texture":"#1"},"east":{"uv":[5.492,3.375,5.008,3.742],"texture":"#1"},"south":{"uv":[2.508,6.375,2.508,6.742],"texture":"#1"},"west":{"uv":[5.008,3.375,5.492,3.742],"texture":"#1"},"up":{"uv":[2.625,6.875,2.625,6.375],"texture":"#1"},"down":{"uv":[2.758,6.375,2.758,6.875],"texture":"#1"}}},{"from":[9.32053,7.82053,14.01352],"to":[9.32053,10.82053,18.01352],"rotation":{"angle":45,"axis":"z","origin":[8,8,8]},"faces":{"north":{"uv":[2.375,6.375,2.375,6.742],"texture":"#1"},"east":{"uv":[5.492,3.375,5.008,3.742],"texture":"#1"},"south":{"uv":[2.508,6.375,2.508,6.742],"texture":"#1"},"west":{"uv":[5.008,3.375,5.492,3.742],"texture":"#1"},"up":{"uv":[2.625,6.875,2.625,6.375],"texture":"#1"},"down":{"uv":[2.758,6.375,2.758,6.875],"texture":"#1"}}},{"from":[5.525,7.04965,-0.66619],"to":[10.475,10.04965,4.33381],"rotation":{"angle":22.5,"axis":"x","origin":[8,8,8]},"faces":{"north":{"uv":[4.258,3.875,4.875,4.242],"texture":"#1"},"east":{"uv":[3.508,4.375,4.125,4.742],"texture":"#1"},"south":{"uv":[4.258,4.375,4.875,4.742],"texture":"#1"},"west":{"uv":[0.508,4.508,1.125,4.875],"texture":"#1"},"up":{"uv":[1.625,2.625,1.008,2.008],"texture":"#1"},"down":{"uv":[2.375,2.008,1.758,2.625],"texture":"#1"}}},{"from":[5.5,11.29074,0.63674],"to":[10.5,13.29074,5.63674],"rotation":{"angle":-45,"axis":"x","origin":[8,8,8]},"faces":{"north":{"uv":[5.008,3.875,5.625,4.125],"texture":"#1"},"east":{"uv":[5.008,4.258,5.625,4.492],"texture":"#1"},"south":{"uv":[5.258,1.758,5.875,1.992],"texture":"#1"},"west":{"uv":[5.258,2.125,5.875,2.375],"texture":"#1"},"up":{"uv":[2.992,1.625,2.375,1.008],"texture":"#1"},"down":{"uv":[0.625,2.508,0.008,3.125],"texture":"#1"}}},{"from":[6.5,4.57222,-1.80424],"to":[9.5,6.57222,1.19576],"rotation":{"angle":0,"axis":"y","origin":[8,8,8]},"faces":{"north":{"uv":[1.508,6.008,1.875,6.242],"texture":"#1"},"east":{"uv":[6.008,1.625,6.375,1.875],"texture":"#1"},"south":{"uv":[2.008,6.008,2.375,6.242],"texture":"#1"},"west":{"uv":[6.008,2.008,6.375,2.242],"texture":"#1"},"up":{"uv":[5.992,3.742,5.625,3.375],"texture":"#1"},"down":{"uv":[6.125,0.758,5.758,1.125],"texture":"#1"}}},{"from":[6.499,6.57222,-1.80424],"to":[9.499,8.57222,-1.80424],"rotation":{"angle":0,"axis":"y","origin":[8,8,8]},"faces":{"north":{"uv":[3.625,6.008,3.992,6.242],"texture":"#1"},"east":{"uv":[5.508,6.258,5.508,6.492],"texture":"#1"},"south":{"uv":[3.992,6.008,3.625,6.242],"texture":"#1"},"west":{"uv":[5.625,6.258,5.625,6.492],"texture":"#1"},"up":{"uv":[4.742,2.758,4.375,2.758],"texture":"#1"},"down":{"uv":[1.625,4.508,1.258,4.508],"texture":"#1"}}},{"from":[9.499,6.57222,-1.80424],"to":[9.499,8.57222,-0.80424],"rotation":{"angle":0,"axis":"y","origin":[8,8,8]},"faces":{"north":{"uv":[0.008,6.258,0.008,6.492],"texture":"#1"},"east":{"uv":[3.008,5.508,3.125,5.742],"texture":"#1"},"south":{"uv":[0.125,6.258,0.125,6.492],"texture":"#1"},"west":{"uv":[3.125,5.508,3.008,5.742],"texture":"#1"},"up":{"uv":[1.875,3.625,1.875,3.508],"texture":"#1"},"down":{"uv":[2.008,3.508,2.008,3.625],"texture":"#1"}}},{"from":[6.5,13.57724,-0.6786],"to":[9.5,15.57724,3.3214],"rotation":{"angle":-22.5,"axis":"x","origin":[8,8,8]},"faces":{"north":{"uv":[0.008,5.875,0.375,6.125],"texture":"#1"},"east":{"uv":[5.758,3.875,6.242,4.125],"texture":"#1"},"south":{"uv":[1.008,6.008,1.375,6.242],"texture":"#1"},"west":{"uv":[5.758,4.258,6.242,4.492],"texture":"#1"},"up":{"uv":[2.625,5.375,2.258,4.875],"texture":"#1"},"down":{"uv":[3.125,4.875,2.758,5.375],"texture":"#1"}}},{"from":[6.499,11.57724,-0.6786],"to":[9.499,13.57724,-0.6786],"rotation":{"angle":-22.5,"axis":"x","origin":[8,8,8]},"faces":{"north":{"uv":[6.008,2.375,6.375,2.625],"texture":"#1"},"east":{"uv":[5.258,6.258,5.258,6.492],"texture":"#1"},"south":{"uv":[6.375,2.375,6.008,2.625],"texture":"#1"},"west":{"uv":[5.375,6.258,5.375,6.492],"texture":"#1"},"up":{"uv":[4.242,2.758,3.875,2.758],"texture":"#1"},"down":{"uv":[0.875,4.375,0.508,4.375],"texture":"#1"}}},{"from":[9.499,11.57724,-0.6786],"to":[9.499,13.57724,3.3214],"rotation":{"angle":-22.5,"axis":"x","origin":[8,8,8]},"faces":{"north":{"uv":[3.125,6.258,3.125,6.492],"texture":"#1"},"east":{"uv":[5.875,5.375,6.375,5.625],"texture":"#1"},"south":{"uv":[3.258,6.258,3.258,6.492],"texture":"#1"},"west":{"uv":[6.375,5.375,5.875,5.625],"texture":"#1"},"up":{"uv":[3.375,6.742,3.375,6.258],"texture":"#1"},"down":{"uv":[3.508,6.258,3.508,6.742],"texture":"#1"}}},{"from":[6.501,6.57222,-1.80424],"to":[6.501,8.57222,-0.80424],"rotation":{"angle":0,"axis":"y","origin":[8,8,8]},"faces":{"north":{"uv":[0.008,6.258,0.008,6.492],"texture":"#1"},"east":{"uv":[3.008,5.508,3.125,5.742],"texture":"#1"},"south":{"uv":[0.125,6.258,0.125,6.492],"texture":"#1"},"west":{"uv":[3.125,5.508,3.008,5.742],"texture":"#1"},"up":{"uv":[1.875,3.625,1.875,3.508],"texture":"#1"},"down":{"uv":[2.008,3.508,2.008,3.625],"texture":"#1"}}},{"from":[6.501,11.57724,-0.6786],"to":[6.501,13.57724,3.3214],"rotation":{"angle":-22.5,"axis":"x","origin":[8,8,8]},"faces":{"north":{"uv":[3.125,6.258,3.125,6.492],"texture":"#1"},"east":{"uv":[5.875,5.375,6.375,5.625],"texture":"#1"},"south":{"uv":[3.258,6.258,3.258,6.492],"texture":"#1"},"west":{"uv":[6.375,5.375,5.875,5.625],"texture":"#1"},"up":{"uv":[3.375,6.742,3.375,6.258],"texture":"#1"},"down":{"uv":[3.508,6.258,3.508,6.742],"texture":"#1"}}},{"from":[1.5,6.8675,-0.98648],"to":[6.5,9.8675,2.01352],"rotation":{"angle":0,"axis":"y","origin":[8,8,8]},"faces":{"north":{"uv":[3.875,1.758,4.492,2.125],"texture":"#1"},"east":{"uv":[4.758,5.508,5.125,5.875],"texture":"#1"},"south":{"uv":[3.875,2.258,4.492,2.625],"texture":"#1"},"west":{"uv":[5.625,0.008,5.992,0.375],"texture":"#1"},"up":{"uv":[4.125,4.242,3.508,3.875],"texture":"#1"},"down":{"uv":[1.625,4.008,1.008,4.375],"texture":"#1"}}},{"from":[-2.96363,9.3675,5.45717],"to":[10.03637,9.3675,6.45717],"rotation":{"angle":-22.5,"axis":"y","origin":[-3.71363,9.3675,5.95717]},"faces":{"north":{"uv":[6.375,4.258,8.242,4.258],"texture":"#1"},"east":{"uv":[2.125,2.758,2.242,2.758],"texture":"#1"},"south":{"uv":[6.375,4.375,8.242,4.375],"texture":"#1"},"west":{"uv":[3.258,4.625,3.375,4.625],"texture":"#1"},"up":{"uv":[6.125,0.625,4.508,0.508],"texture":"#1"},"down":{"uv":[6.125,0.508,4.258,0.625],"texture":"#1"}}},{"from":[5.96363,9.3675,5.45717],"to":[18.96363,9.3675,6.45717],"rotation":{"angle":22.5,"axis":"y","origin":[19.71363,9.3675,5.95717]},"faces":{"north":{"uv":[8.242,4.258,6.375,4.258],"texture":"#1"},"east":{"uv":[3.375,4.625,3.258,4.625],"texture":"#1"},"south":{"uv":[8.242,4.375,6.375,4.375],"texture":"#1"},"west":{"uv":[2.242,2.758,2.125,2.758],"texture":"#1"},"up":{"uv":[4.508,0.625,6.125,0.508],"texture":"#1"},"down":{"uv":[4.258,0.508,6.125,0.625],"texture":"#1"}}},{"from":[-0.2418,7.8675,-2.95059],"to":[9.7582,9.8425,-0.95059],"rotation":{"angle":45,"axis":"y","origin":[8,8,8]},"faces":{"north":{"uv":[2.508,1.758,3.742,1.992],"texture":"#1"},"east":{"uv":[6.125,0.008,6.375,0.242],"texture":"#1"},"south":{"uv":[2.508,2.125,3.742,2.375],"texture":"#1"},"west":{"uv":[6.125,1.258,6.375,1.492],"texture":"#1"},"up":{"uv":[3.742,2.742,2.508,2.508],"texture":"#1"},"down":{"uv":[1.992,2.758,0.758,2.992],"texture":"#1"}}},{"from":[-0.2418,8.8675,-5.95059],"to":[9.7582,8.8675,-2.95059],"rotation":{"angle":45,"axis":"y","origin":[8,8,8]},"faces":{"north":{"uv":[6.375,3.508,7.625,3.508],"texture":"#1"},"east":{"uv":[3.625,6.375,3.992,6.375],"texture":"#1"},"south":{"uv":[6.375,3.625,7.625,3.625],"texture":"#1"},"west":{"uv":[6.375,3.758,6.742,3.758],"texture":"#1"},"up":{"uv":[2.242,1.375,1.008,1.008],"texture":"#1"},"down":{"uv":[2.242,1.008,1.008,1.375],"texture":"#1"}}},{"from":[6.2418,8.8675,-5.95059],"to":[16.2418,8.8675,-2.95059],"rotation":{"angle":-45,"axis":"y","origin":[8,8,8]},"faces":{"north":{"uv":[7.625,3.508,6.375,3.508],"texture":"#1"},"east":{"uv":[6.742,3.758,6.375,3.758],"texture":"#1"},"south":{"uv":[7.625,3.625,6.375,3.625],"texture":"#1"},"west":{"uv":[3.992,6.375,3.625,6.375],"texture":"#1"},"up":{"uv":[1.008,1.375,2.242,1.008],"texture":"#1"},"down":{"uv":[1.008,1.008,2.242,1.375],"texture":"#1"}}},{"from":[6.2418,7.8675,-2.95059],"to":[16.2418,9.8425,-0.95059],"rotation":{"angle":-45,"axis":"y","origin":[8,8,8]},"faces":{"north":{"uv":[2.875,0.008,4.125,0.242],"texture":"#1"},"east":{"uv":[6.125,2.758,6.375,2.992],"texture":"#1"},"south":{"uv":[2.875,0.375,4.125,0.625],"texture":"#1"},"west":{"uv":[6.125,3.125,6.375,3.375],"texture":"#1"},"up":{"uv":[3.375,3.125,2.125,2.875],"texture":"#1"},"down":{"uv":[1.992,3.125,0.758,3.375],"texture":"#1"}}},{"from":[9.5,6.8675,-0.98648],"to":[14.5,9.8675,2.01352],"rotation":{"angle":0,"axis":"y","origin":[8,8,8]},"faces":{"north":{"uv":[4.008,1.258,4.625,1.625],"texture":"#1"},"east":{"uv":[0.508,5.625,0.875,5.992],"texture":"#1"},"south":{"uv":[2.758,4.125,3.375,4.492],"texture":"#1"},"west":{"uv":[5.625,2.875,5.992,3.242],"texture":"#1"},"up":{"uv":[4.875,0.375,4.258,0.008],"texture":"#1"},"down":{"uv":[4.875,3.375,4.258,3.742],"texture":"#1"}}},{"from":[6.5,5.8675,10.01352],"to":[9.5,8.8675,16.01352],"rotation":{"angle":0,"axis":"y","origin":[8,8,8]},"faces":{"north":{"uv":[1.008,5.508,1.375,5.875],"texture":"#1"},"east":{"uv":[3.125,1.258,3.875,1.625],"texture":"#1"},"south":{"uv":[1.508,5.508,1.875,5.875],"texture":"#1"},"west":{"uv":[2.125,3.258,2.875,3.625],"texture":"#1"},"up":{"uv":[3.375,3.992,3.008,3.258],"texture":"#1"},"down":{"uv":[0.875,3.508,0.508,4.242],"texture":"#1"}}},{"from":[6.5,8.8675,10.01352],"to":[7.5,10.8675,15.01352],"rotation":{"angle":0,"axis":"y","origin":[8,8,8]},"faces":{"north":{"uv":[6.125,4.625,6.242,4.875],"texture":"#1"},"east":{"uv":[5.258,2.508,5.875,2.742],"texture":"#1"},"south":{"uv":[6.125,5.008,6.242,5.242],"texture":"#1"},"west":{"uv":[5.375,1.258,5.992,1.492],"texture":"#1"},"up":{"uv":[4.742,6.625,4.625,6.008],"texture":"#1"},"down":{"uv":[4.992,6.008,4.875,6.625],"texture":"#1"}}},{"from":[8.5,8.8675,10.01352],"to":[9.5,10.8675,15.01352],"rotation":{"angle":0,"axis":"y","origin":[8,8,8]},"faces":{"north":{"uv":[5.875,6.125,5.992,6.375],"texture":"#1"},"east":{"uv":[5.375,4.625,5.992,4.875],"texture":"#1"},"south":{"uv":[6.125,6.125,6.242,6.375],"texture":"#1"},"west":{"uv":[5.375,5.008,5.992,5.242],"texture":"#1"},"up":{"uv":[0.625,6.742,0.508,6.125],"texture":"#1"},"down":{"uv":[0.875,6.125,0.758,6.742],"texture":"#1"}}},{"from":[6.5125,8.86811,15.07155],"to":[9.4875,11.86811,20.07155],"rotation":{"angle":22.5,"axis":"x","origin":[8,8,8]},"faces":{"north":{"uv":[2.008,5.508,2.375,5.875],"texture":"#1"},"east":{"uv":[1.008,3.508,1.625,3.875],"texture":"#1"},"south":{"uv":[2.508,5.508,2.875,5.875],"texture":"#1"},"west":{"uv":[3.508,3.375,4.125,3.742],"texture":"#1"},"up":{"uv":[2.125,4.375,1.758,3.758],"texture":"#1"},"down":{"uv":[2.625,3.758,2.258,4.375],"texture":"#1"}}},{"from":[6.5,13.19325,17.6724],"to":[9.5,16.19325,21.6724],"rotation":{"angle":45,"axis":"x","origin":[8,8,8]},"faces":{"north":{"uv":[3.758,5.508,4.125,5.875],"texture":"#1"},"east":{"uv":[4.625,1.758,5.125,2.125],"texture":"#1"},"south":{"uv":[4.258,5.508,4.625,5.875],"texture":"#1"},"west":{"uv":[4.625,2.258,5.125,2.625],"texture":"#1"},"up":{"uv":[1.625,5.375,1.258,4.875],"texture":"#1"},"down":{"uv":[2.125,4.875,1.758,5.375],"texture":"#1"}}}],"gui_light":"front","display":{"thirdperson_righthand":{"translation":[0,1,-3.5],"scale":[0.8,0.8,0.8]},"thirdperson_lefthand":{"translation":[0,1,-3.5],"scale":[0.8,0.8,0.8]},"firstperson_righthand":{"rotation":[5,5,0],"translation":[-2.25,-0.75,-0.75],"scale":[0.8,0.8,0.8]},"firstperson_lefthand":{"rotation":[5,5,0],"translation":[-2.25,-0.75,-0.75],"scale":[0.8,0.8,0.8]},"ground":{"scale":[0.8,0.8,0.8]},"gui":{"rotation":[-90,135,180],"translation":[0.25,-0.25,0],"scale":[0.55,0.55,0.55]},"fixed":{"rotation":[-90,-135,0],"translation":[-1.5,-1.5,0],"scale":[0.7,0.7,0.7]}},"groups":[{"name":"crossbow","origin":[7.98774,5.73286,17.79878],"rotation":[-97.78217,1.15408,-27.47766],"color":0,"boneType":"","children":[0,{"name":"group","origin":[8,8,8],"color":0,"boneType":"","children":[1,2,3,4,5]},6,7,8,9,10,11,12,13,14,15,16,17,18,19,20,21,22,23,24,25,26,27,28]}]}