{
	"credit": "Made with Blockbench",
	"textures": {
		"4": "ttp/i/c/a/shizukamasktexture"
	},
	"elements": [
		{
			"from": [0.5, -3.5, -0.5],
			"to": [15.5, -2.5, 1],
			"faces": {
				"north": {"uv": [15, 15, 16, 16], "texture": "#4"},
				"east": {"uv": [15, 15, 16, 16], "texture": "#4"},
				"west": {"uv": [15, 15, 16, 16], "texture": "#4"},
				"down": {"uv": [15, 15, 16, 16], "texture": "#4"}
			}
		},
		{
			"from": [1.5, -4, -0.5],
			"to": [14.5, -3.5, 1],
			"faces": {
				"north": {"uv": [15, 15, 16, 16], "texture": "#4"},
				"east": {"uv": [15, 15, 16, 16], "texture": "#4"},
				"west": {"uv": [15, 15, 16, 16], "texture": "#4"},
				"down": {"uv": [15, 15, 16, 16], "texture": "#4"}
			}
		},
		{
			"from": [3, -4.5, -0.5],
			"to": [13, -4, 1],
			"faces": {
				"north": {"uv": [15, 15, 16, 16], "texture": "#4"},
				"east": {"uv": [15, 15, 16, 16], "texture": "#4"},
				"west": {"uv": [15, 15, 16, 16], "texture": "#4"},
				"down": {"uv": [15, 15, 16, 16], "texture": "#4"}
			}
		},
		{
			"from": [0, -2.5, -0.5],
			"to": [16, 2.5, 1],
			"faces": {
				"north": {"uv": [15, 15, 16, 16], "texture": "#4"},
				"east": {"uv": [15, 15, 16, 16], "texture": "#4"},
				"west": {"uv": [15, 15, 16, 16], "texture": "#4"},
				"up": {"uv": [15, 15, 16, 16], "texture": "#4"},
				"down": {"uv": [15, 15, 16, 16], "texture": "#4"}
			}
		},
		{
			"from": [0, 6.5, -0.5],
			"to": [16, 10.5, 1],
			"faces": {
				"north": {"uv": [15, 15, 16, 16], "texture": "#4"},
				"east": {"uv": [15, 15, 16, 16], "texture": "#4"},
				"west": {"uv": [15, 15, 16, 16], "texture": "#4"},
				"up": {"uv": [15, 15, 16, 16], "texture": "#4"},
				"down": {"uv": [15, 15, 16, 16], "texture": "#4"}
			}
		},
		{
			"from": [7, 2.5, -0.5],
			"to": [9, 10.5, 1],
			"faces": {
				"north": {"uv": [15, 15, 16, 16], "texture": "#4"},
				"east": {"uv": [15, 15, 16, 16], "texture": "#4"},
				"west": {"uv": [15, 15, 16, 16], "texture": "#4"}
			}
		},
		{
			"from": [5.5, 6, -0.5],
			"to": [10.5, 6.5, 1],
			"faces": {
				"north": {"uv": [15, 15, 16, 16], "texture": "#4"},
				"east": {"uv": [15, 15, 16, 16], "texture": "#4"},
				"west": {"uv": [15, 15, 16, 16], "texture": "#4"},
				"down": {"uv": [15, 15, 16, 16], "texture": "#4"}
			}
		},
		{
			"from": [6.5, 5.5, -0.5],
			"to": [9.5, 6.5, 1],
			"faces": {
				"north": {"uv": [15, 15, 16, 16], "texture": "#4"},
				"east": {"uv": [15, 15, 16, 16], "texture": "#4"},
				"west": {"uv": [15, 15, 16, 16], "texture": "#4"},
				"down": {"uv": [15, 15, 16, 16], "texture": "#4"}
			}
		},
		{
			"from": [6.5, 2.5, -0.5],
			"to": [9.5, 3.5, 1],
			"faces": {
				"north": {"uv": [15, 15, 16, 16], "texture": "#4"},
				"east": {"uv": [15, 15, 16, 16], "texture": "#4"},
				"west": {"uv": [15, 15, 16, 16], "texture": "#4"},
				"up": {"uv": [15, 15, 16, 16], "texture": "#4"}
			}
		},
		{
			"from": [5.5, 2.5, -0.5],
			"to": [10.5, 3, 1],
			"faces": {
				"north": {"uv": [15, 15, 16, 16], "texture": "#4"},
				"east": {"uv": [15, 15, 16, 16], "texture": "#4"},
				"west": {"uv": [15, 15, 16, 16], "texture": "#4"},
				"up": {"uv": [15, 15, 16, 16], "texture": "#4"}
			}
		},
		{
			"from": [14, 2.5, -0.5],
			"to": [16, 3, 1],
			"rotation": {"angle": 0, "axis": "y", "origin": [0.5, 0, 0]},
			"faces": {
				"east": {"uv": [15, 15, 16, 16], "texture": "#4"},
				"west": {"uv": [15, 15, 16, 16], "texture": "#4"},
				"up": {"uv": [15, 15, 16, 16], "texture": "#4"}
			}
		},
		{
			"from": [15.5, 3, -0.5],
			"to": [16, 6.5, 1],
			"rotation": {"angle": 0, "axis": "y", "origin": [0.5, 0, 0]},
			"faces": {
				"east": {"uv": [15, 15, 16, 16], "texture": "#4"},
				"west": {"uv": [15, 15, 16, 16], "texture": "#4"}
			}
		},
		{
			"from": [15, 6, -0.5],
			"to": [15.5, 6.5, 1],
			"rotation": {"angle": 0, "axis": "y", "origin": [0.5, 0, 0]},
			"faces": {
				"west": {"uv": [15, 15, 16, 16], "texture": "#4"},
				"down": {"uv": [15, 15, 16, 16], "texture": "#4"}
			}
		},
		{
			"from": [15, 3, -0.5],
			"to": [15.5, 3.5, 1],
			"rotation": {"angle": 0, "axis": "y", "origin": [0.5, 0, 0]},
			"faces": {
				"west": {"uv": [15, 15, 16, 16], "texture": "#4"},
				"up": {"uv": [15, 15, 16, 16], "texture": "#4"}
			}
		},
		{
			"from": [0, 3, -0.5],
			"to": [0.5, 6.5, 1],
			"rotation": {"angle": 0, "axis": "y", "origin": [15.5, 0, 0]},
			"faces": {
				"north": {"uv": [15, 15, 14, 16], "texture": "#4"},
				"east": {"uv": [15, 15, 14, 16], "texture": "#4"},
				"west": {"uv": [15, 15, 14, 16], "texture": "#4"}
			}
		},
		{
			"from": [0.5, 6, -0.5],
			"to": [1, 6.5, 1],
			"rotation": {"angle": 0, "axis": "y", "origin": [15.5, 0, 0]},
			"faces": {
				"north": {"uv": [15, 15, 14, 16], "texture": "#4"},
				"east": {"uv": [15, 15, 14, 16], "texture": "#4"},
				"down": {"uv": [15, 15, 14, 16], "texture": "#4"}
			}
		},
		{
			"from": [0.5, 3, -0.5],
			"to": [1, 3.5, 1],
			"rotation": {"angle": 0, "axis": "y", "origin": [15.5, 0, 0]},
			"faces": {
				"north": {"uv": [15, 15, 14, 16], "texture": "#4"},
				"east": {"uv": [15, 15, 14, 16], "texture": "#4"},
				"up": {"uv": [15, 15, 14, 16], "texture": "#4"}
			}
		},
		{
			"from": [0, 2.5, -0.5],
			"to": [2, 3, 1],
			"rotation": {"angle": 0, "axis": "y", "origin": [15.5, 0, 0]},
			"faces": {
				"north": {"uv": [15, 15, 14, 16], "texture": "#4"},
				"east": {"uv": [15, 15, 14, 16], "texture": "#4"},
				"west": {"uv": [15, 15, 14, 16], "texture": "#4"},
				"up": {"uv": [15, 15, 14, 16], "texture": "#4"}
			}
		},
		{
			"from": [0.5, 10.5, -0.5],
			"to": [15.5, 11.5, 1],
			"faces": {
				"north": {"uv": [15, 15, 16, 16], "texture": "#4"},
				"east": {"uv": [15, 15, 16, 16], "texture": "#4"},
				"west": {"uv": [15, 15, 16, 16], "texture": "#4"},
				"up": {"uv": [15, 15, 16, 16], "texture": "#4"}
			}
		},
		{
			"from": [3, 12, -0.5],
			"to": [13, 12.5, 1],
			"rotation": {"angle": 0, "axis": "y", "origin": [0, 16, 0]},
			"faces": {
				"north": {"uv": [15, 15, 16, 16], "texture": "#4"},
				"east": {"uv": [15, 15, 16, 16], "texture": "#4"},
				"west": {"uv": [15, 15, 16, 16], "texture": "#4"},
				"up": {"uv": [15, 15, 16, 16], "texture": "#4"}
			}
		},
		{
			"from": [1.5, 11.5, -0.5],
			"to": [14.5, 12, 1],
			"rotation": {"angle": 0, "axis": "y", "origin": [0, 16, 0]},
			"faces": {
				"north": {"uv": [15, 15, 16, 16], "texture": "#4"},
				"east": {"uv": [15, 15, 16, 16], "texture": "#4"},
				"west": {"uv": [15, 15, 16, 16], "texture": "#4"},
				"up": {"uv": [15, 15, 16, 16], "texture": "#4"}
			}
		},
		{
			"from": [3, -5, 0],
			"to": [13, -3.5, 1],
			"faces": {
				"north": {"uv": [15, 13, 16, 14], "texture": "#4"},
				"east": {"uv": [15, 13, 16, 14], "texture": "#4"},
				"west": {"uv": [15, 13, 16, 14], "texture": "#4"},
				"down": {"uv": [15, 13, 16, 14], "texture": "#4"}
			}
		},
		{
			"from": [3, 10.5, 0],
			"to": [13, 13, 1],
			"rotation": {"angle": 0, "axis": "y", "origin": [0, 16, 0]},
			"faces": {
				"north": {"uv": [15, 13, 16, 14], "texture": "#4"},
				"east": {"uv": [15, 13, 16, 14], "texture": "#4"},
				"west": {"uv": [15, 13, 16, 14], "texture": "#4"},
				"up": {"uv": [15, 13, 16, 14], "texture": "#4"}
			}
		},
		{
			"from": [1.5, -4.5, 0],
			"to": [14.5, 12.5, 1],
			"rotation": {"angle": 0, "axis": "y", "origin": [0, 16, 0]},
			"faces": {
				"north": {"uv": [15, 13, 16, 14], "texture": "#4"},
				"east": {"uv": [15, 13, 16, 14], "texture": "#4"},
				"west": {"uv": [15, 13, 16, 14], "texture": "#4"},
				"up": {"uv": [15, 13, 16, 14], "texture": "#4"},
				"down": {"uv": [15, 13, 16, 14], "texture": "#4"}
			}
		},
		{
			"from": [0.5, -4, 0],
			"to": [15.5, 12, 1],
			"faces": {
				"north": {"uv": [15, 13, 16, 14], "texture": "#4"},
				"east": {"uv": [15, 13, 16, 14], "texture": "#4"},
				"west": {"uv": [15, 13, 16, 14], "texture": "#4"},
				"up": {"uv": [15, 13, 16, 14], "texture": "#4"},
				"down": {"uv": [15, 13, 16, 14], "texture": "#4"}
			}
		},
		{
			"from": [0.5, 0, -0.025],
			"to": [15.5, 7, 0],
			"faces": {
				"north": {"uv": [13, 15, 14, 16], "texture": "#4"}
			}
		},
		{
			"from": [0, -3.5, 0],
			"to": [16, 11.5, 1],
			"faces": {
				"north": {"uv": [15, 13, 16, 14], "texture": "#4"},
				"east": {"uv": [15, 13, 16, 14], "texture": "#4"},
				"west": {"uv": [15, 13, 16, 14], "texture": "#4"},
				"up": {"uv": [15, 13, 16, 14], "texture": "#4"},
				"down": {"uv": [15, 13, 16, 14], "texture": "#4"}
			}
		},
		{
			"from": [-0.5, -2.5, 0],
			"to": [16.5, 10.5, 1],
			"faces": {
				"north": {"uv": [15, 13, 16, 14], "texture": "#4"},
				"east": {"uv": [15, 13, 16, 14], "texture": "#4"},
				"west": {"uv": [15, 13, 16, 14], "texture": "#4"},
				"up": {"uv": [15, 13, 16, 14], "texture": "#4"},
				"down": {"uv": [15, 13, 16, 14], "texture": "#4"}
			}
		},
		{
			"from": [-0.5, -3, 1],
			"to": [16.5, 11, 2],
			"faces": {
				"north": {"uv": [13, 15, 14, 16], "texture": "#4"},
				"east": {"uv": [13, 15, 14, 16], "texture": "#4"},
				"south": {"uv": [13, 15, 14, 16], "texture": "#4"},
				"west": {"uv": [13, 15, 14, 16], "texture": "#4"},
				"up": {"uv": [13, 15, 14, 16], "texture": "#4"},
				"down": {"uv": [13, 15, 14, 16], "texture": "#4"}
			}
		},
		{
			"from": [4, 10, 0.5],
			"to": [12, 13.5, 2],
			"rotation": {"angle": 0, "axis": "y", "origin": [0, 16, 0]},
			"faces": {
				"north": {"uv": [13, 15, 14, 16], "texture": "#4"},
				"east": {"uv": [13, 15, 14, 16], "texture": "#4"},
				"south": {"uv": [13, 15, 14, 16], "texture": "#4"},
				"west": {"uv": [13, 15, 14, 16], "texture": "#4"},
				"up": {"uv": [13, 15, 14, 16], "texture": "#4"}
			}
		},
		{
			"from": [1.5, 9.5, 1],
			"to": [14.5, 13, 2],
			"rotation": {"angle": 0, "axis": "y", "origin": [0, 16, 0]},
			"faces": {
				"north": {"uv": [13, 15, 14, 16], "texture": "#4"},
				"east": {"uv": [13, 15, 14, 16], "texture": "#4"},
				"south": {"uv": [13, 15, 14, 16], "texture": "#4"},
				"west": {"uv": [13, 15, 14, 16], "texture": "#4"},
				"up": {"uv": [13, 15, 14, 16], "texture": "#4"}
			}
		},
		{
			"from": [0.5, 9, 1],
			"to": [15.5, 12.5, 2],
			"rotation": {"angle": 0, "axis": "y", "origin": [0, 16, 0]},
			"faces": {
				"north": {"uv": [13, 15, 14, 16], "texture": "#4"},
				"east": {"uv": [13, 15, 14, 16], "texture": "#4"},
				"south": {"uv": [13, 15, 14, 16], "texture": "#4"},
				"west": {"uv": [13, 15, 14, 16], "texture": "#4"},
				"up": {"uv": [13, 15, 14, 16], "texture": "#4"}
			}
		},
		{
			"from": [0.5, -4.5, 1],
			"to": [15.5, -2, 2],
			"faces": {
				"north": {"uv": [13, 15, 14, 16], "texture": "#4"},
				"east": {"uv": [13, 15, 14, 16], "texture": "#4"},
				"south": {"uv": [13, 15, 14, 16], "texture": "#4"},
				"west": {"uv": [13, 15, 14, 16], "texture": "#4"},
				"down": {"uv": [13, 15, 14, 16], "texture": "#4"}
			}
		},
		{
			"from": [0, -4, 1],
			"to": [16, 12, 2],
			"faces": {
				"north": {"uv": [13, 15, 14, 16], "texture": "#4"},
				"east": {"uv": [13, 15, 14, 16], "texture": "#4"},
				"south": {"uv": [13, 15, 14, 16], "texture": "#4"},
				"west": {"uv": [13, 15, 14, 16], "texture": "#4"},
				"up": {"uv": [13, 15, 14, 16], "texture": "#4"},
				"down": {"uv": [13, 15, 14, 16], "texture": "#4"}
			}
		},
		{
			"from": [1.5, -5, 1],
			"to": [14.5, -2.5, 2],
			"faces": {
				"north": {"uv": [13, 15, 14, 16], "texture": "#4"},
				"east": {"uv": [13, 15, 14, 16], "texture": "#4"},
				"south": {"uv": [13, 15, 14, 16], "texture": "#4"},
				"west": {"uv": [13, 15, 14, 16], "texture": "#4"},
				"down": {"uv": [13, 15, 14, 16], "texture": "#4"}
			}
		},
		{
			"from": [3, -5.5, 1],
			"to": [13, -3, 2],
			"faces": {
				"north": {"uv": [13, 15, 14, 16], "texture": "#4"},
				"east": {"uv": [13, 15, 14, 16], "texture": "#4"},
				"south": {"uv": [13, 15, 14, 16], "texture": "#4"},
				"west": {"uv": [13, 15, 14, 16], "texture": "#4"},
				"down": {"uv": [13, 15, 14, 16], "texture": "#4"}
			}
		},
		{
			"from": [-1, 1, 0.5],
			"to": [17, 7, 1.5],
			"faces": {
				"north": {"uv": [13, 15, 14, 16], "texture": "#4"},
				"east": {"uv": [13, 15, 14, 16], "texture": "#4"},
				"south": {"uv": [13, 15, 14, 16], "texture": "#4"},
				"west": {"uv": [13, 15, 14, 16], "texture": "#4"},
				"up": {"uv": [13, 15, 14, 16], "texture": "#4"},
				"down": {"uv": [13, 15, 14, 16], "texture": "#4"}
			}
		},
		{
			"from": [-0.75, 4.5, 0.25],
			"to": [-0.25, 6, 19.25],
			"rotation": {"angle": 0, "axis": "y", "origin": [16, 0, 0]},
			"faces": {
				"north": {"uv": [15, 15, 14, 16], "texture": "#4"},
				"east": {"uv": [15, 15, 14, 16], "texture": "#4"},
				"west": {"uv": [15, 15, 14, 16], "texture": "#4"},
				"up": {"uv": [15, 15, 14, 16], "texture": "#4"},
				"down": {"uv": [15, 15, 14, 16], "texture": "#4"}
			}
		},
		{
			"from": [-0.75, 2, 0.25],
			"to": [-0.25, 3.5, 19.25],
			"rotation": {"angle": 0, "axis": "y", "origin": [16, 0, 0]},
			"faces": {
				"north": {"uv": [15, 15, 14, 16], "texture": "#4"},
				"east": {"uv": [15, 15, 14, 16], "texture": "#4"},
				"south": {"uv": [15, 15, 14, 16], "texture": "#4"},
				"west": {"uv": [15, 15, 14, 16], "texture": "#4"},
				"up": {"uv": [15, 15, 14, 16], "texture": "#4"},
				"down": {"uv": [15, 15, 14, 16], "texture": "#4"}
			}
		},
		{
			"from": [-0.75, 4.5, 18.75],
			"to": [16.25, 6, 19.25],
			"rotation": {"angle": 0, "axis": "y", "origin": [-0.5, 0.5, 0]},
			"faces": {
				"north": {"uv": [15, 15, 14, 16], "texture": "#4"},
				"south": {"uv": [15, 15, 14, 16], "texture": "#4"},
				"up": {"uv": [15, 15, 14, 16], "texture": "#4"},
				"down": {"uv": [15, 15, 14, 16], "texture": "#4"}
			}
		},
		{
			"from": [-0.5, 2, 18.75],
			"to": [16.5, 3.5, 19.25],
			"rotation": {"angle": 0, "axis": "y", "origin": [-0.25, 0, 0]},
			"faces": {
				"north": {"uv": [15, 15, 14, 16], "texture": "#4"},
				"south": {"uv": [15, 15, 14, 16], "texture": "#4"},
				"up": {"uv": [15, 15, 14, 16], "texture": "#4"},
				"down": {"uv": [15, 15, 14, 16], "texture": "#4"}
			}
		},
		{
			"from": [4.5, 1.5, 18.5],
			"to": [11.5, 6.5, 19.5],
			"rotation": {"angle": 0, "axis": "y", "origin": [0.5, 0, 0]},
			"faces": {
				"north": {"uv": [13, 15, 14, 16], "texture": "#4"},
				"east": {"uv": [13, 15, 14, 16], "texture": "#4"},
				"south": {"uv": [13, 15, 14, 16], "texture": "#4"},
				"west": {"uv": [13, 15, 14, 16], "texture": "#4"},
				"up": {"uv": [13, 15, 14, 16], "texture": "#4"},
				"down": {"uv": [13, 15, 14, 16], "texture": "#4"}
			}
		},
		{
			"from": [16.25, 2, 0.25],
			"to": [16.75, 3.5, 19.25],
			"faces": {
				"north": {"uv": [15, 15, 16, 16], "texture": "#4"},
				"east": {"uv": [15, 15, 16, 16], "texture": "#4"},
				"south": {"uv": [15, 15, 16, 16], "texture": "#4"},
				"west": {"uv": [15, 15, 16, 16], "texture": "#4"},
				"up": {"uv": [15, 15, 16, 16], "texture": "#4"},
				"down": {"uv": [15, 15, 16, 16], "texture": "#4"}
			}
		},
		{
			"from": [16.25, 4.5, 0.25],
			"to": [16.75, 6, 19.25],
			"faces": {
				"north": {"uv": [15, 15, 16, 16], "texture": "#4"},
				"east": {"uv": [15, 15, 16, 16], "texture": "#4"},
				"south": {"uv": [15, 15, 16, 16], "texture": "#4"},
				"west": {"uv": [15, 15, 16, 16], "texture": "#4"},
				"up": {"uv": [15, 15, 16, 16], "texture": "#4"},
				"down": {"uv": [15, 15, 16, 16], "texture": "#4"}
			}
		},
		{
			"from": [8.5, -0.5, -0.525],
			"to": [16, 0.5, -0.5],
			"faces": {
				"north": {"uv": [0, 13, 15, 15], "texture": "#4"},
				"east": {"uv": [10, 3, 11, 4], "texture": "#4"},
				"west": {"uv": [10, 3, 11, 4], "texture": "#4"},
				"down": {"uv": [10, 3, 11, 4], "texture": "#4"}
			}
		},
		{
			"from": [12, 8.5, -0.525],
			"to": [13, 9, -0.5],
			"faces": {
				"north": {"uv": [3, 15, 4, 16], "texture": "#4"},
				"west": {"uv": [10, 3, 11, 4], "texture": "#4"},
				"up": {"uv": [10, 3, 11, 4], "texture": "#4"}
			}
		},
		{
			"from": [12, 8, -0.525],
			"to": [13.5, 8.5, -0.5],
			"faces": {
				"north": {"uv": [4, 15, 5, 16], "texture": "#4"},
				"east": {"uv": [10, 3, 11, 4], "texture": "#4"},
				"west": {"uv": [10, 3, 11, 4], "texture": "#4"}
			}
		},
		{
			"from": [13, 8.5, -0.525],
			"to": [14, 9, -0.5],
			"faces": {
				"north": {"uv": [4, 15, 5, 16], "texture": "#4"},
				"east": {"uv": [10, 3, 11, 4], "texture": "#4"},
				"down": {"uv": [10, 3, 11, 4], "texture": "#4"}
			}
		},
		{
			"from": [12.5, 9, -0.525],
			"to": [14, 9.5, -0.5],
			"faces": {
				"north": {"uv": [3, 15, 4, 16], "texture": "#4"},
				"east": {"uv": [10, 3, 11, 4], "texture": "#4"},
				"west": {"uv": [10, 3, 11, 4], "texture": "#4"},
				"up": {"uv": [10, 3, 11, 4], "texture": "#4"}
			}
		},
		{
			"from": [13, 9.5, -0.525],
			"to": [13.5, 10, -0.5],
			"faces": {
				"north": {"uv": [0, 15, 1, 16], "texture": "#4"},
				"east": {"uv": [10, 3, 11, 4], "texture": "#4"},
				"west": {"uv": [10, 3, 11, 4], "texture": "#4"},
				"up": {"uv": [10, 3, 11, 4], "texture": "#4"}
			}
		},
		{
			"from": [11.5, 9, -0.525],
			"to": [12, 10, -0.5],
			"faces": {
				"north": {"uv": [0, 15, 1, 16], "texture": "#4"},
				"east": {"uv": [10, 3, 11, 4], "texture": "#4"},
				"west": {"uv": [10, 3, 11, 4], "texture": "#4"},
				"up": {"uv": [10, 3, 11, 4], "texture": "#4"},
				"down": {"uv": [10, 3, 11, 4], "texture": "#4"}
			}
		},
		{
			"from": [11, 8, -0.525],
			"to": [11.5, 8.5, -0.5],
			"faces": {
				"north": {"uv": [0, 15, 1, 16], "texture": "#4"},
				"east": {"uv": [10, 3, 11, 4], "texture": "#4"},
				"up": {"uv": [10, 3, 11, 4], "texture": "#4"}
			}
		},
		{
			"from": [10.5, 8, -0.525],
			"to": [11, 9, -0.5],
			"faces": {
				"north": {"uv": [1, 15, 2, 16], "texture": "#4"},
				"east": {"uv": [10, 3, 11, 4], "texture": "#4"},
				"west": {"uv": [10, 3, 11, 4], "texture": "#4"},
				"up": {"uv": [10, 3, 11, 4], "texture": "#4"}
			}
		},
		{
			"from": [9.5, 9.5, -0.525],
			"to": [10, 11, -0.5],
			"faces": {
				"north": {"uv": [2, 15, 3, 16], "texture": "#4"},
				"east": {"uv": [6, 5, 7, 6], "texture": "#4"},
				"west": {"uv": [6, 5, 7, 6], "texture": "#4"},
				"up": {"uv": [6, 5, 7, 6], "texture": "#4"},
				"down": {"uv": [6, 5, 7, 6], "texture": "#4"}
			}
		},
		{
			"from": [9, 10, -0.525],
			"to": [10.5, 10.5, -0.5],
			"faces": {
				"north": {"uv": [2, 15, 3, 16], "texture": "#4"},
				"east": {"uv": [6, 5, 7, 6], "texture": "#4"},
				"west": {"uv": [6, 5, 7, 6], "texture": "#4"},
				"up": {"uv": [6, 5, 7, 6], "texture": "#4"},
				"down": {"uv": [6, 5, 7, 6], "texture": "#4"}
			}
		},
		{
			"from": [11, 10, -0.525],
			"to": [11.5, 10.5, -0.5],
			"faces": {
				"north": {"uv": [1, 15, 2, 16], "texture": "#4"},
				"east": {"uv": [10, 3, 11, 4], "texture": "#4"},
				"west": {"uv": [10, 3, 11, 4], "texture": "#4"},
				"up": {"uv": [10, 3, 11, 4], "texture": "#4"},
				"down": {"uv": [10, 3, 11, 4], "texture": "#4"}
			}
		},
		{
			"from": [8.5, 1.5, -0.525],
			"to": [16, 8, -0.5],
			"faces": {
				"north": {"uv": [0, 0, 15, 13], "texture": "#4"},
				"east": {"uv": [8, 7, 9, 8], "texture": "#4"},
				"south": {"uv": [8, 7, 9, 8], "texture": "#4"},
				"west": {"uv": [8, 7, 9, 8], "texture": "#4"},
				"up": {"uv": [8, 7, 9, 8], "texture": "#4"}
			}
		},
		{
			"from": [8, 2, -0.525],
			"to": [8.5, 5.5, -0.5],
			"faces": {
				"north": {"uv": [3, 12, 4, 13], "texture": "#4"},
				"west": {"uv": [10, 3, 11, 4], "texture": "#4"},
				"up": {"uv": [10, 3, 11, 4], "texture": "#4"},
				"down": {"uv": [10, 3, 11, 4], "texture": "#4"}
			}
		},
		{
			"from": [8.5, 0.5, -0.525],
			"to": [16, 1.5, -0.5],
			"faces": {
				"north": {"uv": [3, 12, 4, 13], "texture": "#4"},
				"east": {"uv": [10, 3, 11, 4], "texture": "#4"},
				"west": {"uv": [10, 3, 11, 4], "texture": "#4"}
			}
		}
	],
	"display": {
		"thirdperson_righthand": {
			"rotation": [89, 0, 0],
			"translation": [0, -1.5, 1],
			"scale": [0.23, 0.23, 0.23]
		},
		"thirdperson_lefthand": {
			"rotation": [89, 0, 0],
			"translation": [0, -1.5, 1],
			"scale": [0.23, 0.23, 0.23]
		},
		"firstperson_righthand": {
			"rotation": [0, 108, 0],
			"translation": [1.5, 5.5, 0],
			"scale": [0.38, 0.38, 0.38]
		},
		"firstperson_lefthand": {
			"rotation": [0, 108, 0],
			"translation": [1.5, 5.5, 0],
			"scale": [0.38, 0.38, 0.38]
		},
		"ground": {
			"rotation": [33, 0, 0],
			"translation": [0, 0.75, 0],
			"scale": [0.44, 0.44, 0.44]
		},
		"gui": {
			"rotation": [-27, 165, 29],
			"translation": [1.75, 1, 0],
			"scale": [0.62, 0.62, 0.62]
		},
		"head": {
			"translation": [0, 3, -1.75],
			"scale": [0.83, 0.77, 0.77]
		},
		"fixed": {
			"translation": [0, 3.5, 7.5]
		}
	},
	"groups": [
		{
			"name": "group",
			"origin": [8, 8, 8],
			"color": 0,
			"children": [0, 1, 2, 3, 4, 5, 6, 7, 8, 9, 10, 11, 12, 13, 14, 15, 16, 17, 18, 19, 20]
		},
		{
			"name": "group",
			"origin": [0, 0, 0],
			"color": 0,
			"children": [21, 22, 23, 24, 25, 26, 27]
		},
		{
			"name": "group",
			"origin": [8, 8, 8],
			"color": 0,
			"children": [28, 29, 30, 31, 32, 33, 34, 35]
		},
		{
			"name": "group",
			"origin": [0, 0, 0],
			"color": 0,
			"children": [36, 37, 38, 39, 40, 41, 42, 43]
		},
		{
			"name": "group",
			"origin": [0, 0, 0],
			"color": 0,
			"children": [44, 45, 46, 47, 48, 49, 50, 51, 52, 53, 54, 55, 56, 57, 58]
		}
	]
}