{"credit":"Made with Blockbench","textures":{"2":"ttp/qualityarmory/animaltextures_4","particle":"ttp/qualityarmory/rgbsheet1"},"elements":[{"from":[3.25,14.25,1.25],"to":[12.75,23.5,14.75],"rotation":{"angle":0,"axis":"y","origin":[8,12.5,8]},"faces":{"north":{"uv":[11.5,8,16,16],"texture":"#2"},"east":{"uv":[11.5,8,16,16],"texture":"#2"},"south":{"uv":[11.5,8,16,16],"texture":"#2"},"west":{"uv":[11.5,8,16,16],"texture":"#2"},"up":{"uv":[11.5,8,16,16],"texture":"#2"},"down":{"uv":[11.5,8,16,16],"texture":"#2"}}},{"from":[4,18.25,-7.25],"to":[12,26.5,1.25],"rotation":{"angle":0,"axis":"y","origin":[8,12.5,-5.5]},"faces":{"north":{"uv":[4,4,8,8],"texture":"#2"},"east":{"uv":[0,4,4,8],"texture":"#2"},"south":{"uv":[12,4,16,8],"texture":"#2"},"west":{"uv":[8,4,12,8],"texture":"#2"},"up":{"uv":[11.5,8,16,16],"texture":"#2"},"down":{"uv":[11.5,8,16,16],"texture":"#2"}}},{"from":[6,19.25,-8.5],"to":[10,22.5,-7.25],"rotation":{"angle":0,"axis":"y","origin":[8,12.5,-14]},"faces":{"north":{"uv":[12.5,2.5,14.5,4],"texture":"#2"},"east":{"uv":[14.5,2.5,15,4],"texture":"#2"},"south":{"uv":[12,4,16,8],"texture":"#2"},"west":{"uv":[14.5,2.5,15,4],"texture":"#2"},"up":{"uv":[14.5,2.5,15,4],"texture":"#2"},"down":{"uv":[14.5,2.5,15,4],"texture":"#2"}}}],"display":{"thirdperson_righthand":{"rotation":[0,44,0],"translation":[0,-5.75,0],"scale":[0.6,0.6,0.6]},"thirdperson_lefthand":{"scale":[0.6,0.6,0.6]},"firstperson_righthand":{"rotation":[0,135,0],"translation":[-0.5,6,1],"scale":[0.6,0.6,0.6]},"firstperson_lefthand":{"scale":[0.6,0.6,0.6]},"gui":{"rotation":[0,146,0],"translation":[0,-1,0],"scale":[0.6,0.6,0.6]}}}