{"credit":"Made with Blockbench","textures":{"0":"ttp/qualityarmory/rgbsheet1","particle":"ttp/qualityarmory/rgbsheet1"},"elements":[{"from":[-2.75,10.5,-2.75],"to":[18.75,12,18.75],"faces":{"north":{"uv":[7,15,8,16],"texture":"#0"},"east":{"uv":[7,15,8,16],"texture":"#0"},"south":{"uv":[7,15,8,16],"texture":"#0"},"west":{"uv":[7,15,8,16],"texture":"#0"},"up":{"uv":[7,15,8,16],"texture":"#0"},"down":{"uv":[7,15,8,16],"texture":"#0"}}},{"from":[1.25,13.25,1.25],"to":[14.75,26.5,14.75],"rotation":{"angle":0,"axis":"y","origin":[8,11.5,8]},"faces":{"north":{"uv":[7,15,8,16],"texture":"#0"},"east":{"uv":[7,15,8,16],"texture":"#0"},"south":{"uv":[7,15,8,16],"texture":"#0"},"west":{"uv":[7,15,8,16],"texture":"#0"},"up":{"uv":[7,15,8,16],"texture":"#0"},"down":{"uv":[7,15,8,16],"texture":"#0"}}},{"from":[-0.75,12,4.75],"to":[1.25,16.25,11.25],"rotation":{"angle":0,"axis":"y","origin":[-3,11.5,11.5]},"faces":{"north":{"uv":[11,7,12,8],"texture":"#0"},"east":{"uv":[11,7,12,8],"texture":"#0"},"south":{"uv":[11,7,12,8],"texture":"#0"},"west":{"uv":[11,7,12,8],"texture":"#0"},"up":{"uv":[11,7,12,8],"texture":"#0"},"down":{"uv":[11,7,12,8],"texture":"#0"}}},{"from":[-0.25,16.25,6.25],"to":[1.25,30,7.75],"rotation":{"angle":0,"axis":"y","origin":[-3,15.75,11.5]},"faces":{"north":{"uv":[10,14,11,15],"texture":"#0"},"east":{"uv":[10,14,11,15],"texture":"#0"},"south":{"uv":[10,14,11,15],"texture":"#0"},"west":{"uv":[10,14,11,15],"texture":"#0"},"up":{"uv":[10,14,11,15],"texture":"#0"},"down":{"uv":[10,14,11,15],"texture":"#0"}}},{"from":[1.25,12,1.25],"to":[14.75,13.25,14.75],"rotation":{"angle":0,"axis":"y","origin":[8,11.5,8]},"faces":{"north":{"uv":[10,7,11,8],"texture":"#0"},"east":{"uv":[10,7,11,8],"texture":"#0"},"south":{"uv":[10,7,11,8],"texture":"#0"},"west":{"uv":[10,7,11,8],"texture":"#0"},"up":{"uv":[10,7,11,8],"texture":"#0"},"down":{"uv":[10,7,11,8],"texture":"#0"}}},{"from":[5.25,12,-0.25],"to":[5.75,15.25,1.25],"rotation":{"angle":0,"axis":"y","origin":[8,11.5,6.5]},"faces":{"north":{"uv":[11,7,12,8],"texture":"#0"},"east":{"uv":[11,7,12,8],"texture":"#0"},"south":{"uv":[11,7,12,8],"texture":"#0"},"west":{"uv":[11,7,12,8],"texture":"#0"},"up":{"uv":[11,7,12,8],"texture":"#0"},"down":{"uv":[11,7,12,8],"texture":"#0"}}},{"from":[1.75,14.75,-0.25],"to":[5.75,15.25,1.25],"rotation":{"angle":0,"axis":"y","origin":[8,11.5,6.5]},"faces":{"north":{"uv":[11,7,12,8],"texture":"#0"},"east":{"uv":[11,7,12,8],"texture":"#0"},"south":{"uv":[11,7,12,8],"texture":"#0"},"west":{"uv":[11,7,12,8],"texture":"#0"},"up":{"uv":[11,7,12,8],"texture":"#0"},"down":{"uv":[11,7,12,8],"texture":"#0"}}},{"from":[1.75,12,-0.25],"to":[5.75,12.5,1.25],"rotation":{"angle":0,"axis":"y","origin":[8,8.75,6.5]},"faces":{"north":{"uv":[11,7,12,8],"texture":"#0"},"east":{"uv":[11,7,12,8],"texture":"#0"},"south":{"uv":[11,7,12,8],"texture":"#0"},"west":{"uv":[11,7,12,8],"texture":"#0"},"up":{"uv":[11,7,12,8],"texture":"#0"},"down":{"uv":[11,7,12,8],"texture":"#0"}}},{"from":[2.5,13.25,-0.25],"to":[4,13.75,1.25],"rotation":{"angle":0,"axis":"y","origin":[8,10,6.5]},"faces":{"north":{"uv":[7,15,8,16],"texture":"#0"},"east":{"uv":[7,15,8,16],"texture":"#0"},"south":{"uv":[7,15,8,16],"texture":"#0"},"west":{"uv":[7,15,8,16],"texture":"#0"},"up":{"uv":[7,15,8,16],"texture":"#0"},"down":{"uv":[7,15,8,16],"texture":"#0"}}},{"from":[3.5,13.75,-0.25],"to":[5,14.25,1.25],"rotation":{"angle":45,"axis":"z","origin":[4.25,14,0.5]},"faces":{"north":{"uv":[7,15,8,16],"texture":"#0"},"east":{"uv":[7,15,8,16],"texture":"#0"},"south":{"uv":[7,15,8,16],"texture":"#0"},"west":{"uv":[7,15,8,16],"texture":"#0"},"up":{"uv":[7,15,8,16],"texture":"#0"},"down":{"uv":[7,15,8,16],"texture":"#0"}}},{"from":[1.75,12,-0.25],"to":[2.25,15.25,1.25],"rotation":{"angle":0,"axis":"y","origin":[8,11.5,6.5]},"faces":{"north":{"uv":[11,7,12,8],"texture":"#0"},"east":{"uv":[11,7,12,8],"texture":"#0"},"south":{"uv":[11,7,12,8],"texture":"#0"},"west":{"uv":[11,7,12,8],"texture":"#0"},"up":{"uv":[11,7,12,8],"texture":"#0"},"down":{"uv":[11,7,12,8],"texture":"#0"}}},{"from":[2,12,0.25],"to":[5.5,15,1.25],"rotation":{"angle":0,"axis":"y","origin":[8,11.5,6.5]},"faces":{"north":{"uv":[15,14,16,15],"texture":"#0"},"east":{"uv":[15,14,16,15],"texture":"#0"},"south":{"uv":[15,14,16,15],"texture":"#0"},"west":{"uv":[15,14,16,15],"texture":"#0"},"up":{"uv":[15,14,16,15],"texture":"#0"},"down":{"uv":[15,14,16,15],"texture":"#0"}}},{"from":[13.25,12,-0.25],"to":[13.75,15.25,1.25],"rotation":{"angle":0,"axis":"y","origin":[16,11.5,6.5]},"faces":{"north":{"uv":[11,7,12,8],"texture":"#0"},"east":{"uv":[11,7,12,8],"texture":"#0"},"south":{"uv":[11,7,12,8],"texture":"#0"},"west":{"uv":[11,7,12,8],"texture":"#0"},"up":{"uv":[11,7,12,8],"texture":"#0"},"down":{"uv":[11,7,12,8],"texture":"#0"}}},{"from":[9.75,14.75,-0.25],"to":[13.75,15.25,1.25],"rotation":{"angle":0,"axis":"y","origin":[16,11.5,6.5]},"faces":{"north":{"uv":[11,7,12,8],"texture":"#0"},"east":{"uv":[11,7,12,8],"texture":"#0"},"south":{"uv":[11,7,12,8],"texture":"#0"},"west":{"uv":[11,7,12,8],"texture":"#0"},"up":{"uv":[11,7,12,8],"texture":"#0"},"down":{"uv":[11,7,12,8],"texture":"#0"}}},{"from":[9.75,12,-0.25],"to":[13.75,12.5,1.25],"rotation":{"angle":0,"axis":"y","origin":[16,8.75,6.5]},"faces":{"north":{"uv":[11,7,12,8],"texture":"#0"},"east":{"uv":[11,7,12,8],"texture":"#0"},"south":{"uv":[11,7,12,8],"texture":"#0"},"west":{"uv":[11,7,12,8],"texture":"#0"},"up":{"uv":[11,7,12,8],"texture":"#0"},"down":{"uv":[11,7,12,8],"texture":"#0"}}},{"from":[11.25,12.5,-0.25],"to":[11.75,14,1.25],"rotation":{"angle":-22.5,"axis":"z","origin":[11.5,13.25,0.5]},"faces":{"north":{"uv":[7,15,8,16],"rotation":90,"texture":"#0"},"east":{"uv":[7,15,8,16],"rotation":270,"texture":"#0"},"south":{"uv":[7,15,8,16],"rotation":270,"texture":"#0"},"west":{"uv":[7,15,8,16],"rotation":270,"texture":"#0"},"up":{"uv":[7,15,8,16],"rotation":270,"texture":"#0"},"down":{"uv":[7,15,8,16],"rotation":270,"texture":"#0"}}},{"from":[11.5,13,-0.25],"to":[13,13.5,1.25],"rotation":{"angle":-45,"axis":"z","origin":[12.25,13.25,0.5]},"faces":{"north":{"uv":[7,15,8,16],"texture":"#0"},"east":{"uv":[7,15,8,16],"texture":"#0"},"south":{"uv":[7,15,8,16],"texture":"#0"},"west":{"uv":[7,15,8,16],"texture":"#0"},"up":{"uv":[7,15,8,16],"texture":"#0"},"down":{"uv":[7,15,8,16],"texture":"#0"}}},{"from":[9.75,12,-0.25],"to":[10.25,15.25,1.25],"rotation":{"angle":0,"axis":"y","origin":[16,11.5,6.5]},"faces":{"north":{"uv":[11,7,12,8],"texture":"#0"},"east":{"uv":[11,7,12,8],"texture":"#0"},"south":{"uv":[11,7,12,8],"texture":"#0"},"west":{"uv":[11,7,12,8],"texture":"#0"},"up":{"uv":[11,7,12,8],"texture":"#0"},"down":{"uv":[11,7,12,8],"texture":"#0"}}},{"from":[10,12,0.25],"to":[13.5,15,1.25],"rotation":{"angle":0,"axis":"y","origin":[16,11.5,6.5]},"faces":{"north":{"uv":[15,14,16,15],"texture":"#0"},"east":{"uv":[15,14,16,15],"texture":"#0"},"south":{"uv":[15,14,16,15],"texture":"#0"},"west":{"uv":[15,14,16,15],"texture":"#0"},"up":{"uv":[15,14,16,15],"texture":"#0"},"down":{"uv":[15,14,16,15],"texture":"#0"}}}],"display":{"thirdperson_righthand":{"rotation":[0,45,0],"scale":[0.6,0.6,0.6]},"thirdperson_lefthand":{"scale":[0.6,0.6,0.6]},"firstperson_righthand":{"rotation":[0,135,0],"translation":[-0.5,6,1],"scale":[0.6,0.6,0.6]},"firstperson_lefthand":{"scale":[0.6,0.6,0.6]},"gui":{"rotation":[0,146,0],"translation":[0,-1,0],"scale":[0.6,0.6,0.6]},"head":{"translation":[0,-1.5,0],"scale":[1.1,1.1,1.1]}},"groups":[0,1,2,3,4,{"name":"group","origin":[8,11.5,6.5],"children":[5,6,7,8,9,10,11]},{"name":"group","origin":[8,11.5,6.5],"children":[12,13,14,15,16,17,18]}]}