{"credit":"Made with Blockbench","texture_size":[32,32],"textures":{"1":"politmine/item/qualityarmory/dz_ushanka","particle":"politmine/item/qualityarmory/dz_ushanka"},"elements":[{"from":[4,7,4],"to":[12,10,12],"rotation":{"angle":0,"axis":"y","origin":[12,15,12]},"faces":{"north":{"uv":[4,4,8,5.5],"texture":"#1"},"east":{"uv":[0,4,4,5.5],"texture":"#1"},"south":{"uv":[12,4,16,5.5],"texture":"#1"},"west":{"uv":[8,4,12,5.5],"texture":"#1"},"up":{"uv":[4,0,8,4],"rotation":180,"texture":"#1"},"down":{"uv":[8,0,12,4],"texture":"#1"}}},{"from":[4,2,4],"to":[4,7,12],"rotation":{"angle":0,"axis":"y","origin":[12,10,12]},"faces":{"north":{"uv":[4,4,8,5],"texture":"#1"},"east":{"uv":[0,11.5,4,14],"texture":"#1"},"south":{"uv":[12,4,16,5],"texture":"#1"},"west":{"uv":[8,5.5,12,8],"texture":"#1"},"up":{"uv":[4,0,8,4],"texture":"#1"},"down":{"uv":[8,0,12,4],"texture":"#1"}}},{"from":[4,4,12],"to":[12,7,12],"rotation":{"angle":0,"axis":"y","origin":[12,12,20]},"faces":{"north":{"uv":[12,11.5,16,13],"texture":"#1"},"east":{"uv":[0,5.5,4,6.5],"texture":"#1"},"south":{"uv":[12,5.5,16,7],"texture":"#1"},"west":{"uv":[8,5.5,12,6.5],"texture":"#1"},"up":{"uv":[4,0,8,4],"texture":"#1"},"down":{"uv":[8,0,12,4],"texture":"#1"}}},{"from":[12,2,4],"to":[12,7,12],"rotation":{"angle":0,"axis":"y","origin":[20,10,12]},"faces":{"north":{"uv":[4,4,8,5],"texture":"#1"},"east":{"uv":[0,5.5,4,8],"texture":"#1"},"south":{"uv":[12,4,16,5],"texture":"#1"},"west":{"uv":[8,11.5,12,14],"texture":"#1"},"up":{"uv":[4,0,8,4],"texture":"#1"},"down":{"uv":[8,0,12,4],"texture":"#1"}}},{"from":[3.5,6.5,3.5],"to":[12.5,10.5,6.5],"rotation":{"angle":0,"axis":"y","origin":[11.5,14.5,11.5]},"faces":{"north":{"uv":[1.5,9.5,6,11.5],"texture":"#1"},"east":{"uv":[0,9.5,1.5,11.5],"texture":"#1"},"south":{"uv":[7,9.5,7.5,11.5],"texture":"#1"},"west":{"uv":[6,9.5,7.5,11.5],"texture":"#1"},"up":{"uv":[1.5,8,6,9.5],"rotation":180,"texture":"#1"},"down":{"uv":[10.5,8,6,9.5],"texture":"#1"}}}],"display":{"thirdperson_righthand":{"rotation":[0,-180,0]},"thirdperson_lefthand":{"rotation":[0,-180,0]},"ground":{"translation":[0,3,0]},"gui":{"rotation":[30,132,0],"translation":[0,1.25,0]},"head":{"translation":[0,5,0],"scale":[1.9,1.9,1.9]},"fixed":{"rotation":[-90,0,0],"translation":[0,0,-8.5],"scale":[1.58,1.58,1.58]}}}