{"credit":"Made with Blockbench","textures":{"0":"ttp/qualityarmory/rgbsheet1","1":"ttp/qualityarmory/texturedmaterials1","particle":"ttp/qualityarmory/rgbsheet1"},"elements":[{"from":[3,11.5,4],"to":[5,12,4.5],"faces":{"north":{"uv":[8,4,15,7],"texture":"#1"},"east":{"uv":[8,4,15,7],"texture":"#1"},"south":{"uv":[8,4,15,7],"texture":"#1"},"west":{"uv":[8,4,15,7],"texture":"#1"},"up":{"uv":[8,4,15,7],"texture":"#1"},"down":{"uv":[8,4,15,7],"texture":"#1"}}},{"from":[4.25,11.9375,4],"to":[4.5625,13.8125,4.5625],"faces":{"north":{"uv":[8,4,15,7],"texture":"#1"},"east":{"uv":[8,4,15,7],"texture":"#1"},"south":{"uv":[8,4,15,7],"texture":"#1"},"west":{"uv":[8,4,15,7],"texture":"#1"},"up":{"uv":[8,4,15,7],"texture":"#1"},"down":{"uv":[8,4,15,7],"texture":"#1"}}},{"from":[4.5,12.625,4],"to":[5,13.125,4.5],"faces":{"north":{"uv":[8,4,15,7],"texture":"#1"},"east":{"uv":[8,4,15,7],"texture":"#1"},"south":{"uv":[8,4,15,7],"texture":"#1"},"west":{"uv":[8,4,15,7],"texture":"#1"},"up":{"uv":[8,4,15,7],"texture":"#1"},"down":{"uv":[8,4,15,7],"texture":"#1"}}},{"from":[2.625,11.4375,4],"to":[3,12.0625,4.5625],"rotation":{"angle":45,"axis":"z","origin":[2.625,12.0625,4]},"faces":{"north":{"uv":[8,4,15,7],"texture":"#1"},"east":{"uv":[8,4,15,7],"texture":"#1"},"south":{"uv":[8,4,15,7],"texture":"#1"},"west":{"uv":[8,4,15,7],"texture":"#1"},"up":{"uv":[8,4,15,7],"texture":"#1"},"down":{"uv":[8,4,15,7],"texture":"#1"}}},{"from":[3.25,11.4375,4],"to":[4.1875,12.125,4.5625],"faces":{"north":{"uv":[8,4,15,7],"texture":"#1"},"east":{"uv":[8,4,15,7],"texture":"#1"},"south":{"uv":[8,4,15,7],"texture":"#1"},"west":{"uv":[8,4,15,7],"texture":"#1"},"up":{"uv":[8,4,15,7],"texture":"#1"},"down":{"uv":[8,4,15,7],"texture":"#1"}}},{"from":[5.0625,12.375,3.8125],"to":[8.0625,13.375,4.75],"faces":{"north":{"uv":[0,8,3,9],"texture":"#1"},"east":{"uv":[0,8,0.9375,9],"texture":"#1"},"south":{"uv":[0,8,3,9],"texture":"#1"},"west":{"uv":[0,8,0.9375,9],"texture":"#1"},"up":{"uv":[0,8,3,8.9375],"texture":"#1"},"down":{"uv":[0,8,3,8.9375],"texture":"#1"}}},{"from":[7.0625,11.375,3.5],"to":[8.9375,12.4375,5],"faces":{"north":{"uv":[0,8,1.875,9.0625],"texture":"#1"},"east":{"uv":[0,8,1.5,9.0625],"texture":"#1"},"south":{"uv":[0,8,1.875,9.0625],"texture":"#1"},"west":{"uv":[0,8,1.5,9.0625],"texture":"#1"},"up":{"uv":[0,8,1.875,9.5],"texture":"#1"},"down":{"uv":[0,8,1.875,9.5],"texture":"#1"}}},{"from":[8.0625,12.5,3.875],"to":[9.3125,13.5,4.6875],"faces":{"north":{"uv":[8,4,15,7],"texture":"#1"},"east":{"uv":[8,4,15,7],"texture":"#1"},"south":{"uv":[8,4,15,7],"texture":"#1"},"west":{"uv":[8,4,15,7],"texture":"#1"},"up":{"uv":[8,4,15,7],"texture":"#1"},"down":{"uv":[8,4,15,7],"texture":"#1"}}},{"from":[9.3125,12.5,3.8125],"to":[14,13.375,4.75],"faces":{"north":{"uv":[8,4,15,7],"rotation":180,"texture":"#1"},"east":{"uv":[8,4,15,7],"rotation":180,"texture":"#1"},"south":{"uv":[8,4,15,7],"rotation":180,"texture":"#1"},"west":{"uv":[8,4,15,7],"rotation":180,"texture":"#1"},"up":{"uv":[8,4,15,7],"rotation":180,"texture":"#1"},"down":{"uv":[8,4,15,7],"rotation":180,"texture":"#1"}}},{"from":[8.9375,11.4375,3.5],"to":[14.625,12.5,5],"faces":{"north":{"uv":[8,4,15,7],"rotation":180,"texture":"#1"},"east":{"uv":[8,4,15,7],"rotation":180,"texture":"#1"},"south":{"uv":[8,4,15,7],"rotation":180,"texture":"#1"},"west":{"uv":[8,4,15,7],"rotation":180,"texture":"#1"},"up":{"uv":[8,4,15,7],"rotation":180,"texture":"#1"},"down":{"uv":[8,4,15,7],"rotation":180,"texture":"#1"}}},{"from":[13,10.1875,3.75],"to":[13.375,11.5625,4.75],"rotation":{"angle":22.5,"axis":"z","origin":[13,11.5625,3.75]},"faces":{"north":{"uv":[8,4,15,7],"texture":"#1"},"east":{"uv":[8,4,15,7],"texture":"#1"},"south":{"uv":[8,4,15,7],"texture":"#1"},"west":{"uv":[8,4,15,7],"texture":"#1"},"up":{"uv":[8,4,15,7],"texture":"#1"},"down":{"uv":[8,4,15,7],"texture":"#1"}}},{"from":[13.4375,9.625,3.75],"to":[14.375,11.5625,4.75],"rotation":{"angle":22.5,"axis":"z","origin":[13.4375,11.5625,3.75]},"faces":{"north":{"uv":[8,4,15,7],"texture":"#1"},"east":{"uv":[8,4,15,7],"texture":"#1"},"south":{"uv":[8,4,15,7],"texture":"#1"},"west":{"uv":[8,4,15,7],"texture":"#1"},"up":{"uv":[8,4,15,7],"texture":"#1"},"down":{"uv":[8,4,15,7],"texture":"#1"}}},{"from":[10.6875,9.625,3.75],"to":[12.125,12,4.75],"rotation":{"angle":-22.5,"axis":"z","origin":[10.6875,12,3.75]},"faces":{"north":{"uv":[0,9,2.375,10.4375],"rotation":90,"texture":"#1"},"east":{"uv":[0,9,2.375,10.4375],"rotation":90,"texture":"#1"},"south":{"uv":[0,9,2.375,10.4375],"rotation":90,"texture":"#1"},"west":{"uv":[0,9,2.375,10.4375],"rotation":90,"texture":"#1"},"up":{"uv":[0,9,2.375,10.4375],"rotation":90,"texture":"#1"},"down":{"uv":[0,9,2.375,10.4375],"rotation":90,"texture":"#1"}}},{"from":[5,11.375,3.5],"to":[7.0625,12.375,5],"faces":{"north":{"uv":[0,8,2.0625,9],"texture":"#1"},"east":{"uv":[0,8,1.5,9],"texture":"#1"},"south":{"uv":[0,8,2.0625,9],"texture":"#1"},"west":{"uv":[0,8,1.5,9],"texture":"#1"},"up":{"uv":[0,8,2.0625,9.5],"texture":"#1"},"down":{"uv":[0,8,2.0625,9.5],"texture":"#1"}}},{"from":[14.125,9.5,3.75],"to":[15.125,9.75,4.75],"rotation":{"angle":22.5,"axis":"z","origin":[14.125,9.75,3.75]},"faces":{"north":{"uv":[7,15,8,16],"texture":"#0"},"east":{"uv":[7,15,8,16],"texture":"#0"},"south":{"uv":[7,15,8,16],"texture":"#0"},"west":{"uv":[7,15,8,16],"texture":"#0"},"up":{"uv":[7,15,8,16],"texture":"#0"},"down":{"uv":[7,15,8,16],"texture":"#0"}}},{"from":[10.25,8.3125,3.75],"to":[11.6875,10.4375,4.75],"rotation":{"angle":-45,"axis":"z","origin":[10.25,10.4375,3.75]},"faces":{"north":{"uv":[1,10,3.125,11],"rotation":90,"texture":"#1"},"east":{"uv":[1,10,3.125,11],"rotation":90,"texture":"#1"},"south":{"uv":[1,10,3.125,11],"rotation":90,"texture":"#1"},"west":{"uv":[1,10,3.125,11],"rotation":90,"texture":"#1"},"up":{"uv":[1,10,3.125,11],"rotation":90,"texture":"#1"},"down":{"uv":[1,10,3.125,11],"rotation":90,"texture":"#1"}}},{"from":[13.5625,12,3.8125],"to":[14.0625,13,4.75],"rotation":{"angle":45,"axis":"z","origin":[13.5625,13,3.8125]},"faces":{"north":{"uv":[8,4,15,7],"rotation":180,"texture":"#1"},"east":{"uv":[8,4,15,7],"rotation":180,"texture":"#1"},"south":{"uv":[8,4,15,7],"rotation":180,"texture":"#1"},"west":{"uv":[8,4,15,7],"rotation":180,"texture":"#1"},"up":{"uv":[8,4,15,7],"rotation":180,"texture":"#1"},"down":{"uv":[8,4,15,7],"rotation":180,"texture":"#1"}}},{"from":[4.5,12,4.0625],"to":[5,12.6875,4.4375],"faces":{"north":{"uv":[0,8,0.5,8.6875],"texture":"#1"},"east":{"uv":[0,8,0.375,8.6875],"texture":"#1"},"south":{"uv":[0,8,0.5,8.6875],"texture":"#1"},"west":{"uv":[0,8,0.375,8.6875],"texture":"#1"},"up":{"uv":[0,8,0.5,8.375],"texture":"#1"},"down":{"uv":[0,8,0.5,8.375],"texture":"#1"}}},{"from":[3,11.25,4],"to":[3.375,11.875,4.5625],"rotation":{"angle":-45,"axis":"z","origin":[3,11.875,4]},"faces":{"north":{"uv":[8,4,15,7],"texture":"#1"},"east":{"uv":[8,4,15,7],"texture":"#1"},"south":{"uv":[8,4,15,7],"texture":"#1"},"west":{"uv":[8,4,15,7],"texture":"#1"},"up":{"uv":[8,4,15,7],"texture":"#1"},"down":{"uv":[8,4,15,7],"texture":"#1"}}}],"display":{"thirdperson_righthand":{"rotation":[95,-90,85],"translation":[-5.86,-3.02,-5.48],"scale":[1.4,1.4,1.4]},"thirdperson_lefthand":{"rotation":[89,82,-78],"translation":[-7,-4.16,-5.29],"scale":[1.4,1.4,1.4]},"firstperson_righthand":{"rotation":[0,-92,0],"translation":[-4.91,-0.19,0],"scale":[0.79,1,1]},"firstperson_lefthand":{"rotation":[-3,90,0],"translation":[-5.5,1.5,5.5],"scale":[1.15,1,1]},"ground":{"rotation":[0,-7,-41],"translation":[-1.13,-3.59,3.97]},"gui":{"rotation":[-16,139,-4],"translation":[3.21,-3.78,0]},"head":{"rotation":[-4,-1,-33],"translation":[-8.69,-18.14,10.96],"scale":[2,2,2]},"fixed":{"rotation":[0,0,-34],"translation":[-3.4,-0.9,2.8]}}}