{"credit":"Made with Blockbench","textures":{"0":"ttp/qualityarmory/rgbsheet1","1":"ttp/qualityarmory/glasspanetexture","particle":"ttp/qualityarmory/rgbsheet1"},"elements":[{"from":[7,6.5,10.25],"to":[8,8,11.75],"faces":{"north":{"uv":[8,4,9,5],"texture":"#0"},"east":{"uv":[8,4,9,5],"texture":"#0"},"south":{"uv":[8,4,9,5],"texture":"#0"},"west":{"uv":[8,4,9,5],"texture":"#0"},"up":{"uv":[8,4,9,5],"texture":"#0"},"down":{"uv":[8,4,9,5],"texture":"#0"}}},{"from":[7,6.5,6.25],"to":[8,8,8.75],"faces":{"north":{"uv":[7,15,8,16],"texture":"#0"},"east":{"uv":[7,15,8,16],"texture":"#0"},"south":{"uv":[7,15,8,16],"texture":"#0"},"west":{"uv":[7,15,8,16],"texture":"#0"},"up":{"uv":[7,15,8,16],"texture":"#0"},"down":{"uv":[7,15,8,16],"texture":"#0"}}},{"from":[7,6.5,13.75],"to":[8,8,16.75],"faces":{"north":{"uv":[8,4,9,5],"texture":"#0"},"east":{"uv":[8,4,9,5],"texture":"#0"},"south":{"uv":[8,4,9,5],"texture":"#0"},"west":{"uv":[8,4,9,5],"texture":"#0"},"up":{"uv":[8,4,9,5],"texture":"#0"},"down":{"uv":[8,4,9,5],"texture":"#0"}}},{"from":[7,6.5,11.75],"to":[8,7,13.75],"faces":{"north":{"uv":[8,4,9,5],"texture":"#0"},"east":{"uv":[8,4,9,5],"texture":"#0"},"south":{"uv":[8,4,9,5],"texture":"#0"},"west":{"uv":[8,4,9,5],"texture":"#0"},"up":{"uv":[8,4,9,5],"texture":"#0"},"down":{"uv":[8,4,9,5],"texture":"#0"}}},{"from":[7,9,13.75],"to":[8,9.25,17],"faces":{"north":{"uv":[8,4,9,5],"texture":"#0"},"east":{"uv":[8,4,9,5],"texture":"#0"},"south":{"uv":[8,4,9,5],"texture":"#0"},"west":{"uv":[8,4,9,5],"texture":"#0"},"up":{"uv":[8,4,9,5],"texture":"#0"},"down":{"uv":[8,4,9,5],"texture":"#0"}}},{"from":[7,7,16.75],"to":[8,9,17],"faces":{"north":{"uv":[7,15,8,16],"texture":"#0"},"east":{"uv":[7,15,8,16],"texture":"#0"},"south":{"uv":[7,15,8,16],"texture":"#0"},"west":{"uv":[7,15,8,16],"texture":"#0"},"up":{"uv":[7,15,8,16],"texture":"#0"},"down":{"uv":[7,15,8,16],"texture":"#0"}}},{"from":[7,8,10.75],"to":[8,9,16.75],"faces":{"north":{"uv":[8,4,9,5],"texture":"#0"},"east":{"uv":[8,4,9,5],"texture":"#0"},"south":{"uv":[8,4,9,5],"texture":"#0"},"west":{"uv":[8,4,9,5],"texture":"#0"},"up":{"uv":[8,4,9,5],"texture":"#0"},"down":{"uv":[8,4,9,5],"texture":"#0"}}},{"from":[6.75,8,11],"to":[8.25,9.25,12],"faces":{"north":{"uv":[8,4,9,5],"texture":"#0"},"east":{"uv":[8,4,9,5],"texture":"#0"},"south":{"uv":[8,4,9,5],"texture":"#0"},"west":{"uv":[8,4,9,5],"texture":"#0"},"up":{"uv":[8,4,9,5],"texture":"#0"},"down":{"uv":[8,4,9,5],"texture":"#0"}}},{"from":[6.75,8,3.5],"to":[8.25,8.25,7],"faces":{"north":{"uv":[8,4,9,5],"texture":"#0"},"east":{"uv":[8,4,9,5],"texture":"#0"},"south":{"uv":[8,4,9,5],"texture":"#0"},"west":{"uv":[8,4,9,5],"texture":"#0"},"up":{"uv":[8,4,9,5],"texture":"#0"},"down":{"uv":[8,4,9,5],"texture":"#0"}}},{"from":[6.5,8,6.25],"to":[8.5,9.75,11],"faces":{"north":{"uv":[8,4,9,5],"texture":"#0"},"east":{"uv":[8,4,9,5],"texture":"#0"},"south":{"uv":[8,4,9,5],"texture":"#0"},"west":{"uv":[8,4,9,5],"texture":"#0"},"up":{"uv":[8,4,9,5],"texture":"#0"},"down":{"uv":[8,4,9,5],"texture":"#0"}}},{"name":"legs","from":[8,5,3.25],"to":[8.25,8.75,3.75],"rotation":{"angle":22.5,"axis":"z","origin":[8.125,7.875,3.375]},"faces":{"north":{"uv":[7,15,8,16],"texture":"#0"},"east":{"uv":[7,15,8,16],"texture":"#0"},"south":{"uv":[7,15,8,16],"texture":"#0"},"west":{"uv":[7,15,8,16],"texture":"#0"},"up":{"uv":[7,15,8,16],"texture":"#0"},"down":{"uv":[7,15,8,16],"texture":"#0"}}},{"name":"legs","from":[6.75,5,3.25],"to":[7,8.75,3.75],"rotation":{"angle":-22.5,"axis":"z","origin":[6.875,7.875,3.375]},"faces":{"north":{"uv":[7,15,8,16],"texture":"#0"},"east":{"uv":[7,15,8,16],"texture":"#0"},"south":{"uv":[7,15,8,16],"texture":"#0"},"west":{"uv":[7,15,8,16],"texture":"#0"},"up":{"uv":[7,15,8,16],"texture":"#0"},"down":{"uv":[7,15,8,16],"texture":"#0"}}},{"from":[7,9,3.5],"to":[8,10.1,10.25],"faces":{"north":{"uv":[8,4,9,5],"texture":"#0"},"east":{"uv":[8,4,9,5],"texture":"#0"},"south":{"uv":[8,4,9,5],"texture":"#0"},"west":{"uv":[8,4,9,5],"texture":"#0"},"up":{"uv":[8,4,9,5],"texture":"#0"},"down":{"uv":[8,4,9,5],"texture":"#0"}}},{"from":[6.5,8.25,3],"to":[8.5,9.75,6.25],"faces":{"north":{"uv":[8,4,9,5],"texture":"#0"},"east":{"uv":[8,4,9,5],"texture":"#0"},"south":{"uv":[8,4,9,5],"texture":"#0"},"west":{"uv":[8,4,9,5],"texture":"#0"},"up":{"uv":[8,4,9,5],"texture":"#0"},"down":{"uv":[8,4,9,5],"texture":"#0"}}},{"from":[8,9.75,8.75],"to":[8.25,10.5,9],"faces":{"north":{"uv":[7,15,8,16],"texture":"#0"},"east":{"uv":[7,15,8,16],"texture":"#0"},"south":{"uv":[7,15,8,16],"texture":"#0"},"west":{"uv":[7,15,8,16],"texture":"#0"},"up":{"uv":[7,15,8,16],"texture":"#0"},"down":{"uv":[7,15,8,16],"texture":"#0"}}},{"from":[7.75,9.75,5.75],"to":[8,10.5,6],"faces":{"north":{"uv":[7,15,8,16],"texture":"#0"},"east":{"uv":[7,15,8,16],"texture":"#0"},"south":{"uv":[7,15,8,16],"texture":"#0"},"west":{"uv":[7,15,8,16],"texture":"#0"},"up":{"uv":[7,15,8,16],"texture":"#0"},"down":{"uv":[7,15,8,16],"texture":"#0"}}},{"from":[6.75,9.75,5.75],"to":[7,10.5,6],"faces":{"north":{"uv":[7,15,8,16],"texture":"#0"},"east":{"uv":[7,15,8,16],"texture":"#0"},"south":{"uv":[7,15,8,16],"texture":"#0"},"west":{"uv":[7,15,8,16],"texture":"#0"},"up":{"uv":[7,15,8,16],"texture":"#0"},"down":{"uv":[7,15,8,16],"texture":"#0"}}},{"from":[6.75,9.75,8.75],"to":[7,10.5,9],"faces":{"north":{"uv":[7,15,8,16],"texture":"#0"},"east":{"uv":[7,15,8,16],"texture":"#0"},"south":{"uv":[7,15,8,16],"texture":"#0"},"west":{"uv":[7,15,8,16],"texture":"#0"},"up":{"uv":[7,15,8,16],"texture":"#0"},"down":{"uv":[7,15,8,16],"texture":"#0"}}},{"from":[7,10.25,4],"to":[8,10.5,10],"faces":{"north":{"uv":[7,15,8,16],"texture":"#0"},"east":{"uv":[7,15,8,16],"texture":"#0"},"south":{"uv":[7,15,8,16],"texture":"#0"},"west":{"uv":[7,15,8,16],"texture":"#0"},"up":{"uv":[7,15,8,16],"texture":"#0"},"down":{"uv":[7,15,8,16],"texture":"#0"}}},{"from":[7.45,10.5,4],"to":[7.55,11,5.25],"faces":{"north":{"uv":[7,15,8,16],"texture":"#0"},"east":{"uv":[7,15,8,16],"texture":"#0"},"south":{"uv":[7,15,8,16],"texture":"#0"},"west":{"uv":[7,15,8,16],"texture":"#0"},"up":{"uv":[7,15,8,16],"texture":"#0"},"down":{"uv":[7,15,8,16],"texture":"#0"}}},{"from":[7,11.75,4],"to":[8,12,5.25],"faces":{"north":{"uv":[7,15,8,16],"texture":"#0"},"east":{"uv":[7,15,8,16],"texture":"#0"},"south":{"uv":[7,15,8,16],"texture":"#0"},"west":{"uv":[7,15,8,16],"texture":"#0"},"up":{"uv":[7,15,8,16],"texture":"#0"},"down":{"uv":[7,15,8,16],"texture":"#0"}}},{"from":[7,11.5,4],"to":[8,11.75,10],"faces":{"north":{"uv":[7,15,8,16],"texture":"#0"},"east":{"uv":[7,15,8,16],"texture":"#0"},"south":{"uv":[7,15,8,16],"texture":"#0"},"west":{"uv":[7,15,8,16],"texture":"#0"},"up":{"uv":[7,15,8,16],"texture":"#0"},"down":{"uv":[7,15,8,16],"texture":"#0"}}},{"from":[8,10.5,4],"to":[8.25,11.5,10],"faces":{"north":{"uv":[7,15,8,16],"texture":"#0"},"east":{"uv":[7,15,8,16],"texture":"#0"},"south":{"uv":[7,15,8,16],"texture":"#0"},"west":{"uv":[7,15,8,16],"texture":"#0"},"up":{"uv":[7,15,8,16],"texture":"#0"},"down":{"uv":[7,15,8,16],"texture":"#0"}}},{"from":[8.25,10.5,4],"to":[8.5,11.5,5],"faces":{"north":{"uv":[7,15,8,16],"texture":"#0"},"east":{"uv":[7,15,8,16],"texture":"#0"},"south":{"uv":[7,15,8,16],"texture":"#0"},"west":{"uv":[7,15,8,16],"texture":"#0"},"up":{"uv":[7,15,8,16],"texture":"#0"},"down":{"uv":[7,15,8,16],"texture":"#0"}}},{"from":[6.5,10.5,4],"to":[6.75,11.5,5],"faces":{"north":{"uv":[7,15,8,16],"texture":"#0"},"east":{"uv":[7,15,8,16],"texture":"#0"},"south":{"uv":[7,15,8,16],"texture":"#0"},"west":{"uv":[7,15,8,16],"texture":"#0"},"up":{"uv":[7,15,8,16],"texture":"#0"},"down":{"uv":[7,15,8,16],"texture":"#0"}}},{"from":[6.75,10.5,4],"to":[7,11.5,10],"faces":{"north":{"uv":[7,15,8,16],"texture":"#0"},"east":{"uv":[7,15,8,16],"texture":"#0"},"south":{"uv":[7,15,8,16],"texture":"#0"},"west":{"uv":[7,15,8,16],"texture":"#0"},"up":{"uv":[7,15,8,16],"texture":"#0"},"down":{"uv":[7,15,8,16],"texture":"#0"}}},{"from":[7,9.25,-5],"to":[8,9.5,3],"rotation":{"angle":22.5,"axis":"z","origin":[7.5,9.375,-1]},"faces":{"north":{"uv":[7,15,8,16],"texture":"#0"},"east":{"uv":[7,15,8,16],"texture":"#0"},"south":{"uv":[7,15,8,16],"texture":"#0"},"west":{"uv":[7,15,8,16],"texture":"#0"},"up":{"uv":[7,15,8,16],"texture":"#0"},"down":{"uv":[7,15,8,16],"texture":"#0"}}},{"from":[7,9.25,-6],"to":[8,9.5,-5],"rotation":{"angle":22.5,"axis":"z","origin":[7.5,9.375,-5.5]},"faces":{"north":{"uv":[7,15,8,16],"texture":"#0"},"east":{"uv":[7,15,8,16],"texture":"#0"},"south":{"uv":[7,15,8,16],"texture":"#0"},"west":{"uv":[7,15,8,16],"texture":"#0"},"up":{"uv":[7,15,8,16],"texture":"#0"},"down":{"uv":[7,15,8,16],"texture":"#0"}}},{"from":[7,9.25,-5],"to":[8,9.5,3],"rotation":{"angle":-45,"axis":"z","origin":[7.5,9.375,-1]},"faces":{"north":{"uv":[7,15,8,16],"texture":"#0"},"east":{"uv":[7,15,8,16],"texture":"#0"},"south":{"uv":[7,15,8,16],"texture":"#0"},"west":{"uv":[7,15,8,16],"texture":"#0"},"up":{"uv":[7,15,8,16],"texture":"#0"},"down":{"uv":[7,15,8,16],"texture":"#0"}}},{"from":[7,9.25,-6],"to":[8,9.5,-5],"rotation":{"angle":-45,"axis":"z","origin":[7.5,9.375,-5.5]},"faces":{"north":{"uv":[7,15,8,16],"texture":"#0"},"east":{"uv":[7,15,8,16],"texture":"#0"},"south":{"uv":[7,15,8,16],"texture":"#0"},"west":{"uv":[7,15,8,16],"texture":"#0"},"up":{"uv":[7,15,8,16],"texture":"#0"},"down":{"uv":[7,15,8,16],"texture":"#0"}}},{"from":[7,9.25,-5],"to":[8,9.5,3],"rotation":{"angle":-22.5,"axis":"z","origin":[7.5,9.375,-1]},"faces":{"north":{"uv":[7,15,8,16],"texture":"#0"},"east":{"uv":[7,15,8,16],"texture":"#0"},"south":{"uv":[7,15,8,16],"texture":"#0"},"west":{"uv":[7,15,8,16],"texture":"#0"},"up":{"uv":[7,15,8,16],"texture":"#0"},"down":{"uv":[7,15,8,16],"texture":"#0"}}},{"from":[7,9.25,-6],"to":[8,9.5,-5],"rotation":{"angle":-22.5,"axis":"z","origin":[7.5,9.375,-5.5]},"faces":{"north":{"uv":[7,15,8,16],"texture":"#0"},"east":{"uv":[7,15,8,16],"texture":"#0"},"south":{"uv":[7,15,8,16],"texture":"#0"},"west":{"uv":[7,15,8,16],"texture":"#0"},"up":{"uv":[7,15,8,16],"texture":"#0"},"down":{"uv":[7,15,8,16],"texture":"#0"}}},{"from":[7.25,9.25,-5],"to":[7.75,9.75,3],"faces":{"north":{"uv":[7,15,8,16],"texture":"#0"},"east":{"uv":[7,15,8,16],"texture":"#0"},"south":{"uv":[7,15,8,16],"texture":"#0"},"west":{"uv":[7,15,8,16],"texture":"#0"},"up":{"uv":[7,15,8,16],"texture":"#0"},"down":{"uv":[7,15,8,16],"texture":"#0"}}},{"from":[7.25,8.75,-6],"to":[7.75,10,-5],"faces":{"north":{"uv":[7,15,8,16],"texture":"#0"},"east":{"uv":[7,15,8,16],"texture":"#0"},"south":{"uv":[7,15,8,16],"texture":"#0"},"west":{"uv":[7,15,8,16],"texture":"#0"},"up":{"uv":[7,15,8,16],"texture":"#0"},"down":{"uv":[7,15,8,16],"texture":"#0"}}},{"from":[7,9.25,-5],"to":[8,9.5,3],"faces":{"north":{"uv":[7,15,8,16],"texture":"#0"},"east":{"uv":[7,15,8,16],"texture":"#0"},"south":{"uv":[7,15,8,16],"texture":"#0"},"west":{"uv":[7,15,8,16],"texture":"#0"},"up":{"uv":[7,15,8,16],"texture":"#0"},"down":{"uv":[7,15,8,16],"texture":"#0"}}},{"from":[6.75,9.25,-6],"to":[8.25,9.5,-5],"faces":{"north":{"uv":[7,15,8,16],"texture":"#0"},"east":{"uv":[7,15,8,16],"texture":"#0"},"south":{"uv":[7,15,8,16],"texture":"#0"},"west":{"uv":[7,15,8,16],"texture":"#0"},"up":{"uv":[7,15,8,16],"texture":"#0"},"down":{"uv":[7,15,8,16],"texture":"#0"}}},{"from":[7,9.25,-5],"to":[8,9.5,3],"rotation":{"angle":45,"axis":"z","origin":[7.5,9.375,-1]},"faces":{"north":{"uv":[7,15,8,16],"texture":"#0"},"east":{"uv":[7,15,8,16],"texture":"#0"},"south":{"uv":[7,15,8,16],"texture":"#0"},"west":{"uv":[7,15,8,16],"texture":"#0"},"up":{"uv":[7,15,8,16],"texture":"#0"},"down":{"uv":[7,15,8,16],"texture":"#0"}}},{"from":[7,9.25,-6],"to":[8,9.5,-5],"rotation":{"angle":45,"axis":"z","origin":[7.5,9.375,-5.5]},"faces":{"north":{"uv":[7,15,8,16],"texture":"#0"},"east":{"uv":[7,15,8,16],"texture":"#0"},"south":{"uv":[7,15,8,16],"texture":"#0"},"west":{"uv":[7,15,8,16],"texture":"#0"},"up":{"uv":[7,15,8,16],"texture":"#0"},"down":{"uv":[7,15,8,16],"texture":"#0"}}},{"from":[7,10.5,4],"to":[8,11.5,4.25],"faces":{"north":{"uv":[3,3,13,13],"texture":"#1"},"east":{"uv":[3,3,13,13],"texture":"#1"},"south":{"uv":[3,3,13,13],"texture":"#1"},"west":{"uv":[3,3,13,13],"texture":"#1"},"up":{"uv":[3,3,13,13],"texture":"#1"},"down":{"uv":[3,3,13,13],"texture":"#1"}}}],"display":{"thirdperson_lefthand":{"translation":[-12.5,0,0]},"firstperson_lefthand":{"translation":[-9.51,5.35,8.25],"scale":[1,1,0.56]},"gui":{"rotation":[47,-40,48],"translation":[-1.5,-1.5,0],"scale":[1,1,0.85]},"fixed":{"rotation":[-93,134,89],"translation":[0,-1.25,-1.5]}},"groups":[0,1,2,3,4,5,6,7,8,9,10,11,12,13,14,15,16,17,18,19,20,21,22,23,24,25,26,27,28,29,30,31,32,33,34,35,36,37,{"name":"group","origin":[8,8,8],"children":[38]}]}