{"credit":"Made with Blockbench","textures":{"0":"ttp/qualityarmory/rgbsheet1","1":"ttp/qualityarmory/texturedmaterials1","particle":"ttp/qualityarmory/rgbsheet1"},"elements":[{"from":[1.75,11.25,4],"to":[5.5,11.375,4.5],"faces":{"north":{"uv":[0,4,8,8],"texture":"#1"},"east":{"uv":[0,4,8,8],"texture":"#1"},"south":{"uv":[0,4,8,8],"texture":"#1"},"west":{"uv":[0,4,8,8],"texture":"#1"},"up":{"uv":[0,4,8,8],"texture":"#1"},"down":{"uv":[0,4,8,8],"texture":"#1"}}},{"from":[2.4375,8.5625,4],"to":[3.6875,8.8125,4.5],"rotation":{"angle":0,"axis":"z","origin":[2.9375,8.3125,3.75]},"faces":{"north":{"uv":[0,4,8,8],"texture":"#1"},"east":{"uv":[0,4,8,8],"texture":"#1"},"south":{"uv":[0,4,8,8],"texture":"#1"},"west":{"uv":[0,4,8,8],"texture":"#1"},"up":{"uv":[0,4,8,8],"texture":"#1"},"down":{"uv":[0,4,8,8],"texture":"#1"}}},{"from":[3.6875,8.8125,4],"to":[3.9375,10.0625,4.5],"rotation":{"angle":0,"axis":"z","origin":[2.9375,8.3125,3.75]},"faces":{"north":{"uv":[0,4,8,8],"texture":"#1"},"east":{"uv":[0,4,8,8],"texture":"#1"},"south":{"uv":[0,4,8,8],"texture":"#1"},"west":{"uv":[0,4,8,8],"texture":"#1"},"up":{"uv":[0,4,8,8],"texture":"#1"},"down":{"uv":[0,4,8,8],"texture":"#1"}}},{"from":[0.9375,7.5625,3.75],"to":[2.6875,10.5625,4.75],"rotation":{"angle":-22.5,"axis":"z","origin":[1.6875,8.5625,3.75]},"faces":{"north":{"uv":[0,4,8,8],"texture":"#1"},"east":{"uv":[0,4,8,8],"texture":"#1"},"south":{"uv":[0,4,8,8],"texture":"#1"},"west":{"uv":[0,4,8,8],"texture":"#1"},"up":{"uv":[0,4,8,8],"texture":"#1"},"down":{"uv":[0,4,8,8],"texture":"#1"}}},{"from":[0.9375,9.125,3.75],"to":[1.875,10.875,4.75],"rotation":{"angle":22.5,"axis":"z","origin":[0.9375,10.875,3.75]},"faces":{"north":{"uv":[0,4,8,8],"texture":"#1"},"east":{"uv":[0,4,8,8],"texture":"#1"},"south":{"uv":[0,4,8,8],"texture":"#1"},"west":{"uv":[0,4,8,8],"texture":"#1"},"up":{"uv":[0,4,8,8],"texture":"#1"},"down":{"uv":[0,4,8,8],"texture":"#1"}}},{"from":[-3.25,7,3.749],"to":[-2.25,11.25,4.769],"faces":{"north":{"uv":[0,4,8,8],"texture":"#1"},"east":{"uv":[0,4,8,8],"texture":"#1"},"south":{"uv":[0,4,8,8],"texture":"#1"},"west":{"uv":[0,4,8,8],"texture":"#1"},"up":{"uv":[0,4,8,8],"texture":"#1"},"down":{"uv":[0,4,8,8],"texture":"#1"}}},{"from":[-2.25,7,3.749],"to":[2.25,8.25,4.769],"faces":{"north":{"uv":[0,4,8,8],"texture":"#1"},"east":{"uv":[0,4,8,8],"texture":"#1"},"south":{"uv":[0,4,8,8],"texture":"#1"},"west":{"uv":[0,4,8,8],"texture":"#1"},"up":{"uv":[0,4,8,8],"texture":"#1"},"down":{"uv":[0,4,8,8],"texture":"#1"}}},{"from":[-2.25,9.5,3.749],"to":[1.5,11.25,4.769],"faces":{"north":{"uv":[0,4,8,8],"texture":"#1"},"east":{"uv":[0,4,8,8],"texture":"#1"},"south":{"uv":[0,4,8,8],"texture":"#1"},"west":{"uv":[0,4,8,8],"texture":"#1"},"up":{"uv":[0,4,8,8],"texture":"#1"},"down":{"uv":[0,4,8,8],"texture":"#1"}}},{"from":[11.25,10.25,3.749],"to":[13,11.25,4.769],"faces":{"north":{"uv":[0,4,8,8],"texture":"#1"},"east":{"uv":[0,4,8,8],"texture":"#1"},"south":{"uv":[0,4,8,8],"texture":"#1"},"west":{"uv":[0,4,8,8],"texture":"#1"},"up":{"uv":[0,4,8,8],"texture":"#1"},"down":{"uv":[0,4,8,8],"texture":"#1"}}},{"from":[8.75,10,3.749],"to":[11.25,11.25,4.769],"faces":{"north":{"uv":[0,4,8,8],"texture":"#1"},"east":{"uv":[0,4,8,8],"texture":"#1"},"south":{"uv":[0,4,8,8],"texture":"#1"},"west":{"uv":[0,4,8,8],"texture":"#1"},"up":{"uv":[0,4,8,8],"texture":"#1"},"down":{"uv":[0,4,8,8],"texture":"#1"}}},{"from":[5.25,9.5,3.999],"to":[8.75,11.25,4.519],"faces":{"north":{"uv":[0,4,8,8],"texture":"#1"},"east":{"uv":[0,4,8,8],"texture":"#1"},"south":{"uv":[0,4,8,8],"texture":"#1"},"west":{"uv":[0,4,8,8],"texture":"#1"},"up":{"uv":[0,4,8,8],"texture":"#1"},"down":{"uv":[0,4,8,8],"texture":"#1"}}},{"from":[1.75,9.5,3.749],"to":[8.75,10,4.769],"faces":{"north":{"uv":[0,4,8,8],"texture":"#1"},"east":{"uv":[0,4,8,8],"texture":"#1"},"south":{"uv":[0,4,8,8],"texture":"#1"},"west":{"uv":[0,4,8,8],"texture":"#1"},"up":{"uv":[0,4,8,8],"texture":"#1"},"down":{"uv":[0,4,8,8],"texture":"#1"}}},{"from":[1.75,9.5,3.999],"to":[5.25,11.25,4.519],"faces":{"north":{"uv":[0,4,8,8],"texture":"#1"},"east":{"uv":[0,4,8,8],"texture":"#1"},"south":{"uv":[0,4,8,8],"texture":"#1"},"west":{"uv":[0,4,8,8],"texture":"#1"},"up":{"uv":[0,4,8,8],"texture":"#1"},"down":{"uv":[0,4,8,8],"texture":"#1"}}},{"name":"barrwel","from":[10.75,9.5,4],"to":[12,10,4.5],"faces":{"north":{"uv":[9,4,13,6],"texture":"#1"},"east":{"uv":[9,4,13,6],"texture":"#1"},"south":{"uv":[9,4,13,6],"texture":"#1"},"west":{"uv":[9,4,13,6],"texture":"#1"},"up":{"uv":[9,4,13,6],"texture":"#1"},"down":{"uv":[9,4,13,6],"texture":"#1"}}},{"name":"barrwel","from":[13,10.5,4],"to":[14.25,11,4.5],"faces":{"north":{"uv":[9,4,13,6],"texture":"#1"},"east":{"uv":[9,4,13,6],"texture":"#1"},"south":{"uv":[9,4,13,6],"texture":"#1"},"west":{"uv":[9,4,13,6],"texture":"#1"},"up":{"uv":[9,4,13,6],"texture":"#1"},"down":{"uv":[9,4,13,6],"texture":"#1"}}},{"name":"Silverstuff","from":[8.25,9.25,3.5],"to":[10.75,10.03,5],"faces":{"north":{"uv":[0,4,8,8],"texture":"#1"},"east":{"uv":[0,4,8,8],"texture":"#1"},"south":{"uv":[0,4,8,8],"texture":"#1"},"west":{"uv":[0,4,8,8],"texture":"#1"},"up":{"uv":[0,4,8,8],"texture":"#1"},"down":{"uv":[0,4,8,8],"texture":"#1"}}},{"name":"Silverstuff","from":[11.25,11.5,3.72],"to":[12,12.25,4.73],"rotation":{"angle":-22.5,"axis":"z","origin":[10.625,12,4.25]},"faces":{"north":{"uv":[0,8,0.75,8.75],"texture":"#1"},"east":{"uv":[0,8,1.01,8.75],"texture":"#1"},"south":{"uv":[0,8,0.75,8.75],"texture":"#1"},"west":{"uv":[0,8,1.01,8.75],"texture":"#1"},"up":{"uv":[0,8,0.75,9.01],"texture":"#1"},"down":{"uv":[0,8,0.75,9.01],"texture":"#1"}}},{"name":"Silverstuff","from":[12,12,3.72],"to":[12.75,12.25,4.73],"rotation":{"angle":-22.5,"axis":"z","origin":[10.625,12,4.25]},"faces":{"north":{"uv":[0,8,0.75,8.25],"texture":"#1"},"east":{"uv":[0,8,1.01,8.25],"texture":"#1"},"south":{"uv":[0,8,0.75,8.25],"texture":"#1"},"west":{"uv":[0,8,1.01,8.25],"texture":"#1"},"up":{"uv":[0,8,0.75,9.01],"texture":"#1"},"down":{"uv":[0,8,0.75,9.01],"texture":"#1"}}},{"name":"Silverstuff","from":[10.5,11.25,3.72],"to":[11.25,12.25,4.73],"rotation":{"angle":-22.5,"axis":"z","origin":[10.625,12,4.25]},"faces":{"north":{"uv":[0,8,0.75,9],"texture":"#1"},"east":{"uv":[0,8,1.01,9],"texture":"#1"},"south":{"uv":[0,8,0.75,9],"texture":"#1"},"west":{"uv":[0,8,1.01,9],"texture":"#1"},"up":{"uv":[0,8,0.75,9.01],"texture":"#1"},"down":{"uv":[0,8,0.75,9.01],"texture":"#1"}}},{"name":"Silverstuff","from":[9.5,11,3.72],"to":[10.5,12.25,4.73],"rotation":{"angle":-22.5,"axis":"z","origin":[10.625,12,4.25]},"faces":{"north":{"uv":[0,8,1,9.25],"texture":"#1"},"east":{"uv":[0,8,1.01,9.25],"texture":"#1"},"south":{"uv":[0,8,1,9.25],"texture":"#1"},"west":{"uv":[0,8,1.01,9.25],"texture":"#1"},"up":{"uv":[0,8,1,9.01],"texture":"#1"},"down":{"uv":[0,8,1,9.01],"texture":"#1"}}},{"name":"Silverstuff","from":[4.5,11,3.8],"to":[6.75,11.75,4.7],"faces":{"north":{"uv":[0,4,8,8],"texture":"#1"},"east":{"uv":[0,4,8,8],"texture":"#1"},"south":{"uv":[0,4,8,8],"texture":"#1"},"west":{"uv":[0,4,8,8],"texture":"#1"},"up":{"uv":[0,4,8,8],"texture":"#1"},"down":{"uv":[0,4,8,8],"texture":"#1"}}},{"name":"Silverstuff","from":[4.75,11.75,3.8],"to":[6.75,12.5,4.7],"faces":{"north":{"uv":[0,8,2,8.75],"texture":"#1"},"east":{"uv":[0,8,0.9,8.75],"texture":"#1"},"south":{"uv":[0,8,2,8.75],"texture":"#1"},"west":{"uv":[0,8,0.9,8.75],"texture":"#1"},"up":{"uv":[0,8,2,8.9],"texture":"#1"},"down":{"uv":[0,8,2,8.9],"texture":"#1"}}},{"name":"Silverstuff","from":[6.75,11.25,3.75],"to":[9.75,12.65,4.75],"faces":{"north":{"uv":[0,8,3,9.4],"texture":"#1"},"east":{"uv":[0,8,1,9.4],"texture":"#1"},"south":{"uv":[0,8,3,9.4],"texture":"#1"},"west":{"uv":[0,8,1,9.4],"texture":"#1"},"up":{"uv":[0,8,3,9],"texture":"#1"},"down":{"uv":[0,8,3,9],"texture":"#1"}}},{"name":"Silverstuff","from":[5.5,11.25,4],"to":[13,11.35,4.5],"faces":{"north":{"uv":[8,15,9,16],"texture":"#0"},"east":{"uv":[8,15,9,16],"texture":"#0"},"south":{"uv":[8,15,9,16],"texture":"#0"},"west":{"uv":[8,15,9,16],"texture":"#0"},"up":{"uv":[8,15,9,16],"texture":"#0"},"down":{"uv":[8,15,9,16],"texture":"#0"}}},{"name":"Silverstuff","from":[4.71,11.85,4.3],"to":[4.76,12.08,4.35],"faces":{"north":{"uv":[1,4,2,5],"texture":"#0"},"east":{"uv":[1,4,2,5],"texture":"#0"},"south":{"uv":[1,4,2,5],"texture":"#0"},"west":{"uv":[1,4,2,5],"texture":"#0"},"up":{"uv":[1,4,2,5],"texture":"#0"},"down":{"uv":[1,4,2,5],"texture":"#0"}}},{"name":"Silverstuff","from":[4.71,12.3,4.3],"to":[4.76,12.35,4.5],"faces":{"north":{"uv":[1,4,2,5],"texture":"#0"},"east":{"uv":[1,4,2,5],"texture":"#0"},"south":{"uv":[1,4,2,5],"texture":"#0"},"west":{"uv":[1,4,2,5],"texture":"#0"},"up":{"uv":[1,4,2,5],"texture":"#0"},"down":{"uv":[1,4,2,5],"texture":"#0"}}},{"name":"Silverstuff","from":[4.71,12.3,4],"to":[4.76,12.35,4.2],"faces":{"north":{"uv":[1,4,2,5],"texture":"#0"},"east":{"uv":[1,4,2,5],"texture":"#0"},"south":{"uv":[1,4,2,5],"texture":"#0"},"west":{"uv":[1,4,2,5],"texture":"#0"},"up":{"uv":[1,4,2,5],"texture":"#0"},"down":{"uv":[1,4,2,5],"texture":"#0"}}},{"name":"Silverstuff","from":[4.71,12.1,4],"to":[4.76,12.15,4.2],"faces":{"north":{"uv":[1,4,2,5],"texture":"#0"},"east":{"uv":[1,4,2,5],"texture":"#0"},"south":{"uv":[1,4,2,5],"texture":"#0"},"west":{"uv":[1,4,2,5],"texture":"#0"},"up":{"uv":[1,4,2,5],"texture":"#0"},"down":{"uv":[1,4,2,5],"texture":"#0"}}},{"name":"Silverstuff","from":[4.71,11.85,4],"to":[4.76,11.9,4.2],"faces":{"north":{"uv":[1,4,2,5],"texture":"#0"},"east":{"uv":[1,4,2,5],"texture":"#0"},"south":{"uv":[1,4,2,5],"texture":"#0"},"west":{"uv":[1,4,2,5],"texture":"#0"},"up":{"uv":[1,4,2,5],"texture":"#0"},"down":{"uv":[1,4,2,5],"texture":"#0"}}},{"name":"Silverstuff","from":[4.71,11.85,4.3],"to":[4.76,11.9,4.5],"faces":{"north":{"uv":[1,4,2,5],"texture":"#0"},"east":{"uv":[1,4,2,5],"texture":"#0"},"south":{"uv":[1,4,2,5],"texture":"#0"},"west":{"uv":[1,4,2,5],"texture":"#0"},"up":{"uv":[1,4,2,5],"texture":"#0"},"down":{"uv":[1,4,2,5],"texture":"#0"}}},{"name":"Silverstuff","from":[4.71,12.07,4.3],"to":[4.76,12.12,4.5],"faces":{"north":{"uv":[1,4,2,5],"texture":"#0"},"east":{"uv":[1,4,2,5],"texture":"#0"},"south":{"uv":[1,4,2,5],"texture":"#0"},"west":{"uv":[1,4,2,5],"texture":"#0"},"up":{"uv":[1,4,2,5],"texture":"#0"},"down":{"uv":[1,4,2,5],"texture":"#0"}}},{"name":"Silverstuff","from":[4.71,12.07,4.46],"to":[4.76,12.35,4.51],"faces":{"north":{"uv":[1,4,2,5],"texture":"#0"},"east":{"uv":[1,4,2,5],"texture":"#0"},"south":{"uv":[1,4,2,5],"texture":"#0"},"west":{"uv":[1,4,2,5],"texture":"#0"},"up":{"uv":[1,4,2,5],"texture":"#0"},"down":{"uv":[1,4,2,5],"texture":"#0"}}},{"name":"Silverstuff","from":[4.71,11.85,4.16],"to":[4.76,12.35,4.21],"faces":{"north":{"uv":[1,4,2,5],"texture":"#0"},"east":{"uv":[1,4,2,5],"texture":"#0"},"south":{"uv":[1,4,2,5],"texture":"#0"},"west":{"uv":[1,4,2,5],"texture":"#0"},"up":{"uv":[1,4,2,5],"texture":"#0"},"down":{"uv":[1,4,2,5],"texture":"#0"}}},{"name":"Silverstuff","from":[4.72,11.7,3.81],"to":[4.77,12.49,4.69],"faces":{"north":{"uv":[5,15,6,16],"texture":"#0"},"east":{"uv":[5,15,6,16],"texture":"#0"},"south":{"uv":[5,15,6,16],"texture":"#0"},"west":{"uv":[5,15,6,16],"texture":"#0"},"up":{"uv":[5,15,6,16],"texture":"#0"},"down":{"uv":[5,15,6,16],"texture":"#0"}}},{"name":"Silverstuff","from":[4.7,12.45,3.8],"to":[4.75,12.5,4.7],"faces":{"north":{"uv":[8,15,9,16],"texture":"#0"},"east":{"uv":[8,15,9,16],"texture":"#0"},"south":{"uv":[8,15,9,16],"texture":"#0"},"west":{"uv":[8,15,9,16],"texture":"#0"},"up":{"uv":[8,15,9,16],"texture":"#0"},"down":{"uv":[8,15,9,16],"texture":"#0"}}},{"name":"Silverstuff","from":[4.7,11.75,3.8],"to":[4.75,12.5,3.85],"faces":{"north":{"uv":[8,15,9,16],"texture":"#0"},"east":{"uv":[8,15,9,16],"texture":"#0"},"south":{"uv":[8,15,9,16],"texture":"#0"},"west":{"uv":[8,15,9,16],"texture":"#0"},"up":{"uv":[8,15,9,16],"texture":"#0"},"down":{"uv":[8,15,9,16],"texture":"#0"}}},{"name":"Silverstuff","from":[4.7,11.75,4.65],"to":[4.75,12.5,4.7],"faces":{"north":{"uv":[8,15,9,16],"texture":"#0"},"east":{"uv":[8,15,9,16],"texture":"#0"},"south":{"uv":[8,15,9,16],"texture":"#0"},"west":{"uv":[8,15,9,16],"texture":"#0"},"up":{"uv":[8,15,9,16],"texture":"#0"},"down":{"uv":[8,15,9,16],"texture":"#0"}}}],"display":{"thirdperson_righthand":{"rotation":[-34,91,31],"translation":[5.29,-3.4,-5.48],"scale":[1.17,1.51,1.57]},"thirdperson_lefthand":{"rotation":[28,-92,31],"translation":[-17,-3.5,-3.5],"scale":[1.075,1.51,1.57]},"firstperson_righthand":{"rotation":[0,87,-4],"translation":[-1.7,2.27,2.27],"scale":[1.0347,0.9651,1.0347]},"firstperson_lefthand":{"rotation":[0,-88,3],"translation":[-16,3,6],"scale":[0.675,0.95,1]},"ground":{"rotation":[92,0,0],"translation":[5,-5.5,-5],"scale":[1.5,1.5,1.5]},"gui":{"rotation":[6,45,22],"translation":[5,0.5,0]},"head":{"rotation":[0,-1,45],"translation":[6.43,-14.36,11.15],"scale":[2,2,2]},"fixed":{"rotation":[0,-180,40],"translation":[-2.65,-0.19,-4.72],"scale":[1.23,1.2,1.13]}},"groups":[0,1,2,3,4,5,6,7,8,9,10,11,12,13,14,15,16,17,18,19,20,21,22,23,{"name":"group","origin":[8,8,8],"children":[24,25,26,27,28,29,30,31,32,33,34,35,36]}]}