{"credit":"Made with Blockbench","textures":{"1":"ttp/qualityarmory/texturedmaterials2","2":"ttp/qualityarmory/texturedmaterials1","particle":"ttp/qualityarmory/rgbsheet1"},"elements":[{"name":"stock","from":[7.1,0.75,13.5],"to":[8.9,3.75,21.5],"faces":{"north":{"uv":[11,1,14,4],"rotation":270,"texture":"#2"},"east":{"uv":[11,1,14,4],"rotation":270,"texture":"#2"},"south":{"uv":[11,1,14,4],"rotation":270,"texture":"#2"},"west":{"uv":[11,1,14,4],"rotation":270,"texture":"#2"},"up":{"uv":[11,1,14,4],"rotation":270,"texture":"#2"},"down":{"uv":[11,1,14,4],"rotation":270,"texture":"#2"}}},{"name":"stock","from":[7.1,-2,8],"to":[8.9,6,11],"rotation":{"angle":-45,"axis":"x","origin":[8,6,10]},"faces":{"north":{"uv":[11,1,14,4],"texture":"#2"},"east":{"uv":[11,1,14,4],"texture":"#2"},"south":{"uv":[11,1,14,4],"texture":"#2"},"west":{"uv":[11,1,14,4],"texture":"#2"},"up":{"uv":[11,1,14,4],"texture":"#2"},"down":{"uv":[11,1,14,4],"texture":"#2"}}},{"name":"gold","from":[7,4.25,4.25],"to":[9,6.5,6],"faces":{"north":{"uv":[11,1,15,4],"texture":"#1"},"east":{"uv":[11,1,15,4],"texture":"#1"},"south":{"uv":[11,1,15,4],"texture":"#1"},"west":{"uv":[11,1,15,4],"texture":"#1"},"up":{"uv":[11,1,15,4],"texture":"#1"},"down":{"uv":[11,1,15,4],"texture":"#1"}}},{"name":"gold","from":[7.25,6.5,4.5],"to":[8.75,6.75,11.5],"faces":{"north":{"uv":[11,1,15,4],"texture":"#1"},"east":{"uv":[11,1,15,4],"texture":"#1"},"south":{"uv":[11,1,15,4],"texture":"#1"},"west":{"uv":[11,1,15,4],"texture":"#1"},"up":{"uv":[11,1,15,4],"texture":"#1"},"down":{"uv":[11,1,15,4],"texture":"#1"}}},{"name":"gold","from":[7,3.5,6],"to":[9,6.5,11.5],"faces":{"north":{"uv":[11,1,15,4],"texture":"#1"},"east":{"uv":[11,1,15,4],"texture":"#1"},"south":{"uv":[11,1,15,4],"texture":"#1"},"west":{"uv":[11,1,15,4],"texture":"#1"},"up":{"uv":[11,1,15,4],"texture":"#1"},"down":{"uv":[11,1,15,4],"texture":"#1"}}},{"name":"barrel","from":[7.5,5.15,-10],"to":[8.5,6.4,4.5],"faces":{"north":{"uv":[2,12,7,16],"texture":"#2"},"east":{"uv":[2,12,7,16],"texture":"#2"},"south":{"uv":[2,12,7,16],"texture":"#2"},"west":{"uv":[2,12,7,16],"texture":"#2"},"up":{"uv":[2,12,7,16],"texture":"#2"},"down":{"uv":[2,12,7,16],"texture":"#2"}}},{"name":"barrel","from":[7.75,4.4,-10],"to":[8.25,5.15,4.5],"faces":{"north":{"uv":[2,12,7,16],"texture":"#2"},"east":{"uv":[2,12,7,16],"texture":"#2"},"south":{"uv":[2,12,7,16],"texture":"#2"},"west":{"uv":[2,12,7,16],"texture":"#2"},"up":{"uv":[2,12,7,16],"texture":"#2"},"down":{"uv":[2,12,7,16],"texture":"#2"}}},{"name":"trigger","from":[7.5,0,4],"to":[8.5,6.75,5],"rotation":{"angle":-45,"axis":"x","origin":[8,8,8]},"faces":{"north":{"uv":[1,12,5,15],"texture":"#2"},"east":{"uv":[1,12,5,15],"texture":"#2"},"south":{"uv":[1,12,5,15],"texture":"#2"},"west":{"uv":[1,12,5,15],"texture":"#2"},"up":{"uv":[1,12,5,15],"texture":"#2"},"down":{"uv":[1,12,5,15],"texture":"#2"}}},{"name":"backhandle","from":[7.5,4,16],"to":[8.5,6,17],"rotation":{"angle":45,"axis":"x","origin":[8,8,8]},"faces":{"north":{"uv":[1,12,5,15],"texture":"#2"},"east":{"uv":[1,12,5,15],"texture":"#2"},"south":{"uv":[1,12,5,15],"texture":"#2"},"west":{"uv":[1,12,5,15],"texture":"#2"},"up":{"uv":[1,12,5,15],"texture":"#2"},"down":{"uv":[1,12,5,15],"texture":"#2"}}}],"display":{"thirdperson_righthand":{"rotation":[-7,-2,-10],"translation":[0,4,-2],"scale":[0.7,0.7,0.7]},"thirdperson_lefthand":{"rotation":[-7,1,11],"translation":[-15,4,-2],"scale":[0.7,0.7,0.7]},"firstperson_righthand":{"rotation":[0,-2,0],"translation":[0,5,0]},"firstperson_lefthand":{"translation":[-9,6,0]},"ground":{"rotation":[0,0,-23],"translation":[3.59,-0.94,6.05]},"gui":{"rotation":[45,-50,0],"translation":[0,3,0],"scale":[0.6,0.6,0.6]},"fixed":{"rotation":[-97,132,99],"translation":[3.5,3.25,-0.75]}}}