{"credit":"Made with Blockbench","textures":{"0":"ttp/qualityarmory/rgbsheet1","1":"ttp/qualityarmory/texturedmaterials1","particle":"ttp/qualityarmory/rgbsheet1"},"elements":[{"name":"back","from":[7.49,4.65271,18.06429],"to":[8.51,6.05271,18.81429],"faces":{"north":{"uv":[1,0,6,3],"texture":"#1"},"east":{"uv":[1,0,6,3],"texture":"#1"},"south":{"uv":[1,0,6,3],"texture":"#1"},"west":{"uv":[1,0,6,3],"texture":"#1"},"up":{"uv":[1,0,6,3],"texture":"#1"},"down":{"uv":[1,0,6,3],"texture":"#1"}}},{"name":"back","from":[7.49,4.40271,13.06429],"to":[8.51,4.80271,14.06429],"faces":{"north":{"uv":[1,0,6,3],"texture":"#1"},"east":{"uv":[1,0,6,3],"texture":"#1"},"south":{"uv":[1,0,6,3],"texture":"#1"},"west":{"uv":[1,0,6,3],"texture":"#1"},"up":{"uv":[1,0,6,3],"texture":"#1"},"down":{"uv":[1,0,6,3],"texture":"#1"}}},{"name":"back","from":[7.49,4.65271,13.06429],"to":[8.51,6.30271,18.06429],"faces":{"north":{"uv":[1,0,6,3],"texture":"#1"},"east":{"uv":[1,0,6,3],"texture":"#1"},"south":{"uv":[1,0,6,3],"texture":"#1"},"west":{"uv":[1,0,6,3],"texture":"#1"},"up":{"uv":[1,0,6,3],"texture":"#1"},"down":{"uv":[1,0,6,3],"texture":"#1"}}},{"name":"woodholder","from":[7.5,5.5,3.75],"to":[8.5,5.75,11],"faces":{"north":{"uv":[1,0,6,3],"texture":"#1"},"east":{"uv":[1,0,6,3],"texture":"#1"},"south":{"uv":[1,0,6,3],"texture":"#1"},"west":{"uv":[1,0,6,3],"texture":"#1"},"up":{"uv":[1,0,6,3],"texture":"#1"},"down":{"uv":[1,0,6,3],"texture":"#1"}}},{"name":"woodholder","from":[7.5,6.75,1.75],"to":[8.5,7,5],"faces":{"north":{"uv":[1,0,6,3],"texture":"#1"},"east":{"uv":[1,0,6,3],"texture":"#1"},"south":{"uv":[1,0,6,3],"texture":"#1"},"west":{"uv":[1,0,6,3],"texture":"#1"},"up":{"uv":[1,0,6,3],"texture":"#1"},"down":{"uv":[1,0,6,3],"texture":"#1"}}},{"name":"woodholder","from":[7.25,5.75,1.75],"to":[8.75,6.75,11],"faces":{"north":{"uv":[1,0,6,3],"texture":"#1"},"east":{"uv":[1,0,6,3],"texture":"#1"},"south":{"uv":[1,0,6,3],"texture":"#1"},"west":{"uv":[1,0,6,3],"texture":"#1"},"up":{"uv":[1,0,6,3],"texture":"#1"},"down":{"uv":[1,0,6,3],"texture":"#1"}}},{"name":"stock","from":[7.5,7,11],"to":[8.5,8,14],"rotation":{"angle":22.5,"axis":"x","origin":[8,8,8]},"faces":{"north":{"uv":[1,0,6,3],"texture":"#1"},"east":{"uv":[1,0,6,3],"texture":"#1"},"south":{"uv":[1,0,6,3],"texture":"#1"},"west":{"uv":[1,0,6,3],"texture":"#1"},"up":{"uv":[1,0,6,3],"texture":"#1"},"down":{"uv":[1,0,6,3],"texture":"#1"}}},{"name":"pipe","from":[7.5,6.25,5],"to":[8.5,6.79,11],"faces":{"north":{"uv":[7,15,8,16],"texture":"#0"},"east":{"uv":[7,15,8,16],"texture":"#0"},"south":{"uv":[7,15,8,16],"texture":"#0"},"west":{"uv":[7,15,8,16],"texture":"#0"},"up":{"uv":[7,15,8,16],"texture":"#0"},"down":{"uv":[7,15,8,16],"texture":"#0"}}},{"name":"pipe","from":[7.75,6,5],"to":[8.25,7,11],"faces":{"north":{"uv":[7,15,8,16],"texture":"#0"},"east":{"uv":[7,15,8,16],"texture":"#0"},"south":{"uv":[7,15,8,16],"texture":"#0"},"west":{"uv":[7,15,8,16],"texture":"#0"},"up":{"uv":[7,15,8,16],"texture":"#0"},"down":{"uv":[7,15,8,16],"texture":"#0"}}},{"name":"pipe","from":[7.75,6,-3],"to":[8.25,7,1.75],"faces":{"north":{"uv":[7,15,8,16],"texture":"#0"},"east":{"uv":[7,15,8,16],"texture":"#0"},"south":{"uv":[7,15,8,16],"texture":"#0"},"west":{"uv":[7,15,8,16],"texture":"#0"},"up":{"uv":[7,15,8,16],"texture":"#0"},"down":{"uv":[7,15,8,16],"texture":"#0"}}},{"name":"pipe","from":[7.5,6.25,-3],"to":[8.5,6.79,1.75],"faces":{"north":{"uv":[7,15,8,16],"texture":"#0"},"east":{"uv":[7,15,8,16],"texture":"#0"},"south":{"uv":[7,15,8,16],"texture":"#0"},"west":{"uv":[7,15,8,16],"texture":"#0"},"up":{"uv":[7,15,8,16],"texture":"#0"},"down":{"uv":[7,15,8,16],"texture":"#0"}}},{"name":"lever","from":[8.6,7.2,10],"to":[9.8,7.3,10.6],"rotation":{"angle":-22.5,"axis":"z","origin":[8,8,8]},"faces":{"north":{"uv":[7,15,8,16],"texture":"#0"},"east":{"uv":[7,15,8,16],"texture":"#0"},"south":{"uv":[7,15,8,16],"texture":"#0"},"west":{"uv":[7,15,8,16],"texture":"#0"},"up":{"uv":[7,15,8,16],"texture":"#0"},"down":{"uv":[7,15,8,16],"texture":"#0"}}},{"name":"lever","from":[9.35,6.95,10],"to":[9.8,7.3,10.6],"rotation":{"angle":-22.5,"axis":"z","origin":[8,8,8]},"faces":{"north":{"uv":[7,15,8,16],"texture":"#0"},"east":{"uv":[7,15,8,16],"texture":"#0"},"south":{"uv":[7,15,8,16],"texture":"#0"},"west":{"uv":[7,15,8,16],"texture":"#0"},"up":{"uv":[7,15,8,16],"texture":"#0"},"down":{"uv":[7,15,8,16],"texture":"#0"}}}],"display":{"thirdperson_righthand":{"rotation":[-7,-2,-10],"translation":[0,4,-2]},"thirdperson_lefthand":{"translation":[-12,2,-1]},"firstperson_righthand":{"rotation":[0,-2,0],"translation":[0,5,0],"scale":[1.6,1.6,1.6]},"firstperson_lefthand":{"translation":[-9,7.85,7.5],"scale":[3,3,0.75]},"ground":{"rotation":[0,0,-23],"translation":[3.59,-0.94,6.05]},"gui":{"rotation":[-66,-130,-117],"translation":[-1,0.5,0],"scale":[0.9,0.9,0.9]},"fixed":{"rotation":[-97,132,99],"translation":[1.5,2.5,-0.75]}},"groups":[0,1,2,3,4,5,6,{"name":"group","origin":[8,8,8],"children":[7,8,9,10]},{"name":"group","origin":[8,8,8],"children":[11,12]}]}