{"credit":"Made with Blockbench","textures":{"0":"ttp/qualityarmory/rgbsheet1","1":"ttp/qualityarmory/texturedmaterials1","particle":"ttp/qualityarmory/rgbsheet1"},"elements":[{"from":[-0.3125,9.3125,1.75],"to":[1.0625,10.3125,2.8125],"faces":{"north":{"uv":[0,5,7,8],"texture":"#1"},"east":{"uv":[0,5,7,8],"texture":"#1"},"south":{"uv":[0,5,7,8],"texture":"#1"},"west":{"uv":[0,5,7,8],"texture":"#1"},"up":{"uv":[0,5,7,8],"texture":"#1"},"down":{"uv":[0,5,7,8],"texture":"#1"}}},{"from":[0.4375,9.125,1.625],"to":[3.625,10.4375,3.0625],"faces":{"north":{"uv":[0,5,7,8],"rotation":180,"texture":"#1"},"east":{"uv":[0,5,7,8],"rotation":180,"texture":"#1"},"south":{"uv":[0,5,7,8],"rotation":180,"texture":"#1"},"west":{"uv":[0,5,7,8],"rotation":180,"texture":"#1"},"up":{"uv":[0,5,7,8],"rotation":180,"texture":"#1"},"down":{"uv":[0,5,7,8],"rotation":180,"texture":"#1"}}},{"from":[0.75,9,1.4375],"to":[3.375,10,3.3125],"faces":{"north":{"uv":[0,9,4.625,11],"texture":"#1"},"east":{"uv":[0,9,4.625,11],"texture":"#1"},"south":{"uv":[0,9,4.625,11],"texture":"#1"},"west":{"uv":[0,9,4.625,11],"texture":"#1"},"up":{"uv":[0,9,4.625,11],"texture":"#1"},"down":{"uv":[0,9,4.625,11],"texture":"#1"}}},{"from":[0.5,8.875,1.8125],"to":[3.875,10.5,2.84375],"faces":{"north":{"uv":[0,5,7,8],"texture":"#1"},"east":{"uv":[0,5,7,8],"texture":"#1"},"south":{"uv":[0,5,7,8],"texture":"#1"},"west":{"uv":[0,5,7,8],"texture":"#1"},"up":{"uv":[0,5,7,8],"texture":"#1"},"down":{"uv":[0,5,7,8],"texture":"#1"}}},{"from":[7.625,7.3125,1.625],"to":[7.96875,9,3.03125],"faces":{"north":{"uv":[0,5,7,8],"texture":"#1"},"east":{"uv":[0,5,7,8],"texture":"#1"},"south":{"uv":[0,5,7,8],"texture":"#1"},"west":{"uv":[0,5,7,8],"texture":"#1"},"up":{"uv":[0,5,7,8],"texture":"#1"},"down":{"uv":[0,5,7,8],"texture":"#1"}}},{"from":[7.9375,7.5,1.625],"to":[9.5625,7.875,3.125],"faces":{"north":{"uv":[0,5,7,8],"texture":"#1"},"east":{"uv":[0,5,7,8],"texture":"#1"},"south":{"uv":[0,5,7,8],"texture":"#1"},"west":{"uv":[0,5,7,8],"texture":"#1"},"up":{"uv":[0,5,7,8],"texture":"#1"},"down":{"uv":[0,5,7,8],"texture":"#1"}}},{"from":[8.375,8.5,1.625],"to":[9.3125,9.25,3.125],"faces":{"north":{"uv":[0,5,7,8],"texture":"#1"},"east":{"uv":[0,5,7,8],"texture":"#1"},"south":{"uv":[0,5,7,8],"texture":"#1"},"west":{"uv":[0,5,7,8],"texture":"#1"},"up":{"uv":[0,5,7,8],"texture":"#1"},"down":{"uv":[0,5,7,8],"texture":"#1"}}},{"from":[7.375,9.25,1.625],"to":[9.3125,10.25,3.125],"faces":{"north":{"uv":[0,5,7,8],"texture":"#1"},"east":{"uv":[0,5,7,8],"texture":"#1"},"south":{"uv":[0,5,7,8],"texture":"#1"},"west":{"uv":[0,5,7,8],"texture":"#1"},"up":{"uv":[0,5,7,8],"texture":"#1"},"down":{"uv":[0,5,7,8],"texture":"#1"}}},{"from":[9.3125,8.9688,1.625],"to":[10.3438,10.18755,3.125],"faces":{"north":{"uv":[0,9,1.5,10.21875],"rotation":180,"texture":"#1"},"east":{"uv":[0,9,1.5,10.21875],"rotation":180,"texture":"#1"},"south":{"uv":[0,9,1.5,10.21875],"rotation":180,"texture":"#1"},"west":{"uv":[0,9,1.5,10.21875],"rotation":180,"texture":"#1"},"up":{"uv":[0,9,1.5,10.21875],"rotation":180,"texture":"#1"},"down":{"uv":[0,9,1.5,10.21875],"rotation":180,"texture":"#1"}}},{"from":[3.4375,10.3438,1.9062],"to":[9.96875,10.9063,2.74995],"faces":{"north":{"uv":[0,5,7,8],"texture":"#1"},"east":{"uv":[0,5,7,8],"texture":"#1"},"south":{"uv":[0,5,7,8],"texture":"#1"},"west":{"uv":[0,5,7,8],"texture":"#1"},"up":{"uv":[0,5,7,8],"texture":"#1"},"down":{"uv":[0,5,7,8],"texture":"#1"}}},{"from":[7.4375,10.8438,2.1562],"to":[8.21875,11.4063,2.49995],"faces":{"north":{"uv":[0,5,7,8],"texture":"#1"},"east":{"uv":[0,5,7,8],"texture":"#1"},"south":{"uv":[0,5,7,8],"texture":"#1"},"west":{"uv":[0,5,7,8],"texture":"#1"},"up":{"uv":[0,5,7,8],"texture":"#1"},"down":{"uv":[0,5,7,8],"texture":"#1"}}},{"from":[6.1875,11.3438,2],"to":[8.21875,12.2438,2.67],"faces":{"north":{"uv":[0,5,7,8],"texture":"#1"},"east":{"uv":[0,5,7,8],"texture":"#1"},"south":{"uv":[0,5,7,8],"texture":"#1"},"west":{"uv":[0,5,7,8],"texture":"#1"},"up":{"uv":[0,5,7,8],"texture":"#1"},"down":{"uv":[0,5,7,8],"texture":"#1"}}},{"from":[6.1875,11.5938,1.9062],"to":[8.21875,12.1563,2.74995],"faces":{"north":{"uv":[0,5,7,8],"texture":"#1"},"east":{"uv":[0,5,7,8],"texture":"#1"},"south":{"uv":[0,5,7,8],"texture":"#1"},"west":{"uv":[0,5,7,8],"texture":"#1"},"up":{"uv":[0,5,7,8],"texture":"#1"},"down":{"uv":[0,5,7,8],"texture":"#1"}}},{"from":[9.3125,10.1875,1.9062],"to":[10.3438,10.6563,2.74995],"faces":{"north":{"uv":[0,5,7,8],"rotation":180,"texture":"#1"},"east":{"uv":[0,5,7,8],"rotation":180,"texture":"#1"},"south":{"uv":[0,5,7,8],"rotation":180,"texture":"#1"},"west":{"uv":[0,5,7,8],"rotation":180,"texture":"#1"},"up":{"uv":[0,5,7,8],"rotation":180,"texture":"#1"},"down":{"uv":[0,5,7,8],"rotation":180,"texture":"#1"}}},{"from":[8.874,8.3125,1.624],"to":[9.874,9.0625,3.124],"rotation":{"angle":22.5,"axis":"z","origin":[8.875,9.0625,1.625]},"faces":{"north":{"uv":[0,5,7,8],"texture":"#1"},"east":{"uv":[0,5,7,8],"texture":"#1"},"south":{"uv":[0,5,7,8],"texture":"#1"},"west":{"uv":[0,5,7,8],"texture":"#1"},"up":{"uv":[0,5,7,8],"texture":"#1"},"down":{"uv":[0,5,7,8],"texture":"#1"}}},{"from":[9.0625,5.875,1.8125],"to":[10.0625,8.75,2.9375],"rotation":{"angle":22.5,"axis":"z","origin":[9.0625,8.75,1.8125]},"faces":{"north":{"uv":[2,9,6.125,10.875],"rotation":180,"texture":"#1"},"east":{"uv":[2,9,6.125,10.875],"rotation":180,"texture":"#1"},"south":{"uv":[2,9,6.125,10.875],"rotation":180,"texture":"#1"},"west":{"uv":[2,9,6.125,10.875],"rotation":180,"texture":"#1"},"up":{"uv":[2,9,6.125,10.875],"rotation":180,"texture":"#1"},"down":{"uv":[2,9,6.125,10.875],"rotation":180,"texture":"#1"}}},{"from":[9.875,5.5625,1.8125],"to":[11.25,6,2.9375],"rotation":{"angle":22.5,"axis":"z","origin":[9.875,6,1.8125]},"faces":{"north":{"uv":[6,15,7,16],"texture":"#0"},"east":{"uv":[6,15,7,16],"texture":"#0"},"south":{"uv":[6,15,7,16],"texture":"#0"},"west":{"uv":[6,15,7,16],"texture":"#0"},"up":{"uv":[6,15,7,16],"texture":"#0"},"down":{"uv":[6,15,7,16],"texture":"#0"}}},{"from":[10.0625,9.1875,1.8125],"to":[14.625,10.25,3.03125],"faces":{"north":{"uv":[0,9,1.21875,10.0625],"rotation":180,"texture":"#1"},"east":{"uv":[0,9,1.21875,10.0625],"rotation":180,"texture":"#1"},"south":{"uv":[0,9,1.21875,10.0625],"rotation":180,"texture":"#1"},"west":{"uv":[0,9,1.21875,10.0625],"rotation":180,"texture":"#1"},"up":{"uv":[0,9,1.21875,10.0625],"rotation":180,"texture":"#1"},"down":{"uv":[0,9,1.21875,10.0625],"rotation":180,"texture":"#1"}}},{"from":[11.625,8.875,1.8125],"to":[15.25,9.625,3.03125],"rotation":{"angle":-22.5,"axis":"z","origin":[11.625,9.625,1.8125]},"faces":{"north":{"uv":[0,9,3.625,9.75],"rotation":180,"texture":"#1"},"east":{"uv":[0,9,1.21875,9.75],"rotation":180,"texture":"#1"},"south":{"uv":[0,9,3.625,9.75],"rotation":180,"texture":"#1"},"west":{"uv":[0,9,1.21875,9.75],"rotation":180,"texture":"#1"},"up":{"uv":[0,9,3.625,10.21875],"rotation":180,"texture":"#1"},"down":{"uv":[0,9,3.625,10.21875],"rotation":180,"texture":"#1"}}},{"from":[12.3125,9,1.8125],"to":[15,10,3.03125],"rotation":{"angle":-22.5,"axis":"z","origin":[12.3125,10,1.8125]},"faces":{"north":{"uv":[0,9,1.21875,10],"rotation":180,"texture":"#1"},"east":{"uv":[0,9,1.21875,10],"rotation":180,"texture":"#1"},"south":{"uv":[0,9,1.21875,10],"rotation":180,"texture":"#1"},"west":{"uv":[0,9,1.21875,10],"rotation":180,"texture":"#1"},"up":{"uv":[0,9,1.21875,10],"rotation":180,"texture":"#1"},"down":{"uv":[0,9,1.21875,10],"rotation":180,"texture":"#1"}}},{"from":[11.3125,9.0938,1.8125],"to":[13.0938,9.75005,3.03125],"rotation":{"angle":-22.5,"axis":"z","origin":[11.3125,9.75,1.8125]},"faces":{"north":{"uv":[0,9,1.21875,9.65625],"rotation":180,"texture":"#1"},"east":{"uv":[0,9,1.21875,9.65625],"rotation":180,"texture":"#1"},"south":{"uv":[0,9,1.21875,9.65625],"rotation":180,"texture":"#1"},"west":{"uv":[0,9,1.21875,9.65625],"rotation":180,"texture":"#1"},"up":{"uv":[0,9,1.21875,9.65625],"rotation":180,"texture":"#1"},"down":{"uv":[0,9,1.21875,9.65625],"rotation":180,"texture":"#1"}}},{"from":[14.375,7.375,1.8125],"to":[14.9375,10.375,3.03125],"faces":{"north":{"uv":[0,9,1.21875,12],"rotation":180,"texture":"#1"},"east":{"uv":[0,9,1.21875,12],"rotation":180,"texture":"#1"},"south":{"uv":[0,9,1.21875,12],"rotation":180,"texture":"#1"},"west":{"uv":[0,9,1.21875,12],"rotation":180,"texture":"#1"},"up":{"uv":[0,9,1.21875,12],"rotation":180,"texture":"#1"},"down":{"uv":[0,9,1.21875,12],"rotation":180,"texture":"#1"}}},{"from":[10.125,9.5,1.625],"to":[14.625,10,3.21875],"faces":{"north":{"uv":[0,9,1.59375,9.5],"rotation":180,"texture":"#1"},"east":{"uv":[0,9,1.59375,9.5],"rotation":180,"texture":"#1"},"south":{"uv":[0,9,1.59375,9.5],"rotation":180,"texture":"#1"},"west":{"uv":[0,9,1.59375,9.5],"rotation":180,"texture":"#1"},"up":{"uv":[0,9,1.59375,9.5],"rotation":180,"texture":"#1"},"down":{"uv":[0,9,1.59375,9.5],"rotation":180,"texture":"#1"}}},{"from":[1.1875,8.75,1.625],"to":[1.75,9.1875,3.0625],"faces":{"north":{"uv":[0,5,7,8],"texture":"#1"},"east":{"uv":[0,5,7,8],"texture":"#1"},"south":{"uv":[0,5,7,8],"texture":"#1"},"west":{"uv":[0,5,7,8],"texture":"#1"},"up":{"uv":[0,5,7,8],"texture":"#1"},"down":{"uv":[0,5,7,8],"texture":"#1"}}},{"from":[1.4375,9,1.625],"to":[2.1875,9.1875,3.0625],"faces":{"north":{"uv":[6,15,7,16],"texture":"#0"},"east":{"uv":[6,15,7,16],"texture":"#0"},"south":{"uv":[6,15,7,16],"texture":"#0"},"west":{"uv":[6,15,7,16],"texture":"#0"},"up":{"uv":[6,15,7,16],"texture":"#0"},"down":{"uv":[6,15,7,16],"texture":"#0"}}},{"from":[0.5,9.0625,1.375],"to":[3.375,9.3125,3.25],"faces":{"north":{"uv":[6,15,7,16],"texture":"#0"},"east":{"uv":[6,15,7,16],"texture":"#0"},"south":{"uv":[6,15,7,16],"texture":"#0"},"west":{"uv":[6,15,7,16],"texture":"#0"},"up":{"uv":[6,15,7,16],"texture":"#0"},"down":{"uv":[6,15,7,16],"texture":"#0"}}},{"from":[2,8.75,1.3125],"to":[3.3125,9.0625,3.25],"faces":{"north":{"uv":[0,5,7,8],"texture":"#1"},"east":{"uv":[0,5,7,8],"texture":"#1"},"south":{"uv":[0,5,7,8],"texture":"#1"},"west":{"uv":[0,5,7,8],"texture":"#1"},"up":{"uv":[0,5,7,8],"texture":"#1"},"down":{"uv":[0,5,7,8],"texture":"#1"}}},{"from":[7.6875,8.5,1.625],"to":[8.5625,9.3125,3.125],"faces":{"north":{"uv":[0,5,7,8],"texture":"#1"},"east":{"uv":[0,5,7,8],"texture":"#1"},"south":{"uv":[0,5,7,8],"texture":"#1"},"west":{"uv":[0,5,7,8],"texture":"#1"},"up":{"uv":[0,5,7,8],"texture":"#1"},"down":{"uv":[0,5,7,8],"texture":"#1"}}},{"from":[0.0625,9.4375,1.4375],"to":[0.5625,9.9375,3.3125],"faces":{"north":{"uv":[0,5,7,8],"texture":"#1"},"east":{"uv":[0,5,7,8],"texture":"#1"},"south":{"uv":[0,5,7,8],"texture":"#1"},"west":{"uv":[0,5,7,8],"texture":"#1"},"up":{"uv":[0,5,7,8],"texture":"#1"},"down":{"uv":[0,5,7,8],"texture":"#1"}}},{"name":"fronthandle","from":[2.12238,6.93528,2.0625],"to":[2.62238,9.06028,2.6875],"faces":{"north":{"uv":[2,8,4.625,11.125],"rotation":180,"texture":"#1"},"east":{"uv":[2,8,4.625,11.125],"rotation":180,"texture":"#1"},"south":{"uv":[2,8,4.625,11.125],"rotation":180,"texture":"#1"},"west":{"uv":[2,8,4.625,11.125],"rotation":180,"texture":"#1"},"up":{"uv":[2,8,4.625,11.125],"rotation":180,"texture":"#1"},"down":{"uv":[2,8,4.625,11.125],"rotation":180,"texture":"#1"}}},{"name":"fronthandle","from":[2,6.68528,2.0625],"to":[2.7,6.93528,2.6875],"faces":{"north":{"uv":[0,5,7,8],"rotation":180,"texture":"#1"},"east":{"uv":[0,5,7,8],"rotation":180,"texture":"#1"},"south":{"uv":[0,5,7,8],"rotation":180,"texture":"#1"},"west":{"uv":[0,5,7,8],"rotation":180,"texture":"#1"},"up":{"uv":[0,5,7,8],"rotation":180,"texture":"#1"},"down":{"uv":[0,5,7,8],"rotation":180,"texture":"#1"}}},{"from":[3.9375,6.5938,1.9062],"to":[7.71875,10.1563,2.74995],"faces":{"north":{"uv":[0,9,3.78125,12.5625],"rotation":180,"texture":"#1"},"east":{"uv":[0,9,3.78125,12.5625],"rotation":180,"texture":"#1"},"south":{"uv":[0,9,3.78125,12.5625],"rotation":180,"texture":"#1"},"west":{"uv":[0,9,3.78125,12.5625],"rotation":180,"texture":"#1"},"up":{"uv":[0,9,3.78125,12.5625],"rotation":180,"texture":"#1"},"down":{"uv":[0,9,3.78125,12.5625],"rotation":180,"texture":"#1"}}},{"from":[3.9375,7.96373,0.54518],"to":[7.71875,8.80748,4.10768],"faces":{"north":{"uv":[0,9,3.78125,9.84375],"rotation":180,"texture":"#1"},"east":{"uv":[0,9,3.78125,9.84375],"rotation":180,"texture":"#1"},"south":{"uv":[0,9,3.78125,9.84375],"rotation":180,"texture":"#1"},"west":{"uv":[0,9,3.78125,9.84375],"rotation":180,"texture":"#1"},"up":{"uv":[0,9,3.78125,9.84375],"rotation":180,"texture":"#1"},"down":{"uv":[0,9,3.78125,9.84375],"rotation":180,"texture":"#1"}}},{"from":[3.9375,7.96373,0.54518],"to":[7.71875,8.80748,4.10768],"rotation":{"angle":-45,"axis":"x","origin":[5.81758,8.38115,2.33253]},"faces":{"north":{"uv":[0,9,3.78125,9.84375],"rotation":180,"texture":"#1"},"east":{"uv":[0,9,3.78125,9.84375],"rotation":180,"texture":"#1"},"south":{"uv":[0,9,3.78125,9.84375],"rotation":180,"texture":"#1"},"west":{"uv":[0,9,3.78125,9.84375],"rotation":180,"texture":"#1"},"up":{"uv":[0,9,3.78125,9.84375],"rotation":180,"texture":"#1"},"down":{"uv":[0,9,3.78125,9.84375],"rotation":180,"texture":"#1"}}},{"from":[3.9375,7.96373,0.54518],"to":[7.71875,8.80748,4.10768],"rotation":{"angle":45,"axis":"x","origin":[5.81758,8.38115,2.33253]},"faces":{"north":{"uv":[0,9,3.78125,9.84375],"rotation":180,"texture":"#1"},"east":{"uv":[0,9,3.78125,9.84375],"rotation":180,"texture":"#1"},"south":{"uv":[0,9,3.78125,9.84375],"rotation":180,"texture":"#1"},"west":{"uv":[0,9,3.78125,9.84375],"rotation":180,"texture":"#1"},"up":{"uv":[0,9,3.78125,9.84375],"rotation":180,"texture":"#1"},"down":{"uv":[0,9,3.78125,9.84375],"rotation":180,"texture":"#1"}}},{"from":[3.9375,6.5938,1.9062],"to":[7.71875,10.1563,2.74995],"rotation":{"angle":22.5,"axis":"x","origin":[5.81758,8.38115,2.33253]},"faces":{"north":{"uv":[0,9,3.782,11.563],"rotation":90,"texture":"#1"},"east":{"uv":[0,9,3.782,11.563],"rotation":90,"texture":"#1"},"south":{"uv":[0,9,3.782,11.563],"rotation":90,"texture":"#1"},"west":{"uv":[0,9,3.782,11.563],"rotation":90,"texture":"#1"},"up":{"uv":[0,9,3.782,11.563],"rotation":90,"texture":"#1"},"down":{"uv":[0,9,3.782,11.563],"rotation":90,"texture":"#1"}}},{"from":[3.9375,7.96373,0.54518],"to":[7.71875,8.80748,4.10768],"rotation":{"angle":22.5,"axis":"x","origin":[5.81758,8.38115,2.33253]},"faces":{"north":{"uv":[0,9,3.78125,9.84375],"rotation":180,"texture":"#1"},"east":{"uv":[0,9,3.78125,9.84375],"rotation":180,"texture":"#1"},"south":{"uv":[0,9,3.78125,9.84375],"rotation":180,"texture":"#1"},"west":{"uv":[0,9,3.78125,9.84375],"rotation":180,"texture":"#1"},"up":{"uv":[0,9,3.78125,9.84375],"rotation":180,"texture":"#1"},"down":{"uv":[0,9,3.78125,9.84375],"rotation":180,"texture":"#1"}}},{"from":[3.9375,7.96373,0.54518],"to":[7.71875,8.80748,4.10768],"rotation":{"angle":-22.5,"axis":"x","origin":[5.81758,8.38115,2.33253]},"faces":{"north":{"uv":[0,9,3.78125,9.84375],"rotation":180,"texture":"#1"},"east":{"uv":[0,9,3.78125,9.84375],"rotation":180,"texture":"#1"},"south":{"uv":[0,9,3.78125,9.84375],"rotation":180,"texture":"#1"},"west":{"uv":[0,9,3.78125,9.84375],"rotation":180,"texture":"#1"},"up":{"uv":[0,9,3.78125,9.84375],"rotation":180,"texture":"#1"},"down":{"uv":[0,9,3.78125,9.84375],"rotation":180,"texture":"#1"}}},{"from":[3.9375,6.606,1.91511],"to":[7.71875,10.1685,2.75886],"rotation":{"angle":-22.5,"axis":"x","origin":[5.81758,8.38115,2.33253]},"faces":{"north":{"uv":[0,9,3.78125,12.5625],"rotation":180,"texture":"#1"},"east":{"uv":[0,9,3.78125,12.5625],"rotation":180,"texture":"#1"},"south":{"uv":[0,9,3.78125,12.5625],"rotation":180,"texture":"#1"},"west":{"uv":[0,9,3.78125,12.5625],"rotation":180,"texture":"#1"},"up":{"uv":[0,9,3.78125,12.5625],"rotation":180,"texture":"#1"},"down":{"uv":[0,9,3.78125,12.5625],"rotation":180,"texture":"#1"}}},{"from":[3.6875,6.3438,1.9062],"to":[3.96875,10.4063,2.74995],"faces":{"north":{"uv":[7,15,8,16],"rotation":180,"texture":"#0"},"east":{"uv":[7,15,8,16],"rotation":180,"texture":"#0"},"south":{"uv":[7,15,8,16],"rotation":180,"texture":"#0"},"west":{"uv":[7,15,8,16],"rotation":180,"texture":"#0"},"up":{"uv":[7,15,8,16],"rotation":180,"texture":"#0"},"down":{"uv":[7,15,8,16],"rotation":180,"texture":"#0"}}},{"from":[3.6875,7.96373,0.29518],"to":[3.96875,8.80748,4.35768],"faces":{"north":{"uv":[7,15,8,16],"rotation":180,"texture":"#0"},"east":{"uv":[7,15,8,16],"rotation":180,"texture":"#0"},"south":{"uv":[7,15,8,16],"rotation":180,"texture":"#0"},"west":{"uv":[7,15,8,16],"rotation":180,"texture":"#0"},"up":{"uv":[7,15,8,16],"rotation":180,"texture":"#0"},"down":{"uv":[7,15,8,16],"rotation":180,"texture":"#0"}}},{"from":[3.6875,7.96373,0.29518],"to":[3.96875,8.80748,4.35768],"rotation":{"angle":-45,"axis":"x","origin":[5.81758,8.38115,2.33253]},"faces":{"north":{"uv":[7,15,8,16],"rotation":180,"texture":"#0"},"east":{"uv":[7,15,8,16],"rotation":180,"texture":"#0"},"south":{"uv":[7,15,8,16],"rotation":180,"texture":"#0"},"west":{"uv":[7,15,8,16],"rotation":180,"texture":"#0"},"up":{"uv":[7,15,8,16],"rotation":180,"texture":"#0"},"down":{"uv":[7,15,8,16],"rotation":180,"texture":"#0"}}},{"from":[3.6875,7.96373,0.29518],"to":[3.96875,8.80748,4.35768],"rotation":{"angle":45,"axis":"x","origin":[5.81758,8.38115,2.33253]},"faces":{"north":{"uv":[7,15,8,16],"rotation":180,"texture":"#0"},"east":{"uv":[7,15,8,16],"rotation":180,"texture":"#0"},"south":{"uv":[7,15,8,16],"rotation":180,"texture":"#0"},"west":{"uv":[7,15,8,16],"rotation":180,"texture":"#0"},"up":{"uv":[7,15,8,16],"rotation":180,"texture":"#0"},"down":{"uv":[7,15,8,16],"rotation":180,"texture":"#0"}}},{"from":[3.6875,6.3438,1.9062],"to":[3.96875,10.4063,2.74995],"rotation":{"angle":22.5,"axis":"x","origin":[5.81758,8.38115,2.33253]},"faces":{"north":{"uv":[7,15,8,16],"rotation":180,"texture":"#0"},"east":{"uv":[7,15,8,16],"rotation":180,"texture":"#0"},"south":{"uv":[7,15,8,16],"rotation":180,"texture":"#0"},"west":{"uv":[7,15,8,16],"rotation":180,"texture":"#0"},"up":{"uv":[7,15,8,16],"rotation":180,"texture":"#0"},"down":{"uv":[7,15,8,16],"rotation":180,"texture":"#0"}}},{"from":[3.6875,7.96373,0.29518],"to":[3.96875,8.80748,4.35768],"rotation":{"angle":22.5,"axis":"x","origin":[5.81758,8.38115,2.33253]},"faces":{"north":{"uv":[7,15,8,16],"rotation":180,"texture":"#0"},"east":{"uv":[7,15,8,16],"rotation":180,"texture":"#0"},"south":{"uv":[7,15,8,16],"rotation":180,"texture":"#0"},"west":{"uv":[7,15,8,16],"rotation":180,"texture":"#0"},"up":{"uv":[7,15,8,16],"rotation":180,"texture":"#0"},"down":{"uv":[7,15,8,16],"rotation":180,"texture":"#0"}}},{"from":[3.6875,7.96373,0.29518],"to":[3.96875,8.80748,4.35768],"rotation":{"angle":-22.5,"axis":"x","origin":[5.81758,8.38115,2.33253]},"faces":{"north":{"uv":[7,15,8,16],"rotation":180,"texture":"#0"},"east":{"uv":[7,15,8,16],"rotation":180,"texture":"#0"},"south":{"uv":[7,15,8,16],"rotation":180,"texture":"#0"},"west":{"uv":[7,15,8,16],"rotation":180,"texture":"#0"},"up":{"uv":[7,15,8,16],"rotation":180,"texture":"#0"},"down":{"uv":[7,15,8,16],"rotation":180,"texture":"#0"}}},{"from":[3.6875,6.356,1.91511],"to":[3.96875,10.4185,2.75886],"rotation":{"angle":-22.5,"axis":"x","origin":[5.81758,8.38115,2.33253]},"faces":{"north":{"uv":[7,15,8,16],"rotation":180,"texture":"#0"},"east":{"uv":[7,15,8,16],"rotation":180,"texture":"#0"},"south":{"uv":[7,15,8,16],"rotation":180,"texture":"#0"},"west":{"uv":[7,15,8,16],"rotation":180,"texture":"#0"},"up":{"uv":[7,15,8,16],"rotation":180,"texture":"#0"},"down":{"uv":[7,15,8,16],"rotation":180,"texture":"#0"}}}],"display":{"thirdperson_righthand":{"rotation":[-3,-91,-4],"translation":[-7.18,-0.57,-0.19],"scale":[1.45,1.2,1.2]},"thirdperson_lefthand":{"rotation":[-3,89,10],"translation":[-4.5,0,-1.13],"scale":[1.45,1.2,1.2]},"firstperson_righthand":{"rotation":[0,-98,0],"translation":[-8.13,2.46,3.4]},"firstperson_lefthand":{"rotation":[0,90,-1],"translation":[-3.5,3.83,4.8687]},"ground":{"rotation":[0,0,-38],"translation":[-0.38,-3.02,4.72]},"gui":{"rotation":[14,143,-35],"translation":[2.27,-0.57,-0.19],"scale":[1.26,1.01,0.88]},"head":{"rotation":[1,-177,-47],"translation":[0.38,-16.63,-7.94],"scale":[2,2,2]},"fixed":{"rotation":[0,-1,-48],"translation":[0,-0.5,4.7]}},"groups":[0,1,2,3,4,5,6,7,8,9,10,11,12,13,14,15,16,17,18,19,20,21,22,23,24,25,26,27,28,29,30,{"name":"group","origin":[8,8,8],"children":[31,32,33,34,35,36,37,38]},{"name":"group","origin":[8,8,8],"children":[39,40,41,42,43,44,45,46]}]}