{"credit":"Made with Blockbench","textures":{"0":"ttp/qualityarmory/rgbsheet1","1":"ttp/qualityarmory/texturedmaterials1","particle":"ttp/qualityarmory/rgbsheet1"},"elements":[{"name":"back","from":[7.49,4.65271,16.06429],"to":[8.51,6.05271,16.81429],"faces":{"north":{"uv":[8,0,9.02,1.4],"texture":"#1"},"east":{"uv":[8,0,8.75,1.4],"texture":"#1"},"south":{"uv":[8,0,9.02,1.4],"texture":"#1"},"west":{"uv":[8,0,8.75,1.4],"texture":"#1"},"up":{"uv":[8,0,9.02,0.75],"texture":"#1"},"down":{"uv":[8,0,9.02,0.75],"texture":"#1"}}},{"name":"back","from":[7.49,4.40271,13.06429],"to":[8.51,4.80271,14.06429],"faces":{"north":{"uv":[8,0,16,4],"texture":"#1"},"east":{"uv":[8,0,16,4],"texture":"#1"},"south":{"uv":[8,0,16,4],"texture":"#1"},"west":{"uv":[8,0,9,0.4],"texture":"#1"},"up":{"uv":[8,0,16,4],"texture":"#1"},"down":{"uv":[8,0,16,4],"texture":"#1"}}},{"name":"back","from":[7.49,6.15271,13.31429],"to":[8.51,6.80271,14.81429],"faces":{"north":{"uv":[8,0,9.02,0.65],"texture":"#1"},"east":{"uv":[8,0,9.5,0.65],"texture":"#1"},"south":{"uv":[8,0,9.02,0.65],"texture":"#1"},"west":{"uv":[8,0,9.5,0.65],"texture":"#1"},"up":{"uv":[8,0,9.02,1.5],"texture":"#1"},"down":{"uv":[8,0,9.02,1.5],"texture":"#1"}}},{"name":"back","from":[7.49,4.65271,13.06429],"to":[8.51,6.30271,16.06429],"faces":{"north":{"uv":[8,0,9.02,1.65],"texture":"#1"},"east":{"uv":[8,0,11,1.65],"texture":"#1"},"south":{"uv":[8,0,9.02,1.65],"texture":"#1"},"west":{"uv":[8,0,11,1.65],"texture":"#1"},"up":{"uv":[8,0,9.02,3],"texture":"#1"},"down":{"uv":[8,0,9.02,3],"texture":"#1"}}},{"name":"pipe","from":[7.5,5.75,5.5],"to":[8.5,6.75,7.5],"faces":{"north":{"uv":[4,1,5,2],"texture":"#0"},"east":{"uv":[4,1,5,2],"texture":"#0"},"south":{"uv":[4,1,5,2],"texture":"#0"},"west":{"uv":[4,1,5,2],"texture":"#0"},"up":{"uv":[4,1,5,2],"texture":"#0"},"down":{"uv":[4,1,5,2],"texture":"#0"}}},{"name":"woodholder","from":[7.5,5.5,10],"to":[8.5,5.75,11],"faces":{"north":{"uv":[8,0,9,0.25],"texture":"#1"},"east":{"uv":[8,0,9,0.25],"texture":"#1"},"south":{"uv":[8,0,9,0.25],"texture":"#1"},"west":{"uv":[8,0,9,0.25],"texture":"#1"},"up":{"uv":[8,0,9,1],"texture":"#1"},"down":{"uv":[8,0,9,1],"texture":"#1"}}},{"name":"woodholder","from":[7.25,5.75,10],"to":[8.75,6.75,11],"faces":{"north":{"uv":[8,0,9.5,1],"texture":"#1"},"east":{"uv":[8,0,9,1],"texture":"#1"},"south":{"uv":[8,0,9.5,1],"texture":"#1"},"west":{"uv":[8,0,9,1],"texture":"#1"},"up":{"uv":[8,0,9.5,1],"texture":"#1"},"down":{"uv":[8,0,9.5,1],"texture":"#1"}}},{"name":"stock","from":[7.5,7,11],"to":[8.5,8,14],"rotation":{"angle":22.5,"axis":"x","origin":[8,8,8]},"faces":{"north":{"uv":[8,0,9,1],"texture":"#1"},"east":{"uv":[8,0,11,1],"texture":"#1"},"south":{"uv":[8,0,9,1],"texture":"#1"},"west":{"uv":[8,0,11,1],"texture":"#1"},"up":{"uv":[8,0,9,3],"texture":"#1"},"down":{"uv":[8,0,9,3],"texture":"#1"}}},{"name":"pipe","from":[8.26,7.5,4.76],"to":[8.46,7.55,5.01],"faces":{"north":{"uv":[9,14,10,15],"texture":"#0"},"east":{"uv":[9,14,10,15],"texture":"#0"},"south":{"uv":[9,14,10,15],"texture":"#0"},"west":{"uv":[9,14,10,15],"texture":"#0"},"up":{"uv":[9,14,10,15],"texture":"#0"},"down":{"uv":[9,14,10,15],"texture":"#0"}}},{"name":"pipe","from":[8.26,7.25,4.76],"to":[8.46,7.3,5.01],"faces":{"north":{"uv":[9,14,10,15],"texture":"#0"},"east":{"uv":[9,14,10,15],"texture":"#0"},"south":{"uv":[9,14,10,15],"texture":"#0"},"west":{"uv":[9,14,10,15],"texture":"#0"},"up":{"uv":[9,14,10,15],"texture":"#0"},"down":{"uv":[9,14,10,15],"texture":"#0"}}},{"name":"pipe","from":[8.26,7.75,4.76],"to":[8.46,7.8,5.01],"faces":{"north":{"uv":[9,14,10,15],"texture":"#0"},"east":{"uv":[9,14,10,15],"texture":"#0"},"south":{"uv":[9,14,10,15],"texture":"#0"},"west":{"uv":[9,14,10,15],"texture":"#0"},"up":{"uv":[9,14,10,15],"texture":"#0"},"down":{"uv":[9,14,10,15],"texture":"#0"}}},{"name":"pipe","from":[8.26,8,4.76],"to":[8.46,8.05,5.01],"faces":{"north":{"uv":[9,14,10,15],"texture":"#0"},"east":{"uv":[9,14,10,15],"texture":"#0"},"south":{"uv":[9,14,10,15],"texture":"#0"},"west":{"uv":[9,14,10,15],"texture":"#0"},"up":{"uv":[9,14,10,15],"texture":"#0"},"down":{"uv":[9,14,10,15],"texture":"#0"}}},{"name":"pipe","from":[8.26,8.5,4.76],"to":[8.46,8.55,5.01],"faces":{"north":{"uv":[9,14,10,15],"texture":"#0"},"east":{"uv":[9,14,10,15],"texture":"#0"},"south":{"uv":[9,14,10,15],"texture":"#0"},"west":{"uv":[9,14,10,15],"texture":"#0"},"up":{"uv":[9,14,10,15],"texture":"#0"},"down":{"uv":[9,14,10,15],"texture":"#0"}}},{"name":"pipe","from":[8.26,8.25,4.76],"to":[8.46,8.3,5.01],"faces":{"north":{"uv":[9,14,10,15],"texture":"#0"},"east":{"uv":[9,14,10,15],"texture":"#0"},"south":{"uv":[9,14,10,15],"texture":"#0"},"west":{"uv":[9,14,10,15],"texture":"#0"},"up":{"uv":[9,14,10,15],"texture":"#0"},"down":{"uv":[9,14,10,15],"texture":"#0"}}},{"name":"pipe","from":[7.5,8.75,4.75],"to":[8.5,9,5],"faces":{"north":{"uv":[0,8,1,8.25],"texture":"#1"},"east":{"uv":[0,8,1,8.25],"texture":"#1"},"south":{"uv":[0,8,1,8.25],"texture":"#1"},"west":{"uv":[0,8,1,8.25],"texture":"#1"},"up":{"uv":[0,8,1,8.25],"texture":"#1"},"down":{"uv":[0,8,1,8.25],"texture":"#1"}}},{"name":"pipe","from":[7.5,6.75,4.75],"to":[7.75,8.75,5],"faces":{"north":{"uv":[0,8,0.25,10],"texture":"#1"},"east":{"uv":[0,8,0.25,10],"texture":"#1"},"south":{"uv":[0,8,0.25,10],"texture":"#1"},"west":{"uv":[0,8,0.25,10],"texture":"#1"},"up":{"uv":[0,8,0.25,10],"texture":"#1"},"down":{"uv":[0,8,0.25,10],"texture":"#1"}}},{"name":"pipe","from":[8.25,6.75,4.75],"to":[8.5,8.75,5],"faces":{"north":{"uv":[0,8,0.25,10],"texture":"#1"},"east":{"uv":[0,8,0.25,10],"texture":"#1"},"south":{"uv":[0,8,0.25,10],"texture":"#1"},"west":{"uv":[0,8,0.25,10],"texture":"#1"},"up":{"uv":[0,8,0.25,10],"texture":"#1"},"down":{"uv":[0,8,0.25,10],"texture":"#1"}}},{"name":"pipe","from":[8.375,5.75,4],"to":[8.625,6.75,10],"faces":{"north":{"uv":[0,8,6,9],"texture":"#1"},"east":{"uv":[0,8,6,9],"texture":"#1"},"south":{"uv":[0,8,6,9],"texture":"#1"},"west":{"uv":[0,8,6,9],"texture":"#1"},"up":{"uv":[0,8,6,9],"texture":"#1"},"down":{"uv":[0,8,6,9],"texture":"#1"}}},{"name":"pipe","from":[7.5,6.75,4],"to":[8.5,7,10],"faces":{"north":{"uv":[0,8,6,9],"rotation":90,"texture":"#1"},"east":{"uv":[0,8,6,9],"rotation":90,"texture":"#1"},"south":{"uv":[0,8,6,9],"rotation":90,"texture":"#1"},"west":{"uv":[0,8,6,9],"rotation":90,"texture":"#1"},"up":{"uv":[0,8,6,9],"rotation":90,"texture":"#1"},"down":{"uv":[0,8,6,9],"rotation":90,"texture":"#1"}}},{"name":"pipe","from":[7.5,5.5,4],"to":[8.5,5.75,10],"faces":{"north":{"uv":[0,8,6,8.25],"texture":"#1"},"east":{"uv":[0,8,6,8.25],"texture":"#1"},"south":{"uv":[0,8,6,8.25],"texture":"#1"},"west":{"uv":[0,8,6,8.25],"texture":"#1"},"up":{"uv":[0,8,6,8.25],"texture":"#1"},"down":{"uv":[0,8,6,8.25],"texture":"#1"}}},{"name":"pipe","from":[7.375,5.75,4],"to":[7.625,6.75,10],"faces":{"north":{"uv":[0,8,6,8.25],"rotation":90,"texture":"#1"},"east":{"uv":[0,8,6,8.25],"rotation":90,"texture":"#1"},"south":{"uv":[0,8,6,8.25],"rotation":90,"texture":"#1"},"west":{"uv":[0,8,6,8.25],"rotation":90,"texture":"#1"},"up":{"uv":[0,8,6,8.25],"rotation":90,"texture":"#1"},"down":{"uv":[0,8,6,8.25],"rotation":90,"texture":"#1"}}}],"display":{"thirdperson_righthand":{"translation":[-1,3,-2.5],"scale":[1.2,1.2,1.2]},"thirdperson_lefthand":{"translation":[-11,3,-3],"scale":[1.2,1.2,1.2]},"firstperson_righthand":{"rotation":[0,-2,0],"translation":[0,5,0],"scale":[1.6,1.6,1.6]},"firstperson_lefthand":{"translation":[-9,7.5,8],"scale":[3,3,1.225]},"ground":{"rotation":[0,0,-50]},"gui":{"rotation":[-146,-132,-142],"translation":[1.5,3,-1],"scale":[1.4,1.4,1.4]},"fixed":{"rotation":[-97,132,99],"translation":[-0.5,3.25,-0.75],"scale":[1.4,1.4,1.4]}},"groups":[0,1,2,3,4,5,6,7,{"name":"group","origin":[8,8,8],"children":[]},{"name":"group","origin":[8,8,8],"children":[8,9,10,11,12,13]},{"name":"group","origin":[8,8,8],"children":[14,15,16]},{"name":"group","origin":[8,8,8],"children":[17,18,19,20]}]}