{"credit":"Made with Blockbench","textures":{"0":"ttp/qualityarmory/rgbsheet1","1":"ttp/qualityarmory/texturedmaterials1","particle":"ttp/qualityarmory/rgbsheet1"},"elements":[{"from":[6.75,4,7.5],"to":[9.25,9,10.75],"rotation":{"angle":-22.5,"axis":"x","origin":[8,7,8.5]},"faces":{"north":{"uv":[11,0,16,4],"texture":"#1"},"east":{"uv":[11,0,16,4],"texture":"#1"},"south":{"uv":[11,0,16,4],"texture":"#1"},"west":{"uv":[11,0,16,4],"texture":"#1"},"up":{"uv":[11,0,16,4],"texture":"#1"},"down":{"uv":[11,0,16,4],"texture":"#1"}}},{"from":[7.01,7.75,7],"to":[8.98,12,9],"rotation":{"angle":-22.5,"axis":"x","origin":[8.01,10.5,6.5]},"faces":{"north":{"uv":[0,12,8,16],"texture":"#1"},"east":{"uv":[0,12,8,16],"texture":"#1"},"south":{"uv":[0,12,8,16],"texture":"#1"},"west":{"uv":[0,12,8,16],"texture":"#1"},"up":{"uv":[0,12,8,16],"texture":"#1"},"down":{"uv":[0,12,8,16],"texture":"#1"}}},{"name":"Hammer","from":[7.75,9.75,9.25],"to":[8.5,10.25,10.5],"rotation":{"angle":-22.5,"axis":"x","origin":[8.25,10.5,6.5]},"faces":{"north":{"uv":[8,12,11,16],"texture":"#1"},"east":{"uv":[8,12,11,16],"texture":"#1"},"south":{"uv":[8,12,11,16],"texture":"#1"},"west":{"uv":[8,12,11,16],"texture":"#1"},"up":{"uv":[8,12,11,16],"texture":"#1"},"down":{"uv":[8,12,11,16],"texture":"#1"}}},{"name":"Hammer","from":[7.75,9.25,7],"to":[8.5,11.5,9.5],"rotation":{"angle":-22.5,"axis":"x","origin":[8.25,10.5,6.5]},"faces":{"north":{"uv":[8,12,11,16],"texture":"#1"},"east":{"uv":[8,12,11,16],"texture":"#1"},"south":{"uv":[8,12,11,16],"texture":"#1"},"west":{"uv":[8,12,11,16],"texture":"#1"},"up":{"uv":[8,12,11,16],"texture":"#1"},"down":{"uv":[8,12,11,16],"texture":"#1"}}},{"name":"Aim","from":[8.25,13.5,7.75],"to":[8.75,14,8.25],"faces":{"north":{"uv":[5,13,7,15],"texture":"#0"},"east":{"uv":[5,13,7,15],"texture":"#0"},"south":{"uv":[5,13,7,15],"texture":"#0"},"west":{"uv":[5,13,7,15],"texture":"#0"},"up":{"uv":[5,13,7,15],"texture":"#0"},"down":{"uv":[5,13,7,15],"texture":"#0"}}},{"name":"Aim","from":[7.25,13.5,7.75],"to":[7.75,14,8.25],"faces":{"north":{"uv":[5,13,7,15],"texture":"#0"},"east":{"uv":[5,13,7,15],"texture":"#0"},"south":{"uv":[5,13,7,15],"texture":"#0"},"west":{"uv":[5,13,7,15],"texture":"#0"},"up":{"uv":[5,13,7,15],"texture":"#0"},"down":{"uv":[5,13,7,15],"texture":"#0"}}},{"name":"Aim","from":[7.25,13.5,7.75],"to":[8.75,13.75,8.25],"faces":{"north":{"uv":[5,13,7,15],"texture":"#0"},"east":{"uv":[5,13,7,15],"texture":"#0"},"south":{"uv":[5,13,7,15],"texture":"#0"},"west":{"uv":[5,13,7,15],"texture":"#0"},"up":{"uv":[5,13,7,15],"texture":"#0"},"down":{"uv":[5,13,7,15],"texture":"#0"}}},{"from":[7,13,2.5],"to":[9,13.5,8],"faces":{"north":{"uv":[0,12,8,16],"texture":"#1"},"east":{"uv":[0,12,8,16],"texture":"#1"},"south":{"uv":[0,12,8,16],"texture":"#1"},"west":{"uv":[0,12,8,16],"texture":"#1"},"up":{"uv":[0,12,8,16],"texture":"#1"},"down":{"uv":[0,12,8,16],"texture":"#1"}}},{"from":[7,10,2.5],"to":[9,10.5,8],"faces":{"north":{"uv":[0,12,8,16],"texture":"#1"},"east":{"uv":[0,12,8,16],"texture":"#1"},"south":{"uv":[0,12,8,16],"texture":"#1"},"west":{"uv":[0,12,8,16],"texture":"#1"},"up":{"uv":[0,12,8,16],"texture":"#1"},"down":{"uv":[0,12,8,16],"texture":"#1"}}},{"from":[7,10.5,2.25],"to":[9,13,3.25],"faces":{"north":{"uv":[0,12,8,16],"texture":"#1"},"east":{"uv":[0,12,8,16],"texture":"#1"},"south":{"uv":[0,12,8,16],"texture":"#1"},"west":{"uv":[0,12,1,14.5],"texture":"#1"},"up":{"uv":[0,12,8,16],"texture":"#1"},"down":{"uv":[0,12,8,16],"texture":"#1"}}},{"from":[7,10.5,6.5],"to":[9,13,8.25],"faces":{"north":{"uv":[0,12,8,16],"texture":"#1"},"east":{"uv":[0,12,8,16],"texture":"#1"},"south":{"uv":[0,12,8,16],"texture":"#1"},"west":{"uv":[0,12,1.75,14.5],"texture":"#1"},"up":{"uv":[0,12,8,16],"texture":"#1"},"down":{"uv":[0,12,8,16],"texture":"#1"}}},{"from":[7.5,8.5,6],"to":[8.5,10.25,6.5],"rotation":{"angle":22.5,"axis":"x","origin":[8,9.375,6.25]},"faces":{"north":{"uv":[10,15,11,16],"texture":"#0"},"east":{"uv":[10,15,11,16],"texture":"#0"},"south":{"uv":[10,15,11,16],"texture":"#0"},"west":{"uv":[10,15,11,16],"texture":"#0"},"up":{"uv":[10,15,11,16],"texture":"#0"},"down":{"uv":[10,15,11,16],"texture":"#0"}}},{"from":[7,8,4.5],"to":[9,10.5,5],"faces":{"north":{"uv":[0,12,8,16],"texture":"#1"},"east":{"uv":[0,12,8,16],"texture":"#1"},"south":{"uv":[0,12,8,16],"texture":"#1"},"west":{"uv":[0,12,8,16],"texture":"#1"},"up":{"uv":[0,12,8,16],"texture":"#1"},"down":{"uv":[0,12,8,16],"texture":"#1"}}},{"from":[7,8,5],"to":[9,8.5,7],"faces":{"north":{"uv":[0,12,8,16],"texture":"#1"},"east":{"uv":[0,12,8,16],"texture":"#1"},"south":{"uv":[0,12,8,16],"texture":"#1"},"west":{"uv":[0,12,8,16],"texture":"#1"},"up":{"uv":[0,12,8,16],"texture":"#1"},"down":{"uv":[0,12,8,16],"texture":"#1"}}},{"from":[7,8.5,6.75],"to":[9,9,8.75],"rotation":{"angle":0,"axis":"y","origin":[8,8.5,9.75]},"faces":{"north":{"uv":[0,12,8,16],"texture":"#1"},"east":{"uv":[0,12,8,16],"texture":"#1"},"south":{"uv":[0,12,8,16],"texture":"#1"},"west":{"uv":[0,12,8,16],"texture":"#1"},"up":{"uv":[0,12,8,16],"texture":"#1"},"down":{"uv":[0,12,8,16],"texture":"#1"}}},{"name":"Barrel","from":[7.75,11.5,-8.5],"to":[8.25,12.75,3],"faces":{"north":{"uv":[8,12,11,16],"texture":"#1"},"east":{"uv":[8,12,11,16],"texture":"#1"},"south":{"uv":[8,12,11,16],"texture":"#1"},"west":{"uv":[8,12,11,16],"texture":"#1"},"up":{"uv":[8,12,11,16],"texture":"#1"},"down":{"uv":[8,12,11,16],"texture":"#1"}}},{"name":"Barrel","from":[7.5,13,-8.75],"to":[8.5,13.25,-6],"faces":{"north":{"uv":[0,12,8,16],"texture":"#1"},"east":{"uv":[0,12,8,16],"texture":"#1"},"south":{"uv":[0,12,8,16],"texture":"#1"},"west":{"uv":[0,12,8,16],"texture":"#1"},"up":{"uv":[0,12,8,16],"texture":"#1"},"down":{"uv":[0,12,8,16],"texture":"#1"}}},{"name":"Barrel","from":[7.5,13,-5.25],"to":[8.5,13.25,-3.5],"faces":{"north":{"uv":[0,12,8,16],"texture":"#1"},"east":{"uv":[0,12,8,16],"texture":"#1"},"south":{"uv":[0,12,8,16],"texture":"#1"},"west":{"uv":[0,12,8,16],"texture":"#1"},"up":{"uv":[0,12,8,16],"texture":"#1"},"down":{"uv":[0,12,8,16],"texture":"#1"}}},{"name":"Barrel","from":[7.5,13,-2.75],"to":[8.5,13.25,-1],"faces":{"north":{"uv":[0,12,8,16],"texture":"#1"},"east":{"uv":[0,12,8,16],"texture":"#1"},"south":{"uv":[0,12,8,16],"texture":"#1"},"west":{"uv":[0,12,8,16],"texture":"#1"},"up":{"uv":[0,12,8,16],"texture":"#1"},"down":{"uv":[0,12,8,16],"texture":"#1"}}},{"name":"Barrel","from":[7.5,13,0.25],"to":[8.5,13.25,3],"faces":{"north":{"uv":[0,12,8,16],"texture":"#1"},"east":{"uv":[0,12,8,16],"texture":"#1"},"south":{"uv":[0,12,8,16],"texture":"#1"},"west":{"uv":[0,12,8,16],"texture":"#1"},"up":{"uv":[0,12,8,16],"texture":"#1"},"down":{"uv":[0,12,8,16],"texture":"#1"}}},{"name":"Barrel","from":[7.5,13.25,-8.75],"to":[8.5,13.45,3],"faces":{"north":{"uv":[0,12,8,16],"texture":"#1"},"east":{"uv":[0,12,8,16],"texture":"#1"},"south":{"uv":[0,12,8,16],"texture":"#1"},"west":{"uv":[0,12,8,16],"texture":"#1"},"up":{"uv":[0,12,8,16],"texture":"#1"},"down":{"uv":[0,12,8,16],"texture":"#1"}}},{"name":"Barrel","from":[7.6,12,-8.75],"to":[8.4,12.25,3],"faces":{"north":{"uv":[0,12,8,16],"texture":"#1"},"east":{"uv":[0,12,8,16],"texture":"#1"},"south":{"uv":[0,12,8,16],"texture":"#1"},"west":{"uv":[0,12,8,16],"texture":"#1"},"up":{"uv":[0,12,8,16],"texture":"#1"},"down":{"uv":[0,12,8,16],"texture":"#1"}}},{"name":"Barrel","from":[7.5,12.25,-8.75],"to":[8.5,13,3],"faces":{"north":{"uv":[0,12,8,16],"texture":"#1"},"east":{"uv":[0,12,8,16],"texture":"#1"},"south":{"uv":[0,12,8,16],"texture":"#1"},"west":{"uv":[0,12,6.75,12.75],"texture":"#1"},"up":{"uv":[0,12,8,16],"texture":"#1"},"down":{"uv":[0,12,8,16],"texture":"#1"}}},{"name":"EndIron","from":[7.87,13.5,-8.25],"to":[8.12,13.75,-8],"faces":{"north":{"uv":[7,15,8,16],"texture":"#0"},"east":{"uv":[7,15,8,16],"texture":"#0"},"south":{"uv":[7,15,8,16],"texture":"#0"},"west":{"uv":[7,15,8,16],"texture":"#0"},"up":{"uv":[7,15,8,16],"texture":"#0"},"down":{"uv":[7,15,8,16],"texture":"#0"}}},{"name":"spinner","from":[6.75,11.25,3.51],"to":[9.25,12.25,6.21],"rotation":{"angle":45,"axis":"z","origin":[8,11.75,5.385]},"faces":{"north":{"uv":[8,12,11,16],"rotation":270,"texture":"#1"},"east":{"uv":[8,12,11,16],"rotation":270,"texture":"#1"},"south":{"uv":[8,12,11,16],"rotation":270,"texture":"#1"},"west":{"uv":[8,12,11,16],"rotation":270,"texture":"#1"},"up":{"uv":[8,12,11,16],"rotation":270,"texture":"#1"},"down":{"uv":[8,12,11,16],"rotation":270,"texture":"#1"}}},{"name":"spinner","from":[6.75,11.25,3.51],"to":[9.25,12.25,6.25],"faces":{"north":{"uv":[8,12,11,16],"rotation":270,"texture":"#1"},"east":{"uv":[8,12,11,16],"rotation":270,"texture":"#1"},"south":{"uv":[8,12,11,16],"rotation":270,"texture":"#1"},"west":{"uv":[8,12,11,16],"rotation":270,"texture":"#1"},"up":{"uv":[8,12,11,16],"rotation":270,"texture":"#1"},"down":{"uv":[8,12,11,16],"rotation":270,"texture":"#1"}}},{"name":"spinner","from":[7.5,10.5,3.48],"to":[8.5,13,6.24],"rotation":{"angle":45,"axis":"z","origin":[8,11.75,5.355]},"faces":{"north":{"uv":[8,12,11,16],"rotation":270,"texture":"#1"},"east":{"uv":[8,12,11,16],"rotation":270,"texture":"#1"},"south":{"uv":[8,12,11,16],"rotation":270,"texture":"#1"},"west":{"uv":[8,12,11,16],"rotation":270,"texture":"#1"},"up":{"uv":[8,12,11,16],"rotation":270,"texture":"#1"},"down":{"uv":[8,12,11,16],"rotation":270,"texture":"#1"}}},{"name":"spinner","from":[7.5,10.5,3.5],"to":[8.5,13,6.25],"faces":{"north":{"uv":[10,15,11,16],"rotation":270,"texture":"#0"},"east":{"uv":[10,15,11,16],"rotation":270,"texture":"#0"},"south":{"uv":[10,15,11,16],"rotation":270,"texture":"#0"},"west":{"uv":[10,15,11,16],"rotation":270,"texture":"#0"},"up":{"uv":[10,15,11,16],"rotation":270,"texture":"#0"},"down":{"uv":[10,15,11,16],"rotation":270,"texture":"#0"}}}],"display":{"thirdperson_righthand":{"rotation":[4,-1,3],"translation":[0,0,1],"scale":[0.7,0.7,0.7]},"thirdperson_lefthand":{"rotation":[-7,1,-9],"translation":[-12,-1,0.5],"scale":[0.7,0.7,0.7]},"firstperson_righthand":{"rotation":[0,-2,0]},"firstperson_lefthand":{"translation":[-9,2,0]},"ground":{"rotation":[0,0,-23],"translation":[3.59,-0.94,6.05]},"gui":{"rotation":[-44,-126,-59],"translation":[-2.5,-2,-3],"scale":[0.8,0.8,0.8]},"fixed":{"rotation":[-97,132,99],"translation":[3.5,-4.25,-0.75]}},"groups":[0,1,2,3,4,5,6,7,8,9,10,11,12,13,14,15,16,17,18,19,20,21,22,23,{"name":"group","origin":[8,8,8],"children":[24,25,26,27]}]}