{"credit":"Made with Blockbench","textures":{"0":"ttp/qualityarmory/makarov","particle":"ttp/qualityarmory/makarov"},"elements":[{"from":[6.79,3,4.17],"to":[8.04,3.2,4.82],"faces":{"north":{"uv":[12,0,16,4],"texture":"#0"},"east":{"uv":[12,0,16,4],"texture":"#0"},"south":{"uv":[12,0,16,4],"texture":"#0"},"west":{"uv":[12,0,16,4],"texture":"#0"},"up":{"uv":[12,0,16,4],"texture":"#0"},"down":{"uv":[12,0,16,4],"texture":"#0"}}},{"from":[8,4.875,4.2],"to":[8.375,5.575,4.8],"faces":{"north":{"uv":[12,0,16,4],"texture":"#0"},"east":{"uv":[12,0,16,4],"texture":"#0"},"south":{"uv":[12,0,16,4],"texture":"#0"},"west":{"uv":[12,0,16,4],"texture":"#0"},"up":{"uv":[12,0,16,4],"texture":"#0"},"down":{"uv":[12,0,16,4],"texture":"#0"}}},{"from":[4.75,5.125,4.05],"to":[8.15,5.625,4.95],"faces":{"north":{"uv":[12,0,16,4],"texture":"#0"},"east":{"uv":[12,0,16,4],"texture":"#0"},"south":{"uv":[12,0,16,4],"texture":"#0"},"west":{"uv":[12,0,16,4],"texture":"#0"},"up":{"uv":[12,0,16,4],"texture":"#0"},"down":{"uv":[12,0,16,4],"texture":"#0"}}},{"from":[4.75,5.5,4.2],"to":[8,5.75,4.825],"faces":{"north":{"uv":[12,0,16,4],"texture":"#0"},"east":{"uv":[12,0,16,4],"texture":"#0"},"south":{"uv":[12,0,16,4],"texture":"#0"},"west":{"uv":[12,0,16,4],"texture":"#0"},"up":{"uv":[12,0,16,4],"texture":"#0"},"down":{"uv":[12,0,16,4],"texture":"#0"}}},{"from":[6.8,3.2,4.25],"to":[8,5.2,4.75],"faces":{"north":{"uv":[0,0,8,16],"texture":"#0"},"east":{"uv":[8,0,11,5],"texture":"#0"},"south":{"uv":[0,0,8,16],"texture":"#0"},"west":{"uv":[8,0,11,7],"texture":"#0"},"up":{"uv":[0,0,8,16],"texture":"#0"},"down":{"uv":[0,0,8,16],"texture":"#0"}}},{"from":[6.125,4.375,4.375],"to":[6.875,4.5,4.625],"faces":{"north":{"uv":[8,1,11.5,3],"texture":"#0"},"east":{"uv":[8,1,11.5,3],"texture":"#0"},"south":{"uv":[8,1,11.5,3],"texture":"#0"},"west":{"uv":[8,1,11.5,3],"texture":"#0"},"up":{"uv":[8,1,11.5,3],"texture":"#0"},"down":{"uv":[8,1,11.5,3],"texture":"#0"}}},{"from":[6.5625,4.6,4.375],"to":[6.6875,5.1,4.625],"faces":{"north":{"uv":[12,14,16,16],"texture":"#0"},"east":{"uv":[12,14,16,16],"texture":"#0"},"south":{"uv":[12,14,16,16],"texture":"#0"},"west":{"uv":[12,14,16,16],"texture":"#0"},"up":{"uv":[12,14,16,16],"texture":"#0"},"down":{"uv":[12,14,16,16],"texture":"#0"}}},{"from":[6.0625,4.4375,4.375],"to":[6.1875,4.9375,4.625],"faces":{"north":{"uv":[8,1,11.5,3],"texture":"#0"},"east":{"uv":[8,1,11.5,3],"texture":"#0"},"south":{"uv":[8,1,11.5,3],"texture":"#0"},"west":{"uv":[8,1,11.5,3],"texture":"#0"},"up":{"uv":[8,1,11.5,3],"texture":"#0"},"down":{"uv":[8,1,11.5,3],"texture":"#0"}}},{"from":[4.75,4.875,4.2],"to":[6.8125,5.125,4.825],"faces":{"north":{"uv":[12,0,16,4],"texture":"#0"},"east":{"uv":[12,0,16,4],"texture":"#0"},"south":{"uv":[12,0,16,4],"texture":"#0"},"west":{"uv":[12,0,16,4],"texture":"#0"},"up":{"uv":[12,0,16,4],"texture":"#0"},"down":{"uv":[12,0,16,4],"texture":"#0"}}},{"from":[4.5625,5.1875,4.3],"to":[4.8125,5.625,4.7375],"faces":{"north":{"uv":[9.25,9.75,13.25,13.75],"texture":"#0"},"east":{"uv":[9.25,9.75,13.25,13.75],"texture":"#0"},"south":{"uv":[9.25,9.75,13.25,13.75],"texture":"#0"},"west":{"uv":[9.25,9.75,13.25,13.75],"texture":"#0"},"up":{"uv":[9.25,9.75,13.25,13.75],"texture":"#0"},"down":{"uv":[9.25,9.75,13.25,13.75],"texture":"#0"}}}],"display":{"thirdperson_righthand":{"rotation":[-7,-88,-11],"translation":[-5.48,7.37,4.5],"scale":[2.2,2.24,1.89]},"thirdperson_lefthand":{"rotation":[-7,89,11],"translation":[-5.48,7.37,4.35],"scale":[2.2,2.24,1.89]},"firstperson_righthand":{"rotation":[0,-92,0],"translation":[-9,10,8],"scale":[1,1.1043,0.9304]},"firstperson_lefthand":{"rotation":[0,90,0],"translation":[-5.6,10.6,9]},"ground":{"rotation":[80,-12,-23],"translation":[3.59,-10.5,6.05],"scale":[2,2,2]},"gui":{"rotation":[0,140,0],"translation":[2.27,9.07,0],"scale":[3,3,3]},"fixed":{"rotation":[-1,3,-41],"translation":[12.28,6,10.39],"scale":[3.37,3.37,3.4]}}}