{"credit":"Made with Blockbench","textures":{"1":"ttp/qualityarmory/texturedmaterials1","particle":"ttp/qualityarmory/rgbsheet1"},"elements":[{"name":"Silverstuff","from":[11.25,6.5,3.5],"to":[12,11.5,5.5],"rotation":{"angle":0,"axis":"x","origin":[11,9,4.5]},"faces":{"north":{"uv":[0,8,3,12],"texture":"#1"},"east":{"uv":[0,8,3,12],"texture":"#1"},"south":{"uv":[0,8,3,12],"texture":"#1"},"west":{"uv":[0,8,3,12],"texture":"#1"},"up":{"uv":[0,8,3,12],"texture":"#1"},"down":{"uv":[0,8,3,12],"texture":"#1"}}},{"name":"Silverstuff","from":[11.25,8,2],"to":[12,10,7],"rotation":{"angle":-45,"axis":"x","origin":[11,9,4.5]},"faces":{"north":{"uv":[0,8,3,12],"texture":"#1"},"east":{"uv":[0,8,3,12],"texture":"#1"},"south":{"uv":[0,8,3,12],"texture":"#1"},"west":{"uv":[0,8,3,12],"texture":"#1"},"up":{"uv":[0,8,3,12],"texture":"#1"},"down":{"uv":[0,8,3,12],"texture":"#1"}}},{"name":"Silverstuff","from":[11.25,8,2],"to":[12,10,7],"rotation":{"angle":45,"axis":"x","origin":[11,9,4.5]},"faces":{"north":{"uv":[0,8,3,12],"texture":"#1"},"east":{"uv":[0,8,3,12],"texture":"#1"},"south":{"uv":[0,8,3,12],"texture":"#1"},"west":{"uv":[0,8,3,12],"texture":"#1"},"up":{"uv":[0,8,3,12],"texture":"#1"},"down":{"uv":[0,8,3,12],"texture":"#1"}}},{"name":"Silverstuff","from":[11.25,8,2],"to":[12,10,7],"faces":{"north":{"uv":[0,8,3,12],"texture":"#1"},"east":{"uv":[0,8,3,12],"texture":"#1"},"south":{"uv":[0,8,3,12],"texture":"#1"},"west":{"uv":[0,8,3,12],"texture":"#1"},"up":{"uv":[0,8,3,12],"texture":"#1"},"down":{"uv":[0,8,3,12],"texture":"#1"}}},{"name":"Silverstuff","from":[5,6.5,3.5],"to":[7,11.5,5.5],"rotation":{"angle":0,"axis":"x","origin":[6,9,4.5]},"faces":{"north":{"uv":[2,8,6,12],"rotation":270,"texture":"#1"},"east":{"uv":[2,8,6,12],"rotation":270,"texture":"#1"},"south":{"uv":[2,8,6,12],"rotation":270,"texture":"#1"},"west":{"uv":[2,8,6,12],"rotation":270,"texture":"#1"},"up":{"uv":[2,8,6,12],"rotation":270,"texture":"#1"},"down":{"uv":[2,8,6,12],"rotation":270,"texture":"#1"}}},{"name":"Silverstuff","from":[5,8,2],"to":[7,10,7],"rotation":{"angle":-45,"axis":"x","origin":[6,9,4.5]},"faces":{"north":{"uv":[2,8,6,12],"texture":"#1"},"east":{"uv":[2,8,6,12],"texture":"#1"},"south":{"uv":[2,8,6,12],"texture":"#1"},"west":{"uv":[2,8,6,12],"texture":"#1"},"up":{"uv":[2,8,6,12],"texture":"#1"},"down":{"uv":[2,8,6,12],"texture":"#1"}}},{"name":"Silverstuff","from":[5,8,2],"to":[7,10,7],"rotation":{"angle":45,"axis":"x","origin":[6,9,4.5]},"faces":{"north":{"uv":[2,8,6,12],"rotation":90,"texture":"#1"},"east":{"uv":[2,8,6,12],"rotation":90,"texture":"#1"},"south":{"uv":[2,8,6,12],"rotation":90,"texture":"#1"},"west":{"uv":[2,8,6,12],"rotation":90,"texture":"#1"},"up":{"uv":[2,8,6,12],"rotation":90,"texture":"#1"},"down":{"uv":[2,8,6,12],"rotation":90,"texture":"#1"}}},{"name":"Silverstuff","from":[5,8,2],"to":[7,10,7],"faces":{"north":{"uv":[2,8,6,12],"texture":"#1"},"east":{"uv":[2,8,6,12],"texture":"#1"},"south":{"uv":[2,8,6,12],"texture":"#1"},"west":{"uv":[2,8,6,12],"texture":"#1"},"up":{"uv":[2,8,6,12],"texture":"#1"},"down":{"uv":[2,8,6,12],"texture":"#1"}}},{"name":"base","from":[0,6.25,1],"to":[3.5,8,3.25],"faces":{"north":{"uv":[0,8,8,12],"texture":"#1"},"east":{"uv":[0,8,8,12],"texture":"#1"},"south":{"uv":[0,8,8,12],"texture":"#1"},"west":{"uv":[0,8,8,12],"texture":"#1"},"up":{"uv":[0,8,8,12],"texture":"#1"},"down":{"uv":[0,8,8,12],"texture":"#1"}}},{"name":"base","from":[0,6.25,5.75],"to":[3.5,8,8],"faces":{"north":{"uv":[0,8,8,12],"texture":"#1"},"east":{"uv":[0,8,8,12],"texture":"#1"},"south":{"uv":[0,8,8,12],"texture":"#1"},"west":{"uv":[0,8,8,12],"texture":"#1"},"up":{"uv":[0,8,8,12],"texture":"#1"},"down":{"uv":[0,8,8,12],"texture":"#1"}}},{"name":"base","from":[0.25,11,4],"to":[1.5,13,5],"faces":{"north":{"uv":[8,12,16,16],"rotation":90,"texture":"#1"},"east":{"uv":[8,12,16,16],"rotation":90,"texture":"#1"},"south":{"uv":[8,12,16,16],"rotation":90,"texture":"#1"},"west":{"uv":[8,12,16,16],"rotation":90,"texture":"#1"},"up":{"uv":[8,12,16,16],"rotation":90,"texture":"#1"},"down":{"uv":[8,12,16,16],"rotation":90,"texture":"#1"}}},{"name":"base","from":[-1,4.75,2.5],"to":[4.5,7,6.5],"faces":{"north":{"uv":[8,12,16,16],"texture":"#1"},"east":{"uv":[8,12,16,16],"texture":"#1"},"south":{"uv":[8,12,16,16],"texture":"#1"},"west":{"uv":[8,12,16,16],"texture":"#1"},"up":{"uv":[8,12,16,16],"texture":"#1"},"down":{"uv":[8,12,16,16],"texture":"#1"}}},{"name":"base","from":[-0.75,7,2.5],"to":[0,10.5,6.5],"faces":{"north":{"uv":[0,8,1,12],"texture":"#1"},"east":{"uv":[0,8,1,12],"texture":"#1"},"south":{"uv":[0,8,1,12],"texture":"#1"},"west":{"uv":[0,8,6,12],"texture":"#1"},"up":{"uv":[0,8,1,12],"texture":"#1"},"down":{"uv":[0,8,1,12],"texture":"#1"}}},{"name":"base","from":[0,7,2],"to":[4,11,7],"faces":{"north":{"uv":[0,8,5,12],"rotation":90,"texture":"#1"},"east":{"uv":[0,8,8,12],"rotation":90,"texture":"#1"},"south":{"uv":[0,8,6,12],"rotation":90,"texture":"#1"},"west":{"uv":[0,8,8,12],"rotation":90,"texture":"#1"},"up":{"uv":[0,8,8,12],"rotation":90,"texture":"#1"},"down":{"uv":[0,8,8,12],"rotation":90,"texture":"#1"}}},{"name":"Silverstuff","from":[3.25,8.75,5.75],"to":[15,9.25,6.25],"faces":{"north":{"uv":[8,12,16,16],"texture":"#1"},"east":{"uv":[8,12,16,16],"texture":"#1"},"south":{"uv":[8,12,16,16],"texture":"#1"},"west":{"uv":[8,12,16,16],"texture":"#1"},"up":{"uv":[8,12,16,16],"texture":"#1"},"down":{"uv":[8,12,16,16],"texture":"#1"}}},{"name":"Silverstuff","from":[3.25,8.75,2.75],"to":[15,9.25,3.25],"faces":{"north":{"uv":[8,12,16,16],"texture":"#1"},"east":{"uv":[8,12,16,16],"texture":"#1"},"south":{"uv":[8,12,16,16],"texture":"#1"},"west":{"uv":[8,12,16,16],"texture":"#1"},"up":{"uv":[8,12,16,16],"texture":"#1"},"down":{"uv":[8,12,16,16],"texture":"#1"}}},{"name":"Silverstuff","from":[3.25,8.75,5.75],"to":[15,9.25,6.25],"rotation":{"angle":45,"axis":"x","origin":[13.125,9,4.5]},"faces":{"north":{"uv":[8,12,16,16],"texture":"#1"},"east":{"uv":[8,12,16,16],"texture":"#1"},"south":{"uv":[8,12,16,16],"texture":"#1"},"west":{"uv":[8,12,16,16],"texture":"#1"},"up":{"uv":[8,12,16,16],"texture":"#1"},"down":{"uv":[8,12,16,16],"texture":"#1"}}},{"name":"Silverstuff","from":[3.25,8.75,2.75],"to":[15,9.25,3.25],"rotation":{"angle":45,"axis":"x","origin":[13.125,9,4.5]},"faces":{"north":{"uv":[8,12,16,16],"texture":"#1"},"east":{"uv":[8,12,16,16],"texture":"#1"},"south":{"uv":[8,12,16,16],"texture":"#1"},"west":{"uv":[8,12,16,16],"texture":"#1"},"up":{"uv":[8,12,16,16],"texture":"#1"},"down":{"uv":[8,12,16,16],"texture":"#1"}}},{"name":"Silverstuff","from":[3.25,7.25,4.25],"to":[15,7.75,4.75],"rotation":{"angle":0,"axis":"x","origin":[13.125,9,4.5]},"faces":{"north":{"uv":[8,12,16,16],"rotation":180,"texture":"#1"},"east":{"uv":[8,12,16,16],"rotation":180,"texture":"#1"},"south":{"uv":[8,12,16,16],"rotation":180,"texture":"#1"},"west":{"uv":[8,12,16,16],"rotation":180,"texture":"#1"},"up":{"uv":[8,12,16,16],"rotation":180,"texture":"#1"},"down":{"uv":[8,12,16,16],"rotation":180,"texture":"#1"}}},{"name":"Silverstuff","from":[3.25,10.25,4.25],"to":[15,10.75,4.75],"rotation":{"angle":0,"axis":"x","origin":[13.125,9,4.5]},"faces":{"north":{"uv":[8,12,16,16],"rotation":180,"texture":"#1"},"east":{"uv":[8,12,16,16],"rotation":180,"texture":"#1"},"south":{"uv":[8,12,16,16],"rotation":180,"texture":"#1"},"west":{"uv":[8,12,16,16],"rotation":180,"texture":"#1"},"up":{"uv":[8,12,16,16],"rotation":180,"texture":"#1"},"down":{"uv":[8,12,16,16],"rotation":180,"texture":"#1"}}},{"name":"Silverstuff","from":[3.25,10.25,4.25],"to":[15,10.75,4.75],"rotation":{"angle":45,"axis":"x","origin":[13.125,9,4.5]},"faces":{"north":{"uv":[8,12,16,16],"rotation":180,"texture":"#1"},"east":{"uv":[8,12,16,16],"rotation":180,"texture":"#1"},"south":{"uv":[8,12,16,16],"rotation":180,"texture":"#1"},"west":{"uv":[8,12,16,16],"rotation":180,"texture":"#1"},"up":{"uv":[8,12,16,16],"rotation":180,"texture":"#1"},"down":{"uv":[8,12,16,16],"rotation":180,"texture":"#1"}}},{"name":"Silverstuff","from":[3.25,7.25,4.25],"to":[15,7.75,4.75],"rotation":{"angle":45,"axis":"x","origin":[13.125,9,4.5]},"faces":{"north":{"uv":[8,12,16,16],"rotation":180,"texture":"#1"},"east":{"uv":[8,12,16,16],"rotation":180,"texture":"#1"},"south":{"uv":[8,12,16,16],"rotation":180,"texture":"#1"},"west":{"uv":[8,12,16,16],"rotation":180,"texture":"#1"},"up":{"uv":[8,12,16,16],"rotation":180,"texture":"#1"},"down":{"uv":[8,12,16,16],"rotation":180,"texture":"#1"}}},{"name":"Silverstuff","from":[15,8.75,5.75],"to":[15.5,9.25,6.25],"faces":{"north":{"uv":[0,8,8,12],"texture":"#1"},"east":{"uv":[0,8,8,12],"texture":"#1"},"south":{"uv":[0,8,8,12],"texture":"#1"},"west":{"uv":[0,8,8,12],"texture":"#1"},"up":{"uv":[0,8,8,12],"texture":"#1"},"down":{"uv":[0,8,8,12],"texture":"#1"}}},{"name":"Silverstuff","from":[15,8.75,2.75],"to":[15.5,9.25,3.25],"faces":{"north":{"uv":[0,8,8,12],"texture":"#1"},"east":{"uv":[0,8,8,12],"texture":"#1"},"south":{"uv":[0,8,8,12],"texture":"#1"},"west":{"uv":[0,8,8,12],"texture":"#1"},"up":{"uv":[0,8,8,12],"texture":"#1"},"down":{"uv":[0,8,8,12],"texture":"#1"}}},{"name":"Silverstuff","from":[15,8.75,5.75],"to":[15.5,9.25,6.25],"rotation":{"angle":45,"axis":"x","origin":[13.125,9,4.5]},"faces":{"north":{"uv":[0,8,8,12],"texture":"#1"},"east":{"uv":[0,8,8,12],"texture":"#1"},"south":{"uv":[0,8,8,12],"texture":"#1"},"west":{"uv":[0,8,8,12],"texture":"#1"},"up":{"uv":[0,8,8,12],"texture":"#1"},"down":{"uv":[0,8,8,12],"texture":"#1"}}},{"name":"Silverstuff","from":[15,8.75,2.75],"to":[15.5,9.25,3.25],"rotation":{"angle":45,"axis":"x","origin":[13.125,9,4.5]},"faces":{"north":{"uv":[0,8,8,12],"texture":"#1"},"east":{"uv":[0,8,8,12],"texture":"#1"},"south":{"uv":[0,8,8,12],"texture":"#1"},"west":{"uv":[0,8,8,12],"texture":"#1"},"up":{"uv":[0,8,8,12],"texture":"#1"},"down":{"uv":[0,8,8,12],"texture":"#1"}}},{"name":"Silverstuff","from":[15,7.25,4.25],"to":[15.5,7.75,4.75],"rotation":{"angle":0,"axis":"x","origin":[13.125,9,4.5]},"faces":{"north":{"uv":[0,8,8,12],"rotation":270,"texture":"#1"},"east":{"uv":[0,8,8,12],"rotation":270,"texture":"#1"},"south":{"uv":[0,8,8,12],"rotation":270,"texture":"#1"},"west":{"uv":[0,8,8,12],"rotation":270,"texture":"#1"},"up":{"uv":[0,8,8,12],"rotation":270,"texture":"#1"},"down":{"uv":[0,8,8,12],"rotation":270,"texture":"#1"}}},{"name":"Silverstuff","from":[15,10.25,4.25],"to":[15.5,10.75,4.75],"rotation":{"angle":0,"axis":"x","origin":[13.125,9,4.5]},"faces":{"north":{"uv":[0,8,8,12],"rotation":270,"texture":"#1"},"east":{"uv":[0,8,8,12],"rotation":270,"texture":"#1"},"south":{"uv":[0,8,8,12],"rotation":270,"texture":"#1"},"west":{"uv":[0,8,8,12],"rotation":270,"texture":"#1"},"up":{"uv":[0,8,8,12],"rotation":270,"texture":"#1"},"down":{"uv":[0,8,8,12],"rotation":270,"texture":"#1"}}},{"name":"Silverstuff","from":[15,10.25,4.25],"to":[15.5,10.75,4.75],"rotation":{"angle":45,"axis":"x","origin":[13.125,9,4.5]},"faces":{"north":{"uv":[0,8,8,12],"rotation":270,"texture":"#1"},"east":{"uv":[0,8,8,12],"rotation":270,"texture":"#1"},"south":{"uv":[0,8,8,12],"rotation":270,"texture":"#1"},"west":{"uv":[0,8,8,12],"rotation":270,"texture":"#1"},"up":{"uv":[0,8,8,12],"rotation":270,"texture":"#1"},"down":{"uv":[0,8,8,12],"rotation":270,"texture":"#1"}}},{"name":"Silverstuff","from":[15,7.25,4.25],"to":[15.5,7.75,4.75],"rotation":{"angle":45,"axis":"x","origin":[13.125,9,4.5]},"faces":{"north":{"uv":[0,8,8,12],"rotation":270,"texture":"#1"},"east":{"uv":[0,8,8,12],"rotation":270,"texture":"#1"},"south":{"uv":[0,8,8,12],"rotation":270,"texture":"#1"},"west":{"uv":[0,8,8,12],"rotation":270,"texture":"#1"},"up":{"uv":[0,8,8,12],"rotation":270,"texture":"#1"},"down":{"uv":[0,8,8,12],"rotation":270,"texture":"#1"}}}],"display":{"thirdperson_righthand":{"rotation":[0,90,45],"translation":[-2,6,-4],"scale":[1.2,1.2,1.2]},"thirdperson_lefthand":{"rotation":[98,-90,31],"translation":[-10,7,-1],"scale":[1.2,1.2,1.2]},"firstperson_righthand":{"rotation":[0,87,64],"translation":[2,6.5,1]},"firstperson_lefthand":{"rotation":[0,-87,3],"translation":[-18,1.5,1.13]},"ground":{"rotation":[18,-37,18],"translation":[0.76,-0.57,4.91]},"gui":{"rotation":[-20,-29,22],"translation":[0.4516,1.13,0],"scale":[0.7913,1.1273,0.8755]},"head":{"rotation":[0,-1,45],"translation":[6.43,-14.36,11.15],"scale":[2,2,2]},"fixed":{"rotation":[0,-180,40],"translation":[-2.65,-0.19,-4.72],"scale":[1.23,1.2,1.13]}},"groups":[{"name":"","origin":[8,8,8],"children":[]},{"name":"group","origin":[8,8,8],"children":[0,1,2,3]},{"name":"group","origin":[8,8,8],"children":[4,5,6,7]},8,9,10,11,12,13,{"name":"group","origin":[8,8,8],"children":[14,15,16,17,18,19,20,21]},{"name":"group","origin":[8,8,8],"children":[22,23,24,25,26,27,28,29]}]}