{"credit":"Made with Blockbench, a free, modern block model editor by JannisX11","textures":{"0":"ttp/qualityarmory/rgbsheet1","particle":"ttp/qualityarmory/rgbsheet1"},"elements":[{"from":[14.5,8.5,4],"to":[15.5,9,4.5],"faces":{"north":{"uv":[6,15,7,16],"texture":"#0"},"east":{"uv":[6,15,7,16],"texture":"#0"},"south":{"uv":[6,15,7,16],"texture":"#0"},"west":{"uv":[6,15,7,16],"texture":"#0"},"up":{"uv":[6,15,7,16],"texture":"#0"},"down":{"uv":[6,15,7,16],"texture":"#0"}}},{"from":[14,8.25,3.875],"to":[14.5,9.75,4.625],"faces":{"north":{"uv":[6,15,7,16],"texture":"#0"},"east":{"uv":[6,15,7,16],"texture":"#0"},"south":{"uv":[6,15,7,16],"texture":"#0"},"west":{"uv":[6,15,7,16],"texture":"#0"},"up":{"uv":[6,15,7,16],"texture":"#0"},"down":{"uv":[6,15,7,16],"texture":"#0"}}},{"from":[5.25,9.25,4],"to":[14.25,9.75,4.5],"faces":{"north":{"uv":[6,15,7,16],"texture":"#0"},"east":{"uv":[6,15,7,16],"texture":"#0"},"south":{"uv":[6,15,7,16],"texture":"#0"},"west":{"uv":[6,15,7,16],"texture":"#0"},"up":{"uv":[6,15,7,16],"texture":"#0"},"down":{"uv":[6,15,7,16],"texture":"#0"}}},{"from":[14.25,9.75,4.125],"to":[14.5,10,4.375],"faces":{"north":{"uv":[6,15,7,16],"texture":"#0"},"east":{"uv":[6,15,7,16],"texture":"#0"},"south":{"uv":[6,15,7,16],"texture":"#0"},"west":{"uv":[6,15,7,16],"texture":"#0"},"up":{"uv":[6,15,7,16],"texture":"#0"},"down":{"uv":[6,15,7,16],"texture":"#0"}}},{"from":[14.25,10,4.0625],"to":[14.5,10.375,4.4375],"faces":{"north":{"uv":[6,15,7,16],"texture":"#0"},"east":{"uv":[6,15,7,16],"texture":"#0"},"south":{"uv":[6,15,7,16],"texture":"#0"},"west":{"uv":[6,15,7,16],"texture":"#0"},"up":{"uv":[6,15,7,16],"texture":"#0"},"down":{"uv":[6,15,7,16],"texture":"#0"}}},{"from":[12.875,8.25,3.75],"to":[14.125,9.25,4.75],"faces":{"north":{"uv":[7,15,8,16],"texture":"#0"},"east":{"uv":[7,15,8,16],"texture":"#0"},"south":{"uv":[7,15,8,16],"texture":"#0"},"west":{"uv":[7,15,8,16],"texture":"#0"},"up":{"uv":[7,15,8,16],"texture":"#0"},"down":{"uv":[7,15,8,16],"texture":"#0"}}},{"from":[11.125,8,3.75],"to":[12.875,9.25,4.75],"faces":{"north":{"uv":[7,15,8,16],"texture":"#0"},"east":{"uv":[7,15,8,16],"texture":"#0"},"south":{"uv":[7,15,8,16],"texture":"#0"},"west":{"uv":[7,15,8,16],"texture":"#0"},"up":{"uv":[7,15,8,16],"texture":"#0"},"down":{"uv":[7,15,8,16],"texture":"#0"}}},{"from":[11.25,7.875,3.75],"to":[12.25,8.125,4.75],"faces":{"north":{"uv":[7,15,8,16],"texture":"#0"},"east":{"uv":[7,15,8,16],"texture":"#0"},"south":{"uv":[7,15,8,16],"texture":"#0"},"west":{"uv":[7,15,8,16],"texture":"#0"},"up":{"uv":[7,15,8,16],"texture":"#0"},"down":{"uv":[7,15,8,16],"texture":"#0"}}},{"from":[9.75,7.75,3.75],"to":[11.25,9.25,4.75],"faces":{"north":{"uv":[7,15,8,16],"texture":"#0"},"east":{"uv":[7,15,8,16],"texture":"#0"},"south":{"uv":[7,15,8,16],"texture":"#0"},"west":{"uv":[7,15,8,16],"texture":"#0"},"up":{"uv":[7,15,8,16],"texture":"#0"},"down":{"uv":[7,15,8,16],"texture":"#0"}}},{"from":[5.25,8,3.875],"to":[9.75,9.25,4.625],"faces":{"north":{"uv":[6,15,7,16],"texture":"#0"},"east":{"uv":[6,15,7,16],"texture":"#0"},"south":{"uv":[6,15,7,16],"texture":"#0"},"west":{"uv":[6,15,7,16],"texture":"#0"},"up":{"uv":[6,15,7,16],"texture":"#0"},"down":{"uv":[6,15,7,16],"texture":"#0"}}},{"from":[5.25,8.75,3.75],"to":[9.75,9,4.75],"faces":{"north":{"uv":[6,15,7,16],"texture":"#0"},"east":{"uv":[6,15,7,16],"texture":"#0"},"south":{"uv":[6,15,7,16],"texture":"#0"},"west":{"uv":[6,15,7,16],"texture":"#0"},"up":{"uv":[6,15,7,16],"texture":"#0"},"down":{"uv":[6,15,7,16],"texture":"#0"}}},{"from":[6.25,7.25,3.875],"to":[8,8,4.625],"faces":{"north":{"uv":[7,15,8,16],"texture":"#0"},"east":{"uv":[7,15,8,16],"texture":"#0"},"south":{"uv":[7,15,8,16],"texture":"#0"},"west":{"uv":[7,15,8,16],"texture":"#0"},"up":{"uv":[7,15,8,16],"texture":"#0"},"down":{"uv":[7,15,8,16],"texture":"#0"}}},{"from":[8,7.25,3.875],"to":[9.5,8,4.625],"faces":{"north":{"uv":[6,15,7,16],"texture":"#0"},"east":{"uv":[6,15,7,16],"texture":"#0"},"south":{"uv":[6,15,7,16],"texture":"#0"},"west":{"uv":[6,15,7,16],"texture":"#0"},"up":{"uv":[6,15,7,16],"texture":"#0"},"down":{"uv":[6,15,7,16],"texture":"#0"}}},{"from":[8,7,3.875],"to":[8.75,7.25,4.625],"faces":{"north":{"uv":[6,15,7,16],"texture":"#0"},"east":{"uv":[6,15,7,16],"texture":"#0"},"south":{"uv":[6,15,7,16],"texture":"#0"},"west":{"uv":[6,15,7,16],"texture":"#0"},"up":{"uv":[6,15,7,16],"texture":"#0"},"down":{"uv":[6,15,7,16],"texture":"#0"}}},{"from":[6,7,3.875],"to":[8,7.25,4.625],"faces":{"north":{"uv":[7,15,8,16],"texture":"#0"},"east":{"uv":[7,15,8,16],"texture":"#0"},"south":{"uv":[7,15,8,16],"texture":"#0"},"west":{"uv":[7,15,8,16],"texture":"#0"},"up":{"uv":[7,15,8,16],"texture":"#0"},"down":{"uv":[7,15,8,16],"texture":"#0"}}},{"from":[8.375,6.875,3.875],"to":[9.25,7.8125,4.625],"rotation":{"angle":22.5,"axis":"z","origin":[8.375,7.8125,3.875]},"faces":{"north":{"uv":[6,15,7,16],"texture":"#0"},"east":{"uv":[6,15,7,16],"texture":"#0"},"south":{"uv":[6,15,7,16],"texture":"#0"},"west":{"uv":[6,15,7,16],"texture":"#0"},"up":{"uv":[6,15,7,16],"texture":"#0"},"down":{"uv":[6,15,7,16],"texture":"#0"}}},{"from":[8.625,5.375,3.875],"to":[9.375,7.375,4.625],"faces":{"north":{"uv":[6,15,7,16],"texture":"#0"},"east":{"uv":[6,15,7,16],"texture":"#0"},"south":{"uv":[6,15,7,16],"texture":"#0"},"west":{"uv":[6,15,7,16],"texture":"#0"},"up":{"uv":[6,15,7,16],"texture":"#0"},"down":{"uv":[6,15,7,16],"texture":"#0"}}},{"from":[8.5625,4,3.875],"to":[9.3125,5.4375,4.625],"rotation":{"angle":22.5,"axis":"z","origin":[8.5625,5.4375,3.875]},"faces":{"north":{"uv":[6,15,7,16],"texture":"#0"},"east":{"uv":[6,15,7,16],"texture":"#0"},"south":{"uv":[6,15,7,16],"texture":"#0"},"west":{"uv":[6,15,7,16],"texture":"#0"},"up":{"uv":[6,15,7,16],"texture":"#0"},"down":{"uv":[6,15,7,16],"texture":"#0"}}},{"from":[5.0625,7.2525,3.875],"to":[5.9375,7.94,4.625],"rotation":{"angle":45,"axis":"z","origin":[5.0625,8,3.875]},"faces":{"north":{"uv":[6,15,7,16],"texture":"#0"},"east":{"uv":[6,15,7,16],"texture":"#0"},"south":{"uv":[6,15,7,16],"texture":"#0"},"west":{"uv":[6,15,7,16],"texture":"#0"},"up":{"uv":[6,15,7,16],"texture":"#0"},"down":{"uv":[6,15,7,16],"texture":"#0"}}},{"from":[5.0625,6.5625,3.875],"to":[5.9375,7.25,4.625],"rotation":{"angle":45,"axis":"z","origin":[5.0625,8,3.875]},"faces":{"north":{"uv":[7,15,8,16],"texture":"#0"},"east":{"uv":[7,15,8,16],"texture":"#0"},"south":{"uv":[7,15,8,16],"texture":"#0"},"west":{"uv":[7,15,8,16],"texture":"#0"},"up":{"uv":[7,15,8,16],"texture":"#0"},"down":{"uv":[7,15,8,16],"texture":"#0"}}},{"from":[5.875,5.4375,3.875],"to":[6.875,7.625,4.625],"rotation":{"angle":-22.5,"axis":"z","origin":[5.875,7.625,3.875]},"faces":{"north":{"uv":[7,15,8,16],"texture":"#0"},"east":{"uv":[7,15,8,16],"texture":"#0"},"south":{"uv":[7,15,8,16],"texture":"#0"},"west":{"uv":[7,15,8,16],"texture":"#0"},"up":{"uv":[7,15,8,16],"texture":"#0"},"down":{"uv":[7,15,8,16],"texture":"#0"}}},{"from":[6.3125,6.25,3.875],"to":[7.625,6.4375,4.625],"faces":{"north":{"uv":[7,15,8,16],"texture":"#0"},"east":{"uv":[7,15,8,16],"texture":"#0"},"south":{"uv":[7,15,8,16],"texture":"#0"},"west":{"uv":[7,15,8,16],"texture":"#0"},"up":{"uv":[7,15,8,16],"texture":"#0"},"down":{"uv":[7,15,8,16],"texture":"#0"}}},{"from":[7.4375,6.25,3.875],"to":[7.625,7,4.625],"faces":{"north":{"uv":[7,15,8,16],"texture":"#0"},"east":{"uv":[7,15,8,16],"texture":"#0"},"south":{"uv":[7,15,8,16],"texture":"#0"},"west":{"uv":[7,15,8,16],"texture":"#0"},"up":{"uv":[7,15,8,16],"texture":"#0"},"down":{"uv":[7,15,8,16],"texture":"#0"}}},{"from":[4.5,7.75,3.75],"to":[5.25,9.75,4.75],"faces":{"north":{"uv":[6,15,7,16],"texture":"#0"},"east":{"uv":[6,15,7,16],"texture":"#0"},"south":{"uv":[6,15,7,16],"texture":"#0"},"west":{"uv":[6,15,7,16],"texture":"#0"},"up":{"uv":[6,15,7,16],"texture":"#0"},"down":{"uv":[6,15,7,16],"texture":"#0"}}},{"from":[4.5,8.75,3.75],"to":[5.25,9.75,4.75],"rotation":{"angle":-22.5,"axis":"z","origin":[4.5,9.75,3.75]},"faces":{"north":{"uv":[6,15,7,16],"texture":"#0"},"east":{"uv":[6,15,7,16],"texture":"#0"},"south":{"uv":[6,15,7,16],"texture":"#0"},"west":{"uv":[6,15,7,16],"texture":"#0"},"up":{"uv":[6,15,7,16],"texture":"#0"},"down":{"uv":[6,15,7,16],"texture":"#0"}}},{"from":[4.125,7.75,3.75],"to":[4.875,8.8125,4.75],"faces":{"north":{"uv":[6,15,7,16],"texture":"#0"},"east":{"uv":[6,15,7,16],"texture":"#0"},"south":{"uv":[6,15,7,16],"texture":"#0"},"west":{"uv":[6,15,7,16],"texture":"#0"},"up":{"uv":[6,15,7,16],"texture":"#0"},"down":{"uv":[6,15,7,16],"texture":"#0"}}},{"from":[-0.25,8.5,4],"to":[4.25,9,4.5],"faces":{"north":{"uv":[6,15,7,16],"texture":"#0"},"east":{"uv":[6,15,7,16],"texture":"#0"},"south":{"uv":[6,15,7,16],"texture":"#0"},"west":{"uv":[6,15,7,16],"texture":"#0"},"up":{"uv":[6,15,7,16],"texture":"#0"},"down":{"uv":[6,15,7,16],"texture":"#0"}}},{"from":[-0.25,8.25,3.75],"to":[0.75,9.25,4.75],"faces":{"north":{"uv":[6,15,7,16],"texture":"#0"},"east":{"uv":[6,15,7,16],"texture":"#0"},"south":{"uv":[6,15,7,16],"texture":"#0"},"west":{"uv":[6,15,7,16],"texture":"#0"},"up":{"uv":[6,15,7,16],"texture":"#0"},"down":{"uv":[6,15,7,16],"texture":"#0"}}},{"from":[-0.25,7,3.75],"to":[0.25,8.25,4.75],"faces":{"north":{"uv":[6,15,7,16],"texture":"#0"},"east":{"uv":[6,15,7,16],"texture":"#0"},"south":{"uv":[6,15,7,16],"texture":"#0"},"west":{"uv":[6,15,7,16],"texture":"#0"},"up":{"uv":[6,15,7,16],"texture":"#0"},"down":{"uv":[6,15,7,16],"texture":"#0"}}},{"from":[5.25,8.25,3.75],"to":[9.75,8.5,4.75],"faces":{"north":{"uv":[6,15,7,16],"texture":"#0"},"east":{"uv":[6,15,7,16],"texture":"#0"},"south":{"uv":[6,15,7,16],"texture":"#0"},"west":{"uv":[6,15,7,16],"texture":"#0"},"up":{"uv":[6,15,7,16],"texture":"#0"},"down":{"uv":[6,15,7,16],"texture":"#0"}}},{"from":[9,8.5,3.75],"to":[9.75,9,4.75],"faces":{"north":{"uv":[6,15,7,16],"texture":"#0"},"east":{"uv":[6,15,7,16],"texture":"#0"},"south":{"uv":[6,15,7,16],"texture":"#0"},"west":{"uv":[6,15,7,16],"texture":"#0"},"up":{"uv":[6,15,7,16],"texture":"#0"},"down":{"uv":[6,15,7,16],"texture":"#0"}}},{"from":[5.25,8.5,3.75],"to":[5.5,9,4.75],"faces":{"north":{"uv":[6,15,7,16],"texture":"#0"},"east":{"uv":[6,15,7,16],"texture":"#0"},"south":{"uv":[6,15,7,16],"texture":"#0"},"west":{"uv":[6,15,7,16],"texture":"#0"},"up":{"uv":[6,15,7,16],"texture":"#0"},"down":{"uv":[6,15,7,16],"texture":"#0"}}}],"display":{"thirdperson_righthand":{"rotation":[-1,88,9],"translation":[4.35,1.32,-1.13],"scale":[1.4,1.4,1.4]},"thirdperson_lefthand":{"rotation":[17,-99,9],"translation":[-5.29,1.32,-1.12],"scale":[1.4,1.4,1.4]},"firstperson_righthand":{"rotation":[1,81,-1],"translation":[0.19,2.83,3.21],"scale":[1.04,1.26,1.13]},"firstperson_lefthand":{"rotation":[1,-96,-1],"translation":[-6.8,3.02,1.89],"scale":[1.04,1.26,1.12]},"gui":{"rotation":[-9,-38,30],"translation":[-1.7,0.38,0],"scale":[1.2,1.2,1.2]},"head":{"rotation":[1,6,33],"translation":[0.57,-15.31,12.47],"scale":[2,2,2]},"ground":{"rotation":[0,41,41],"translation":[0.19,-0.19,0]},"fixed":{"rotation":[3,-180,43],"translation":[-1.32,0,-6.05],"scale":[1.5,1.5,1.5]}}}