{"credit":"Made with Blockbench, a free, modern block model editor by JannisX11","textures":{"0":"ttp/qualityarmory/rgbsheet1","particle":"ttp/qualityarmory/rgbsheet1"},"elements":[{"from":[1.75,11.25,4],"to":[5.5,11.375,4.5],"faces":{"north":{"uv":[8,15,9,16],"texture":"#0"},"east":{"uv":[8,15,9,16],"texture":"#0"},"south":{"uv":[8,15,9,16],"texture":"#0"},"west":{"uv":[8,15,9,16],"texture":"#0"},"up":{"uv":[8,15,9,16],"texture":"#0"},"down":{"uv":[8,15,9,16],"texture":"#0"}}},{"from":[-2.0625,9.3125,3.75],"to":[-1.5625,11.3125,4.75],"rotation":{"angle":0,"axis":"z","origin":[-2.3125,9.5625,3.75]},"faces":{"north":{"uv":[8,15,9,16],"texture":"#0"},"east":{"uv":[8,15,9,16],"texture":"#0"},"south":{"uv":[8,15,9,16],"texture":"#0"},"west":{"uv":[8,15,9,16],"texture":"#0"},"up":{"uv":[8,15,9,16],"texture":"#0"},"down":{"uv":[8,15,9,16],"texture":"#0"}}},{"from":[2.4375,8.5625,4],"to":[3.6875,8.8125,4.5],"rotation":{"angle":0,"axis":"z","origin":[2.9375,8.3125,3.75]},"faces":{"north":{"uv":[8,15,9,16],"texture":"#0"},"east":{"uv":[8,15,9,16],"texture":"#0"},"south":{"uv":[8,15,9,16],"texture":"#0"},"west":{"uv":[8,15,9,16],"texture":"#0"},"up":{"uv":[8,15,9,16],"texture":"#0"},"down":{"uv":[8,15,9,16],"texture":"#0"}}},{"from":[3.6875,8.8125,4],"to":[3.9375,10.0625,4.5],"rotation":{"angle":0,"axis":"z","origin":[2.9375,8.3125,3.75]},"faces":{"north":{"uv":[8,15,9,16],"texture":"#0"},"east":{"uv":[8,15,9,16],"texture":"#0"},"south":{"uv":[8,15,9,16],"texture":"#0"},"west":{"uv":[8,15,9,16],"texture":"#0"},"up":{"uv":[8,15,9,16],"texture":"#0"},"down":{"uv":[8,15,9,16],"texture":"#0"}}},{"from":[0.9375,7.5625,3.75],"to":[2.6875,10.5625,4.75],"rotation":{"angle":-22.5,"axis":"z","origin":[1.6875,8.5625,3.75]},"faces":{"north":{"uv":[8,15,9,16],"texture":"#0"},"east":{"uv":[8,15,9,16],"texture":"#0"},"south":{"uv":[8,15,9,16],"texture":"#0"},"west":{"uv":[8,15,9,16],"texture":"#0"},"up":{"uv":[8,15,9,16],"texture":"#0"},"down":{"uv":[8,15,9,16],"texture":"#0"}}},{"from":[0.9375,9.125,3.75],"to":[1.875,10.875,4.75],"rotation":{"angle":22.5,"axis":"z","origin":[0.9375,10.875,3.75]},"faces":{"north":{"uv":[8,15,9,16],"texture":"#0"},"east":{"uv":[8,15,9,16],"texture":"#0"},"south":{"uv":[8,15,9,16],"texture":"#0"},"west":{"uv":[8,15,9,16],"texture":"#0"},"up":{"uv":[8,15,9,16],"texture":"#0"},"down":{"uv":[8,15,9,16],"texture":"#0"}}},{"from":[1.75,9.75,3.749],"to":[5.5,10.5,4.769],"faces":{"north":{"uv":[8,15,9,16],"texture":"#0"},"east":{"uv":[8,15,9,16],"texture":"#0"},"south":{"uv":[8,15,9,16],"texture":"#0"},"west":{"uv":[8,15,9,16],"texture":"#0"},"up":{"uv":[8,15,9,16],"texture":"#0"},"down":{"uv":[8,15,9,16],"texture":"#0"}}},{"from":[-1.75,10.5,3.999],"to":[5.5,11.25,4.769],"faces":{"north":{"uv":[8,15,9,16],"texture":"#0"},"east":{"uv":[8,15,9,16],"texture":"#0"},"south":{"uv":[8,15,9,16],"texture":"#0"},"west":{"uv":[8,15,9,16],"texture":"#0"},"up":{"uv":[8,15,9,16],"texture":"#0"},"down":{"uv":[8,15,9,16],"texture":"#0"}}},{"name":"Silverstuff","from":[9.75,8.75,3.75],"to":[13.25,9.5,4.5],"faces":{"north":{"uv":[8,15,9,16],"texture":"#0"},"east":{"uv":[8,15,9,16],"texture":"#0"},"south":{"uv":[8,15,9,16],"texture":"#0"},"west":{"uv":[8,15,9,16],"texture":"#0"},"up":{"uv":[8,15,9,16],"texture":"#0"},"down":{"uv":[8,15,9,16],"texture":"#0"}}},{"name":"Silverstuff","from":[8,7,2],"to":[9.75,7.75,4],"faces":{"north":{"uv":[8,15,9,16],"texture":"#0"},"east":{"uv":[8,15,9,16],"texture":"#0"},"south":{"uv":[8,15,9,16],"texture":"#0"},"west":{"uv":[8,15,9,16],"texture":"#0"},"up":{"uv":[8,15,9,16],"texture":"#0"},"down":{"uv":[8,15,9,16],"texture":"#0"}}},{"name":"Silverstuff","from":[8,7.75,2],"to":[9.75,8.5,5.5],"faces":{"north":{"uv":[8,15,9,16],"texture":"#0"},"east":{"uv":[8,15,9,16],"texture":"#0"},"south":{"uv":[8,15,9,16],"texture":"#0"},"west":{"uv":[8,15,9,16],"texture":"#0"},"up":{"uv":[8,15,9,16],"texture":"#0"},"down":{"uv":[8,15,9,16],"texture":"#0"}}},{"name":"Silverstuff","from":[8,8.5,2.5],"to":[9.75,9.25,3.5],"faces":{"north":{"uv":[8,15,9,16],"texture":"#0"},"east":{"uv":[8,15,9,16],"texture":"#0"},"south":{"uv":[8,15,9,16],"texture":"#0"},"west":{"uv":[8,15,9,16],"texture":"#0"},"up":{"uv":[8,15,9,16],"texture":"#0"},"down":{"uv":[8,15,9,16],"texture":"#0"}}},{"name":"Silverstuff","from":[8,8.75,3.5],"to":[9.75,9.75,5],"faces":{"north":{"uv":[8,15,9,16],"texture":"#0"},"east":{"uv":[8,15,9,16],"texture":"#0"},"south":{"uv":[8,15,9,16],"texture":"#0"},"west":{"uv":[8,15,9,16],"texture":"#0"},"up":{"uv":[8,15,9,16],"texture":"#0"},"down":{"uv":[8,15,9,16],"texture":"#0"}}},{"name":"Silverstuff","from":[5.5,9.25,3.75],"to":[8,10.25,5],"faces":{"north":{"uv":[8,15,9,16],"texture":"#0"},"east":{"uv":[8,15,9,16],"texture":"#0"},"south":{"uv":[8,15,9,16],"texture":"#0"},"west":{"uv":[8,15,9,16],"texture":"#0"},"up":{"uv":[8,15,9,16],"texture":"#0"},"down":{"uv":[8,15,9,16],"texture":"#0"}}},{"name":"Silverstuff","from":[7.5,10.75,4.25],"to":[9.75,11.25,4.75],"faces":{"north":{"uv":[8,15,9,16],"texture":"#0"},"east":{"uv":[8,15,9,16],"texture":"#0"},"south":{"uv":[8,15,9,16],"texture":"#0"},"west":{"uv":[8,15,9,16],"texture":"#0"},"up":{"uv":[8,15,9,16],"texture":"#0"},"down":{"uv":[8,15,9,16],"texture":"#0"}}},{"name":"Silverstuff","from":[8.5,8.75,6.5],"to":[9,11.75,7.25],"faces":{"north":{"uv":[8,15,9,16],"texture":"#0"},"east":{"uv":[8,15,9,16],"texture":"#0"},"south":{"uv":[8,15,9,16],"texture":"#0"},"west":{"uv":[8,15,9,16],"texture":"#0"},"up":{"uv":[8,15,9,16],"texture":"#0"},"down":{"uv":[8,15,9,16],"texture":"#0"}}},{"name":"Silverstuff","from":[8.5,11.5,4],"to":[9,12.5,5],"faces":{"north":{"uv":[8,15,9,16],"texture":"#0"},"east":{"uv":[8,15,9,16],"texture":"#0"},"south":{"uv":[8,15,9,16],"texture":"#0"},"west":{"uv":[8,15,9,16],"texture":"#0"},"up":{"uv":[8,15,9,16],"texture":"#0"},"down":{"uv":[8,15,9,16],"texture":"#0"}}},{"name":"Silverstuff","from":[8.5,7.75,5],"to":[9,12.75,6.5],"faces":{"north":{"uv":[8,15,9,16],"texture":"#0"},"east":{"uv":[8,15,9,16],"texture":"#0"},"south":{"uv":[8,15,9,16],"texture":"#0"},"west":{"uv":[8,15,9,16],"texture":"#0"},"up":{"uv":[8,15,9,16],"texture":"#0"},"down":{"uv":[8,15,9,16],"texture":"#0"}}},{"name":"Silverstuff","from":[9.75,10.25,3.75],"to":[14.5,10.5,4.75],"faces":{"north":{"uv":[8,15,9,16],"texture":"#0"},"east":{"uv":[8,15,9,16],"texture":"#0"},"south":{"uv":[8,15,9,16],"texture":"#0"},"west":{"uv":[8,15,9,16],"texture":"#0"},"up":{"uv":[8,15,9,16],"texture":"#0"},"down":{"uv":[8,15,9,16],"texture":"#0"}}},{"name":"Silverstuff","from":[10,10.5,3.75],"to":[12,11,4.75],"faces":{"north":{"uv":[5,15,6,16],"texture":"#0"},"east":{"uv":[5,15,6,16],"texture":"#0"},"south":{"uv":[5,15,6,16],"texture":"#0"},"west":{"uv":[5,15,6,16],"texture":"#0"},"up":{"uv":[5,15,6,16],"texture":"#0"},"down":{"uv":[5,15,6,16],"texture":"#0"}}},{"name":"Silverstuff","from":[12.25,10.5,3.75],"to":[14.25,11,4.75],"faces":{"north":{"uv":[5,15,6,16],"texture":"#0"},"east":{"uv":[5,15,6,16],"texture":"#0"},"south":{"uv":[5,15,6,16],"texture":"#0"},"west":{"uv":[5,15,6,16],"texture":"#0"},"up":{"uv":[5,15,6,16],"texture":"#0"},"down":{"uv":[5,15,6,16],"texture":"#0"}}},{"name":"Silverstuff","from":[9.75,11,3.75],"to":[14.5,11.25,4.75],"faces":{"north":{"uv":[8,15,9,16],"texture":"#0"},"east":{"uv":[8,15,9,16],"texture":"#0"},"south":{"uv":[8,15,9,16],"texture":"#0"},"west":{"uv":[8,15,9,16],"texture":"#0"},"up":{"uv":[8,15,9,16],"texture":"#0"},"down":{"uv":[8,15,9,16],"texture":"#0"}}},{"name":"Silverstuff","from":[9.75,10.5,4.75],"to":[14.5,11.25,5],"faces":{"north":{"uv":[8,15,9,16],"texture":"#0"},"east":{"uv":[8,15,9,16],"texture":"#0"},"south":{"uv":[8,15,9,16],"texture":"#0"},"west":{"uv":[8,15,9,16],"texture":"#0"},"up":{"uv":[8,15,9,16],"texture":"#0"},"down":{"uv":[8,15,9,16],"texture":"#0"}}},{"name":"Silverstuff","from":[9.75,10.5,3.5],"to":[14.5,11.25,3.75],"faces":{"north":{"uv":[8,15,9,16],"texture":"#0"},"east":{"uv":[8,15,9,16],"texture":"#0"},"south":{"uv":[8,15,9,16],"texture":"#0"},"west":{"uv":[8,15,9,16],"texture":"#0"},"up":{"uv":[8,15,9,16],"texture":"#0"},"down":{"uv":[8,15,9,16],"texture":"#0"}}},{"name":"Silverstuff","from":[5.5,11.25,4],"to":[14.5,11.35,4.5],"faces":{"north":{"uv":[8,15,9,16],"texture":"#0"},"east":{"uv":[8,15,9,16],"texture":"#0"},"south":{"uv":[8,15,9,16],"texture":"#0"},"west":{"uv":[8,15,9,16],"texture":"#0"},"up":{"uv":[8,15,9,16],"texture":"#0"},"down":{"uv":[8,15,9,16],"texture":"#0"}}},{"name":"Silverstuff","from":[5.5,10.5,4.25],"to":[8.5,10.65,4.5],"faces":{"north":{"uv":[9,14,10,15],"texture":"#0"},"east":{"uv":[9,14,10,15],"texture":"#0"},"south":{"uv":[9,14,10,15],"texture":"#0"},"west":{"uv":[9,14,10,15],"texture":"#0"},"up":{"uv":[9,14,10,15],"texture":"#0"},"down":{"uv":[9,14,10,15],"texture":"#0"}}},{"name":"Silverstuff","from":[5.5,10.75,4.25],"to":[7.5,11.25,4.75],"faces":{"north":{"uv":[8,15,9,16],"texture":"#0"},"east":{"uv":[8,15,9,16],"texture":"#0"},"south":{"uv":[8,15,9,16],"texture":"#0"},"west":{"uv":[8,15,9,16],"texture":"#0"},"up":{"uv":[8,15,9,16],"texture":"#0"},"down":{"uv":[8,15,9,16],"texture":"#0"}}}],"display":{"thirdperson_righthand":{"rotation":[-34,86,31],"translation":[5.29,-3.4,-5.48],"scale":[1.17,1.51,1.57]},"thirdperson_lefthand":{"rotation":[28,-92,31],"translation":[-16.5,-2.5,-6],"scale":[1.17,1.51,1.57]},"firstperson_righthand":{"rotation":[0,87,-4],"translation":[-1.7,2.27,2.27],"scale":[1.0347,0.9651,1.0347]},"firstperson_lefthand":{"rotation":[0,-86,3],"translation":[-14.5,3.5,5]},"gui":{"rotation":[-20,-29,22],"translation":[0.4516,1.13,0],"scale":[0.7913,1.1273,0.8755]},"head":{"rotation":[0,-1,45],"translation":[6.43,-14.36,11.15],"scale":[2,2,2]},"ground":{"rotation":[18,-37,18],"translation":[0.76,-0.57,4.91],"scale":[1.4,1.4,1.4]},"fixed":{"rotation":[0,-180,40],"translation":[-2.65,-0.19,-4.72],"scale":[1.23,1.2,1.13]}}}