{"credit":"Made with Blockbench","textures":{"0":"ttp/qualityarmory/rgbsheet1","1":"ttp/qualityarmory/texturedmaterials1","particle":"ttp/qualityarmory/rgbsheet1"},"elements":[{"name":"Silverstuff","from":[5.5,11.25,4],"to":[11,11.35,4.5],"faces":{"north":{"uv":[0,4,4,8],"texture":"#1"},"east":{"uv":[0,4,4,8],"texture":"#1"},"south":{"uv":[0,4,4,8],"texture":"#1"},"west":{"uv":[0,4,4,8],"texture":"#1"},"up":{"uv":[0,4,5.5,4.5],"texture":"#1"},"down":{"uv":[0,4,5.5,4.5],"texture":"#1"}}},{"name":"Handle","from":[2.75,12.4,4],"to":[6,12.5,4.5],"faces":{"north":{"uv":[0,4,4,8],"texture":"#1"},"east":{"uv":[0,4,4,8],"texture":"#1"},"south":{"uv":[0,4,4,8],"texture":"#1"},"west":{"uv":[0,4,4,8],"texture":"#1"},"up":{"uv":[0,4,4,8],"texture":"#1"},"down":{"uv":[0,4,4,8],"texture":"#1"}}},{"name":"Handle","from":[3.25,11.75,4],"to":[4,12.4,4.5],"faces":{"north":{"uv":[0,4,4,8],"texture":"#1"},"east":{"uv":[0,4,4,8],"texture":"#1"},"south":{"uv":[0,4,4,8],"texture":"#1"},"west":{"uv":[0,4,4,8],"texture":"#1"},"up":{"uv":[0,4,4,8],"texture":"#1"},"down":{"uv":[0,4,4,8],"texture":"#1"}}},{"name":"Handle","from":[4.25,11.75,4],"to":[5,12.4,4.5],"faces":{"north":{"uv":[0,4,4,8],"texture":"#1"},"east":{"uv":[0,4,4,8],"texture":"#1"},"south":{"uv":[0,4,4,8],"texture":"#1"},"west":{"uv":[0,4,4,8],"texture":"#1"},"up":{"uv":[0,4,4,8],"texture":"#1"},"down":{"uv":[0,4,4,8],"texture":"#1"}}},{"name":"Handle","from":[5.25,11.75,4],"to":[6,12.4,4.5],"faces":{"north":{"uv":[0,4,4,8],"texture":"#1"},"east":{"uv":[0,4,4,8],"texture":"#1"},"south":{"uv":[0,4,4,8],"texture":"#1"},"west":{"uv":[0,4,4,8],"texture":"#1"},"up":{"uv":[0,4,4,8],"texture":"#1"},"down":{"uv":[0,4,4,8],"texture":"#1"}}},{"name":"Handle","from":[2.75,11.75,4],"to":[6,11.85,4.5],"faces":{"north":{"uv":[0,4,4,8],"texture":"#1"},"east":{"uv":[0,4,4,8],"texture":"#1"},"south":{"uv":[0,4,4,8],"texture":"#1"},"west":{"uv":[0,4,4,8],"texture":"#1"},"up":{"uv":[0,4,4,8],"texture":"#1"},"down":{"uv":[0,4,4,8],"texture":"#1"}}},{"name":"Handle","from":[2.25,14,4],"to":[4.25,14.85,4.5],"rotation":{"angle":22.5,"axis":"z","origin":[9.5,10.25,8]},"faces":{"north":{"uv":[0,4,4,8],"texture":"#1"},"east":{"uv":[0,4,4,8],"texture":"#1"},"south":{"uv":[0,4,4,8],"texture":"#1"},"west":{"uv":[0,4,4,8],"texture":"#1"},"up":{"uv":[0,4,4,8],"texture":"#1"},"down":{"uv":[0,4,4,8],"texture":"#1"}}},{"name":"Handle","from":[2.9,7.9,4],"to":[3.25,9.65,4.5],"rotation":{"angle":-22.5,"axis":"z","origin":[7.25,15.15,8]},"faces":{"north":{"uv":[0,4,4,8],"texture":"#1"},"east":{"uv":[0,4,4,8],"texture":"#1"},"south":{"uv":[0,4,4,8],"texture":"#1"},"west":{"uv":[0,4,4,8],"texture":"#1"},"up":{"uv":[0,4,4,8],"texture":"#1"},"down":{"uv":[0,4,4,8],"texture":"#1"}}},{"name":"Handle","from":[6,11.75,3.75],"to":[7.5,12.5,4.75],"faces":{"north":{"uv":[0,4,4,8],"texture":"#1"},"east":{"uv":[0,4,4,8],"texture":"#1"},"south":{"uv":[0,4,4,8],"texture":"#1"},"west":{"uv":[0,4,4,8],"texture":"#1"},"up":{"uv":[0,4,4,8],"texture":"#1"},"down":{"uv":[0,4,4,8],"texture":"#1"}}},{"name":"Silverstuff","from":[6.5,10.75,3.75],"to":[11,11.25,4.75],"faces":{"north":{"uv":[0,4,4,8],"texture":"#1"},"east":{"uv":[0,4,4,8],"texture":"#1"},"south":{"uv":[0,4,4,8],"texture":"#1"},"west":{"uv":[0,4,4,8],"texture":"#1"},"up":{"uv":[0,4,4,8],"texture":"#1"},"down":{"uv":[0,4,4,8],"texture":"#1"}}},{"name":"barrwel","from":[12.75,13,4],"to":[13.25,14.25,4.5],"rotation":{"angle":-22.5,"axis":"z","origin":[8,8,8]},"faces":{"north":{"uv":[0,4,4,8],"texture":"#1"},"east":{"uv":[0,4,4,8],"texture":"#1"},"south":{"uv":[0,4,4,8],"texture":"#1"},"west":{"uv":[0,4,4,8],"texture":"#1"},"up":{"uv":[0,4,4,8],"texture":"#1"},"down":{"uv":[0,4,4,8],"texture":"#1"}}},{"name":"barrwel","from":[15.25,10.5,4],"to":[16,11.25,4.5],"faces":{"north":{"uv":[0,4,4,8],"texture":"#1"},"east":{"uv":[0,4,4,8],"texture":"#1"},"south":{"uv":[0,4,4,8],"texture":"#1"},"west":{"uv":[0,4,4,8],"texture":"#1"},"up":{"uv":[0,4,4,8],"texture":"#1"},"down":{"uv":[0,4,4,8],"texture":"#1"}}},{"name":"barrwel","from":[11,10.5,4],"to":[15.25,11,4.5],"faces":{"north":{"uv":[0,4,4,8],"texture":"#1"},"east":{"uv":[0,4,4,8],"texture":"#1"},"south":{"uv":[0,4,4,8],"texture":"#1"},"west":{"uv":[0,4,4,8],"texture":"#1"},"up":{"uv":[0,4,4,8],"texture":"#1"},"down":{"uv":[0,4,4,8],"texture":"#1"}}},{"name":"barrwel","from":[11,9.5,4],"to":[16,10,4.5],"faces":{"north":{"uv":[0,4,4,8],"texture":"#1"},"east":{"uv":[0,4,4,8],"texture":"#1"},"south":{"uv":[0,4,4,8],"texture":"#1"},"west":{"uv":[0,4,4,8],"texture":"#1"},"up":{"uv":[0,4,4,8],"texture":"#1"},"down":{"uv":[0,4,4,8],"texture":"#1"}}},{"from":[1.8125,7.6875,3.76],"to":[2.1875,8.4375,4.74],"rotation":{"angle":22.5,"axis":"z","origin":[-0.6875,8.4375,3.75]},"faces":{"north":{"uv":[0,4,4,8],"texture":"#1"},"east":{"uv":[0,4,4,8],"texture":"#1"},"south":{"uv":[0,4,4,8],"texture":"#1"},"west":{"uv":[0,4,4,8],"texture":"#1"},"up":{"uv":[0,4,4,8],"texture":"#1"},"down":{"uv":[0,4,4,8],"texture":"#1"}}},{"from":[0.3125,7.4375,3.76],"to":[1.8125,7.6875,4.76],"rotation":{"angle":22.5,"axis":"z","origin":[-0.6875,8.4375,3.75]},"faces":{"north":{"uv":[0,4,4,8],"texture":"#1"},"east":{"uv":[0,4,4,8],"texture":"#1"},"south":{"uv":[0,4,4,8],"texture":"#1"},"west":{"uv":[0,4,4,8],"texture":"#1"},"up":{"uv":[0,4,4,8],"texture":"#1"},"down":{"uv":[0,4,4,8],"texture":"#1"}}},{"from":[-0.6875,8.4375,3.76],"to":[2.1875,10.1875,4.74],"rotation":{"angle":22.5,"axis":"z","origin":[-0.6875,10.1875,3.75]},"faces":{"north":{"uv":[0,4,4,8],"texture":"#1"},"east":{"uv":[0,4,4,8],"texture":"#1"},"south":{"uv":[0,4,4,8],"texture":"#1"},"west":{"uv":[0,4,4,8],"texture":"#1"},"up":{"uv":[0,4,4,8],"texture":"#1"},"down":{"uv":[0,4,4,8],"texture":"#1"}}},{"from":[-0.8125,6.8125,3.75],"to":[0.6875,10.3125,4.75],"rotation":{"angle":0,"axis":"z","origin":[-1.3125,8.5625,3.75]},"faces":{"north":{"uv":[0,4,4,8],"texture":"#1"},"east":{"uv":[0,4,4,8],"texture":"#1"},"south":{"uv":[0,4,4,8],"texture":"#1"},"west":{"uv":[0,4,4,8],"texture":"#1"},"up":{"uv":[0,4,4,8],"texture":"#1"},"down":{"uv":[0,4,4,8],"texture":"#1"}}},{"from":[1.75,11.25,4],"to":[5.5,11.375,4.5],"faces":{"north":{"uv":[0,4,4,8],"texture":"#1"},"east":{"uv":[0,4,4,8],"texture":"#1"},"south":{"uv":[0,4,4,8],"texture":"#1"},"west":{"uv":[0,4,4,8],"texture":"#1"},"up":{"uv":[0,4,3.75,4.5],"texture":"#1"},"down":{"uv":[0,4,4,8],"texture":"#1"}}},{"from":[-0.5625,10.1875,4],"to":[2,10.375,4.5],"rotation":{"angle":22.5,"axis":"z","origin":[-0.5625,10.375,4]},"faces":{"north":{"uv":[0,4,4,8],"texture":"#1"},"east":{"uv":[0,4,4,8],"texture":"#1"},"south":{"uv":[0,4,4,8],"texture":"#1"},"west":{"uv":[0,4,4,8],"texture":"#1"},"up":{"uv":[0,4,4,8],"texture":"#1"},"down":{"uv":[0,4,4,8],"texture":"#1"}}},{"name":"Silverstuff","from":[9.25,9.25,3.75],"to":[9.5,10.75,4.75],"faces":{"north":{"uv":[0,4,4,8],"texture":"#1"},"east":{"uv":[0,4,4,8],"texture":"#1"},"south":{"uv":[0,4,4,8],"texture":"#1"},"west":{"uv":[0,4,4,8],"texture":"#1"},"up":{"uv":[0,4,4,8],"texture":"#1"},"down":{"uv":[0,4,4,8],"texture":"#1"}}},{"name":"Silverstuff","from":[8.5,9.25,3.5],"to":[9.25,10.75,5],"faces":{"north":{"uv":[0,4,4,8],"texture":"#1"},"east":{"uv":[0,4,4,8],"texture":"#1"},"south":{"uv":[0,4,4,8],"texture":"#1"},"west":{"uv":[0,4,4,8],"texture":"#1"},"up":{"uv":[0,4,4,8],"texture":"#1"},"down":{"uv":[0,4,4,8],"texture":"#1"}}},{"name":"Silverstuff","from":[9.5,9.25,3.5],"to":[11,10.75,5],"faces":{"north":{"uv":[0,4,4,8],"texture":"#1"},"east":{"uv":[0,4,4,8],"texture":"#1"},"south":{"uv":[0,4,4,8],"texture":"#1"},"west":{"uv":[0,4,4,8],"texture":"#1"},"up":{"uv":[0,4,4,8],"texture":"#1"},"down":{"uv":[0,4,4,8],"texture":"#1"}}},{"name":"Silverstuff","from":[8.25,9.25,3.75],"to":[8.5,10.75,4.75],"faces":{"north":{"uv":[0,8,7,12],"texture":"#1"},"east":{"uv":[0,8,7,12],"texture":"#1"},"south":{"uv":[0,8,7,12],"texture":"#1"},"west":{"uv":[0,8,7,12],"texture":"#1"},"up":{"uv":[0,8,7,12],"texture":"#1"},"down":{"uv":[0,8,7,12],"texture":"#1"}}},{"name":"Silverstuff","from":[7.5,9.25,3.5],"to":[8.25,10.75,5],"faces":{"north":{"uv":[0,4,4,8],"texture":"#1"},"east":{"uv":[0,4,4,8],"texture":"#1"},"south":{"uv":[0,4,4,8],"texture":"#1"},"west":{"uv":[0,4,4,8],"texture":"#1"},"up":{"uv":[0,4,4,8],"texture":"#1"},"down":{"uv":[0,4,4,8],"texture":"#1"}}},{"name":"Silverstuff","from":[7.25,9.25,3.75],"to":[7.5,10.75,4.75],"faces":{"north":{"uv":[0,4,4,8],"texture":"#1"},"east":{"uv":[0,4,4,8],"texture":"#1"},"south":{"uv":[0,4,4,8],"texture":"#1"},"west":{"uv":[0,4,4,8],"texture":"#1"},"up":{"uv":[0,4,4,8],"texture":"#1"},"down":{"uv":[0,4,4,8],"texture":"#1"}}},{"name":"Silverstuff","from":[6.5,9.25,3.5],"to":[7.25,10.75,5],"faces":{"north":{"uv":[0,4,4,8],"texture":"#1"},"east":{"uv":[0,4,4,8],"texture":"#1"},"south":{"uv":[0,4,4,8],"texture":"#1"},"west":{"uv":[0,4,4,8],"texture":"#1"},"up":{"uv":[0,4,4,8],"texture":"#1"},"down":{"uv":[0,4,4,8],"texture":"#1"}}},{"from":[1.75,11,3.75],"to":[6.5,11.25,4.75],"faces":{"north":{"uv":[0,8,4.75,8.25],"texture":"#1"},"east":{"uv":[0,8,4.75,8.25],"texture":"#1"},"south":{"uv":[0,8,4.75,8.25],"texture":"#1"},"west":{"uv":[0,8,4.75,8.25],"texture":"#1"},"up":{"uv":[0,8,4.75,8.25],"texture":"#1"},"down":{"uv":[0,8,4.75,8.25],"texture":"#1"}}},{"from":[1.75,10.75,4],"to":[7.75,11,4.5],"faces":{"north":{"uv":[0,5,6,6.25],"texture":"#1"},"east":{"uv":[8,15,9,16],"texture":"#0"},"south":{"uv":[8,15,9,16],"texture":"#0"},"west":{"uv":[8,15,9,16],"texture":"#0"},"up":{"uv":[8,15,9,16],"texture":"#0"},"down":{"uv":[8,15,9,16],"texture":"#0"}}},{"from":[1.75,10.75,3.75],"to":[2.5,11,4.75],"faces":{"north":{"uv":[0,8,0.75,8.25],"texture":"#1"},"east":{"uv":[0,8,0.75,8.25],"texture":"#1"},"south":{"uv":[0,8,0.75,8.25],"texture":"#1"},"west":{"uv":[0,8,0.75,8.25],"texture":"#1"},"up":{"uv":[0,8,0.75,8.25],"texture":"#1"},"down":{"uv":[0,8,0.75,8.25],"texture":"#1"}}},{"from":[2.75,10.75,3.75],"to":[3.5,11,4.75],"faces":{"north":{"uv":[0,8,0.75,8.25],"texture":"#1"},"east":{"uv":[0,8,0.75,8.25],"texture":"#1"},"south":{"uv":[0,8,0.75,8.25],"texture":"#1"},"west":{"uv":[0,8,0.75,8.25],"texture":"#1"},"up":{"uv":[0,8,0.75,8.25],"texture":"#1"},"down":{"uv":[0,8,0.75,8.25],"texture":"#1"}}},{"from":[4.75,10.75,3.75],"to":[5.5,11,4.75],"faces":{"north":{"uv":[0,8,0.75,8.25],"texture":"#1"},"east":{"uv":[0,8,0.75,8.25],"texture":"#1"},"south":{"uv":[0,8,0.75,8.25],"texture":"#1"},"west":{"uv":[0,8,0.75,8.25],"texture":"#1"},"up":{"uv":[0,8,0.75,8.25],"texture":"#1"},"down":{"uv":[0,8,0.75,8.25],"texture":"#1"}}},{"from":[5.75,10.75,3.75],"to":[6.5,11,4.75],"faces":{"north":{"uv":[0,8,0.75,8.25],"texture":"#1"},"east":{"uv":[0,8,0.75,8.25],"texture":"#1"},"south":{"uv":[0,8,0.75,8.25],"texture":"#1"},"west":{"uv":[0,8,0.75,8.25],"texture":"#1"},"up":{"uv":[0,8,0.75,8.25],"texture":"#1"},"down":{"uv":[0,8,0.75,8.25],"texture":"#1"}}},{"from":[1.75,9.5,3.75],"to":[6.5,10.75,4.75],"faces":{"north":{"uv":[0,8,4.75,9.25],"texture":"#1"},"east":{"uv":[0,8,4.75,9.25],"texture":"#1"},"south":{"uv":[0,8,4.75,9.25],"texture":"#1"},"west":{"uv":[0,8,4.75,9.25],"texture":"#1"},"up":{"uv":[0,8,4.75,9.25],"texture":"#1"},"down":{"uv":[0,8,4.75,9.25],"texture":"#1"}}},{"from":[3.75,10.75,3.75],"to":[4.5,11,4.75],"faces":{"north":{"uv":[0,8,0.75,8.25],"texture":"#1"},"east":{"uv":[0,8,0.75,8.25],"texture":"#1"},"south":{"uv":[0,8,0.75,8.25],"texture":"#1"},"west":{"uv":[0,8,0.75,8.25],"texture":"#1"},"up":{"uv":[0,8,0.75,8.25],"texture":"#1"},"down":{"uv":[0,8,0.75,8.25],"texture":"#1"}}}],"display":{"thirdperson_righthand":{"rotation":[-34,86,31],"translation":[5.29,-3.4,-5.48],"scale":[1.17,1.51,1.57]},"thirdperson_lefthand":{"rotation":[28,-78,31],"translation":[-8.623,-3.399,-2.697],"scale":[1.17,1.51,1.57]},"firstperson_righthand":{"rotation":[0,87,-4],"translation":[-1.7,2.27,2.27],"scale":[1.0347,0.9651,1.0347]},"firstperson_lefthand":{"rotation":[0,-103,3],"translation":[-7.56,2.27,1.13]},"ground":{"rotation":[18,-37,18],"translation":[0.76,-0.57,4.91]},"gui":{"rotation":[-20,-29,22],"translation":[0.4516,1.13,0],"scale":[0.7913,1.1273,0.8755]},"head":{"rotation":[0,-1,45],"translation":[6.43,-14.36,11.15],"scale":[2,2,2]},"fixed":{"rotation":[0,-180,40],"translation":[-2.65,-0.19,-4.72],"scale":[1.23,1.2,1.13]}},"groups":[{"name":"","origin":[8,8,8],"children":[0,1,2,3,4,5,6,7,8,9,10,11,12,13,14,15,16,17,18,19]},{"name":"group","origin":[8,8,8],"children":[20,21,22,23,24,25,26]},{"name":"group","origin":[8,8,8],"children":[27,28,29,30,31,32,33,34]}]}