{"credit":"Made with Blockbench","textures":{"1":"ttp/qualityarmory/texturedmaterials1","particle":"ttp/qualityarmory/rgbsheet1"},"elements":[{"name":"pipe","from":[7.5,6.25,4.5],"to":[8.5,6.79,11],"faces":{"north":{"uv":[0,4,6,7],"texture":"#1"},"east":{"uv":[0,4,6,7],"texture":"#1"},"south":{"uv":[0,4,6,7],"texture":"#1"},"west":{"uv":[0,4,6,7],"texture":"#1"},"up":{"uv":[0,4,6,7],"texture":"#1"},"down":{"uv":[0,4,6,7],"texture":"#1"}}},{"name":"pipe","from":[7.75,6,4.5],"to":[8.25,7,11],"faces":{"north":{"uv":[0,4,6,7],"texture":"#1"},"east":{"uv":[0,4,6,7],"texture":"#1"},"south":{"uv":[0,4,6,7],"texture":"#1"},"west":{"uv":[0,4,6,7],"texture":"#1"},"up":{"uv":[0,4,6,7],"texture":"#1"},"down":{"uv":[0,4,6,7],"texture":"#1"}}},{"name":"woodholder","from":[6.3,6,6.75],"to":[7.75,6.5,8],"faces":{"north":{"uv":[0,4,6,7],"texture":"#1"},"east":{"uv":[0,4,6,7],"texture":"#1"},"south":{"uv":[0,4,6,7],"texture":"#1"},"west":{"uv":[0,4,6,7],"texture":"#1"},"up":{"uv":[0,4,6,7],"texture":"#1"},"down":{"uv":[0,4,6,7],"texture":"#1"}}},{"name":"lever","from":[8.85,6.7,9.75],"to":[9.3,7.05,10.35],"rotation":{"angle":22.5,"axis":"z","origin":[9.3875,7.1875,10.3]},"faces":{"north":{"uv":[0,4,6,7],"texture":"#1"},"east":{"uv":[0,4,6,7],"texture":"#1"},"south":{"uv":[0,4,6,7],"texture":"#1"},"west":{"uv":[0,4,6,7],"texture":"#1"},"up":{"uv":[0,4,6,7],"texture":"#1"},"down":{"uv":[0,4,6,7],"texture":"#1"}}},{"name":"lever","from":[8.1,6.95,9.75],"to":[9.3,7.05,10.35],"rotation":{"angle":22.5,"axis":"z","origin":[9.3875,7.1875,10.3]},"faces":{"north":{"uv":[0,4,6,7],"texture":"#1"},"east":{"uv":[0,4,6,7],"texture":"#1"},"south":{"uv":[0,4,6,7],"texture":"#1"},"west":{"uv":[0,4,6,7],"texture":"#1"},"up":{"uv":[0,4,6,7],"texture":"#1"},"down":{"uv":[0,4,6,7],"texture":"#1"}}},{"name":"woodholder","from":[7.4,5.5,6.75],"to":[8.6,6.5,11],"faces":{"north":{"uv":[0,4,6,7],"texture":"#1"},"east":{"uv":[0,4,6,7],"texture":"#1"},"south":{"uv":[0,4,6,7],"texture":"#1"},"west":{"uv":[0,4,6,7],"texture":"#1"},"up":{"uv":[0,4,6,7],"texture":"#1"},"down":{"uv":[0,4,6,7],"texture":"#1"}}},{"name":"woodholder","from":[7.4,5.75,11],"to":[8.6,6,15],"faces":{"north":{"uv":[0,4,6,7],"texture":"#1"},"east":{"uv":[0,4,6,7],"texture":"#1"},"south":{"uv":[0,4,6,7],"texture":"#1"},"west":{"uv":[0,4,6,7],"texture":"#1"},"up":{"uv":[0,4,6,7],"texture":"#1"},"down":{"uv":[0,4,6,7],"texture":"#1"}}},{"name":"woodholder","from":[7.4,4.75,12.75],"to":[8.6,5,15],"faces":{"north":{"uv":[0,4,6,7],"texture":"#1"},"east":{"uv":[0,4,6,7],"texture":"#1"},"south":{"uv":[0,4,6,7],"texture":"#1"},"west":{"uv":[0,4,6,7],"texture":"#1"},"up":{"uv":[0,4,6,7],"texture":"#1"},"down":{"uv":[0,4,6,7],"texture":"#1"}}},{"name":"woodholder","from":[7.4,5.25,10.75],"to":[8.6,5.5,13],"rotation":{"angle":22.5,"axis":"x","origin":[8,5.375,11.625]},"faces":{"north":{"uv":[0,4,6,7],"texture":"#1"},"east":{"uv":[0,4,6,7],"texture":"#1"},"south":{"uv":[0,4,6,7],"texture":"#1"},"west":{"uv":[0,4,6,7],"texture":"#1"},"up":{"uv":[0,4,6,7],"texture":"#1"},"down":{"uv":[0,4,6,7],"texture":"#1"}}},{"name":"woodholder","from":[7.4,4.75,14.75],"to":[8.6,6,15],"faces":{"north":{"uv":[0,4,6,7],"texture":"#1"},"east":{"uv":[0,4,6,7],"texture":"#1"},"south":{"uv":[0,4,6,7],"texture":"#1"},"west":{"uv":[0,4,6,7],"texture":"#1"},"up":{"uv":[0,4,6,7],"texture":"#1"},"down":{"uv":[0,4,6,7],"texture":"#1"}}},{"name":"woodholder","from":[7.4,4.5,10.25],"to":[8.6,5.5,10.5],"faces":{"north":{"uv":[0,4,6,7],"texture":"#1"},"east":{"uv":[0,4,6,7],"texture":"#1"},"south":{"uv":[0,4,6,7],"texture":"#1"},"west":{"uv":[0,4,6,7],"texture":"#1"},"up":{"uv":[0,4,6,7],"texture":"#1"},"down":{"uv":[0,4,6,7],"texture":"#1"}}},{"name":"woodholder","from":[7.4,4.75,9.25],"to":[8.6,5.5,9.5],"faces":{"north":{"uv":[0,4,6,7],"texture":"#1"},"east":{"uv":[0,4,6,7],"texture":"#1"},"south":{"uv":[0,4,6,7],"texture":"#1"},"west":{"uv":[0,4,6,7],"texture":"#1"},"up":{"uv":[0,4,6,7],"texture":"#1"},"down":{"uv":[0,4,6,7],"texture":"#1"}}},{"name":"woodholder","from":[7.4,4.75,9.5],"to":[8.6,5,10.75],"rotation":{"angle":22.5,"axis":"x","origin":[8,5.125,9.375]},"faces":{"north":{"uv":[0,4,6,7],"texture":"#1"},"east":{"uv":[0,4,6,7],"texture":"#1"},"south":{"uv":[0,4,6,7],"texture":"#1"},"west":{"uv":[0,4,6,7],"texture":"#1"},"up":{"uv":[0,4,6,7],"texture":"#1"},"down":{"uv":[0,4,6,7],"texture":"#1"}}},{"name":"mag","from":[7.4,5.5,6.75],"to":[8.6,6.5,11],"faces":{"north":{"uv":[0,4,6,7],"texture":"#1"},"east":{"uv":[0,4,6,7],"texture":"#1"},"south":{"uv":[0,4,6,7],"texture":"#1"},"west":{"uv":[0,4,6,7],"texture":"#1"},"up":{"uv":[0,4,6,7],"texture":"#1"},"down":{"uv":[0,4,6,7],"texture":"#1"}}},{"name":"woodholder","from":[2.4,6,6.9],"to":[6.35,6.47,7.9],"faces":{"north":{"uv":[0,8,3.95,8.47],"texture":"#1"},"east":{"uv":[0,8,1,8.47],"texture":"#1"},"south":{"uv":[1,9,4.95,10.47],"texture":"#1"},"west":{"uv":[0,8,1,8.47],"texture":"#1"},"up":{"uv":[0,8,3.95,9],"texture":"#1"},"down":{"uv":[0,8,3.95,9],"texture":"#1"}}},{"name":"pipe","from":[7.9,6.25,2.75],"to":[8.1,6.75,4.5],"faces":{"north":{"uv":[0,4,6,7],"texture":"#1"},"east":{"uv":[0,4,6,7],"texture":"#1"},"south":{"uv":[0,4,6,7],"texture":"#1"},"west":{"uv":[0,4,6,7],"texture":"#1"},"up":{"uv":[0,4,6,7],"texture":"#1"},"down":{"uv":[0,4,6,7],"texture":"#1"}}},{"name":"pipe","from":[7.75,6.4,2.75],"to":[8.25,6.6,4.5],"faces":{"north":{"uv":[0,4,6,7],"texture":"#1"},"east":{"uv":[0,4,6,7],"texture":"#1"},"south":{"uv":[0,4,6,7],"texture":"#1"},"west":{"uv":[0,4,6,7],"texture":"#1"},"up":{"uv":[0,4,6,7],"texture":"#1"},"down":{"uv":[0,4,6,7],"texture":"#1"}}}],"display":{"thirdperson_righthand":{"translation":[0,4,-2]},"thirdperson_lefthand":{"translation":[-12,2,-1]},"firstperson_righthand":{"rotation":[0,-2,0],"translation":[0,5,0],"scale":[1.6,1.6,1.6]},"firstperson_lefthand":{"translation":[-9,10,7.5],"scale":[3,3,0.275]},"ground":{"rotation":[0,0,-23],"translation":[3.59,-0.94,6.05]},"gui":{"rotation":[-102,-134,-167],"translation":[1,1.5,0]},"fixed":{"rotation":[-97,132,99],"translation":[3.5,3.25,-0.75],"scale":[1.8,1.8,1.8]}}}