{"credit":"Made with Blockbench","textures":{"1":"ttp/qualityarmory/texturedmaterials1","particle":"ttp/qualityarmory/rgbsheet1"},"elements":[{"name":"Metal","from":[7.3,3.5,8.75],"to":[8.8,5.5,9],"faces":{"north":{"uv":[2,5,6,8],"texture":"#1"},"east":{"uv":[2,5,6,8],"texture":"#1"},"south":{"uv":[2,5,6,8],"texture":"#1"},"west":{"uv":[2,5,6,8],"texture":"#1"},"up":{"uv":[2,5,6,8],"texture":"#1"},"down":{"uv":[2,5,6,8],"texture":"#1"}}},{"name":"Metal","from":[7.3,0.5,9.75],"to":[8.8,4.75,11],"rotation":{"angle":-22.5,"axis":"x","origin":[8.05,3.375,10.375]},"faces":{"north":{"uv":[4,1,8.25,2.5],"rotation":90,"texture":"#1"},"east":{"uv":[4,1,8.25,2.5],"rotation":90,"texture":"#1"},"south":{"uv":[4,1,8.25,2.5],"rotation":90,"texture":"#1"},"west":{"uv":[4,1,8.25,2.5],"rotation":90,"texture":"#1"},"up":{"uv":[4,1,8.25,2.5],"rotation":90,"texture":"#1"},"down":{"uv":[4,1,8.25,2.5],"rotation":90,"texture":"#1"}}},{"name":"Metal","from":[7.55,-0.75,2.75],"to":[8.55,5,4.75],"rotation":{"angle":22.5,"axis":"x","origin":[8.05,2,3.5]},"faces":{"north":{"uv":[10,8,13,10],"texture":"#1"},"east":{"uv":[10,8,13,10],"texture":"#1"},"south":{"uv":[10,8,13,10],"texture":"#1"},"west":{"uv":[10,8,13,10],"texture":"#1"},"up":{"uv":[10,8,13,10],"texture":"#1"},"down":{"uv":[10,8,13,10],"texture":"#1"}}},{"name":"Metal","from":[7.3,3,8.25],"to":[8.8,3.25,10],"faces":{"north":{"uv":[2,5,6,8],"texture":"#1"},"east":{"uv":[2,5,6,8],"texture":"#1"},"south":{"uv":[2,5,6,8],"texture":"#1"},"west":{"uv":[2,5,6,8],"texture":"#1"},"up":{"uv":[2,5,6,8],"texture":"#1"},"down":{"uv":[2,5,6,8],"texture":"#1"}}},{"name":"Metal","from":[7.3,3.25,8],"to":[8.8,5.5,8.25],"faces":{"north":{"uv":[2,5,6,8],"texture":"#1"},"east":{"uv":[2,5,6,8],"texture":"#1"},"south":{"uv":[2,5,6,8],"texture":"#1"},"west":{"uv":[2,5,6,8],"texture":"#1"},"up":{"uv":[2,5,6,8],"texture":"#1"},"down":{"uv":[2,5,6,8],"texture":"#1"}}},{"name":"Metal","from":[7.55,6,-7.76],"to":[8.55,6.5,-2.51],"faces":{"north":{"uv":[2,5,6,8],"texture":"#1"},"east":{"uv":[2,5,6,8],"texture":"#1"},"south":{"uv":[2,5,6,8],"texture":"#1"},"west":{"uv":[2,5,6,8],"texture":"#1"},"up":{"uv":[2,5,6,8],"texture":"#1"},"down":{"uv":[2,5,6,8],"texture":"#1"}}},{"name":"Metal","from":[7.8,5.75,-7.75],"to":[8.3,6.74,-2.5],"faces":{"north":{"uv":[2,5,6,8],"texture":"#1"},"east":{"uv":[2,5,6,8],"texture":"#1"},"south":{"uv":[2,5,6,8],"texture":"#1"},"west":{"uv":[2,5,6,8],"texture":"#1"},"up":{"uv":[2,5,6,8],"texture":"#1"},"down":{"uv":[2,5,6,8],"texture":"#1"}}},{"name":"Metal","from":[7.5,4,12.25],"to":[8.6,6.75,12.75],"faces":{"north":{"uv":[8,12,10,14],"texture":"#1"},"east":{"uv":[8,12,10,14],"texture":"#1"},"south":{"uv":[8,12,10,14],"texture":"#1"},"west":{"uv":[8,12,10,14],"texture":"#1"},"up":{"uv":[8,12,10,14],"texture":"#1"},"down":{"uv":[8,12,10,14],"texture":"#1"}}},{"name":"Metal","from":[7.55,3.25,12.75],"to":[8.55,6,21.5],"rotation":{"angle":22.5,"axis":"x","origin":[8.05,4.625,14.875]},"faces":{"north":{"uv":[4,1,5,3.75],"texture":"#1"},"east":{"uv":[4,1,12.75,3.75],"texture":"#1"},"south":{"uv":[4,1,5,3.75],"texture":"#1"},"west":{"uv":[4,1,12.75,3.75],"texture":"#1"},"up":{"uv":[4,1,5,9.75],"texture":"#1"},"down":{"uv":[4,1,5,9.75],"texture":"#1"}}},{"name":"Metal","from":[7.55,4,12.75],"to":[8.55,6.75,13.5],"faces":{"north":{"uv":[4,1,5,3.75],"texture":"#1"},"east":{"uv":[4,1,4.75,3.75],"texture":"#1"},"south":{"uv":[4,1,5,3.75],"texture":"#1"},"west":{"uv":[4,1,4.75,3.75],"texture":"#1"},"up":{"uv":[4,1,5,1.75],"texture":"#1"},"down":{"uv":[4,1,5,1.75],"texture":"#1"}}},{"name":"Metal","from":[7.55,3.75,15.25],"to":[8.55,6,20.5],"faces":{"north":{"uv":[4,1,5,3.25],"texture":"#1"},"east":{"uv":[4,1,9.25,3.25],"texture":"#1"},"south":{"uv":[4,1,5,3.25],"texture":"#1"},"west":{"uv":[4,1,9.25,3.25],"texture":"#1"},"up":{"uv":[4,1,9.25,2],"rotation":90,"texture":"#1"},"down":{"uv":[4,1,5,6.25],"texture":"#1"}}},{"name":"Metal","from":[7.55,0.75,20.25],"to":[8.55,6,22],"faces":{"north":{"uv":[4,1,9.25,2.75],"rotation":90,"texture":"#1"},"east":{"uv":[4,1,9.25,2.75],"rotation":90,"texture":"#1"},"south":{"uv":[4,1,9.25,2.75],"rotation":90,"texture":"#1"},"west":{"uv":[4,1,9.25,2.75],"rotation":90,"texture":"#1"},"up":{"uv":[4,1,9.25,2.75],"rotation":90,"texture":"#1"},"down":{"uv":[4,1,9.25,2.75],"rotation":90,"texture":"#1"}}},{"name":"Metal","from":[7.55,6.75,-3.25],"to":[8.55,7,12.25],"faces":{"north":{"uv":[2,5,6,8],"texture":"#1"},"east":{"uv":[2,5,6,8],"texture":"#1"},"south":{"uv":[2,5,6,8],"texture":"#1"},"west":{"uv":[2,5,6,8],"texture":"#1"},"up":{"uv":[2,5,6,8],"texture":"#1"},"down":{"uv":[2,5,6,8],"texture":"#1"}}},{"name":"Metal","from":[6.55,6.25,5.5],"to":[8.8,6.5,5.75],"faces":{"north":{"uv":[10,8,13,10],"texture":"#1"},"east":{"uv":[10,8,13,10],"texture":"#1"},"south":{"uv":[10,8,13,10],"texture":"#1"},"west":{"uv":[10,8,13,10],"texture":"#1"},"up":{"uv":[10,8,13,10],"texture":"#1"},"down":{"uv":[10,8,13,10],"texture":"#1"}}},{"name":"Metal","from":[7.05,6.25,0.75],"to":[7.3,6.5,5.25],"faces":{"north":{"uv":[2,5,6,8],"texture":"#1"},"east":{"uv":[2,5,6,8],"texture":"#1"},"south":{"uv":[2,5,6,8],"texture":"#1"},"west":{"uv":[2,5,6,8],"texture":"#1"},"up":{"uv":[2,5,6,8],"texture":"#1"},"down":{"uv":[2,5,6,8],"texture":"#1"}}},{"name":"Metal","from":[7.05,6.5,0.75],"to":[7.3,6.75,11],"faces":{"north":{"uv":[2,5,6,8],"texture":"#1"},"east":{"uv":[2,5,6,8],"texture":"#1"},"south":{"uv":[2,5,6,8],"texture":"#1"},"west":{"uv":[2,5,6,8],"texture":"#1"},"up":{"uv":[2,5,6,8],"texture":"#1"},"down":{"uv":[2,5,6,8],"texture":"#1"}}},{"name":"Metal","from":[7.3,5.5,-3.25],"to":[8.8,6.75,0.75],"faces":{"north":{"uv":[2,5,6,8],"texture":"#1"},"east":{"uv":[2,5,6,8],"texture":"#1"},"south":{"uv":[2,5,6,8],"texture":"#1"},"west":{"uv":[2,5,6,8],"texture":"#1"},"up":{"uv":[2,5,6,8],"texture":"#1"},"down":{"uv":[2,5,6,8],"texture":"#1"}}},{"name":"Metal","from":[7.05,5.5,0.75],"to":[9.05,6.25,11],"faces":{"north":{"uv":[2,5,6,8],"texture":"#1"},"east":{"uv":[2,5,6,8],"texture":"#1"},"south":{"uv":[2,5,6,8],"texture":"#1"},"west":{"uv":[2,5,6,8],"texture":"#1"},"up":{"uv":[2,5,6,8],"texture":"#1"},"down":{"uv":[2,5,6,8],"texture":"#1"}}},{"name":"Metal","from":[7.3,6.25,0.75],"to":[9.05,6.75,11],"faces":{"north":{"uv":[2,5,6,8],"texture":"#1"},"east":{"uv":[2,5,6,8],"texture":"#1"},"south":{"uv":[2,5,6,8],"texture":"#1"},"west":{"uv":[2,5,6,8],"texture":"#1"},"up":{"uv":[2,5,6,8],"texture":"#1"},"down":{"uv":[2,5,6,8],"texture":"#1"}}},{"name":"Metal","from":[7.05,4.25,10.5],"to":[9.05,6.75,12.25],"faces":{"north":{"uv":[2,5,6,8],"texture":"#1"},"east":{"uv":[2,5,6,8],"texture":"#1"},"south":{"uv":[2,5,6,8],"texture":"#1"},"west":{"uv":[2,5,6,8],"texture":"#1"},"up":{"uv":[2,5,6,8],"texture":"#1"},"down":{"uv":[2,5,6,8],"texture":"#1"}}},{"name":"Metal","from":[7.05,4.25,3.25],"to":[9.05,5.5,10.5],"faces":{"north":{"uv":[2,5,6,8],"texture":"#1"},"east":{"uv":[2,5,6,8],"texture":"#1"},"south":{"uv":[2,5,6,8],"texture":"#1"},"west":{"uv":[2,5,6,8],"texture":"#1"},"up":{"uv":[2,5,6,8],"texture":"#1"},"down":{"uv":[2,5,6,8],"texture":"#1"}}}],"display":{"thirdperson_righthand":{"rotation":[-7,-2,-3],"translation":[0,1.5,-2],"scale":[0.7,0.7,0.7]},"thirdperson_lefthand":{"rotation":[-7,1,1],"translation":[-12,2.5,-2],"scale":[0.7,0.7,0.7]},"firstperson_righthand":{"rotation":[0,-2,0],"translation":[0,5,0]},"firstperson_lefthand":{"translation":[-9,6.5,6],"scale":[1,1,0.45]},"ground":{"rotation":[0,0,-23],"translation":[3.59,-0.94,6.05]},"gui":{"rotation":[82,-54,59],"translation":[-1,2,4],"scale":[0.7,0.7,0.6]},"fixed":{"rotation":[-97,132,99],"translation":[3.5,3.25,-0.75]}}}