{
	"credit": "Made with Blockbench",
	"textures": {
		"0": "ttp/i/c/tantan"
	},
	"elements": [
		{
			"from": [1, -0.25, 9],
			"to": [3, 1.75, 11],
			"rotation": {"angle": 45, "axis": "z", "origin": [0, 0, 16]},
			"faces": {
				"north": {"uv": [10, 6, 16, 12], "texture": "#0"},
				"east": {"uv": [16, 6, 10, 12], "texture": "#0"},
				"south": {"uv": [10, 6, 16, 12], "texture": "#0"},
				"west": {"uv": [16, 6, 10, 12], "texture": "#0"},
				"up": {"uv": [10, 0, 16, 6], "texture": "#0"},
				"down": {"uv": [15, 11, 16, 12], "texture": "#0"}
			}
		},
		{
			"from": [-2.25, 0.75, 12.75],
			"to": [-0.25, 2.75, 14.75],
			"rotation": {"angle": -45, "axis": "y", "origin": [0, 0, 16]},
			"faces": {
				"north": {"uv": [15, 11, 16, 12], "rotation": 180, "texture": "#0"},
				"east": {"uv": [16, 6, 10, 12], "rotation": 270, "texture": "#0"},
				"south": {"uv": [10, 0, 16, 6], "texture": "#0"},
				"west": {"uv": [16, 6, 10, 12], "rotation": 90, "texture": "#0"},
				"up": {"uv": [10, 6, 16, 12], "rotation": 180, "texture": "#0"},
				"down": {"uv": [10, 6, 16, 12], "texture": "#0"}
			}
		},
		{
			"from": [14, 5.75, 9.5],
			"to": [16, 7.75, 11.5],
			"rotation": {"angle": 22.5, "axis": "x", "origin": [16, 0, 0]},
			"faces": {
				"north": {"uv": [10, 6, 16, 12], "texture": "#0"},
				"east": {"uv": [16, 6, 10, 12], "texture": "#0"},
				"south": {"uv": [10, 6, 16, 12], "texture": "#0"},
				"west": {"uv": [16, 6, 10, 12], "texture": "#0"},
				"up": {"uv": [16, 6, 10, 0], "texture": "#0"},
				"down": {"uv": [16, 12, 15, 11], "texture": "#0"}
			}
		},
		{
			"from": [14.25, 0.25, 8.25],
			"to": [16, 2, 10],
			"rotation": {"angle": 22.5, "axis": "z", "origin": [16, 0, 0]},
			"faces": {
				"north": {"uv": [10, 6, 16, 12], "rotation": 270, "texture": "#0"},
				"east": {"uv": [10, 0, 16, 6], "rotation": 270, "texture": "#0"},
				"south": {"uv": [10, 6, 16, 12], "rotation": 90, "texture": "#0"},
				"west": {"uv": [15, 11, 16, 12], "rotation": 270, "texture": "#0"},
				"up": {"uv": [10, 12, 16, 6], "rotation": 270, "texture": "#0"},
				"down": {"uv": [10, 12, 16, 6], "rotation": 270, "texture": "#0"}
			}
		},
		{
			"from": [13, -0.25, 5],
			"to": [15, 1.75, 7],
			"rotation": {"angle": -45, "axis": "z", "origin": [16, 0, 0]},
			"faces": {
				"north": {"uv": [10, 6, 16, 12], "texture": "#0"},
				"east": {"uv": [16, 6, 10, 12], "texture": "#0"},
				"south": {"uv": [10, 6, 16, 12], "texture": "#0"},
				"west": {"uv": [16, 6, 10, 12], "texture": "#0"},
				"up": {"uv": [16, 6, 10, 0], "texture": "#0"},
				"down": {"uv": [16, 12, 15, 11], "texture": "#0"}
			}
		},
		{
			"from": [16.25, 0.75, 1.25],
			"to": [18.25, 2.75, 3.25],
			"rotation": {"angle": -45, "axis": "y", "origin": [16, 0, 0]},
			"faces": {
				"north": {"uv": [10, 0, 16, 6], "texture": "#0"},
				"east": {"uv": [16, 6, 10, 12], "rotation": 90, "texture": "#0"},
				"south": {"uv": [15, 11, 16, 12], "rotation": 180, "texture": "#0"},
				"west": {"uv": [16, 6, 10, 12], "rotation": 270, "texture": "#0"},
				"up": {"uv": [16, 12, 10, 6], "rotation": 180, "texture": "#0"},
				"down": {"uv": [16, 12, 10, 6], "texture": "#0"}
			}
		},
		{
			"from": [9.5, 5.75, 0],
			"to": [11.5, 7.75, 2],
			"rotation": {"angle": -22.5, "axis": "z", "origin": [0, 0, 0]},
			"faces": {
				"north": {"uv": [16, 6, 10, 12], "texture": "#0"},
				"east": {"uv": [10, 6, 16, 12], "texture": "#0"},
				"south": {"uv": [16, 6, 10, 12], "texture": "#0"},
				"west": {"uv": [10, 6, 16, 12], "texture": "#0"},
				"up": {"uv": [10, 0, 16, 6], "rotation": 90, "texture": "#0"},
				"down": {"uv": [15, 11, 16, 12], "rotation": 270, "texture": "#0"}
			}
		},
		{
			"from": [8.25, 0.25, 0],
			"to": [10, 2, 1.75],
			"rotation": {"angle": 22.5, "axis": "x", "origin": [0, 0, 0]},
			"faces": {
				"north": {"uv": [10, 0, 16, 6], "rotation": 270, "texture": "#0"},
				"east": {"uv": [10, 6, 16, 12], "rotation": 90, "texture": "#0"},
				"south": {"uv": [15, 11, 16, 12], "rotation": 270, "texture": "#0"},
				"west": {"uv": [10, 6, 16, 12], "rotation": 270, "texture": "#0"},
				"up": {"uv": [16, 6, 10, 12], "texture": "#0"},
				"down": {"uv": [16, 6, 10, 12], "rotation": 180, "texture": "#0"}
			}
		},
		{
			"from": [5, -0.25, 1],
			"to": [7, 1.75, 3],
			"rotation": {"angle": -45, "axis": "x", "origin": [0, 0, 0]},
			"faces": {
				"north": {"uv": [16, 6, 10, 12], "texture": "#0"},
				"east": {"uv": [10, 6, 16, 12], "texture": "#0"},
				"south": {"uv": [16, 6, 10, 12], "texture": "#0"},
				"west": {"uv": [10, 6, 16, 12], "texture": "#0"},
				"up": {"uv": [10, 0, 16, 6], "rotation": 90, "texture": "#0"},
				"down": {"uv": [15, 11, 16, 12], "rotation": 270, "texture": "#0"}
			}
		},
		{
			"from": [1.25, 0.75, -2.25],
			"to": [3.25, 2.75, -0.25],
			"rotation": {"angle": -45, "axis": "y", "origin": [0, 0, 0]},
			"faces": {
				"north": {"uv": [16, 6, 10, 12], "rotation": 90, "texture": "#0"},
				"east": {"uv": [15, 11, 16, 12], "rotation": 180, "texture": "#0"},
				"south": {"uv": [16, 6, 10, 12], "rotation": 270, "texture": "#0"},
				"west": {"uv": [10, 0, 16, 6], "texture": "#0"},
				"up": {"uv": [10, 6, 16, 12], "rotation": 270, "texture": "#0"},
				"down": {"uv": [10, 6, 16, 12], "rotation": 270, "texture": "#0"}
			}
		},
		{
			"from": [4.5, 5.75, 14],
			"to": [6.5, 7.75, 16],
			"rotation": {"angle": 22.5, "axis": "z", "origin": [16, 0, 16]},
			"faces": {
				"north": {"uv": [16, 6, 10, 12], "texture": "#0"},
				"east": {"uv": [10, 6, 16, 12], "texture": "#0"},
				"south": {"uv": [16, 6, 10, 12], "texture": "#0"},
				"west": {"uv": [10, 6, 16, 12], "texture": "#0"},
				"up": {"uv": [16, 6, 10, 0], "rotation": 90, "texture": "#0"},
				"down": {"uv": [16, 12, 15, 11], "rotation": 270, "texture": "#0"}
			}
		},
		{
			"from": [6, 0.25, 14.25],
			"to": [7.75, 2, 16],
			"rotation": {"angle": -22.5, "axis": "x", "origin": [16, 0, 16]},
			"faces": {
				"north": {"uv": [15, 11, 16, 12], "rotation": 270, "texture": "#0"},
				"east": {"uv": [10, 6, 16, 12], "rotation": 270, "texture": "#0"},
				"south": {"uv": [10, 0, 16, 6], "rotation": 270, "texture": "#0"},
				"west": {"uv": [10, 6, 16, 12], "rotation": 90, "texture": "#0"},
				"up": {"uv": [10, 12, 16, 6], "texture": "#0"},
				"down": {"uv": [10, 12, 16, 6], "rotation": 180, "texture": "#0"}
			}
		},
		{
			"from": [9, -0.25, 13],
			"to": [11, 1.75, 15],
			"rotation": {"angle": 45, "axis": "x", "origin": [16, 0, 16]},
			"faces": {
				"north": {"uv": [16, 6, 10, 12], "texture": "#0"},
				"east": {"uv": [10, 6, 16, 12], "texture": "#0"},
				"south": {"uv": [16, 6, 10, 12], "texture": "#0"},
				"west": {"uv": [10, 6, 16, 12], "texture": "#0"},
				"up": {"uv": [16, 6, 10, 0], "rotation": 90, "texture": "#0"},
				"down": {"uv": [16, 12, 15, 11], "rotation": 270, "texture": "#0"}
			}
		},
		{
			"from": [12.75, 0.75, 16.25],
			"to": [14.75, 2.75, 18.25],
			"rotation": {"angle": -45, "axis": "y", "origin": [16, 0, 16]},
			"faces": {
				"north": {"uv": [16, 6, 10, 12], "rotation": 270, "texture": "#0"},
				"east": {"uv": [10, 0, 16, 6], "texture": "#0"},
				"south": {"uv": [16, 6, 10, 12], "rotation": 90, "texture": "#0"},
				"west": {"uv": [15, 11, 16, 12], "rotation": 180, "texture": "#0"},
				"up": {"uv": [16, 12, 10, 6], "rotation": 270, "texture": "#0"},
				"down": {"uv": [16, 12, 10, 6], "rotation": 270, "texture": "#0"}
			}
		},
		{
			"from": [0, 5.75, 4.5],
			"to": [2, 7.75, 6.5],
			"rotation": {"angle": -22.5, "axis": "x", "origin": [0, 0, 16]},
			"faces": {
				"north": {"uv": [10, 6, 16, 12], "texture": "#0"},
				"east": {"uv": [16, 6, 10, 12], "texture": "#0"},
				"south": {"uv": [10, 6, 16, 12], "texture": "#0"},
				"west": {"uv": [16, 6, 10, 12], "texture": "#0"},
				"up": {"uv": [10, 0, 16, 6], "texture": "#0"},
				"down": {"uv": [15, 11, 16, 12], "texture": "#0"}
			}
		},
		{
			"from": [0, 0.25, 6],
			"to": [1.75, 2, 7.75],
			"rotation": {"angle": -22.5, "axis": "z", "origin": [0, 0, 16]},
			"faces": {
				"north": {"uv": [10, 6, 16, 12], "rotation": 90, "texture": "#0"},
				"east": {"uv": [15, 11, 16, 12], "rotation": 270, "texture": "#0"},
				"south": {"uv": [10, 6, 16, 12], "rotation": 270, "texture": "#0"},
				"west": {"uv": [10, 0, 16, 6], "rotation": 270, "texture": "#0"},
				"up": {"uv": [16, 6, 10, 12], "rotation": 270, "texture": "#0"},
				"down": {"uv": [16, 6, 10, 12], "rotation": 270, "texture": "#0"}
			}
		},
		{
			"from": [2, 0, 2],
			"to": [14, 2, 2],
			"faces": {
				"north": {"uv": [0, 16, 3, 0], "rotation": 90, "texture": "#0"},
				"east": {"uv": [0, 16, 3, 0], "rotation": 90, "texture": "#0"},
				"south": {"uv": [0, 0, 3, 16], "rotation": 90, "texture": "#0"},
				"west": {"uv": [0, 0, 3, 16], "rotation": 90, "texture": "#0"},
				"up": {"uv": [0, 0, 12, 0], "texture": "#missing"},
				"down": {"uv": [0, 0, 12, 0], "texture": "#missing"}
			}
		},
		{
			"from": [0.3025, 1.605, 8.965],
			"to": [0.3025, 3.915, 10.505],
			"rotation": {"angle": -45, "axis": "x", "origin": [2.9, 4.01, 12.16]},
			"faces": {
				"north": {"uv": [0, 3, 0, 0], "texture": "#missing"},
				"east": {"uv": [16, 12, 9, 16], "rotation": 90, "texture": "#0"},
				"south": {"uv": [0, 3, 0, 0], "texture": "#missing"},
				"west": {"uv": [16, 12, 9, 16], "rotation": 90, "texture": "#0"},
				"up": {"uv": [4, 0, 6, 0], "rotation": 270, "texture": "#missing"},
				"down": {"uv": [4, 0, 6, 0], "rotation": 90, "texture": "#missing"}
			}
		},
		{
			"from": [1.5525, 4.9725, 3.1125],
			"to": [1.5525, 5.7425, 4.6525],
			"rotation": {"angle": 22.5, "axis": "x", "origin": [2.9, -8.31, -0.16]},
			"faces": {
				"north": {"uv": [3, 0, 4, 0], "rotation": 270, "texture": "#missing"},
				"east": {"uv": [8, 8, 9, 10], "rotation": 270, "texture": "#0"},
				"south": {"uv": [3, 0, 4, 0], "rotation": 270, "texture": "#missing"},
				"west": {"uv": [8, 5, 9, 7], "rotation": 270, "texture": "#0"},
				"up": {"uv": [0, 11, 0, 13], "rotation": 180, "texture": "#missing"},
				"down": {"uv": [0, 11, 0, 13], "texture": "#missing"}
			}
		},
		{
			"from": [1.5525, -3.205, 2.345],
			"to": [1.5525, -1.665, 4.655],
			"rotation": {"angle": -22.5, "axis": "x", "origin": [2.9, 4.01, -0.16]},
			"faces": {
				"north": {"uv": [2, 0, 4, 0], "rotation": 270, "texture": "#missing"},
				"east": {"uv": [13, 14, 16, 16], "texture": "#0"},
				"south": {"uv": [2, 0, 4, 0], "rotation": 270, "texture": "#missing"},
				"west": {"uv": [9, 14, 12, 16], "texture": "#0"},
				"up": {"uv": [0, 13, 0, 16], "rotation": 180, "texture": "#missing"},
				"down": {"uv": [0, 13, 0, 16], "texture": "#missing"}
			}
		},
		{
			"from": [14.8125, -2.035, 4.265],
			"to": [14.8125, 0.275, 5.805],
			"rotation": {"angle": 45, "axis": "x", "origin": [16.16, -8.81, 14.16]},
			"faces": {
				"north": {"uv": [0, 6, 0, 3], "texture": "#missing"},
				"east": {"uv": [9, 12, 16, 16], "rotation": 90, "texture": "#0"},
				"south": {"uv": [0, 6, 0, 3], "texture": "#missing"},
				"west": {"uv": [9, 12, 16, 16], "rotation": 90, "texture": "#0"},
				"up": {"uv": [8, 0, 6, 0], "rotation": 270, "texture": "#missing"},
				"down": {"uv": [8, 0, 6, 0], "rotation": 90, "texture": "#missing"}
			}
		},
		{
			"from": [15.1975, 3.125, 3.5725],
			"to": [15.1975, 4.665, 5.1125],
			"rotation": {"angle": 45, "axis": "x", "origin": [16.16, 3.51, 1.84]},
			"faces": {
				"north": {"uv": [0, 2, 0, 0], "texture": "#0"},
				"east": {"uv": [6, 10, 10, 5], "texture": "#0"},
				"south": {"uv": [0, 2, 0, 0], "texture": "#0"},
				"west": {"uv": [10, 10, 6, 5], "texture": "#0"},
				"up": {"uv": [6, 0, 4, 0], "rotation": 270, "texture": "#0"},
				"down": {"uv": [6, 0, 4, 0], "rotation": 90, "texture": "#0"}
			}
		},
		{
			"from": [14.8125, 4.4725, 9.3475],
			"to": [14.8125, 5.2425, 10.8875],
			"rotation": {"angle": -22.5, "axis": "x", "origin": [16.16, -8.81, 14.16]},
			"faces": {
				"north": {"uv": [3, 0, 2, 0], "rotation": 270, "texture": "#missing"},
				"east": {"uv": [9, 8, 7, 5], "rotation": 270, "texture": "#0"},
				"south": {"uv": [3, 0, 2, 0], "rotation": 270, "texture": "#missing"},
				"west": {"uv": [9, 5, 7, 8], "rotation": 270, "texture": "#0"},
				"up": {"uv": [0, 9, 0, 7], "rotation": 180, "texture": "#missing"},
				"down": {"uv": [0, 9, 0, 7], "texture": "#missing"}
			}
		},
		{
			"from": [14.8125, -0.955, 4.345],
			"to": [14.8125, 0.585, 6.655],
			"rotation": {"angle": 22.5, "axis": "x", "origin": [16.16, 3.51, 14.16]},
			"faces": {
				"north": {"uv": [2, 0, 0, 0], "rotation": 270, "texture": "#0"},
				"east": {"uv": [16, 16, 9, 12], "texture": "#0"},
				"south": {"uv": [2, 0, 0, 0], "rotation": 270, "texture": "#0"},
				"west": {"uv": [9, 12, 16, 16], "texture": "#0"},
				"up": {"uv": [0, 12, 0, 9], "rotation": 180, "texture": "#0"},
				"down": {"uv": [0, 12, 0, 9], "texture": "#0"}
			}
		},
		{
			"from": [14.8125, -1.3025, 7.4225],
			"to": [14.8125, -0.5325, 8.9625],
			"rotation": {"angle": -22.5, "axis": "x", "origin": [16.16, 3.51, 1.84]},
			"faces": {
				"north": {"uv": [4, 0, 3, 0], "rotation": 270, "texture": "#missing"},
				"east": {"uv": [7, 5, 9, 8], "rotation": 270, "texture": "#0"},
				"south": {"uv": [4, 0, 3, 0], "rotation": 270, "texture": "#missing"},
				"west": {"uv": [7, 8, 9, 5], "rotation": 270, "texture": "#0"},
				"up": {"uv": [0, 11, 0, 9], "rotation": 180, "texture": "#missing"},
				"down": {"uv": [0, 11, 0, 9], "texture": "#missing"}
			}
		},
		{
			"from": [5.195, 0.215, 14.4475],
			"to": [6.735, 2.525, 14.4475],
			"rotation": {"angle": 45, "axis": "z", "origin": [1.84, -2.31, 11.85]},
			"faces": {
				"north": {"uv": [9, 12, 16, 16], "rotation": 90, "texture": "#0"},
				"east": {"uv": [16, 12, 9, 16], "rotation": 90, "texture": "#0"},
				"south": {"uv": [9, 12, 16, 16], "rotation": 90, "texture": "#0"},
				"west": {"uv": [16, 12, 9, 16], "rotation": 90, "texture": "#0"},
				"up": {"uv": [4, 0, 6, 0], "texture": "#missing"},
				"down": {"uv": [4, 0, 6, 0], "texture": "#missing"}
			}
		},
		{
			"from": [14.215, 3.125, 15.1975],
			"to": [15.755, 4.665, 15.1975],
			"rotation": {"angle": 45, "axis": "z", "origin": [16.16, 3.51, 13.85]},
			"faces": {
				"north": {"uv": [10, 10, 6, 5], "rotation": 90, "texture": "#0"},
				"east": {"uv": [0, 2, 0, 0], "texture": "#missing"},
				"south": {"uv": [10, 5, 6, 10], "rotation": 90, "texture": "#0"},
				"west": {"uv": [0, 2, 0, 0], "texture": "#missing"},
				"up": {"uv": [2, 0, 4, 0], "texture": "#missing"},
				"down": {"uv": [2, 0, 4, 0], "texture": "#missing"}
			}
		},
		{
			"from": [7.1125, 3.7025, 15.4475],
			"to": [8.6525, 4.4725, 15.4475],
			"rotation": {"angle": -22.5, "axis": "z", "origin": [3.84, -8.81, 13.85]},
			"faces": {
				"north": {"uv": [7, 8, 9, 5], "rotation": 270, "texture": "#0"},
				"east": {"uv": [3, 0, 2, 0], "rotation": 270, "texture": "#missing"},
				"south": {"uv": [7, 5, 9, 8], "rotation": 270, "texture": "#0"},
				"west": {"uv": [3, 0, 2, 0], "rotation": 270, "texture": "#missing"},
				"up": {"uv": [0, 5, 0, 7], "rotation": 270, "texture": "#missing"},
				"down": {"uv": [0, 5, 0, 7], "rotation": 270, "texture": "#missing"}
			}
		},
		{
			"from": [6.845, -0.955, 15.1975],
			"to": [9.155, 0.585, 15.1975],
			"rotation": {"angle": 22.5, "axis": "z", "origin": [1.84, 10.01, 11.85]},
			"faces": {
				"north": {"uv": [9, 16, 16, 12], "texture": "#0"},
				"east": {"uv": [2, 0, 0, 0], "rotation": 270, "texture": "#missing"},
				"south": {"uv": [16, 12, 9, 16], "texture": "#0"},
				"west": {"uv": [2, 0, 0, 0], "rotation": 270, "texture": "#missing"},
				"up": {"uv": [0, 6, 0, 9], "rotation": 270, "texture": "#missing"},
				"down": {"uv": [0, 6, 0, 9], "rotation": 270, "texture": "#missing"}
			}
		},
		{
			"from": [8.7875, -2.0525, 14.9475],
			"to": [10.3275, -1.2825, 14.9475],
			"rotation": {"angle": -22.5, "axis": "z", "origin": [14.16, 10.01, 11.85]},
			"faces": {
				"north": {"uv": [9, 8, 7, 5], "rotation": 270, "texture": "#0"},
				"east": {"uv": [4, 0, 3, 0], "rotation": 270, "texture": "#0"},
				"south": {"uv": [9, 5, 7, 8], "rotation": 270, "texture": "#0"},
				"west": {"uv": [4, 0, 3, 0], "rotation": 270, "texture": "#0"},
				"up": {"uv": [0, 7, 0, 9], "rotation": 270, "texture": "#0"},
				"down": {"uv": [0, 7, 0, 9], "rotation": 270, "texture": "#0"}
			}
		},
		{
			"from": [7.4225, -2.3025, 1.4375],
			"to": [8.9625, -1.5325, 1.4375],
			"rotation": {"angle": 22.5, "axis": "z", "origin": [1.84, 6.01, 1.84]},
			"faces": {
				"north": {"uv": [9, 5, 7, 8], "rotation": 270, "texture": "#0"},
				"east": {"uv": [4, 0, 3, 0], "rotation": 270, "texture": "#missing"},
				"south": {"uv": [9, 8, 7, 5], "rotation": 270, "texture": "#0"},
				"west": {"uv": [4, 0, 3, 0], "rotation": 270, "texture": "#missing"},
				"up": {"uv": [0, 5, 0, 7], "rotation": 270, "texture": "#missing"},
				"down": {"uv": [0, 5, 0, 7], "rotation": 270, "texture": "#missing"}
			}
		},
		{
			"from": [5.345, -0.955, 1.4375],
			"to": [7.655, 0.585, 1.4375],
			"rotation": {"angle": -22.5, "axis": "z", "origin": [14.16, 6.01, 1.84]},
			"faces": {
				"north": {"uv": [16, 16, 9, 12], "texture": "#0"},
				"east": {"uv": [2, 0, 0, 0], "rotation": 270, "texture": "#missing"},
				"south": {"uv": [9, 12, 16, 16], "texture": "#0"},
				"west": {"uv": [2, 0, 0, 0], "rotation": 270, "texture": "#missing"},
				"up": {"uv": [0, 3, 0, 6], "rotation": 270, "texture": "#missing"},
				"down": {"uv": [0, 3, 0, 6], "rotation": 270, "texture": "#missing"}
			}
		},
		{
			"from": [7.0975, 5.2225, 0.9375],
			"to": [8.6375, 5.9925, 0.9375],
			"rotation": {"angle": 22.5, "axis": "z", "origin": [14.16, -6.31, 1.84]},
			"faces": {
				"north": {"uv": [7, 5, 9, 8], "rotation": 270, "texture": "#0"},
				"east": {"uv": [3, 0, 2, 0], "rotation": 270, "texture": "#missing"},
				"south": {"uv": [7, 8, 9, 5], "rotation": 270, "texture": "#0"},
				"west": {"uv": [3, 0, 2, 0], "rotation": 270, "texture": "#missing"},
				"up": {"uv": [0, 3, 0, 5], "rotation": 270, "texture": "#missing"},
				"down": {"uv": [0, 3, 0, 5], "rotation": 270, "texture": "#missing"}
			}
		},
		{
			"from": [6.765, -2.285, 1.6875],
			"to": [8.305, 0.025, 1.6875],
			"rotation": {"angle": -45, "axis": "z", "origin": [14.16, -6.31, 1.84]},
			"faces": {
				"north": {"uv": [2, 6, 4, 9], "texture": "#0"},
				"east": {"uv": [12, 12, 15, 12], "rotation": 90, "texture": "#0"},
				"south": {"uv": [2, 6, 4, 9], "texture": "#0"},
				"west": {"uv": [12, 12, 15, 12], "rotation": 90, "texture": "#0"},
				"up": {"uv": [2, 0, 4, 0], "texture": "#0"},
				"down": {"uv": [2, 0, 4, 0], "texture": "#0"}
			}
		},
		{
			"from": [4.745, 0.855, 1.1875],
			"to": [6.285, 3.165, 1.1875],
			"rotation": {"angle": -45, "axis": "z", "origin": [1.84, 6.01, 1.84]},
			"faces": {
				"north": {"uv": [16, 12, 9, 16], "rotation": 90, "texture": "#0"},
				"east": {"uv": [16, 12, 9, 16], "rotation": 90, "texture": "#0"},
				"south": {"uv": [16, 12, 9, 16], "rotation": 90, "texture": "#0"},
				"west": {"uv": [16, 12, 9, 16], "rotation": 90, "texture": "#0"},
				"up": {"uv": [0, 0, 2, 0], "texture": "#0"},
				"down": {"uv": [0, 0, 2, 0], "texture": "#0"}
			}
		},
		{
			"from": [2.3694, 0, 2.36],
			"to": [2.3694, 1.88, 13.64],
			"rotation": {"angle": 0, "axis": "y", "origin": [0.48, 0, 15.52]},
			"faces": {
				"north": {"uv": [3, 0, 3, 2], "texture": "#0"},
				"east": {"uv": [3, 0, 6, 16], "rotation": 90, "texture": "#0"},
				"south": {"uv": [3, 0, 3, 2], "texture": "#0"},
				"west": {"uv": [3, 16, 6, 0], "rotation": 90, "texture": "#0"},
				"up": {"uv": [12, 0, 0, 0], "rotation": 90, "texture": "#missing"},
				"down": {"uv": [12, 0, 0, 0], "rotation": 270, "texture": "#missing"}
			}
		},
		{
			"from": [2.36, 0, 2.3694],
			"to": [13.64, 1.88, 2.3694],
			"rotation": {"angle": 0, "axis": "y", "origin": [15.52, 0, 15.52]},
			"faces": {
				"north": {"uv": [3, 0, 6, 16], "rotation": 90, "texture": "#0"},
				"east": {"uv": [3, 0, 6, 16], "rotation": 90, "texture": "#0"},
				"south": {"uv": [3, 16, 6, 0], "rotation": 90, "texture": "#0"},
				"west": {"uv": [3, 16, 6, 0], "rotation": 90, "texture": "#0"},
				"up": {"uv": [12, 0, 0, 0], "texture": "#missing"},
				"down": {"uv": [12, 0, 0, 0], "texture": "#missing"}
			}
		},
		{
			"from": [13.64, 0, 2.36],
			"to": [13.64, 1.88, 13.64],
			"rotation": {"angle": 0, "axis": "y", "origin": [0.48, 0, 15.52]},
			"faces": {
				"north": {"uv": [3, 0, 3, 2], "texture": "#0"},
				"east": {"uv": [3, 0, 6, 16], "rotation": 90, "texture": "#0"},
				"south": {"uv": [3, 0, 3, 2], "texture": "#0"},
				"west": {"uv": [3, 16, 6, 0], "rotation": 90, "texture": "#0"},
				"up": {"uv": [12, 0, 0, 0], "rotation": 90, "texture": "#0"},
				"down": {"uv": [12, 0, 0, 0], "rotation": 270, "texture": "#0"}
			}
		},
		{
			"from": [2.36, 0, 13.64],
			"to": [13.64, 1.88, 13.64],
			"rotation": {"angle": 0, "axis": "y", "origin": [15.52, 0, 15.52]},
			"faces": {
				"north": {"uv": [3, 0, 6, 16], "rotation": 90, "texture": "#0"},
				"east": {"uv": [3, 0, 6, 16], "rotation": 90, "texture": "#0"},
				"south": {"uv": [3, 16, 6, 0], "rotation": 90, "texture": "#0"},
				"west": {"uv": [3, 16, 6, 0], "rotation": 90, "texture": "#0"},
				"up": {"uv": [12, 0, 0, 0], "texture": "#missing"},
				"down": {"uv": [12, 0, 0, 0], "texture": "#missing"}
			}
		},
		{
			"from": [2, 0, 13.99],
			"to": [14, 2, 13.99],
			"faces": {
				"north": {"uv": [0, 16, 3, 0], "rotation": 90, "texture": "#0"},
				"east": {"uv": [0, 16, 3, 0], "rotation": 90, "texture": "#0"},
				"south": {"uv": [0, 0, 3, 16], "rotation": 90, "texture": "#0"},
				"west": {"uv": [0, 0, 3, 16], "rotation": 90, "texture": "#0"},
				"up": {"uv": [0, 0, 12, 0], "texture": "#missing"},
				"down": {"uv": [0, 0, 12, 0], "texture": "#missing"}
			}
		},
		{
			"from": [13.99, 0, 2],
			"to": [13.99, 2, 14],
			"rotation": {"angle": 0, "axis": "y", "origin": [16, 0, 0]},
			"faces": {
				"north": {"uv": [0, 0, 0, 2], "texture": "#0"},
				"east": {"uv": [0, 16, 3, 0], "rotation": 90, "texture": "#0"},
				"south": {"uv": [0, 0, 0, 2], "texture": "#0"},
				"west": {"uv": [0, 0, 3, 16], "rotation": 90, "texture": "#0"},
				"up": {"uv": [0, 0, 12, 0], "rotation": 90, "texture": "#missing"},
				"down": {"uv": [0, 0, 12, 0], "rotation": 270, "texture": "#missing"}
			}
		},
		{
			"from": [2, 0, 2],
			"to": [2, 2, 14],
			"rotation": {"angle": 0, "axis": "y", "origin": [16, 0, 0]},
			"faces": {
				"north": {"uv": [0, 0, 0, 2], "texture": "#0"},
				"east": {"uv": [0, 16, 3, 0], "rotation": 90, "texture": "#0"},
				"south": {"uv": [0, 0, 0, 2], "texture": "#0"},
				"west": {"uv": [0, 0, 3, 16], "rotation": 90, "texture": "#0"},
				"up": {"uv": [0, 0, 12, 0], "rotation": 90, "texture": "#0"},
				"down": {"uv": [0, 0, 12, 0], "rotation": 270, "texture": "#0"}
			}
		},
		{
			"from": [1.5, -1.5, 1.75],
			"to": [3.5, 1.5, 1.75],
			"rotation": {"angle": 45, "axis": "z", "origin": [0, 0, 0]},
			"faces": {
				"north": {"uv": [9, 12, 16, 16], "rotation": 90, "texture": "#0"},
				"east": {"uv": [9, 12, 16, 16], "rotation": 90, "texture": "#0"},
				"south": {"uv": [9, 12, 16, 16], "rotation": 90, "texture": "#0"},
				"west": {"uv": [9, 12, 16, 16], "rotation": 90, "texture": "#0"},
				"up": {"uv": [0, 0, 2, 0], "texture": "#0"},
				"down": {"uv": [0, 0, 2, 0], "texture": "#0"}
			}
		},
		{
			"from": [2.5, 5.5, 1.75],
			"to": [4.5, 8.5, 1.75],
			"rotation": {"angle": 45, "axis": "z", "origin": [16, 16, 0]},
			"faces": {
				"north": {"uv": [2, 3, 4, 6], "texture": "#0"},
				"east": {"uv": [9, 12, 16, 16], "rotation": 90, "texture": "#0"},
				"south": {"uv": [2, 3, 4, 6], "texture": "#0"},
				"west": {"uv": [9, 12, 16, 16], "rotation": 90, "texture": "#0"},
				"up": {"uv": [2, 0, 4, 0], "texture": "#0"},
				"down": {"uv": [2, 0, 4, 0], "texture": "#0"}
			}
		},
		{
			"from": [9.75, -2.25, 1.75],
			"to": [11.75, -1.25, 1.75],
			"rotation": {"angle": -22.5, "axis": "z", "origin": [16, 16, 0]},
			"faces": {
				"north": {"uv": [9, 5, 7, 8], "rotation": 270, "texture": "#0"},
				"east": {"uv": [2, 0, 3, 0], "rotation": 270, "texture": "#missing"},
				"south": {"uv": [9, 8, 7, 5], "rotation": 270, "texture": "#0"},
				"west": {"uv": [2, 0, 3, 0], "rotation": 270, "texture": "#missing"},
				"up": {"uv": [0, 3, 0, 5], "rotation": 270, "texture": "#missing"},
				"down": {"uv": [0, 3, 0, 5], "rotation": 270, "texture": "#missing"}
			}
		},
		{
			"from": [6.5, 2.5, 1.75],
			"to": [9.5, 4.5, 1.75],
			"rotation": {"angle": 22.5, "axis": "z", "origin": [16, 0, 0]},
			"faces": {
				"north": {"uv": [16, 12, 9, 16], "texture": "#0"},
				"east": {"uv": [0, 0, 2, 0], "rotation": 270, "texture": "#missing"},
				"south": {"uv": [9, 16, 16, 12], "texture": "#0"},
				"west": {"uv": [0, 0, 2, 0], "rotation": 270, "texture": "#missing"},
				"up": {"uv": [0, 3, 0, 6], "rotation": 270, "texture": "#missing"},
				"down": {"uv": [0, 3, 0, 6], "rotation": 270, "texture": "#missing"}
			}
		},
		{
			"from": [7.25, 5.25, 1.75],
			"to": [9.25, 6.25, 1.75],
			"rotation": {"angle": -22.5, "axis": "z", "origin": [0, 0, 0]},
			"faces": {
				"north": {"uv": [7, 5, 9, 8], "rotation": 270, "texture": "#0"},
				"east": {"uv": [3, 0, 4, 0], "rotation": 270, "texture": "#missing"},
				"south": {"uv": [7, 8, 9, 5], "rotation": 270, "texture": "#0"},
				"west": {"uv": [3, 0, 4, 0], "rotation": 270, "texture": "#missing"},
				"up": {"uv": [0, 5, 0, 7], "rotation": 270, "texture": "#missing"},
				"down": {"uv": [0, 5, 0, 7], "rotation": 270, "texture": "#missing"}
			}
		},
		{
			"from": [6.75, 5.25, 14.75],
			"to": [8.75, 6.25, 14.75],
			"rotation": {"angle": 22.5, "axis": "z", "origin": [16, 0, 13]},
			"faces": {
				"north": {"uv": [7, 8, 9, 5], "rotation": 270, "texture": "#0"},
				"east": {"uv": [3, 0, 4, 0], "rotation": 270, "texture": "#0"},
				"south": {"uv": [7, 5, 9, 8], "rotation": 270, "texture": "#0"},
				"west": {"uv": [3, 0, 4, 0], "rotation": 270, "texture": "#0"},
				"up": {"uv": [0, 7, 0, 9], "rotation": 270, "texture": "#0"},
				"down": {"uv": [0, 7, 0, 9], "rotation": 270, "texture": "#0"}
			}
		},
		{
			"from": [6.5, 2.5, 14.75],
			"to": [9.5, 4.5, 14.75],
			"rotation": {"angle": -22.5, "axis": "z", "origin": [0, 0, 13]},
			"faces": {
				"north": {"uv": [9, 12, 16, 16], "texture": "#0"},
				"east": {"uv": [0, 0, 2, 0], "rotation": 270, "texture": "#missing"},
				"south": {"uv": [16, 16, 9, 12], "texture": "#0"},
				"west": {"uv": [0, 0, 2, 0], "rotation": 270, "texture": "#missing"},
				"up": {"uv": [0, 6, 0, 9], "rotation": 270, "texture": "#missing"},
				"down": {"uv": [0, 6, 0, 9], "rotation": 270, "texture": "#missing"}
			}
		},
		{
			"from": [4.25, -1.25, 14.75],
			"to": [6.25, -0.25, 14.75],
			"rotation": {"angle": 22.5, "axis": "z", "origin": [0, 16, 13]},
			"faces": {
				"north": {"uv": [9, 8, 7, 5], "rotation": 270, "texture": "#0"},
				"east": {"uv": [2, 0, 3, 0], "rotation": 270, "texture": "#missing"},
				"south": {"uv": [9, 5, 7, 8], "rotation": 270, "texture": "#0"},
				"west": {"uv": [2, 0, 3, 0], "rotation": 270, "texture": "#missing"},
				"up": {"uv": [0, 5, 0, 7], "rotation": 270, "texture": "#missing"},
				"down": {"uv": [0, 5, 0, 7], "rotation": 270, "texture": "#missing"}
			}
		},
		{
			"from": [12.5, -1.5, 14.75],
			"to": [14.5, 0.5, 14.75],
			"rotation": {"angle": -45, "axis": "z", "origin": [16, 0, 13]},
			"faces": {
				"north": {"uv": [6, 10, 10, 5], "rotation": 90, "texture": "#0"},
				"east": {"uv": [0, 0, 0, 2], "texture": "#missing"},
				"south": {"uv": [6, 5, 10, 10], "rotation": 90, "texture": "#0"},
				"west": {"uv": [0, 0, 0, 2], "texture": "#missing"},
				"up": {"uv": [2, 0, 4, 0], "texture": "#missing"},
				"down": {"uv": [2, 0, 4, 0], "texture": "#missing"}
			}
		},
		{
			"from": [11.5, 5.5, 14.75],
			"to": [13.5, 8.5, 14.75],
			"rotation": {"angle": -45, "axis": "z", "origin": [0, 16, 13]},
			"faces": {
				"north": {"uv": [16, 12, 9, 16], "rotation": 90, "texture": "#0"},
				"east": {"uv": [9, 12, 16, 16], "rotation": 90, "texture": "#0"},
				"south": {"uv": [16, 12, 9, 16], "rotation": 90, "texture": "#0"},
				"west": {"uv": [9, 12, 16, 16], "rotation": 90, "texture": "#0"},
				"up": {"uv": [4, 0, 6, 0], "texture": "#missing"},
				"down": {"uv": [4, 0, 6, 0], "texture": "#missing"}
			}
		},
		{
			"from": [14.25, 5.25, 7.25],
			"to": [14.25, 6.25, 9.25],
			"rotation": {"angle": 22.5, "axis": "x", "origin": [16, 0, 0]},
			"faces": {
				"north": {"uv": [3, 0, 4, 0], "rotation": 270, "texture": "#missing"},
				"east": {"uv": [9, 5, 7, 8], "rotation": 270, "texture": "#0"},
				"south": {"uv": [3, 0, 4, 0], "rotation": 270, "texture": "#missing"},
				"west": {"uv": [9, 8, 7, 5], "rotation": 270, "texture": "#0"},
				"up": {"uv": [0, 9, 0, 11], "texture": "#missing"},
				"down": {"uv": [0, 9, 0, 11], "rotation": 180, "texture": "#missing"}
			}
		},
		{
			"from": [14.25, 2.5, 6.5],
			"to": [14.25, 4.5, 9.5],
			"rotation": {"angle": -22.5, "axis": "x", "origin": [16, 0, 16]},
			"faces": {
				"north": {"uv": [0, 0, 2, 0], "rotation": 270, "texture": "#0"},
				"east": {"uv": [16, 12, 9, 16], "texture": "#0"},
				"south": {"uv": [0, 0, 2, 0], "rotation": 270, "texture": "#0"},
				"west": {"uv": [9, 16, 16, 12], "texture": "#0"},
				"up": {"uv": [0, 9, 0, 12], "texture": "#0"},
				"down": {"uv": [0, 9, 0, 12], "rotation": 180, "texture": "#0"}
			}
		},
		{
			"from": [14.25, -2.25, 9.75],
			"to": [14.25, -1.25, 11.75],
			"rotation": {"angle": 22.5, "axis": "x", "origin": [16, 16, 16]},
			"faces": {
				"north": {"uv": [2, 0, 3, 0], "rotation": 270, "texture": "#missing"},
				"east": {"uv": [7, 8, 9, 5], "rotation": 270, "texture": "#0"},
				"south": {"uv": [2, 0, 3, 0], "rotation": 270, "texture": "#missing"},
				"west": {"uv": [7, 5, 9, 8], "rotation": 270, "texture": "#0"},
				"up": {"uv": [0, 7, 0, 9], "texture": "#missing"},
				"down": {"uv": [0, 7, 0, 9], "rotation": 180, "texture": "#missing"}
			}
		},
		{
			"from": [14.75, 0.25, 2.25],
			"to": [14.75, 2.25, 4.25],
			"rotation": {"angle": -45, "axis": "x", "origin": [16, 0, 0]},
			"faces": {
				"north": {"uv": [0, 0, 0, 2], "texture": "#0"},
				"east": {"uv": [6, 5, 10, 10], "texture": "#0"},
				"south": {"uv": [0, 0, 0, 2], "texture": "#0"},
				"west": {"uv": [10, 5, 6, 10], "texture": "#0"},
				"up": {"uv": [4, 0, 6, 0], "rotation": 90, "texture": "#0"},
				"down": {"uv": [4, 0, 6, 0], "rotation": 270, "texture": "#0"}
			}
		},
		{
			"from": [14.25, 5.5, 2.5],
			"to": [14.25, 8.5, 4.5],
			"rotation": {"angle": -45, "axis": "x", "origin": [16, 16, 16]},
			"faces": {
				"north": {"uv": [0, 3, 0, 6], "texture": "#missing"},
				"east": {"uv": [16, 12, 9, 16], "rotation": 90, "texture": "#0"},
				"south": {"uv": [0, 3, 0, 6], "texture": "#missing"},
				"west": {"uv": [16, 12, 9, 16], "rotation": 90, "texture": "#0"},
				"up": {"uv": [6, 0, 8, 0], "rotation": 90, "texture": "#missing"},
				"down": {"uv": [6, 0, 8, 0], "rotation": 270, "texture": "#missing"}
			}
		},
		{
			"from": [1.25, 2.5, 6.5],
			"to": [1.25, 4.5, 9.5],
			"rotation": {"angle": 22.5, "axis": "x", "origin": [3, 0, 0]},
			"faces": {
				"north": {"uv": [0, 0, 2, 0], "rotation": 270, "texture": "#missing"},
				"east": {"uv": [16, 12, 9, 16], "texture": "#0"},
				"south": {"uv": [0, 0, 2, 0], "rotation": 270, "texture": "#missing"},
				"west": {"uv": [9, 16, 16, 12], "texture": "#0"},
				"up": {"uv": [0, 12, 0, 9], "texture": "#missing"},
				"down": {"uv": [0, 12, 0, 9], "rotation": 180, "texture": "#missing"}
			}
		},
		{
			"from": [1.25, -2.25, 4.25],
			"to": [1.25, -1.25, 6.25],
			"rotation": {"angle": -22.5, "axis": "x", "origin": [3, 16, 0]},
			"faces": {
				"north": {"uv": [2, 0, 3, 0], "rotation": 270, "texture": "#missing"},
				"east": {"uv": [7, 8, 9, 5], "rotation": 270, "texture": "#0"},
				"south": {"uv": [2, 0, 3, 0], "rotation": 270, "texture": "#missing"},
				"west": {"uv": [7, 5, 9, 8], "rotation": 270, "texture": "#0"},
				"up": {"uv": [0, 9, 0, 11], "texture": "#missing"},
				"down": {"uv": [0, 9, 0, 11], "rotation": 180, "texture": "#missing"}
			}
		},
		{
			"from": [1.25, -1.5, 12.5],
			"to": [1.25, 1.5, 14.5],
			"rotation": {"angle": 45, "axis": "x", "origin": [3, 0, 16]},
			"faces": {
				"north": {"uv": [0, 0, 0, 3], "texture": "#missing"},
				"east": {"uv": [9, 12, 16, 16], "rotation": 90, "texture": "#0"},
				"south": {"uv": [0, 0, 0, 3], "texture": "#missing"},
				"west": {"uv": [9, 12, 16, 16], "rotation": 90, "texture": "#0"},
				"up": {"uv": [6, 0, 4, 0], "rotation": 90, "texture": "#missing"},
				"down": {"uv": [6, 0, 4, 0], "rotation": 270, "texture": "#missing"}
			}
		},
		{
			"from": [2.75, 1.5, 15.25],
			"to": [3.25, 2, 15.25],
			"rotation": {"angle": 22.5, "axis": "z", "origin": [2.75, 0, -4.75]},
			"faces": {
				"north": {"uv": [9, 0, 7, 2], "texture": "#0"},
				"east": {"uv": [9, 0, 7, 2], "texture": "#0"},
				"south": {"uv": [9, 0, 7, 2], "texture": "#0"},
				"west": {"uv": [9, 0, 7, 2], "texture": "#0"},
				"up": {"uv": [9, 0, 7, 2], "texture": "#0"},
				"down": {"uv": [9, 0, 7, 2], "texture": "#0"}
			}
		},
		{
			"from": [10.225, -0.45, 15.65],
			"to": [10.575, -0.1, 15.65],
			"rotation": {"angle": 45, "axis": "z", "origin": [9.1, 2.5, -1.85]},
			"faces": {
				"north": {"uv": [9, 2, 7, 0], "texture": "#0"},
				"east": {"uv": [9, 2, 7, 0], "texture": "#0"},
				"south": {"uv": [9, 2, 7, 0], "texture": "#0"},
				"west": {"uv": [9, 2, 7, 0], "texture": "#0"},
				"up": {"uv": [9, 2, 7, 0], "texture": "#0"},
				"down": {"uv": [9, 2, 7, 0], "texture": "#0"}
			}
		},
		{
			"from": [10.25, 1.5, 15.75],
			"to": [10.75, 2, 15.75],
			"rotation": {"angle": 45, "axis": "z", "origin": [11.5, 2.5, -4.25]},
			"faces": {
				"north": {"uv": [9, 2, 7, 0], "texture": "#0"},
				"east": {"uv": [9, 2, 7, 0], "texture": "#0"},
				"south": {"uv": [9, 2, 7, 0], "texture": "#0"},
				"west": {"uv": [9, 2, 7, 0], "texture": "#0"},
				"up": {"uv": [9, 2, 7, 0], "texture": "#0"},
				"down": {"uv": [9, 2, 7, 0], "texture": "#0"}
			}
		},
		{
			"from": [11, 0.5, 15.75],
			"to": [11.5, 1, 15.75],
			"rotation": {"angle": 22.5, "axis": "z", "origin": [11.5, 2.5, -4.25]},
			"faces": {
				"north": {"uv": [7, 2, 9, 0], "texture": "#0"},
				"east": {"uv": [7, 2, 9, 0], "texture": "#0"},
				"south": {"uv": [7, 2, 9, 0], "texture": "#0"},
				"west": {"uv": [7, 2, 9, 0], "texture": "#0"},
				"up": {"uv": [7, 2, 9, 0], "texture": "#0"},
				"down": {"uv": [7, 2, 9, 0], "texture": "#0"}
			}
		},
		{
			"from": [4.25, -3, 15],
			"to": [4.75, -2.5, 15],
			"rotation": {"angle": 45, "axis": "z", "origin": [0, 0, 0]},
			"faces": {
				"north": {"uv": [7, 0, 9, 2], "texture": "#0"},
				"east": {"uv": [7, 0, 9, 2], "texture": "#0"},
				"south": {"uv": [7, 0, 9, 2], "texture": "#0"},
				"west": {"uv": [7, 0, 9, 2], "texture": "#0"},
				"up": {"uv": [7, 0, 9, 2], "texture": "#0"},
				"down": {"uv": [7, 0, 9, 2], "texture": "#0"}
			}
		},
		{
			"from": [3.675, 2.6, 15.15],
			"to": [4.025, 2.95, 15.15],
			"rotation": {"angle": 45, "axis": "z", "origin": [5.15, 0, -2.35]},
			"faces": {
				"north": {"uv": [7, 0, 9, 2], "texture": "#0"},
				"east": {"uv": [7, 0, 9, 2], "texture": "#0"},
				"south": {"uv": [7, 0, 9, 2], "texture": "#0"},
				"west": {"uv": [7, 0, 9, 2], "texture": "#0"},
				"up": {"uv": [7, 0, 9, 2], "texture": "#0"},
				"down": {"uv": [7, 0, 9, 2], "texture": "#0"}
			}
		},
		{
			"from": [9.25, 1.5, 1],
			"to": [9.75, 2, 1],
			"rotation": {"angle": 45, "axis": "z", "origin": [10.5, 2.5, -19]},
			"faces": {
				"north": {"uv": [9, 2, 7, 0], "texture": "#0"},
				"east": {"uv": [9, 2, 7, 0], "texture": "#0"},
				"south": {"uv": [9, 2, 7, 0], "texture": "#0"},
				"west": {"uv": [9, 2, 7, 0], "texture": "#0"},
				"up": {"uv": [9, 2, 7, 0], "texture": "#0"},
				"down": {"uv": [9, 2, 7, 0], "texture": "#0"}
			}
		},
		{
			"from": [9.225, -0.45, 0.9],
			"to": [9.575, -0.1, 0.9],
			"rotation": {"angle": 45, "axis": "z", "origin": [8.1, 2.5, -16.6]},
			"faces": {
				"north": {"uv": [9, 2, 7, 0], "texture": "#0"},
				"east": {"uv": [9, 2, 7, 0], "texture": "#0"},
				"south": {"uv": [9, 2, 7, 0], "texture": "#0"},
				"west": {"uv": [9, 2, 7, 0], "texture": "#0"},
				"up": {"uv": [9, 2, 7, 0], "texture": "#0"},
				"down": {"uv": [9, 2, 7, 0], "texture": "#0"}
			}
		},
		{
			"from": [10, 0.5, 1],
			"to": [10.5, 1, 1],
			"rotation": {"angle": 22.5, "axis": "z", "origin": [10.5, 2.5, -19]},
			"faces": {
				"north": {"uv": [7, 2, 9, 0], "texture": "#0"},
				"east": {"uv": [7, 2, 9, 0], "texture": "#0"},
				"south": {"uv": [7, 2, 9, 0], "texture": "#0"},
				"west": {"uv": [7, 2, 9, 0], "texture": "#0"},
				"up": {"uv": [7, 2, 9, 0], "texture": "#0"},
				"down": {"uv": [7, 2, 9, 0], "texture": "#0"}
			}
		},
		{
			"from": [11, -7.75, 1.5],
			"to": [11.5, -7.25, 1.5],
			"rotation": {"angle": 45, "axis": "z", "origin": [2, 0, -20]},
			"faces": {
				"north": {"uv": [7, 0, 9, 2], "texture": "#0"},
				"east": {"uv": [7, 0, 9, 2], "texture": "#0"},
				"south": {"uv": [7, 0, 9, 2], "texture": "#0"},
				"west": {"uv": [7, 0, 9, 2], "texture": "#0"},
				"up": {"uv": [7, 0, 9, 2], "texture": "#0"},
				"down": {"uv": [7, 0, 9, 2], "texture": "#0"}
			}
		},
		{
			"from": [4.75, 1.5, 0.75],
			"to": [5.25, 2, 0.75],
			"rotation": {"angle": 22.5, "axis": "z", "origin": [4.75, 0, -19.25]},
			"faces": {
				"north": {"uv": [9, 0, 7, 2], "texture": "#0"},
				"east": {"uv": [9, 0, 7, 2], "texture": "#0"},
				"south": {"uv": [9, 0, 7, 2], "texture": "#0"},
				"west": {"uv": [9, 0, 7, 2], "texture": "#0"},
				"up": {"uv": [9, 0, 7, 2], "texture": "#0"},
				"down": {"uv": [9, 0, 7, 2], "texture": "#0"}
			}
		},
		{
			"from": [5.675, 2.6, 0.65],
			"to": [6.025, 2.95, 0.65],
			"rotation": {"angle": 45, "axis": "z", "origin": [7.15, 0, -16.85]},
			"faces": {
				"north": {"uv": [7, 0, 9, 2], "texture": "#0"},
				"east": {"uv": [7, 0, 9, 2], "texture": "#0"},
				"south": {"uv": [7, 0, 9, 2], "texture": "#0"},
				"west": {"uv": [7, 0, 9, 2], "texture": "#0"},
				"up": {"uv": [7, 0, 9, 2], "texture": "#0"},
				"down": {"uv": [7, 0, 9, 2], "texture": "#0"}
			}
		}
	],
	"display": {
		"thirdperson_righthand": {
			"rotation": [34, -29.3, 8.8],
			"translation": [-0.75, 3.5, 0],
			"scale": [0.4082, 0.4082, 0.4082]
		},
		"thirdperson_lefthand": {
			"rotation": [34, -29.3, 8.8],
			"translation": [-0.75, 3.5, 0],
			"scale": [0.4082, 0.4082, 0.4082]
		},
		"firstperson_righthand": {
			"rotation": [30.31, -29.3, 8.8],
			"translation": [-0.75, 3.5, 0],
			"scale": [0.74219, 0.74219, 0.74219]
		},
		"firstperson_lefthand": {
			"rotation": [30.31, -29.3, 8.8],
			"translation": [-0.75, 3.5, 0],
			"scale": [0.74219, 0.74219, 0.74219]
		},
		"ground": {
			"rotation": [30.31, -29.3, 8.8],
			"translation": [-0.75, 3.5, 0],
			"scale": [0.74219, 0.74219, 0.74219]
		},
		"gui": {
			"rotation": [30.31, -29.3, 8.8],
			"translation": [-0.75, 3.5, 0],
			"scale": [0.74219, 0.74219, 0.74219]
		},
		"head": {
			"translation": [0, 11.5, 0],
			"scale": [1.20703, 1.20703, 1.20703]
		},
		"fixed": {
			"rotation": [-90, 0, 0],
			"translation": [0, 0, -11],
			"scale": [1.3418, 1.3418, 1.3418]
		}
	},
	"groups": [
		{
			"name": "group",
			"origin": [0, 0, 16],
			"color": 0,
			"children": [0, 1, 2, 3, 4, 5, 6, 7, 8, 9, 10, 11, 12, 13, 14, 15]
		},
		{
			"name": "group",
			"origin": [3, 16, 0],
			"color": 0,
			"children": [16, 17, 18, 19, 20, 21, 22, 23, 24, 25, 26, 27, 28, 29, 30, 31, 32, 33, 34, 35, 36, 37, 38, 39, 40, 41, 42, 43, 44, 45, 46, 47, 48, 49, 50, 51, 52, 53, 54, 55, 56, 57, 58, 59]
		},
		60,
		61,
		62,
		63,
		64,
		65,
		66,
		67,
		68,
		69,
		70,
		71
	]
}