{"credit":"Made with Blockbench","textures":{"0":"ttp/qualityarmory/rgbsheet1","particle":"ttp/qualityarmory/rgbsheet1"},"elements":[{"from":[1.25,10.5,-4.75],"to":[14.75,12,14.75],"faces":{"north":{"uv":[5,15,6,16],"texture":"#0"},"east":{"uv":[5,15,6,16],"texture":"#0"},"south":{"uv":[5,15,6,16],"texture":"#0"},"west":{"uv":[5,15,6,16],"texture":"#0"},"up":{"uv":[5,15,6,16],"texture":"#0"},"down":{"uv":[5,15,6,16],"texture":"#0"}}},{"from":[1.25,13.25,1.25],"to":[14.75,18.5,14.75],"rotation":{"angle":0,"axis":"y","origin":[8,11.5,8]},"faces":{"north":{"uv":[5,15,6,16],"texture":"#0"},"east":{"uv":[5,15,6,16],"texture":"#0"},"south":{"uv":[5,15,6,16],"texture":"#0"},"west":{"uv":[5,15,6,16],"texture":"#0"},"up":{"uv":[5,15,6,16],"texture":"#0"},"down":{"uv":[5,15,6,16],"texture":"#0"}}},{"from":[1.25,12,1.25],"to":[14.75,13.25,14.75],"rotation":{"angle":0,"axis":"y","origin":[8,11.5,8]},"faces":{"north":{"uv":[14,14,15,15],"texture":"#0"},"east":{"uv":[14,14,15,15],"texture":"#0"},"south":{"uv":[14,14,15,15],"texture":"#0"},"west":{"uv":[14,14,15,15],"texture":"#0"},"up":{"uv":[14,14,15,15],"texture":"#0"},"down":{"uv":[14,14,15,15],"texture":"#0"}}}],"display":{"thirdperson_righthand":{"rotation":[0,45,0],"scale":[0.6,0.6,0.6]},"thirdperson_lefthand":{"scale":[0.6,0.6,0.6]},"firstperson_righthand":{"rotation":[0,135,0],"translation":[-0.5,6,1],"scale":[0.6,0.6,0.6]},"firstperson_lefthand":{"scale":[0.6,0.6,0.6]},"gui":{"rotation":[33,153,6],"translation":[0,-3.75,0],"scale":[0.6,0.6,0.6]},"head":{"translation":[0,-2.5,0],"scale":[1.1,1.1,1.1]},"fixed":{"rotation":[0,1,0],"translation":[0,-4.5,0]}}}