{"credit":"Made with Blockbench","textures":{"0":"ttp/qualityarmory/rgbsheet1","particle":"ttp/qualityarmory/rgbsheet1"},"elements":[{"from":[1.25,10.25,1.25],"to":[14.75,16.5,14.75],"rotation":{"angle":0,"axis":"y","origin":[8,8.5,8]},"faces":{"north":{"uv":[4,3,5,4],"texture":"#0"},"east":{"uv":[4,3,5,4],"texture":"#0"},"south":{"uv":[4,3,5,4],"texture":"#0"},"west":{"uv":[4,3,5,4],"texture":"#0"},"up":{"uv":[4,3,5,4],"texture":"#0"},"down":{"uv":[4,3,5,4],"texture":"#0"}}},{"from":[14.75,8.25,1.25],"to":[15.75,15.5,14.75],"rotation":{"angle":0,"axis":"y","origin":[8,8.5,8]},"faces":{"north":{"uv":[4,3,5,4],"texture":"#0"},"east":{"uv":[4,3,5,4],"texture":"#0"},"south":{"uv":[4,3,5,4],"texture":"#0"},"west":{"uv":[4,3,5,4],"texture":"#0"},"up":{"uv":[4,3,5,4],"texture":"#0"},"down":{"uv":[4,3,5,4],"texture":"#0"}}},{"from":[1.25,8.25,0.25],"to":[14.75,15.5,1.25],"rotation":{"angle":0,"axis":"y","origin":[8,8.5,8]},"faces":{"north":{"uv":[4,3,5,4],"texture":"#0"},"east":{"uv":[4,3,5,4],"texture":"#0"},"south":{"uv":[4,3,5,4],"texture":"#0"},"west":{"uv":[4,3,5,4],"texture":"#0"},"up":{"uv":[4,3,5,4],"texture":"#0"},"down":{"uv":[4,3,5,4],"texture":"#0"}}},{"from":[1.25,8.25,14.75],"to":[14.75,15.5,15.75],"rotation":{"angle":0,"axis":"y","origin":[8,8.5,8]},"faces":{"north":{"uv":[4,3,5,4],"texture":"#0"},"east":{"uv":[4,3,5,4],"texture":"#0"},"south":{"uv":[4,3,5,4],"texture":"#0"},"west":{"uv":[4,3,5,4],"texture":"#0"},"up":{"uv":[4,3,5,4],"texture":"#0"},"down":{"uv":[4,3,5,4],"texture":"#0"}}},{"from":[0.25,8.25,1.25],"to":[1.75,15.5,14.75],"rotation":{"angle":0,"axis":"y","origin":[7,8.5,8]},"faces":{"north":{"uv":[4,3,5,4],"texture":"#0"},"east":{"uv":[4,3,5,4],"texture":"#0"},"south":{"uv":[4,3,5,4],"texture":"#0"},"west":{"uv":[4,3,5,4],"texture":"#0"},"up":{"uv":[4,3,5,4],"texture":"#0"},"down":{"uv":[4,3,5,4],"texture":"#0"}}},{"from":[-1.75,5.25,-1.75],"to":[1.75,15.5,1.25],"rotation":{"angle":0,"axis":"y","origin":[7,8.5,8]},"faces":{"north":{"uv":[4,3,5,4],"texture":"#0"},"east":{"uv":[4,3,5,4],"texture":"#0"},"south":{"uv":[4,3,5,4],"texture":"#0"},"west":{"uv":[4,3,5,4],"texture":"#0"},"up":{"uv":[4,3,5,4],"texture":"#0"},"down":{"uv":[4,3,5,4],"texture":"#0"}}},{"from":[-1.75,5.25,14.25],"to":[1.75,15.5,17.25],"rotation":{"angle":0,"axis":"y","origin":[7,8.5,24]},"faces":{"north":{"uv":[4,3,5,4],"texture":"#0"},"east":{"uv":[4,3,5,4],"texture":"#0"},"south":{"uv":[4,3,5,4],"texture":"#0"},"west":{"uv":[4,3,5,4],"texture":"#0"},"up":{"uv":[4,3,5,4],"texture":"#0"},"down":{"uv":[4,3,5,4],"texture":"#0"}}},{"from":[14.25,5.25,-1.75],"to":[17.75,15.5,1.25],"rotation":{"angle":0,"axis":"y","origin":[23,8.5,8]},"faces":{"north":{"uv":[4,3,5,4],"texture":"#0"},"east":{"uv":[4,3,5,4],"texture":"#0"},"south":{"uv":[4,3,5,4],"texture":"#0"},"west":{"uv":[4,3,5,4],"texture":"#0"},"up":{"uv":[4,3,5,4],"texture":"#0"},"down":{"uv":[4,3,5,4],"texture":"#0"}}},{"from":[14.25,5.25,14.25],"to":[17.75,15.5,17.25],"rotation":{"angle":0,"axis":"y","origin":[23,8.5,24]},"faces":{"north":{"uv":[4,3,5,4],"texture":"#0"},"east":{"uv":[4,3,5,4],"texture":"#0"},"south":{"uv":[4,3,5,4],"texture":"#0"},"west":{"uv":[4,3,5,4],"texture":"#0"},"up":{"uv":[4,3,5,4],"texture":"#0"},"down":{"uv":[4,3,5,4],"texture":"#0"}}},{"from":[-1.25,1,-1.25],"to":[1.25,5.25,0.75],"rotation":{"angle":0,"axis":"y","origin":[7,-1.75,8]},"faces":{"north":{"uv":[0,0,1,1],"texture":"#0"},"east":{"uv":[0,0,1,1],"texture":"#0"},"south":{"uv":[0,0,1,1],"texture":"#0"},"west":{"uv":[0,0,1,1],"texture":"#0"},"up":{"uv":[0,0,1,1],"texture":"#0"},"down":{"uv":[0,0,1,1],"texture":"#0"}}},{"from":[-1.25,1,14.75],"to":[1.25,5.25,16.75],"rotation":{"angle":0,"axis":"y","origin":[7,-1.75,24]},"faces":{"north":{"uv":[0,0,1,1],"texture":"#0"},"east":{"uv":[0,0,1,1],"texture":"#0"},"south":{"uv":[0,0,1,1],"texture":"#0"},"west":{"uv":[0,0,1,1],"texture":"#0"},"up":{"uv":[0,0,1,1],"texture":"#0"},"down":{"uv":[0,0,1,1],"texture":"#0"}}},{"from":[14.75,1,-1.25],"to":[17.25,5.25,0.75],"rotation":{"angle":0,"axis":"y","origin":[23,-1.75,8]},"faces":{"north":{"uv":[0,0,1,1],"texture":"#0"},"east":{"uv":[0,0,1,1],"texture":"#0"},"south":{"uv":[0,0,1,1],"texture":"#0"},"west":{"uv":[0,0,1,1],"texture":"#0"},"up":{"uv":[0,0,1,1],"texture":"#0"},"down":{"uv":[0,0,1,1],"texture":"#0"}}},{"from":[14.75,1,14.75],"to":[17.25,5.25,16.75],"rotation":{"angle":0,"axis":"y","origin":[23,-1.75,24]},"faces":{"north":{"uv":[0,0,1,1],"texture":"#0"},"east":{"uv":[0,0,1,1],"texture":"#0"},"south":{"uv":[0,0,1,1],"texture":"#0"},"west":{"uv":[0,0,1,1],"texture":"#0"},"up":{"uv":[0,0,1,1],"texture":"#0"},"down":{"uv":[0,0,1,1],"texture":"#0"}}},{"from":[1.25,9,1.25],"to":[14.75,10.25,14.75],"rotation":{"angle":0,"axis":"y","origin":[8,8.5,8]},"faces":{"north":{"uv":[9,5,10,6],"texture":"#0"},"east":{"uv":[9,5,10,6],"texture":"#0"},"south":{"uv":[9,5,10,6],"texture":"#0"},"west":{"uv":[9,5,10,6],"texture":"#0"},"up":{"uv":[9,5,10,6],"texture":"#0"},"down":{"uv":[9,5,10,6],"texture":"#0"}}}],"display":{"thirdperson_righthand":{"rotation":[0,45,0],"scale":[0.6,0.6,0.6]},"thirdperson_lefthand":{"scale":[0.6,0.6,0.6]},"firstperson_righthand":{"rotation":[0,135,0],"translation":[-0.5,6,1],"scale":[0.6,0.6,0.6]},"firstperson_lefthand":{"scale":[0.6,0.6,0.6]},"gui":{"rotation":[31,65,0],"translation":[0.25,-1,0],"scale":[0.6,0.6,0.6]},"head":{"translation":[0,-1.75,0]}}}