{"credit":"Made with Blockbench","textures":{"0":"ttp/qualityarmory/rgbsheet1","particle":"ttp/qualityarmory/rgbsheet1"},"elements":[{"from":[1.75,16.25,7.25],"to":[14.25,16.75,9.75],"rotation":{"angle":0,"axis":"y","origin":[8,10.5,8]},"faces":{"north":{"uv":[14,14,15,15],"texture":"#0"},"east":{"uv":[14,14,15,15],"texture":"#0"},"south":{"uv":[14,14,15,15],"texture":"#0"},"west":{"uv":[14,14,15,15],"texture":"#0"},"up":{"uv":[14,14,15,15],"texture":"#0"},"down":{"uv":[14,14,15,15],"texture":"#0"}}},{"from":[13.75,11.5,7.25],"to":[14.25,16.25,9.75],"rotation":{"angle":0,"axis":"y","origin":[7.5,10.75,8]},"faces":{"north":{"uv":[14,14,15,15],"texture":"#0"},"east":{"uv":[14,14,15,15],"texture":"#0"},"south":{"uv":[14,14,15,15],"texture":"#0"},"west":{"uv":[14,14,15,15],"texture":"#0"},"up":{"uv":[14,14,15,15],"texture":"#0"},"down":{"uv":[14,14,15,15],"texture":"#0"}}},{"from":[1.75,11.5,7.25],"to":[2.25,16.25,9.75],"rotation":{"angle":0,"axis":"y","origin":[-4.5,10.75,8]},"faces":{"north":{"uv":[14,14,15,15],"texture":"#0"},"east":{"uv":[14,14,15,15],"texture":"#0"},"south":{"uv":[14,14,15,15],"texture":"#0"},"west":{"uv":[14,14,15,15],"texture":"#0"},"up":{"uv":[14,14,15,15],"texture":"#0"},"down":{"uv":[14,14,15,15],"texture":"#0"}}},{"from":[1.75,7.25,6.25],"to":[2.25,11.5,10.75],"rotation":{"angle":0,"axis":"y","origin":[9,4.5,8]},"faces":{"north":{"uv":[11,14,12,15],"texture":"#0"},"east":{"uv":[11,14,12,15],"texture":"#0"},"south":{"uv":[11,14,12,15],"texture":"#0"},"west":{"uv":[11,14,12,15],"texture":"#0"},"up":{"uv":[11,14,12,15],"texture":"#0"},"down":{"uv":[11,14,12,15],"texture":"#0"}}},{"from":[13.75,7.25,6.25],"to":[14.25,11.5,10.75],"rotation":{"angle":0,"axis":"y","origin":[21.5,4.5,8]},"faces":{"north":{"uv":[11,14,12,15],"texture":"#0"},"east":{"uv":[11,14,12,15],"texture":"#0"},"south":{"uv":[11,14,12,15],"texture":"#0"},"west":{"uv":[11,14,12,15],"texture":"#0"},"up":{"uv":[11,14,12,15],"texture":"#0"},"down":{"uv":[11,14,12,15],"texture":"#0"}}},{"from":[14.25,7.25,6.25],"to":[14.75,11.5,10.75],"rotation":{"angle":0,"axis":"y","origin":[22,4.5,8]},"faces":{"north":{"uv":[5,6,6,7],"texture":"#0"},"east":{"uv":[5,6,6,7],"texture":"#0"},"south":{"uv":[5,6,6,7],"texture":"#0"},"west":{"uv":[5,6,6,7],"texture":"#0"},"up":{"uv":[5,6,6,7],"texture":"#0"},"down":{"uv":[5,6,6,7],"texture":"#0"}}},{"from":[1.25,7.25,6.25],"to":[1.75,11.5,10.75],"rotation":{"angle":0,"axis":"y","origin":[9,4.5,8]},"faces":{"north":{"uv":[5,6,6,7],"texture":"#0"},"east":{"uv":[5,6,6,7],"texture":"#0"},"south":{"uv":[5,6,6,7],"texture":"#0"},"west":{"uv":[5,6,6,7],"texture":"#0"},"up":{"uv":[5,6,6,7],"texture":"#0"},"down":{"uv":[5,6,6,7],"texture":"#0"}}},{"from":[1.5,11.5,7.25],"to":[1.75,17,9.75],"rotation":{"angle":0,"axis":"y","origin":[9,8.75,8]},"faces":{"north":{"uv":[5,6,6,7],"texture":"#0"},"east":{"uv":[5,6,6,7],"texture":"#0"},"south":{"uv":[5,6,6,7],"texture":"#0"},"west":{"uv":[5,6,6,7],"texture":"#0"},"up":{"uv":[5,6,6,7],"texture":"#0"},"down":{"uv":[5,6,6,7],"texture":"#0"}}},{"from":[14.25,11.5,7.25],"to":[14.5,17,9.75],"rotation":{"angle":0,"axis":"y","origin":[21.75,8.75,8]},"faces":{"north":{"uv":[5,6,6,7],"texture":"#0"},"east":{"uv":[5,6,6,7],"texture":"#0"},"south":{"uv":[5,6,6,7],"texture":"#0"},"west":{"uv":[5,6,6,7],"texture":"#0"},"up":{"uv":[5,6,6,7],"texture":"#0"},"down":{"uv":[5,6,6,7],"texture":"#0"}}},{"from":[1.75,16.75,7.25],"to":[14.25,17.25,9.75],"rotation":{"angle":0,"axis":"y","origin":[21.75,8.75,8]},"faces":{"north":{"uv":[5,6,6,7],"texture":"#0"},"east":{"uv":[5,6,6,7],"texture":"#0"},"south":{"uv":[5,6,6,7],"texture":"#0"},"west":{"uv":[5,6,6,7],"texture":"#0"},"up":{"uv":[5,6,6,7],"texture":"#0"},"down":{"uv":[5,6,6,7],"texture":"#0"}}}],"display":{"thirdperson_righthand":{"rotation":[0,45,0],"scale":[0.6,0.6,0.6]},"thirdperson_lefthand":{"scale":[0.6,0.6,0.6]},"firstperson_righthand":{"rotation":[0,135,0],"translation":[-0.5,6,1],"scale":[0.6,0.6,0.6]},"firstperson_lefthand":{"scale":[0.6,0.6,0.6]},"gui":{"rotation":[22,127,6],"translation":[0,-3.75,0]},"head":{"translation":[0,-2.5,0],"scale":[1.1,1.1,1.1]},"fixed":{"rotation":[0,1,0],"translation":[0,-4.5,0]}}}