{"credit":"Made with Blockbench","textures":{"1":"ttp/qualityarmory/animaltextures_1","particle":"ttp/qualityarmory/rgbsheet1"},"elements":[{"from":[1.25,10.25,1.25],"to":[14.75,27.5,14.75],"rotation":{"angle":0,"axis":"y","origin":[8,8.5,8]},"faces":{"north":{"uv":[8,6,14,14],"texture":"#1"},"east":{"uv":[2,6,8,14],"texture":"#1"},"south":{"uv":[2,6,8,14],"texture":"#1"},"west":{"uv":[2,6,8,14],"texture":"#1"},"up":{"uv":[2,6,8,14],"texture":"#1"},"down":{"uv":[2,6,8,14],"texture":"#1"}}},{"from":[7,-3.75,-1.75],"to":[9.5,13.5,0.75],"rotation":{"angle":22.5,"axis":"x","origin":[8,4.875,-1]},"faces":{"north":{"uv":[8,6,8.5,14],"texture":"#1"},"east":{"uv":[8,6,8.5,14],"texture":"#1"},"south":{"uv":[8,6,8.5,14],"texture":"#1"},"west":{"uv":[8,6,8.5,14],"texture":"#1"},"up":{"uv":[8,6,8.5,14],"texture":"#1"},"down":{"uv":[8,6,8.5,14],"texture":"#1"}}},{"from":[1,-3.75,1.25],"to":[3.5,13.5,3.75],"rotation":{"angle":45,"axis":"y","origin":[2,4.875,2]},"faces":{"north":{"uv":[8,6,8.5,14],"texture":"#1"},"east":{"uv":[8,6,8.5,14],"texture":"#1"},"south":{"uv":[8,6,8.5,14],"texture":"#1"},"west":{"uv":[8,6,8.5,14],"texture":"#1"},"up":{"uv":[8,6,8.5,14],"texture":"#1"},"down":{"uv":[8,6,8.5,14],"texture":"#1"}}},{"from":[-2,-3.75,6.5],"to":[0.5,13.5,9],"rotation":{"angle":-22.5,"axis":"z","origin":[-1,4.875,7.25]},"faces":{"north":{"uv":[8,6,8.5,14],"texture":"#1"},"east":{"uv":[8,6,8.5,14],"texture":"#1"},"south":{"uv":[8,6,8.5,14],"texture":"#1"},"west":{"uv":[8,6,8.5,14],"texture":"#1"},"up":{"uv":[8,6,8.5,14],"texture":"#1"},"down":{"uv":[8,6,8.5,14],"texture":"#1"}}},{"from":[12.5,-3.75,1.5],"to":[15,13.5,4],"rotation":{"angle":45,"axis":"y","origin":[13.5,4.875,2.25]},"faces":{"north":{"uv":[8,6,8.5,14],"texture":"#1"},"east":{"uv":[8,6,8.5,14],"texture":"#1"},"south":{"uv":[8,6,8.5,14],"texture":"#1"},"west":{"uv":[8,6,8.5,14],"texture":"#1"},"up":{"uv":[8,6,8.5,14],"texture":"#1"},"down":{"uv":[8,6,8.5,14],"texture":"#1"}}},{"from":[7,-3.75,15.25],"to":[9.5,13.5,17.75],"rotation":{"angle":-22.5,"axis":"x","origin":[8,4.875,16]},"faces":{"north":{"uv":[8,6,8.5,14],"texture":"#1"},"east":{"uv":[8,6,8.5,14],"texture":"#1"},"south":{"uv":[8,6,8.5,14],"texture":"#1"},"west":{"uv":[8,6,8.5,14],"texture":"#1"},"up":{"uv":[8,6,8.5,14],"texture":"#1"},"down":{"uv":[8,6,8.5,14],"texture":"#1"}}},{"from":[1,-3.75,12.25],"to":[3.5,13.5,14.75],"rotation":{"angle":45,"axis":"y","origin":[2,4.875,13]},"faces":{"north":{"uv":[8,6,8.5,14],"texture":"#1"},"east":{"uv":[8,6,8.5,14],"texture":"#1"},"south":{"uv":[8,6,8.5,14],"texture":"#1"},"west":{"uv":[8,6,8.5,14],"texture":"#1"},"up":{"uv":[8,6,8.5,14],"texture":"#1"},"down":{"uv":[8,6,8.5,14],"texture":"#1"}}},{"from":[15,-3.75,6.75],"to":[17.5,13.5,9.25],"rotation":{"angle":22.5,"axis":"z","origin":[16,4.875,7.5]},"faces":{"north":{"uv":[8,6,8.5,14],"texture":"#1"},"east":{"uv":[8,6,8.5,14],"texture":"#1"},"south":{"uv":[8,6,8.5,14],"texture":"#1"},"west":{"uv":[8,6,8.5,14],"texture":"#1"},"up":{"uv":[8,6,8.5,14],"texture":"#1"},"down":{"uv":[8,6,8.5,14],"texture":"#1"}}},{"from":[12,-3.75,12.75],"to":[14.5,13.5,15.25],"rotation":{"angle":45,"axis":"y","origin":[13,4.875,13.5]},"faces":{"north":{"uv":[8,6,8.5,14],"texture":"#1"},"east":{"uv":[8,6,8.5,14],"texture":"#1"},"south":{"uv":[8,6,8.5,14],"texture":"#1"},"west":{"uv":[8,6,8.5,14],"texture":"#1"},"up":{"uv":[8,6,8.5,14],"texture":"#1"},"down":{"uv":[8,6,8.5,14],"texture":"#1"}}}],"display":{"thirdperson_righthand":{"rotation":[0,45,0],"scale":[0.6,0.6,0.6]},"thirdperson_lefthand":{"scale":[0.6,0.6,0.6]},"firstperson_righthand":{"rotation":[0,135,0],"translation":[-0.5,6,1],"scale":[0.6,0.6,0.6]},"firstperson_lefthand":{"scale":[0.6,0.6,0.6]},"gui":{"rotation":[0,146,0],"translation":[0,-1,0],"scale":[0.6,0.6,0.6]}}}