{
    "parent": "item/generated",
    "textures": {
        "layer0": "item/feather"
    },
    "display": {
        "head": {
            "rotation": [
                0,
                0,
                45
            ],
            "translation": [
                -1,
                13,
                7
            ],
            "scale": [
                1,
                1,
                1
            ]
        }
    },
    "overrides": [
        {
            "predicate": {
                "custom_model_data": 1
            },
            "model": "ttp/i/h/controller"
        },
        {
            "predicate": {
                "custom_model_data": 2
            },
            "model": "ttp/i/h/empty"
        },
        {
            "predicate": {
                "custom_model_data": 3
            },
            "model": "ttp/i/h/arrow_left"
        },
        {
            "predicate": {
                "custom_model_data": 4
            },
            "model": "ttp/i/h/arrow_right"
        },
        {
            "predicate": {
                "custom_model_data": 5
            },
            "model": "ttp/i/h/arrow_left_grey"
        },
        {
            "predicate": {
                "custom_model_data": 6
            },
            "model": "ttp/i/h/arrow_right_grey"
        },
        {
            "predicate": {
                "custom_model_data": 7
            },
            "model": "ttp/i/h/exit"
        },
        {
            "predicate": {
                "custom_model_data": 8
            },
            "model": "ttp/i/h/flats"
        },
        {
            "predicate": {
                "custom_model_data": 9
            },
            "model": "ttp/i/h/flatsoff"
        },
        {
            "predicate": {
                "custom_model_data": 10
            },
            "model": "ttp/i/h/fracbuild"
        },
        {
            "predicate": {
                "custom_model_data": 11
            },
            "model": "ttp/i/h/fracbuildoff"
        },
        {
            "predicate": {
                "custom_model_data": 12
            },
            "model": "ttp/i/h/funny"
        },
        {
            "predicate": {
                "custom_model_data": 13
            },
            "model": "ttp/i/h/funnyoff"
        },
        {
            "predicate": {
                "custom_model_data": 14
            },
            "model": "ttp/i/h/gosbuild"
        },
        {
            "predicate": {
                "custom_model_data": 15
            },
            "model": "ttp/i/h/gosbuildoff"
        },
        {
            "predicate": {
                "custom_model_data": 16
            },
            "model": "ttp/i/h/house"
        },
        {
            "predicate": {
                "custom_model_data": 17
            },
            "model": "ttp/i/h/houseoff"
        },
        {
            "predicate": {
                "custom_model_data": 18
            },
            "model": "ttp/i/h/jobs"
        },
        {
            "predicate": {
                "custom_model_data": 19
            },
            "model": "ttp/i/h/jobsoff"
        },
        {
            "predicate": {
                "custom_model_data": 20
            },
            "model": "ttp/i/h/message_icon"
        },
        {
            "predicate": {
                "custom_model_data": 21
            },
            "model": "ttp/i/h/offline"
        },
        {
            "predicate": {
                "custom_model_data": 22
            },
            "model": "ttp/i/h/online"
        },
        {
            "predicate": {
                "custom_model_data": 23
            },
            "model": "ttp/i/h/shops"
        },
        {
            "predicate": {
                "custom_model_data": 24
            },
            "model": "ttp/i/h/shopsoff"
        },
        {
            "predicate": {
                "custom_model_data": 25
            },
            "model": "ttp/i/h/med_default"
        },
        {
            "predicate": {
                "custom_model_data": 26
            },
            "model": "ttp/i/h/med_grey"
        },
        {
            "predicate": {
                "custom_model_data": 27
            },
            "model": "ttp/i/h/med_cold"
        },
        {
            "predicate": {
                "custom_model_data": 28
            },
            "model": "ttp/i/h/med_fracture"
        },
        {
            "predicate": {
                "custom_model_data": 29
            },
            "model": "ttp/i/l/fuel"
        },
        {
            "predicate": {
                "custom_model_data": 30
            },
            "model": "ttp/i/h/trade_yes"
        },
        {
            "predicate": {
                "custom_model_data": 31
            },
            "model": "ttp/i/h/trade_no"
        },
        {
            "predicate": {
                "custom_model_data": 32
            },
            "model": "ttp/i/h/food"
        },
        {
            "predicate": {
                "custom_model_data": 33
            },
            "model": "ttp/i/h/food_inactive"
        },
        {
            "predicate": {
                "custom_model_data": 34
            },
            "model": "ttp/i/h/boost"
        },
        {
            "predicate": {
                "custom_model_data": 35
            },
            "model": "ttp/i/h/canister"
        },
        {
            "predicate": {
                "custom_model_data": 36
            },
            "model": "ttp/i/h/lock_close"
        },
        {
            "predicate": {
                "custom_model_data": 37
            },
            "model": "ttp/i/h/lock_open"
        },
        {
            "predicate": {
                "custom_model_data": 38
            },
            "model": "ttp/i/h/passenger_seat_close"
        },
        {
            "predicate": {
                "custom_model_data": 39
            },
            "model": "ttp/i/h/passenger_seat_open"
        },
        {
            "predicate": {
                "custom_model_data": 40
            },
            "model": "ttp/i/h/speedtrometer"
        },
        {
            "predicate": {
                "custom_model_data": 41
            },
            "model": "ttp/i/h/wheel_close"
        },
        {
            "predicate": {
                "custom_model_data": 42
            },
            "model": "ttp/i/h/wheel_open"
        },
        {
            "predicate": {
                "custom_model_data": 43
            },
            "model": "ttp/i/h/wheel_open_v2"
        },
        {
            "predicate": {
                "custom_model_data": 44
            },
            "model": "ttp/i/h/garage"
        },
        {
            "predicate": {
                "custom_model_data": 45
            },
            "model": "ttp/i/h/improving_the_machine"
        },
        {
            "predicate": {
                "custom_model_data": 46
            },
            "model": "ttp/i/h/passenger_seat"
        },
        {
            "predicate": {
                "custom_model_data": 47
            },
            "model": "ttp/i/h/army"
        },
        {
            "predicate": {
                "custom_model_data": 48
            },
            "model": "ttp/i/h/hospital"
        },
        {
            "predicate": {
                "custom_model_data": 49
            },
            "model": "ttp/i/h/mafia"
        },
        {
            "predicate": {
                "custom_model_data": 50
            },
            "model": "ttp/i/h/meriya"
        },
        {
            "predicate": {
                "custom_model_data": 51
            },
            "model": "ttp/i/h/police"
        },
        {
            "predicate": {
                "custom_model_data": 52
            },
            "model": "ttp/i/h/smi"
        },
        {
            "predicate": {
                "custom_model_data": 10037
            },
            "model": "minecraft:item/feather"
        },
        {
            "predicate": {
                "custom_model_data": 53
            },
            "model": "ttp/i/h/piano"
        }
    ]
}