{
    "parent": "minecraft:item/handheld",
    "textures": {
        "layer0": "minecraft:item/iron_sword"
    },
    "overrides": [
        {
            "predicate": {
                "custom_model_data": 1001
            },
            "model": "ttp/i/g/katanas/item1"
        },
        {
            "predicate": {
                "custom_model_data": 1002
            },
            "model": "ttp/i/g/katanas/item2"
        },
        {
            "predicate": {
                "custom_model_data": 1003
            },
            "model": "ttp/i/g/katanas/item3"
        },
        {
            "predicate": {
                "custom_model_data": 1004
            },
            "model": "ttp/i/g/katanas/item4"
        },
        {
            "predicate": {
                "custom_model_data": 1005
            },
            "model": "ttp/i/g/katanas/item5"
        },
        {
            "predicate": {
                "custom_model_data": 1006
            },
            "model": "ttp/i/g/katanas/item6"
        },
        {
            "predicate": {
                "custom_model_data": 1007
            },
            "model": "ttp/i/g/katanas/item7"
        },
        {
            "predicate": {
                "custom_model_data": 1008
            },
            "model": "ttp/i/g/katanas/item8"
        },
        {
            "predicate": {
                "custom_model_data": 1009
            },
            "model": "ttp/i/g/katanas/item9"
        },
        {
            "predicate": {
                "custom_model_data": 1010
            },
            "model": "ttp/i/g/katanas/item10"
        },
        {
            "predicate": {
                "custom_model_data": 1011
            },
            "model": "ttp/i/g/katanas/item11"
        },
        {
            "predicate": {
                "custom_model_data": 1012
            },
            "model": "ttp/i/g/katanas/item12"
        },
        {
            "predicate": {
                "custom_model_data": 1013
            },
            "model": "ttp/i/g/katanas/item13"
        },
        {
            "predicate": {
                "custom_model_data": 1014
            },
            "model": "ttp/i/g/katanas/item14"
        },
        {
            "predicate": {
                "custom_model_data": 1015
            },
            "model": "ttp/i/g/katanas/item15"
        },
        {
            "predicate": {
                "custom_model_data": 1016
            },
            "model": "ttp/i/g/katanas/item16"
        },
        {
            "predicate": {
                "custom_model_data": 1017
            },
            "model": "ttp/i/g/katanas/item17"
        },
        {
            "predicate": {
                "custom_model_data": 1018
            },
            "model": "ttp/i/g/katanas/item18"
        },
        {
            "predicate": {
                "custom_model_data": 1019
            },
            "model": "ttp/i/g/katanas/item19"
        },
        {
            "predicate": {
                "custom_model_data": 1020
            },
            "model": "ttp/i/g/katanas/item20"
        },
        {
            "predicate": {
                "custom_model_data": 1021
            },
            "model": "ttp/i/g/katanas/item21"
        },
        {
            "predicate": {
                "custom_model_data": 1022
            },
            "model": "ttp/i/g/katanas/item22"
        },
        {
            "predicate": {
                "custom_model_data": 1023
            },
            "model": "ttp/i/g/katanas/item23"
        },
        {
            "predicate": {
                "custom_model_data": 1024
            },
            "model": "ttp/i/g/katanas/item24"
        },
        {
            "predicate": {
                "custom_model_data": 1025
            },
            "model": "ttp/i/g/katanas/item25"
        },
        {
            "predicate": {
                "custom_model_data": 1026
            },
            "model": "ttp/i/g/katanas/item26"
        },
        {
            "predicate": {
                "custom_model_data": 1027
            },
            "model": "ttp/i/g/katanas/item27"
        },
        {
            "predicate": {
                "custom_model_data": 1028
            },
            "model": "ttp/i/g/katanas/item28"
        },
        {
            "predicate": {
                "custom_model_data": 1029
            },
            "model": "ttp/i/g/katanas/item29"
        },
        {
            "predicate": {
                "custom_model_data": 1030
            },
            "model": "ttp/i/g/katanas/item30"
        },
        {
            "predicate": {
                "custom_model_data": 1031
            },
            "model": "ttp/i/g/katanas/item31"
        },
        {
            "predicate": {
                "custom_model_data": 1032
            },
            "model": "ttp/i/g/katanas/item32"
        },
        {
            "predicate": {
                "custom_model_data": 1033
            },
            "model": "ttp/i/g/katanas/item33"
        },
        {
            "predicate": {
                "custom_model_data": 1034
            },
            "model": "ttp/i/g/katanas/item34"
        },
        {
            "predicate": {
                "custom_model_data": 1035
            },
            "model": "ttp/i/g/katanas/item35"
        },
        {
            "predicate": {
                "custom_model_data": 1036
            },
            "model": "ttp/i/g/katanas/item36"
        },
        {
            "predicate": {
                "custom_model_data": 1037
            },
            "model": "ttp/i/g/katanas/item37"
        },
        {
            "predicate": {
                "custom_model_data": 1038
            },
            "model": "ttp/i/c/hent/dildosword"
        },
        {
            "predicate": {
                "custom_model_data": 1039
            },
            "model": "ttp/i/c/hent/dildoadmin"
        }
    ]
}