{
    "parent": "item/generated",
    "textures": {
        "layer0": "item/paper"
    },
    "overrides": [
        {
            "predicate": {
                "custom_model_data": 10158
            },
            "model": "ttp/i/m/black_shop_cover"
        },
        {
            "predicate": {
                "custom_model_data": 10159
            },
            "model": "ttp/i/m/blue_shop_cover"
        },
        {
            "predicate": {
                "custom_model_data": 10160
            },
            "model": "ttp/i/m/brown_shop_cover"
        },
        {
            "predicate": {
                "custom_model_data": 10161
            },
            "model": "ttp/i/m/cyan_shop_cover"
        },
        {
            "predicate": {
                "custom_model_data": 10162
            },
            "model": "ttp/i/m/gray_shop_cover"
        },
        {
            "predicate": {
                "custom_model_data": 10163
            },
            "model": "ttp/i/m/green_shop_cover"
        },
        {
            "predicate": {
                "custom_model_data": 10164
            },
            "model": "ttp/i/m/light_blue_shop_cover"
        },
        {
            "predicate": {
                "custom_model_data": 10165
            },
            "model": "ttp/i/m/light_gray_shop_cover"
        },
        {
            "predicate": {
                "custom_model_data": 10166
            },
            "model": "ttp/i/m/lime_shop_cover"
        },
        {
            "predicate": {
                "custom_model_data": 10167
            },
            "model": "ttp/i/m/magenta_shop_cover"
        },
        {
            "predicate": {
                "custom_model_data": 10168
            },
            "model": "ttp/i/m/orange_shop_cover"
        },
        {
            "predicate": {
                "custom_model_data": 10169
            },
            "model": "ttp/i/m/pink_shop_cover"
        },
        {
            "predicate": {
                "custom_model_data": 10170
            },
            "model": "ttp/i/m/purple_shop_cover"
        },
        {
            "predicate": {
                "custom_model_data": 10171
            },
            "model": "ttp/i/m/red_shop_cover"
        },
        {
            "predicate": {
                "custom_model_data": 10172
            },
            "model": "ttp/i/m/white_shop_cover"
        },
        {
            "predicate": {
                "custom_model_data": 10173
            },
            "model": "ttp/i/m/yellow_shop_cover"
        },
        {
            "predicate": {
                "custom_model_data": 10174
            },
            "model": "ttp/i/m/storage_box"
        },
        {
            "predicate": {
                "custom_model_data": 10175
            },
            "model": "ttp/i/m/storage_box_mini"
        },
        {
            "predicate": {
                "custom_model_data": 10176
            },
            "model": "ttp/i/m/sellbox/apple_sellbox"
        },
        {
            "predicate": {
                "custom_model_data": 10177
            },
            "model": "ttp/i/m/sellbox/beetroot_sellbox"
        },
        {
            "predicate": {
                "custom_model_data": 10178
            },
            "model": "ttp/i/m/sellbox/carrot_sellbox"
        },
        {
            "predicate": {
                "custom_model_data": 10179
            },
            "model": "ttp/i/m/sellbox/copper_sellbox"
        },
        {
            "predicate": {
                "custom_model_data": 10180
            },
            "model": "ttp/i/m/sellbox/fish_sellbox"
        },
        {
            "predicate": {
                "custom_model_data": 10181
            },
            "model": "ttp/i/m/sellbox/gapple_sellbox"
        },
        {
            "predicate": {
                "custom_model_data": 10182
            },
            "model": "ttp/i/m/sellbox/glowberry_sellbox"
        },
        {
            "predicate": {
                "custom_model_data": 10183
            },
            "model": "ttp/i/m/sellbox/melon_sellbox"
        },
        {
            "predicate": {
                "custom_model_data": 10184
            },
            "model": "ttp/i/m/sellbox/minerals_sellbox"
        },
        {
            "predicate": {
                "custom_model_data": 10185
            },
            "model": "ttp/i/m/sellbox/potato_sellbox"
        },
        {
            "predicate": {
                "custom_model_data": 10186
            },
            "model": "ttp/i/m/sellbox/sugar_cane_sellbox"
        },
        {
            "predicate": {
                "custom_model_data": 10187
            },
            "model": "ttp/i/m/sellbox/sweet_berries_sellbox"
        },
        {
            "predicate": {
                "custom_model_data": 10188
            },
            "model": "ttp/i/m/sellbox/terracotta_sellbox"
        },
        {
            "predicate": {
                "custom_model_data": 10189
            },
            "model": "ttp/i/m/sellbox/wood_sellbox"
        },
        {
            "predicate": {
                "custom_model_data": 10190
            },
            "model": "ttp/i/m/sellbox/wool_sellbox"
        },
        {
            "predicate": {
                "custom_model_data": 10191
            },
            "model": "ttp/i/m/sellbox/sword_sellbox"
        },
        {
            "predicate": {
                "custom_model_data": 10192
            },
            "model": "ttp/i/m/sellbox/tools_sellbox"
        },
        {
            "predicate": {
                "custom_model_data": 10193
            },
            "model": "ttp/i/m/sellbox/books_sellbox"
        },
        {
            "predicate": {
                "custom_model_data": 10194
            },
            "model": "ttp/i/m/cash/cash_register_black"
        },
        {
            "predicate": {
                "custom_model_data": 10195
            },
            "model": "ttp/i/m/cash/cash_register_blue"
        },
        {
            "predicate": {
                "custom_model_data": 10196
            },
            "model": "ttp/i/m/cash/cash_register_brown"
        },
        {
            "predicate": {
                "custom_model_data": 10197
            },
            "model": "ttp/i/m/cash/cash_register_cyan"
        },
        {
            "predicate": {
                "custom_model_data": 10198
            },
            "model": "ttp/i/m/cash/cash_register_green"
        },
        {
            "predicate": {
                "custom_model_data": 10199
            },
            "model": "ttp/i/m/cash/cash_register_orange"
        },
        {
            "predicate": {
                "custom_model_data": 10200
            },
            "model": "ttp/i/m/cash/cash_register_pink"
        },
        {
            "predicate": {
                "custom_model_data": 10201
            },
            "model": "ttp/i/m/cash/cash_register_red"
        },
        {
            "predicate": {
                "custom_model_data": 10202
            },
            "model": "ttp/i/m/cash/cash_register_yellow"
        },
        {
            "predicate": {
                "custom_model_data": 10203
            },
            "model": "ttp/i/c/e/banc_acacia_gauche"
        },
        {
            "predicate": {
                "custom_model_data": 10204
            },
            "model": "ttp/i/c/e/banc_acacia_droit"
        },
        {
            "predicate": {
                "custom_model_data": 10205
            },
            "model": "ttp/i/c/e/banc_birch_gauche"
        },
        {
            "predicate": {
                "custom_model_data": 10206
            },
            "model": "ttp/i/c/e/banc_birch_droit"
        },
        {
            "predicate": {
                "custom_model_data": 10207
            },
            "model": "ttp/i/c/e/banc_crimson_gauche"
        },
        {
            "predicate": {
                "custom_model_data": 10208
            },
            "model": "ttp/i/c/e/banc_crimson_droit"
        },
        {
            "predicate": {
                "custom_model_data": 10209
            },
            "model": "ttp/i/c/e/banc_darkoak_gauche"
        },
        {
            "predicate": {
                "custom_model_data": 10210
            },
            "model": "ttp/i/c/e/banc_darkoak_droit"
        },
        {
            "predicate": {
                "custom_model_data": 10211
            },
            "model": "ttp/i/c/e/banc_jungle_gauche"
        },
        {
            "predicate": {
                "custom_model_data": 10212
            },
            "model": "ttp/i/c/e/banc_jungle_droit"
        },
        {
            "predicate": {
                "custom_model_data": 10213
            },
            "model": "ttp/i/c/e/banc_oak_gauche"
        },
        {
            "predicate": {
                "custom_model_data": 10214
            },
            "model": "ttp/i/c/e/banc_oak_droit"
        },
        {
            "predicate": {
                "custom_model_data": 10215
            },
            "model": "ttp/i/c/e/banc_spruce_gauche"
        },
        {
            "predicate": {
                "custom_model_data": 10216
            },
            "model": "ttp/i/c/e/banc_spruce_droit"
        },
        {
            "predicate": {
                "custom_model_data": 10217
            },
            "model": "ttp/i/c/e/banc_warped_gauche"
        },
        {
            "predicate": {
                "custom_model_data": 10218
            },
            "model": "ttp/i/c/e/banc_warped_droit"
        },
        {
            "predicate": {
                "custom_model_data": 10219
            },
            "model": "ttp/i/c/d/dreapleafplante"
        },
        {
            "predicate": {
                "custom_model_data": 10220
            },
            "model": "ttp/i/c/d/dreapleafplante_darkoak"
        },
        {
            "predicate": {
                "custom_model_data": 10221
            },
            "model": "ttp/i/c/d/dreapleafplante_birch"
        },
        {
            "predicate": {
                "custom_model_data": 10222
            },
            "model": "ttp/i/c/d/dreapleafplante_crimson"
        },
        {
            "predicate": {
                "custom_model_data": 10223
            },
            "model": "ttp/i/c/d/dreapleafplante_spurce"
        },
        {
            "predicate": {
                "custom_model_data": 10224
            },
            "model": "ttp/i/c/d/dreapleafplante_warped"
        },
        {
            "predicate": {
                "custom_model_data": 10225
            },
            "model": "ttp/i/c/d/dreapleafplante_cobble"
        },
        {
            "predicate": {
                "custom_model_data": 10226
            },
            "model": "ttp/i/c/d/dreapleafplante_jungle"
        },
        {
            "predicate": {
                "custom_model_data": 10227
            },
            "model": "ttp/i/c/d/dreapleafplante_brick"
        },
        {
            "predicate": {
                "custom_model_data": 10228
            },
            "model": "ttp/i/c/d/bamboo_oak"
        },
        {
            "predicate": {
                "custom_model_data": 10229
            },
            "model": "ttp/i/c/d/bamboo_dark_oak"
        },
        {
            "predicate": {
                "custom_model_data": 10230
            },
            "model": "ttp/i/c/d/bamboo_birch"
        },
        {
            "predicate": {
                "custom_model_data": 10231
            },
            "model": "ttp/i/c/d/bamboo_brick"
        },
        {
            "predicate": {
                "custom_model_data": 10232
            },
            "model": "ttp/i/c/d/bamboo_cobble"
        },
        {
            "predicate": {
                "custom_model_data": 10233
            },
            "model": "ttp/i/c/d/plantesuspendu"
        },
        {
            "predicate": {
                "custom_model_data": 10234
            },
            "model": "ttp/i/c/d/plantesuspendu_birch"
        },
        {
            "predicate": {
                "custom_model_data": 10235
            },
            "model": "ttp/i/c/d/plantesuspendu_darkoak"
        },
        {
            "predicate": {
                "custom_model_data": 10236
            },
            "model": "ttp/i/c/d/plantesuspendu_crimson"
        },
        {
            "predicate": {
                "custom_model_data": 10237
            },
            "model": "ttp/i/c/d/plantesuspendu_jungle"
        },
        {
            "predicate": {
                "custom_model_data": 10238
            },
            "model": "ttp/i/c/d/plantesuspendu_spruce"
        },
        {
            "predicate": {
                "custom_model_data": 10239
            },
            "model": "ttp/i/c/d/plantesuspendu_warped"
        },
        {
            "predicate": {
                "custom_model_data": 10240
            },
            "model": "ttp/i/c/d/plantesuspendu_acacia"
        },
        {
            "predicate": {
                "custom_model_data": 10241
            },
            "model": "ttp/i/c/d/rosier_oak"
        },
        {
            "predicate": {
                "custom_model_data": 10242
            },
            "model": "ttp/i/c/d/rosier_dark_oak"
        },
        {
            "predicate": {
                "custom_model_data": 10243
            },
            "model": "ttp/i/c/d/rosier_spruce"
        },
        {
            "predicate": {
                "custom_model_data": 10244
            },
            "model": "ttp/i/c/d/rosier_birch"
        },
        {
            "predicate": {
                "custom_model_data": 10245
            },
            "model": "ttp/i/c/d/lilas_birch"
        },
        {
            "predicate": {
                "custom_model_data": 10246
            },
            "model": "ttp/i/c/d/lilas_spruce"
        },
        {
            "predicate": {
                "custom_model_data": 10247
            },
            "model": "ttp/i/c/d/lilas_oak"
        },
        {
            "predicate": {
                "custom_model_data": 10248
            },
            "model": "ttp/i/c/d/lilas_dark_oak"
        },
        {
            "predicate": {
                "custom_model_data": 10249
            },
            "model": "ttp/i/c/d/peony_birch"
        },
        {
            "predicate": {
                "custom_model_data": 10250
            },
            "model": "ttp/i/c/d/peony_spruce"
        },
        {
            "predicate": {
                "custom_model_data": 10251
            },
            "model": "ttp/i/c/d/peony_oak"
        },
        {
            "predicate": {
                "custom_model_data": 10252
            },
            "model": "ttp/i/c/d/peony_dark_oak"
        },
        {
            "predicate": {
                "custom_model_data": 10253
            },
            "model": "ttp/i/c/d/peony_big_barrel"
        },
        {
            "predicate": {
                "custom_model_data": 10254
            },
            "model": "ttp/i/c/d/peony_big_brick"
        },
        {
            "predicate": {
                "custom_model_data": 10255
            },
            "model": "ttp/i/c/d/peony_big_cobble"
        },
        {
            "predicate": {
                "custom_model_data": 10256
            },
            "model": "ttp/i/c/d/rose_big_barrel"
        },
        {
            "predicate": {
                "custom_model_data": 10257
            },
            "model": "ttp/i/c/d/rose_big_brick"
        },
        {
            "predicate": {
                "custom_model_data": 10258
            },
            "model": "ttp/i/c/d/rose_big_cobble"
        },
        {
            "predicate": {
                "custom_model_data": 10259
            },
            "model": "ttp/i/c/d/lilac_big_barrel"
        },
        {
            "predicate": {
                "custom_model_data": 10260
            },
            "model": "ttp/i/c/d/lilac_big_brick"
        },
        {
            "predicate": {
                "custom_model_data": 10261
            },
            "model": "ttp/i/c/d/lilac_big_cobble"
        },
        {
            "predicate": {
                "custom_model_data": 10262
            },
            "model": "ttp/i/c/d/windowpotside_acacia_pink"
        },
        {
            "predicate": {
                "custom_model_data": 10263
            },
            "model": "ttp/i/c/d/windowpotside_barrel_pink"
        },
        {
            "predicate": {
                "custom_model_data": 10264
            },
            "model": "ttp/i/c/d/windowpotside_birch_pink"
        },
        {
            "predicate": {
                "custom_model_data": 10265
            },
            "model": "ttp/i/c/d/windowpotside_brick_pink"
        },
        {
            "predicate": {
                "custom_model_data": 10266
            },
            "model": "ttp/i/c/d/windowpotside_cobble_pink"
        },
        {
            "predicate": {
                "custom_model_data": 10267
            },
            "model": "ttp/i/c/d/windowpotside_crimson_pink"
        },
        {
            "predicate": {
                "custom_model_data": 10268
            },
            "model": "ttp/i/c/d/windowpotside_darkoak_pink"
        },
        {
            "predicate": {
                "custom_model_data": 10269
            },
            "model": "ttp/i/c/d/windowpotside_jungle_pink"
        },
        {
            "predicate": {
                "custom_model_data": 10270
            },
            "model": "ttp/i/c/d/windowpotside_oak_pink"
        },
        {
            "predicate": {
                "custom_model_data": 10271
            },
            "model": "ttp/i/c/d/windowpotside_spruce_pink"
        },
        {
            "predicate": {
                "custom_model_data": 10272
            },
            "model": "ttp/i/c/d/windowpotside_warped_pink"
        },
        {
            "predicate": {
                "custom_model_data": 10310
            },
            "model": "ttp/i/f/k/a/sink_acacia"
        },
        {
            "predicate": {
                "custom_model_data": 10311
            },
            "model": "ttp/i/f/k/a/sink_birch"
        },
        {
            "predicate": {
                "custom_model_data": 10312
            },
            "model": "ttp/i/f/k/a/sink_crimson"
        },
        {
            "predicate": {
                "custom_model_data": 10313
            },
            "model": "ttp/i/f/k/a/sink_crimsoner"
        },
        {
            "predicate": {
                "custom_model_data": 10314
            },
            "model": "ttp/i/f/k/a/sink_dark_oak"
        },
        {
            "predicate": {
                "custom_model_data": 10315
            },
            "model": "ttp/i/f/k/a/sink_jungle"
        },
        {
            "predicate": {
                "custom_model_data": 10316
            },
            "model": "ttp/i/f/k/a/sink_oak"
        },
        {
            "predicate": {
                "custom_model_data": 10317
            },
            "model": "ttp/i/f/k/a/sink_spruce"
        },
        {
            "predicate": {
                "custom_model_data": 10318
            },
            "model": "ttp/i/f/k/a/sink_warped"
        },
        {
            "predicate": {
                "custom_model_data": 10319
            },
            "model": "ttp/i/f/k/a/sink_diamond"
        },
        {
            "predicate": {
                "custom_model_data": 10320
            },
            "model": "ttp/i/f/k/a/sink_gold"
        },
        {
            "predicate": {
                "custom_model_data": 10321
            },
            "model": "ttp/i/f/h/standing_mirror_acacia"
        },
        {
            "predicate": {
                "custom_model_data": 10322
            },
            "model": "ttp/i/f/h/standing_mirror_birch"
        },
        {
            "predicate": {
                "custom_model_data": 10323
            },
            "model": "ttp/i/f/h/standing_mirror_crimson"
        },
        {
            "predicate": {
                "custom_model_data": 10324
            },
            "model": "ttp/i/f/h/standing_mirror_crimsoner"
        },
        {
            "predicate": {
                "custom_model_data": 10325
            },
            "model": "ttp/i/f/h/standing_mirror_dark_oak"
        },
        {
            "predicate": {
                "custom_model_data": 10326
            },
            "model": "ttp/i/f/h/standing_mirror_jungle"
        },
        {
            "predicate": {
                "custom_model_data": 10327
            },
            "model": "ttp/i/f/h/standing_mirror_oak"
        },
        {
            "predicate": {
                "custom_model_data": 10328
            },
            "model": "ttp/i/f/h/standing_mirror_spruce"
        },
        {
            "predicate": {
                "custom_model_data": 10329
            },
            "model": "ttp/i/f/h/standing_mirror_warped"
        },
        {
            "predicate": {
                "custom_model_data": 10330
            },
            "model": "ttp/i/f/d/laptops/laptop_black"
        },
        {
            "predicate": {
                "custom_model_data": 10331
            },
            "model": "ttp/i/f/d/laptops/laptop_blue"
        },
        {
            "predicate": {
                "custom_model_data": 10332
            },
            "model": "ttp/i/f/d/laptops/laptop_brown"
        },
        {
            "predicate": {
                "custom_model_data": 10333
            },
            "model": "ttp/i/f/d/laptops/laptop_cyan"
        },
        {
            "predicate": {
                "custom_model_data": 10334
            },
            "model": "ttp/i/f/d/laptops/laptop_gray"
        },
        {
            "predicate": {
                "custom_model_data": 10335
            },
            "model": "ttp/i/f/d/laptops/laptop_green"
        },
        {
            "predicate": {
                "custom_model_data": 10336
            },
            "model": "ttp/i/f/d/laptops/laptop_lblue"
        },
        {
            "predicate": {
                "custom_model_data": 10337
            },
            "model": "ttp/i/f/d/laptops/laptop_lgray"
        },
        {
            "predicate": {
                "custom_model_data": 10338
            },
            "model": "ttp/i/f/d/laptops/laptop_lime"
        },
        {
            "predicate": {
                "custom_model_data": 10339
            },
            "model": "ttp/i/f/d/laptops/laptop_magenta"
        },
        {
            "predicate": {
                "custom_model_data": 10340
            },
            "model": "ttp/i/f/d/laptops/laptop_orange"
        },
        {
            "predicate": {
                "custom_model_data": 10341
            },
            "model": "ttp/i/f/d/laptops/laptop_pink"
        },
        {
            "predicate": {
                "custom_model_data": 10342
            },
            "model": "ttp/i/f/d/laptops/laptop_red"
        },
        {
            "predicate": {
                "custom_model_data": 10343
            },
            "model": "ttp/i/f/d/laptops/laptop_white"
        },
        {
            "predicate": {
                "custom_model_data": 10344
            },
            "model": "ttp/i/f/d/laptops/laptop_yellow"
        },
        {
            "predicate": {
                "custom_model_data": 10345
            },
            "model": "ttp/i/f/e/desk_acacia"
        },
        {
            "predicate": {
                "custom_model_data": 10346
            },
            "model": "ttp/i/f/e/desk_birch"
        },
        {
            "predicate": {
                "custom_model_data": 10347
            },
            "model": "ttp/i/f/e/desk_crimson"
        },
        {
            "predicate": {
                "custom_model_data": 10348
            },
            "model": "ttp/i/f/e/desk_crimsoner"
        },
        {
            "predicate": {
                "custom_model_data": 10349
            },
            "model": "ttp/i/f/e/desk_dark_oak"
        },
        {
            "predicate": {
                "custom_model_data": 10350
            },
            "model": "ttp/i/f/e/desk_jungle"
        },
        {
            "predicate": {
                "custom_model_data": 10351
            },
            "model": "ttp/i/f/e/desk_oak"
        },
        {
            "predicate": {
                "custom_model_data": 10352
            },
            "model": "ttp/i/f/e/desk_spruce"
        },
        {
            "predicate": {
                "custom_model_data": 10353
            },
            "model": "ttp/i/f/e/desk_warped"
        },
        {
            "predicate": {
                "custom_model_data": 10354
            },
            "model": "ttp/i/f/d/desktops/computer_black"
        },
        {
            "predicate": {
                "custom_model_data": 10355
            },
            "model": "ttp/i/f/d/desktops/computer_blue"
        },
        {
            "predicate": {
                "custom_model_data": 10356
            },
            "model": "ttp/i/f/d/desktops/computer_brown"
        },
        {
            "predicate": {
                "custom_model_data": 10357
            },
            "model": "ttp/i/f/d/desktops/computer_cyan"
        },
        {
            "predicate": {
                "custom_model_data": 10358
            },
            "model": "ttp/i/f/d/desktops/computer_gray"
        },
        {
            "predicate": {
                "custom_model_data": 10359
            },
            "model": "ttp/i/f/d/desktops/computer_green"
        },
        {
            "predicate": {
                "custom_model_data": 10360
            },
            "model": "ttp/i/f/d/desktops/computer_lblue"
        },
        {
            "predicate": {
                "custom_model_data": 10361
            },
            "model": "ttp/i/f/d/desktops/computer_lgray"
        },
        {
            "predicate": {
                "custom_model_data": 10362
            },
            "model": "ttp/i/f/d/desktops/computer_lime"
        },
        {
            "predicate": {
                "custom_model_data": 10363
            },
            "model": "ttp/i/f/d/desktops/computer_magenta"
        },
        {
            "predicate": {
                "custom_model_data": 10364
            },
            "model": "ttp/i/f/d/desktops/computer_orange"
        },
        {
            "predicate": {
                "custom_model_data": 10365
            },
            "model": "ttp/i/f/d/desktops/computer_pink"
        },
        {
            "predicate": {
                "custom_model_data": 10366
            },
            "model": "ttp/i/f/k/b/toilet_acacia"
        },
        {
            "predicate": {
                "custom_model_data": 10367
            },
            "model": "ttp/i/f/k/b/toilet_birch"
        },
        {
            "predicate": {
                "custom_model_data": 10368
            },
            "model": "ttp/i/f/k/b/toilet_crimson"
        },
        {
            "predicate": {
                "custom_model_data": 10369
            },
            "model": "ttp/i/f/k/b/toilet_crimsoner"
        },
        {
            "predicate": {
                "custom_model_data": 10370
            },
            "model": "ttp/i/f/k/b/toilet_dark_oak"
        },
        {
            "predicate": {
                "custom_model_data": 10371
            },
            "model": "ttp/i/f/k/b/toilet_jungle"
        },
        {
            "predicate": {
                "custom_model_data": 10372
            },
            "model": "ttp/i/f/k/b/toilet_oak"
        },
        {
            "predicate": {
                "custom_model_data": 10373
            },
            "model": "ttp/i/f/k/b/toilet_spruce"
        },
        {
            "predicate": {
                "custom_model_data": 10374
            },
            "model": "ttp/i/f/k/b/toilet_warped"
        },
        {
            "predicate": {
                "custom_model_data": 10375
            },
            "model": "ttp/i/f/k/b/toilet_diamond"
        },
        {
            "predicate": {
                "custom_model_data": 10376
            },
            "model": "ttp/i/f/k/b/toilet_gold"
        },
        {
            "predicate": {
                "custom_model_data": 10377
            },
            "model": "ttp/i/f/f/standing/standing_lamp_black"
        },
        {
            "predicate": {
                "custom_model_data": 10378
            },
            "model": "ttp/i/f/f/standing/standing_lamp_blue"
        },
        {
            "predicate": {
                "custom_model_data": 10379
            },
            "model": "ttp/i/f/f/standing/standing_lamp_green"
        },
        {
            "predicate": {
                "custom_model_data": 10380
            },
            "model": "ttp/i/f/f/standing/standing_lamp_orange"
        },
        {
            "predicate": {
                "custom_model_data": 10381
            },
            "model": "ttp/i/f/f/standing/standing_lamp_pink"
        },
        {
            "predicate": {
                "custom_model_data": 10382
            },
            "model": "ttp/i/f/f/standing/standing_lamp_purple"
        },
        {
            "predicate": {
                "custom_model_data": 10383
            },
            "model": "ttp/i/f/f/standing/standing_lamp_red"
        },
        {
            "predicate": {
                "custom_model_data": 10384
            },
            "model": "ttp/i/f/f/standing/standing_lamp_white"
        },
        {
            "predicate": {
                "custom_model_data": 10385
            },
            "model": "ttp/i/f/f/standing/standing_lamp_yellow"
        },
        {
            "predicate": {
                "custom_model_data": 10396
            },
            "model": "ttp/i/f/g/dresser_acacia"
        },
        {
            "predicate": {
                "custom_model_data": 10397
            },
            "model": "ttp/i/f/g/dresser_birch"
        },
        {
            "predicate": {
                "custom_model_data": 10398
            },
            "model": "ttp/i/f/g/dresser_crimson"
        },
        {
            "predicate": {
                "custom_model_data": 10399
            },
            "model": "ttp/i/f/g/dresser_crimsoner"
        },
        {
            "predicate": {
                "custom_model_data": 10400
            },
            "model": "ttp/i/f/g/dresser_dark_oak"
        },
        {
            "predicate": {
                "custom_model_data": 10401
            },
            "model": "ttp/i/f/g/dresser_jungle"
        },
        {
            "predicate": {
                "custom_model_data": 10402
            },
            "model": "ttp/i/f/g/dresser_oak"
        },
        {
            "predicate": {
                "custom_model_data": 10403
            },
            "model": "ttp/i/f/g/dresser_spruce"
        },
        {
            "predicate": {
                "custom_model_data": 10404
            },
            "model": "ttp/i/f/g/dresser_warped"
        },
        {
            "predicate": {
                "custom_model_data": 10405
            },
            "model": "ttp/i/f/d/monitors/monitor_black"
        },
        {
            "predicate": {
                "custom_model_data": 10406
            },
            "model": "ttp/i/f/d/monitors/monitor_white"
        },
        {
            "predicate": {
                "custom_model_data": 10407
            },
            "model": "ttp/i/f/i/nightstand_acacia"
        },
        {
            "predicate": {
                "custom_model_data": 10408
            },
            "model": "ttp/i/f/i/nightstand_birch"
        },
        {
            "predicate": {
                "custom_model_data": 10409
            },
            "model": "ttp/i/f/i/nightstand_crimson"
        },
        {
            "predicate": {
                "custom_model_data": 10410
            },
            "model": "ttp/i/f/i/nightstand_crimsoner"
        },
        {
            "predicate": {
                "custom_model_data": 10411
            },
            "model": "ttp/i/f/i/nightstand_dark_oak"
        },
        {
            "predicate": {
                "custom_model_data": 10412
            },
            "model": "ttp/i/f/i/nightstand_jungle"
        },
        {
            "predicate": {
                "custom_model_data": 10413
            },
            "model": "ttp/i/f/i/nightstand_oak"
        },
        {
            "predicate": {
                "custom_model_data": 10414
            },
            "model": "ttp/i/f/i/nightstand_spruce"
        },
        {
            "predicate": {
                "custom_model_data": 10415
            },
            "model": "ttp/i/f/i/nightstand_warped"
        },
        {
            "predicate": {
                "custom_model_data": 10416
            },
            "model": "ttp/i/f/f/paper/paper_lantern_blue"
        },
        {
            "predicate": {
                "custom_model_data": 10417
            },
            "model": "ttp/i/f/f/paper/paper_lantern_green"
        },
        {
            "predicate": {
                "custom_model_data": 10418
            },
            "model": "ttp/i/f/f/paper/paper_lantern_orange"
        },
        {
            "predicate": {
                "custom_model_data": 10419
            },
            "model": "ttp/i/f/f/paper/paper_lantern_pink"
        },
        {
            "predicate": {
                "custom_model_data": 10420
            },
            "model": "ttp/i/f/f/paper/paper_lantern_purple"
        },
        {
            "predicate": {
                "custom_model_data": 10421
            },
            "model": "ttp/i/f/f/paper/paper_lantern_red"
        },
        {
            "predicate": {
                "custom_model_data": 10422
            },
            "model": "ttp/i/f/f/paper/paper_lantern_white"
        },
        {
            "predicate": {
                "custom_model_data": 10423
            },
            "model": "ttp/i/f/f/paper/paper_lantern_yellow"
        },
        {
            "predicate": {
                "custom_model_data": 10424
            },
            "model": "ttp/i/f/f/table/table_lamp_black"
        },
        {
            "predicate": {
                "custom_model_data": 10425
            },
            "model": "ttp/i/f/f/table/table_lamp_blue"
        },
        {
            "predicate": {
                "custom_model_data": 10426
            },
            "model": "ttp/i/f/f/table/table_lamp_green"
        },
        {
            "predicate": {
                "custom_model_data": 10427
            },
            "model": "ttp/i/f/f/table/table_lamp_orange"
        },
        {
            "predicate": {
                "custom_model_data": 10428
            },
            "model": "ttp/i/f/f/table/table_lamp_pink"
        },
        {
            "predicate": {
                "custom_model_data": 10429
            },
            "model": "ttp/i/f/f/table/table_lamp_purple"
        },
        {
            "predicate": {
                "custom_model_data": 10430
            },
            "model": "ttp/i/f/f/table/table_lamp_red"
        },
        {
            "predicate": {
                "custom_model_data": 10431
            },
            "model": "ttp/i/f/f/table/table_lamp_white"
        },
        {
            "predicate": {
                "custom_model_data": 10432
            },
            "model": "ttp/i/f/f/table/table_lamp_yellow"
        },
        {
            "predicate": {
                "custom_model_data": 10434
            },
            "model": "ttp/i/f/l/red_wooden_sofa_left"
        },
        {
            "predicate": {
                "custom_model_data": 10435
            },
            "model": "ttp/i/f/l/red_wooden_sofa_middle"
        },
        {
            "predicate": {
                "custom_model_data": 10436
            },
            "model": "ttp/i/f/l/red_wooden_sofa_right"
        },
        {
            "predicate": {
                "custom_model_data": 10437
            },
            "model": "ttp/i/f/l/red_wooden_sofa_corner"
        },
        {
            "predicate": {
                "custom_model_data": 10438
            },
            "model": "ttp/i/f/l/red_wooden_sofa_single"
        },
        {
            "predicate": {
                "custom_model_data": 10439
            },
            "model": "ttp/i/f/l/red_wooden_lowtable"
        },
        {
            "predicate": {
                "custom_model_data": 10440
            },
            "model": "ttp/i/f/l/red_wooden_buffettable"
        },
        {
            "predicate": {
                "custom_model_data": 10441
            },
            "model": "ttp/i/f/l/red_bedside_table"
        },
        {
            "predicate": {
                "custom_model_data": 10442
            },
            "model": "ttp/i/f/l/red_oakpaint"
        },
        {
            "predicate": {
                "custom_model_data": 10443
            },
            "model": "ttp/i/f/l/red_wooden_chair"
        },
        {
            "predicate": {
                "custom_model_data": 10444
            },
            "model": "ttp/i/f/l/red_wooden_diningtable"
        },
        {
            "predicate": {
                "custom_model_data": 10445
            },
            "model": "ttp/i/f/l/red_storage_furniture"
        },
        {
            "predicate": {
                "custom_model_data": 10446
            },
            "model": "ttp/i/f/c/white_wooden_sofa_left"
        },
        {
            "predicate": {
                "custom_model_data": 10447
            },
            "model": "ttp/i/f/c/white_wooden_sofa_middle"
        },
        {
            "predicate": {
                "custom_model_data": 10448
            },
            "model": "ttp/i/f/c/white_wooden_sofa_right"
        },
        {
            "predicate": {
                "custom_model_data": 10449
            },
            "model": "ttp/i/f/c/white_wooden_sofa_corner"
        },
        {
            "predicate": {
                "custom_model_data": 10450
            },
            "model": "ttp/i/f/c/white_wooden_sofa_single"
        },
        {
            "predicate": {
                "custom_model_data": 10451
            },
            "model": "ttp/i/f/c/white_wooden_lowtable"
        },
        {
            "predicate": {
                "custom_model_data": 10452
            },
            "model": "ttp/i/f/c/white_wooden_buffettable"
        },
        {
            "predicate": {
                "custom_model_data": 10453
            },
            "model": "ttp/i/f/c/white_bedside_table"
        },
        {
            "predicate": {
                "custom_model_data": 10454
            },
            "model": "ttp/i/f/c/white_sprucepaint"
        },
        {
            "predicate": {
                "custom_model_data": 10455
            },
            "model": "ttp/i/f/c/white_wooden_chair"
        },
        {
            "predicate": {
                "custom_model_data": 10456
            },
            "model": "ttp/i/f/c/white_wooden_diningtable"
        },
        {
            "predicate": {
                "custom_model_data": 10457
            },
            "model": "ttp/i/f/c/white_storage_furniture"
        },
        {
            "predicate": {
                "custom_model_data": 10458
            },
            "model": "ttp/i/f/n/cyan_wooden_sofa_left"
        },
        {
            "predicate": {
                "custom_model_data": 10459
            },
            "model": "ttp/i/f/n/cyan_wooden_sofa_middle"
        },
        {
            "predicate": {
                "custom_model_data": 10460
            },
            "model": "ttp/i/f/n/cyan_wooden_sofa_right"
        },
        {
            "predicate": {
                "custom_model_data": 10461
            },
            "model": "ttp/i/f/n/cyan_wooden_sofa_corner"
        },
        {
            "predicate": {
                "custom_model_data": 10462
            },
            "model": "ttp/i/f/n/cyan_wooden_sofa_single"
        },
        {
            "predicate": {
                "custom_model_data": 10463
            },
            "model": "ttp/i/f/n/cyan_lowtable"
        },
        {
            "predicate": {
                "custom_model_data": 10464
            },
            "model": "ttp/i/f/n/cyan_buffet_table"
        },
        {
            "predicate": {
                "custom_model_data": 10465
            },
            "model": "ttp/i/f/n/cyan_bedside_table"
        },
        {
            "predicate": {
                "custom_model_data": 10466
            },
            "model": "ttp/i/f/n/cyan_summerpaint"
        },
        {
            "predicate": {
                "custom_model_data": 10467
            },
            "model": "ttp/i/f/n/cyan_wooden_chair"
        },
        {
            "predicate": {
                "custom_model_data": 10468
            },
            "model": "ttp/i/f/n/cyan_wooden_diningtable"
        },
        {
            "predicate": {
                "custom_model_data": 10469
            },
            "model": "ttp/i/f/n/cyan_storage_furniture"
        },
        {
            "predicate": {
                "custom_model_data": 10470
            },
            "model": "ttp/i/f/a/gray_wooden_sofa_left"
        },
        {
            "predicate": {
                "custom_model_data": 10471
            },
            "model": "ttp/i/f/a/gray_wooden_sofa_middle"
        },
        {
            "predicate": {
                "custom_model_data": 10472
            },
            "model": "ttp/i/f/a/gray_wooden_sofa_right"
        },
        {
            "predicate": {
                "custom_model_data": 10473
            },
            "model": "ttp/i/f/a/gray_wooden_sofa_corner"
        },
        {
            "predicate": {
                "custom_model_data": 10474
            },
            "model": "ttp/i/f/a/gray_wooden_sofa_single"
        },
        {
            "predicate": {
                "custom_model_data": 10475
            },
            "model": "ttp/i/f/a/gray_wooden_lowtable"
        },
        {
            "predicate": {
                "custom_model_data": 10476
            },
            "model": "ttp/i/f/a/gray_wooden_buffettable"
        },
        {
            "predicate": {
                "custom_model_data": 10477
            },
            "model": "ttp/i/f/a/gray_bedside_table"
        },
        {
            "predicate": {
                "custom_model_data": 10478
            },
            "model": "ttp/i/f/a/gray_acaciapaint"
        },
        {
            "predicate": {
                "custom_model_data": 10479
            },
            "model": "ttp/i/f/a/gray_wooden_chair"
        },
        {
            "predicate": {
                "custom_model_data": 10480
            },
            "model": "ttp/i/f/a/gray_wooden_diningtable"
        },
        {
            "predicate": {
                "custom_model_data": 10481
            },
            "model": "ttp/i/f/a/gray_storage_furniture"
        },
        {
            "predicate": {
                "custom_model_data": 10482
            },
            "model": "ttp/i/f/m/iron_sofa_left"
        },
        {
            "predicate": {
                "custom_model_data": 10483
            },
            "model": "ttp/i/f/m/iron_sofa_middle"
        },
        {
            "predicate": {
                "custom_model_data": 10484
            },
            "model": "ttp/i/f/m/iron_sofa_right"
        },
        {
            "predicate": {
                "custom_model_data": 10485
            },
            "model": "ttp/i/f/m/iron_sofa_corner"
        },
        {
            "predicate": {
                "custom_model_data": 10486
            },
            "model": "ttp/i/f/m/iron_sofa_single"
        },
        {
            "predicate": {
                "custom_model_data": 10487
            },
            "model": "ttp/i/f/m/iron_lowtable"
        },
        {
            "predicate": {
                "custom_model_data": 10488
            },
            "model": "ttp/i/f/m/iron_buffettable"
        },
        {
            "predicate": {
                "custom_model_data": 10489
            },
            "model": "ttp/i/f/m/iron_bedside_table"
        },
        {
            "predicate": {
                "custom_model_data": 10490
            },
            "model": "ttp/i/f/m/iron_paint"
        },
        {
            "predicate": {
                "custom_model_data": 10491
            },
            "model": "ttp/i/f/m/iron_chair"
        },
        {
            "predicate": {
                "custom_model_data": 10492
            },
            "model": "ttp/i/f/m/iron_diningtable"
        },
        {
            "predicate": {
                "custom_model_data": 10493
            },
            "model": "ttp/i/f/m/iron_storage_furniture"
        },
        {
            "predicate": {
                "custom_model_data": 10494
            },
            "model": "ttp/i/f/b/amethyst_sofa_left"
        },
        {
            "predicate": {
                "custom_model_data": 10495
            },
            "model": "ttp/i/f/b/amethyst_sofa_right"
        },
        {
            "predicate": {
                "custom_model_data": 10496
            },
            "model": "ttp/i/f/b/amethyst_sofa_middle"
        },
        {
            "predicate": {
                "custom_model_data": 10497
            },
            "model": "ttp/i/f/b/amethyst_sofa_corner"
        },
        {
            "predicate": {
                "custom_model_data": 10498
            },
            "model": "ttp/i/f/b/amethyst_sofa_single"
        },
        {
            "predicate": {
                "custom_model_data": 10499
            },
            "model": "ttp/i/f/b/amethyst_lowtable"
        },
        {
            "predicate": {
                "custom_model_data": 10500
            },
            "model": "ttp/i/f/b/amethys_buffet_table"
        },
        {
            "predicate": {
                "custom_model_data": 10501
            },
            "model": "ttp/i/f/b/amethyst_bedside_table"
        },
        {
            "predicate": {
                "custom_model_data": 10502
            },
            "model": "ttp/i/f/b/amethyst_paint"
        },
        {
            "predicate": {
                "custom_model_data": 10503
            },
            "model": "ttp/i/f/b/amethyst_chair"
        },
        {
            "predicate": {
                "custom_model_data": 10504
            },
            "model": "ttp/i/f/b/amethyst_diningtable"
        },
        {
            "predicate": {
                "custom_model_data": 10505
            },
            "model": "ttp/i/f/b/amethyst_storage_furniture"
        },
        {
            "predicate": {
                "custom_model_data": 10506
            },
            "model": "ttp/i/f/j/radio"
        },
        {
            "predicate": {
                "custom_model_data": 10507
            },
            "model": "ttp/i/f/j/bluepaint"
        },
        {
            "predicate": {
                "custom_model_data": 10508
            },
            "model": "ttp/i/f/j/greenpaint"
        },
        {
            "predicate": {
                "custom_model_data": 10509
            },
            "model": "ttp/i/f/j/greenpaintb"
        },
        {
            "predicate": {
                "custom_model_data": 10510
            },
            "model": "item/paper"
        },
        {
            "predicate": {
                "custom_model_data": 10521
            },
            "model": "ttp/i/c/smoker"
        },
        {
            "predicate": {
                "custom_model_data": 10522
            },
            "model": "ttp/i/c/purpur_slab"
        },
        {
            "predicate": {
                "custom_model_data": 10523
            },
            "model": "ttp/i/c/bankomat"
        },
        {
            "predicate": {
                "custom_model_data": 10524
            },
            "model": "ttp/i/c/scifi_gate"
        },
        {
            "predicate": {
                "custom_model_data": 10525
            },
            "model": "ttp/i/c/cat_state"
        },
        {
            "predicate": {
                "custom_model_data": 10526
            },
            "model": "ttp/i/c/music/mic_stage"
        },
        {
            "predicate": {
                "custom_model_data": 10527
            },
            "model": "ttp/i/c/b/tv"
        },
        {
            "predicate": {
                "custom_model_data": 10528
            },
            "model": "item/paper"
        }
    ]
}